[38;5;226m[Genesis] [06:30:32] [WARNING] Mesh is not watertight. Falling back to convex hull for estimating inertial properties.[0m
[38;5;226m[Genesis] [06:30:32] [WARNING] Mesh is not watertight. Falling back to convex hull for estimating inertial properties.[0m
[38;5;226m[Genesis] [06:30:32] [WARNING] Mesh is not watertight. Falling back to convex hull for estimating inertial properties.[0m
[38;5;226m[Genesis] [06:30:32] [WARNING] Mesh is not watertight. Falling back to convex hull for estimating inertial properties.[0m
[hierarchical] Walk model normalizer loaded: mean=torch.Size([1, 720])
[hierarchical] Frozen walk model loaded from /workspace/booster_deploy/tasks/locomotion/models/t1_walk.pt
[hierarchical] HL obs dim=24, HL action dim=3
[hierarchical] HL dt=0.100s, decimation=5
[hierarchical] HL clip: lin=1.2 m/s, ang=1.2 rad/s
--------------------------------------------------------------------------------
Resolved observation sets: 
	 actor :  ['policy']
	 critic :  ['policy']
--------------------------------------------------------------------------------
Actor Model: MLPModel(
  (obs_normalizer): Identity()
  (distribution): GaussianDistribution()
  (mlp): MLP(
    (0): Linear(in_features=24, out_features=256, bias=True)
    (1): ELU(alpha=1.0)
    (2): Linear(in_features=256, out_features=128, bias=True)
    (3): ELU(alpha=1.0)
    (4): Linear(in_features=128, out_features=64, bias=True)
    (5): ELU(alpha=1.0)
    (6): Linear(in_features=64, out_features=3, bias=True)
  )
)
Critic Model: MLPModel(
  (obs_normalizer): Identity()
  (mlp): MLP(
    (0): Linear(in_features=24, out_features=256, bias=True)
    (1): ELU(alpha=1.0)
    (2): Linear(in_features=256, out_features=128, bias=True)
    (3): ELU(alpha=1.0)
    (4): Linear(in_features=128, out_features=64, bias=True)
    (5): ELU(alpha=1.0)
    (6): Linear(in_features=64, out_features=1, bias=True)
  )
)

============================================================
  Hierarchical Soccer Training
============================================================
  High-level obs dim:    24
  High-level action dim: 3 (vx, vy, wz)
  Low-level model:       /workspace/booster_deploy/tasks/locomotion/models/t1_walk.pt
  Decimation:            5 (HL dt = 0.100s)
  Envs:                  2048
  Max iterations:        500
  Save interval:         50
  Log dir:               runs/hierarchical_soccer_coop_hl
============================================================

Could not find git repository in /opt/venv/lib/python3.12/site-packages/rsl_rl/__init__.py. Skipping.
################################################################################
[1m                            Learning iteration 0/500                            [0m 

                               Run name: hierarchical_soccer_coop_hl
                            Total steps: 49152 
                       Steps per second: 3456 
                        Collection time: 13.608s 
                          Learning time: 0.611s 
                        Mean value loss: 89.8769
                    Mean surrogate loss: 0.0058
                      Mean entropy loss: 4.2398
                            Mean reward: -22.11
                    Mean episode length: 18.92
                        Mean action std: 0.98
         Mean episode goal_per_1k_steps: 0.0000
         Mean episode mean_dist_to_ball: 3.2944
               Mean episode goals_total: 0.0000
--------------------------------------------------------------------------------
                         Iteration time: 14.22s
                           Time elapsed: 0:00:14
                                    ETA: 1:58:15

################################################################################
[1m                            Learning iteration 1/500                            [0m 

                               Run name: hierarchical_soccer_coop_hl
                            Total steps: 98304 
                       Steps per second: 4468 
                        Collection time: 10.772s 
                          Learning time: 0.228s 
                        Mean value loss: 116.2647
                    Mean surrogate loss: -0.0005
                      Mean entropy loss: 4.1447
                            Mean reward: -25.84
                    Mean episode length: 20.53
                        Mean action std: 0.95
         Mean episode goal_per_1k_steps: 0.0203
         Mean episode mean_dist_to_ball: 3.2777
               Mean episode goals_total: 0.0000
--------------------------------------------------------------------------------
                         Iteration time: 11.00s
                           Time elapsed: 0:00:25
                                    ETA: 1:44:39

################################################################################
[1m                            Learning iteration 2/500                            [0m 

                               Run name: hierarchical_soccer_coop_hl
                            Total steps: 147456 
                       Steps per second: 4468 
                        Collection time: 10.771s 
                          Learning time: 0.228s 
                        Mean value loss: 104.0934
                    Mean surrogate loss: -0.0024
                      Mean entropy loss: 4.0185
                            Mean reward: -26.36
                    Mean episode length: 24.60
                        Mean action std: 0.92
         Mean episode goal_per_1k_steps: 0.0000
         Mean episode mean_dist_to_ball: 3.3126
               Mean episode goals_total: 0.0000
--------------------------------------------------------------------------------
                         Iteration time: 11.00s
                           Time elapsed: 0:00:36
                                    ETA: 1:40:00

################################################################################
[1m                            Learning iteration 3/500                            [0m 

                               Run name: hierarchical_soccer_coop_hl
                            Total steps: 196608 
                       Steps per second: 4512 
                        Collection time: 10.664s 
                          Learning time: 0.228s 
                        Mean value loss: 106.1398
                    Mean surrogate loss: -0.0026
                      Mean entropy loss: 3.9471
                            Mean reward: -26.50
                    Mean episode length: 22.86
                        Mean action std: 0.89
         Mean episode goal_per_1k_steps: 0.0000
         Mean episode mean_dist_to_ball: 3.3657
               Mean episode goals_total: 0.0000
--------------------------------------------------------------------------------
                         Iteration time: 10.89s
                           Time elapsed: 0:00:47
                                    ETA: 1:37:21

################################################################################
[1m                            Learning iteration 4/500                            [0m 

                               Run name: hierarchical_soccer_coop_hl
                            Total steps: 245760 
                       Steps per second: 4455 
                        Collection time: 10.803s 
                          Learning time: 0.228s 
                        Mean value loss: 92.5126
                    Mean surrogate loss: -0.0038
                      Mean entropy loss: 3.8356
                            Mean reward: -22.87
                    Mean episode length: 22.91
                        Mean action std: 0.86
         Mean episode goal_per_1k_steps: 0.0203
         Mean episode mean_dist_to_ball: 3.3565
               Mean episode goals_total: 0.0000
--------------------------------------------------------------------------------
                         Iteration time: 11.03s
                           Time elapsed: 0:00:58
                                    ETA: 1:35:56

################################################################################
[1m                            Learning iteration 5/500                            [0m 

                               Run name: hierarchical_soccer_coop_hl
                            Total steps: 294912 
                       Steps per second: 4500 
                        Collection time: 10.692s 
                          Learning time: 0.230s 
                        Mean value loss: 80.8719
                    Mean surrogate loss: -0.0026
                      Mean entropy loss: 3.7649
                            Mean reward: -20.82
                    Mean episode length: 22.91
                        Mean action std: 0.84
         Mean episode goal_per_1k_steps: 0.0000
         Mean episode mean_dist_to_ball: 3.3273
               Mean episode goals_total: 0.0000
--------------------------------------------------------------------------------
                         Iteration time: 10.92s
                           Time elapsed: 0:01:09
                                    ETA: 1:34:46

################################################################################
[1m                            Learning iteration 6/500                            [0m 

                               Run name: hierarchical_soccer_coop_hl
                            Total steps: 344064 
                       Steps per second: 4527 
                        Collection time: 10.626s 
                          Learning time: 0.230s 
                        Mean value loss: 73.1022
                    Mean surrogate loss: -0.0032
                      Mean entropy loss: 3.6880
                            Mean reward: -24.66
                    Mean episode length: 28.81
                        Mean action std: 0.82
         Mean episode goal_per_1k_steps: 0.0183
         Mean episode mean_dist_to_ball: 3.3587
               Mean episode goals_total: 0.3750
--------------------------------------------------------------------------------
                         Iteration time: 10.86s
                           Time elapsed: 0:01:19
                                    ETA: 1:33:48

################################################################################
[1m                            Learning iteration 7/500                            [0m 

                               Run name: hierarchical_soccer_coop_hl
                            Total steps: 393216 
                       Steps per second: 4547 
                        Collection time: 10.577s 
                          Learning time: 0.231s 
                        Mean value loss: 69.4212
                    Mean surrogate loss: -0.0031
                      Mean entropy loss: 3.6182
                            Mean reward: -24.10
                    Mean episode length: 28.56
                        Mean action std: 0.81
         Mean episode goal_per_1k_steps: 0.0427
         Mean episode mean_dist_to_ball: 3.3811
               Mean episode goals_total: 1.0000
--------------------------------------------------------------------------------
                         Iteration time: 10.81s
                           Time elapsed: 0:01:30
                                    ETA: 1:32:59

################################################################################
[1m                            Learning iteration 8/500                            [0m 

                               Run name: hierarchical_soccer_coop_hl
                            Total steps: 442368 
                       Steps per second: 4537 
                        Collection time: 10.602s 
                          Learning time: 0.230s 
                        Mean value loss: 57.7098
                    Mean surrogate loss: -0.0025
                      Mean entropy loss: 3.5438
                            Mean reward: -24.60
                    Mean episode length: 31.27
                        Mean action std: 0.79
         Mean episode goal_per_1k_steps: 0.0142
         Mean episode mean_dist_to_ball: 3.3478
               Mean episode goals_total: 1.2917
--------------------------------------------------------------------------------
                         Iteration time: 10.83s
                           Time elapsed: 0:01:41
                                    ETA: 1:32:20

################################################################################
[1m                            Learning iteration 9/500                            [0m 

                               Run name: hierarchical_soccer_coop_hl
                            Total steps: 491520 
                       Steps per second: 4545 
                        Collection time: 10.584s 
                          Learning time: 0.230s 
                        Mean value loss: 55.7453
                    Mean surrogate loss: -0.0032
                      Mean entropy loss: 3.4809
                            Mean reward: -22.42
                    Mean episode length: 29.62
                        Mean action std: 0.77
         Mean episode goal_per_1k_steps: 0.0061
         Mean episode mean_dist_to_ball: 3.3222
               Mean episode goals_total: 2.0000
--------------------------------------------------------------------------------
                         Iteration time: 10.81s
                           Time elapsed: 0:01:52
                                    ETA: 1:31:46

################################################################################
[1m                           Learning iteration 10/500                            [0m 

                               Run name: hierarchical_soccer_coop_hl
                            Total steps: 540672 
                       Steps per second: 4541 
                        Collection time: 10.591s 
                          Learning time: 0.231s 
                        Mean value loss: 47.8850
                    Mean surrogate loss: -0.0022
                      Mean entropy loss: 3.4058
                            Mean reward: -21.73
                    Mean episode length: 26.63
                        Mean action std: 0.76
         Mean episode goal_per_1k_steps: 0.0305
         Mean episode mean_dist_to_ball: 3.3492
               Mean episode goals_total: 2.0000
--------------------------------------------------------------------------------
                         Iteration time: 10.82s
                           Time elapsed: 0:02:03
                                    ETA: 1:31:16

################################################################################
[1m                           Learning iteration 11/500                            [0m 

                               Run name: hierarchical_soccer_coop_hl
                            Total steps: 589824 
                       Steps per second: 4570 
                        Collection time: 10.523s 
                          Learning time: 0.230s 
                        Mean value loss: 44.7851
                    Mean surrogate loss: -0.0043
                      Mean entropy loss: 3.3457
                            Mean reward: -21.19
                    Mean episode length: 32.85
                        Mean action std: 0.74
         Mean episode goal_per_1k_steps: 0.0285
         Mean episode mean_dist_to_ball: 3.3090
               Mean episode goals_total: 2.0000
--------------------------------------------------------------------------------
                         Iteration time: 10.75s
                           Time elapsed: 0:02:13
                                    ETA: 1:30:47

################################################################################
[1m                           Learning iteration 12/500                            [0m 

                               Run name: hierarchical_soccer_coop_hl
                            Total steps: 638976 
                       Steps per second: 4572 
                        Collection time: 10.519s 
                          Learning time: 0.230s 
                        Mean value loss: 40.2210
                    Mean surrogate loss: -0.0026
                      Mean entropy loss: 3.2985
                            Mean reward: -18.35
                    Mean episode length: 34.22
                        Mean action std: 0.73
         Mean episode goal_per_1k_steps: 0.0224
         Mean episode mean_dist_to_ball: 3.2716
               Mean episode goals_total: 2.0000
--------------------------------------------------------------------------------
                         Iteration time: 10.75s
                           Time elapsed: 0:02:24
                                    ETA: 1:30:20

################################################################################
[1m                           Learning iteration 13/500                            [0m 

                               Run name: hierarchical_soccer_coop_hl
                            Total steps: 688128 
                       Steps per second: 4541 
                        Collection time: 10.591s 
                          Learning time: 0.230s 
                        Mean value loss: 40.8427
                    Mean surrogate loss: -0.0033
                      Mean entropy loss: 3.2461
                            Mean reward: -20.02
                    Mean episode length: 34.07
                        Mean action std: 0.72
         Mean episode goal_per_1k_steps: 0.0000
         Mean episode mean_dist_to_ball: 3.2780
               Mean episode goals_total: 2.0000
--------------------------------------------------------------------------------
                         Iteration time: 10.82s
                           Time elapsed: 0:02:35
                                    ETA: 1:29:58

################################################################################
[1m                           Learning iteration 14/500                            [0m 

                               Run name: hierarchical_soccer_coop_hl
                            Total steps: 737280 
                       Steps per second: 4550 
                        Collection time: 10.570s 
                          Learning time: 0.231s 
                        Mean value loss: 38.1588
                    Mean surrogate loss: -0.0024
                      Mean entropy loss: 3.1931
                            Mean reward: -19.69
                    Mean episode length: 33.44
                        Mean action std: 0.71
         Mean episode goal_per_1k_steps: 0.0020
         Mean episode mean_dist_to_ball: 3.2339
               Mean episode goals_total: 2.0000
--------------------------------------------------------------------------------
                         Iteration time: 10.80s
                           Time elapsed: 0:02:46
                                    ETA: 1:29:37

################################################################################
[1m                           Learning iteration 15/500                            [0m 

                               Run name: hierarchical_soccer_coop_hl
                            Total steps: 786432 
                       Steps per second: 4557 
                        Collection time: 10.553s 
                          Learning time: 0.231s 
                        Mean value loss: 34.5010
                    Mean surrogate loss: -0.0046
                      Mean entropy loss: 3.1427
                            Mean reward: -17.21
                    Mean episode length: 40.11
                        Mean action std: 0.70
         Mean episode goal_per_1k_steps: 0.0183
         Mean episode mean_dist_to_ball: 3.2573
               Mean episode goals_total: 2.0000
--------------------------------------------------------------------------------
                         Iteration time: 10.78s
                           Time elapsed: 0:02:57
                                    ETA: 1:29:17

################################################################################
[1m                           Learning iteration 16/500                            [0m 

                               Run name: hierarchical_soccer_coop_hl
                            Total steps: 835584 
                       Steps per second: 4560 
                        Collection time: 10.548s 
                          Learning time: 0.231s 
                        Mean value loss: 31.5689
                    Mean surrogate loss: -0.0023
                      Mean entropy loss: 3.1017
                            Mean reward: -16.82
                    Mean episode length: 37.04
                        Mean action std: 0.69
         Mean episode goal_per_1k_steps: 0.0000
         Mean episode mean_dist_to_ball: 3.2372
               Mean episode goals_total: 2.0000
--------------------------------------------------------------------------------
                         Iteration time: 10.78s
                           Time elapsed: 0:03:07
                                    ETA: 1:28:58

################################################################################
[1m                           Learning iteration 17/500                            [0m 

                               Run name: hierarchical_soccer_coop_hl
                            Total steps: 884736 
                       Steps per second: 4560 
                        Collection time: 10.548s 
                          Learning time: 0.230s 
                        Mean value loss: 32.9019
                    Mean surrogate loss: -0.0012
                      Mean entropy loss: 3.0488
                            Mean reward: -17.58
                    Mean episode length: 37.76
                        Mean action std: 0.68
         Mean episode goal_per_1k_steps: 0.0326
         Mean episode mean_dist_to_ball: 3.2509
               Mean episode goals_total: 2.0000
--------------------------------------------------------------------------------
                         Iteration time: 10.78s
                           Time elapsed: 0:03:18
                                    ETA: 1:28:39

################################################################################
[1m                           Learning iteration 18/500                            [0m 

                               Run name: hierarchical_soccer_coop_hl
                            Total steps: 933888 
                       Steps per second: 4539 
                        Collection time: 10.600s 
                          Learning time: 0.228s 
                        Mean value loss: 29.8962
                    Mean surrogate loss: -0.0029
                      Mean entropy loss: 2.9931
                            Mean reward: -15.03
                    Mean episode length: 42.21
                        Mean action std: 0.66
         Mean episode goal_per_1k_steps: 0.0631
         Mean episode mean_dist_to_ball: 3.3294
               Mean episode goals_total: 2.0000
--------------------------------------------------------------------------------
                         Iteration time: 10.83s
                           Time elapsed: 0:03:29
                                    ETA: 1:28:23

################################################################################
[1m                           Learning iteration 19/500                            [0m 

                               Run name: hierarchical_soccer_coop_hl
                            Total steps: 983040 
                       Steps per second: 4577 
                        Collection time: 10.513s 
                          Learning time: 0.226s 
                        Mean value loss: 28.9754
                    Mean surrogate loss: -0.0019
                      Mean entropy loss: 2.9468
                            Mean reward: -15.50
                    Mean episode length: 33.62
                        Mean action std: 0.65
         Mean episode goal_per_1k_steps: 0.0264
         Mean episode mean_dist_to_ball: 3.2757
               Mean episode goals_total: 2.0000
--------------------------------------------------------------------------------
                         Iteration time: 10.74s
                           Time elapsed: 0:03:40
                                    ETA: 1:28:05

################################################################################
[1m                           Learning iteration 20/500                            [0m 

                               Run name: hierarchical_soccer_coop_hl
                            Total steps: 1032192 
                       Steps per second: 4583 
                        Collection time: 10.494s 
                          Learning time: 0.230s 
                        Mean value loss: 28.7391
                    Mean surrogate loss: -0.0024
                      Mean entropy loss: 2.9010
                            Mean reward: -15.10
                    Mean episode length: 37.20
                        Mean action std: 0.64
         Mean episode goal_per_1k_steps: 0.0509
         Mean episode mean_dist_to_ball: 3.2457
               Mean episode goals_total: 2.4167
--------------------------------------------------------------------------------
                         Iteration time: 10.72s
                           Time elapsed: 0:03:50
                                    ETA: 1:27:47

################################################################################
[1m                           Learning iteration 21/500                            [0m 

                               Run name: hierarchical_soccer_coop_hl
                            Total steps: 1081344 
                       Steps per second: 4544 
                        Collection time: 10.585s 
                          Learning time: 0.231s 
                        Mean value loss: 24.8884
                    Mean surrogate loss: -0.0044
                      Mean entropy loss: 2.8557
                            Mean reward: -14.42
                    Mean episode length: 34.21
                        Mean action std: 0.63
         Mean episode goal_per_1k_steps: 0.0671
         Mean episode mean_dist_to_ball: 3.2024
               Mean episode goals_total: 4.3750
--------------------------------------------------------------------------------
                         Iteration time: 10.82s
                           Time elapsed: 0:04:01
                                    ETA: 1:27:32

################################################################################
[1m                           Learning iteration 22/500                            [0m 

                               Run name: hierarchical_soccer_coop_hl
                            Total steps: 1130496 
                       Steps per second: 4542 
                        Collection time: 10.591s 
                          Learning time: 0.230s 
                        Mean value loss: 23.3722
                    Mean surrogate loss: -0.0025
                      Mean entropy loss: 2.7936
                            Mean reward: -12.77
                    Mean episode length: 36.54
                        Mean action std: 0.62
         Mean episode goal_per_1k_steps: 0.0448
         Mean episode mean_dist_to_ball: 3.1483
               Mean episode goals_total: 5.0000
--------------------------------------------------------------------------------
                         Iteration time: 10.82s
                           Time elapsed: 0:04:12
                                    ETA: 1:27:18

################################################################################
[1m                           Learning iteration 23/500                            [0m 

                               Run name: hierarchical_soccer_coop_hl
                            Total steps: 1179648 
                       Steps per second: 4558 
                        Collection time: 10.552s 
                          Learning time: 0.230s 
                        Mean value loss: 21.2970
                    Mean surrogate loss: -0.0035
                      Mean entropy loss: 2.7105
                            Mean reward: -14.67
                    Mean episode length: 37.21
                        Mean action std: 0.61
         Mean episode goal_per_1k_steps: 0.0000
         Mean episode mean_dist_to_ball: 3.1373
               Mean episode goals_total: 5.0000
--------------------------------------------------------------------------------
                         Iteration time: 10.78s
                           Time elapsed: 0:04:23
                                    ETA: 1:27:03

################################################################################
[1m                           Learning iteration 24/500                            [0m 

                               Run name: hierarchical_soccer_coop_hl
                            Total steps: 1228800 
                       Steps per second: 4545 
                        Collection time: 10.583s 
                          Learning time: 0.230s 
                        Mean value loss: 20.3943
                    Mean surrogate loss: -0.0048
                      Mean entropy loss: 2.6506
                            Mean reward: -11.56
                    Mean episode length: 41.22
                        Mean action std: 0.59
         Mean episode goal_per_1k_steps: 0.0203
         Mean episode mean_dist_to_ball: 3.1753
               Mean episode goals_total: 5.0000
--------------------------------------------------------------------------------
                         Iteration time: 10.81s
                           Time elapsed: 0:04:34
                                    ETA: 1:26:49

################################################################################
[1m                           Learning iteration 25/500                            [0m 

                               Run name: hierarchical_soccer_coop_hl
                            Total steps: 1277952 
                       Steps per second: 4572 
                        Collection time: 10.519s 
                          Learning time: 0.230s 
                        Mean value loss: 20.7712
                    Mean surrogate loss: -0.0021
                      Mean entropy loss: 2.6074
                            Mean reward: -13.39
                    Mean episode length: 34.05
                        Mean action std: 0.58
         Mean episode goal_per_1k_steps: 0.0407
         Mean episode mean_dist_to_ball: 3.1954
               Mean episode goals_total: 6.2500
--------------------------------------------------------------------------------
                         Iteration time: 10.75s
                           Time elapsed: 0:04:44
                                    ETA: 1:26:34

################################################################################
[1m                           Learning iteration 26/500                            [0m 

                               Run name: hierarchical_soccer_coop_hl
                            Total steps: 1327104 
                       Steps per second: 4572 
                        Collection time: 10.519s 
                          Learning time: 0.230s 
                        Mean value loss: 21.0403
                    Mean surrogate loss: -0.0053
                      Mean entropy loss: 2.5218
                            Mean reward: -13.15
                    Mean episode length: 42.43
                        Mean action std: 0.56
         Mean episode goal_per_1k_steps: 0.0183
         Mean episode mean_dist_to_ball: 3.1334
               Mean episode goals_total: 7.0000
--------------------------------------------------------------------------------
                         Iteration time: 10.75s
                           Time elapsed: 0:04:55
                                    ETA: 1:26:19

################################################################################
[1m                           Learning iteration 27/500                            [0m 

                               Run name: hierarchical_soccer_coop_hl
                            Total steps: 1376256 
                       Steps per second: 4528 
                        Collection time: 10.624s 
                          Learning time: 0.230s 
                        Mean value loss: 18.8854
                    Mean surrogate loss: -0.0042
                      Mean entropy loss: 2.4422
                            Mean reward: -11.33
                    Mean episode length: 37.66
                        Mean action std: 0.55
         Mean episode goal_per_1k_steps: 0.0427
         Mean episode mean_dist_to_ball: 3.1116
               Mean episode goals_total: 7.9583
--------------------------------------------------------------------------------
                         Iteration time: 10.85s
                           Time elapsed: 0:05:06
                                    ETA: 1:26:07

################################################################################
[1m                           Learning iteration 28/500                            [0m 

                               Run name: hierarchical_soccer_coop_hl
                            Total steps: 1425408 
                       Steps per second: 4583 
                        Collection time: 10.494s 
                          Learning time: 0.230s 
                        Mean value loss: 18.6707
                    Mean surrogate loss: -0.0045
                      Mean entropy loss: 2.3647
                            Mean reward: -10.01
                    Mean episode length: 50.25
                        Mean action std: 0.54
         Mean episode goal_per_1k_steps: 0.0000
         Mean episode mean_dist_to_ball: 3.0361
               Mean episode goals_total: 8.0000
--------------------------------------------------------------------------------
                         Iteration time: 10.72s
                           Time elapsed: 0:05:17
                                    ETA: 1:25:52

################################################################################
[1m                           Learning iteration 29/500                            [0m 

                               Run name: hierarchical_soccer_coop_hl
                            Total steps: 1474560 
                       Steps per second: 4584 
                        Collection time: 10.490s 
                          Learning time: 0.230s 
                        Mean value loss: 17.9438
                    Mean surrogate loss: -0.0044
                      Mean entropy loss: 2.3076
                            Mean reward: -7.85
                    Mean episode length: 49.13
                        Mean action std: 0.52
         Mean episode goal_per_1k_steps: 0.0468
         Mean episode mean_dist_to_ball: 3.0075
               Mean episode goals_total: 9.3750
--------------------------------------------------------------------------------
                         Iteration time: 10.72s
                           Time elapsed: 0:05:27
                                    ETA: 1:25:38

################################################################################
[1m                           Learning iteration 30/500                            [0m 

                               Run name: hierarchical_soccer_coop_hl
                            Total steps: 1523712 
                       Steps per second: 4572 
                        Collection time: 10.520s 
                          Learning time: 0.230s 
                        Mean value loss: 16.7394
                    Mean surrogate loss: -0.0052
                      Mean entropy loss: 2.2201
                            Mean reward: -8.38
                    Mean episode length: 50.90
                        Mean action std: 0.51
         Mean episode goal_per_1k_steps: 0.0854
         Mean episode mean_dist_to_ball: 2.9821
               Mean episode goals_total: 11.0000
--------------------------------------------------------------------------------
                         Iteration time: 10.75s
                           Time elapsed: 0:05:38
                                    ETA: 1:25:24

################################################################################
[1m                           Learning iteration 31/500                            [0m 

                               Run name: hierarchical_soccer_coop_hl
                            Total steps: 1572864 
                       Steps per second: 4565 
                        Collection time: 10.536s 
                          Learning time: 0.230s 
                        Mean value loss: 15.1147
                    Mean surrogate loss: -0.0048
                      Mean entropy loss: 2.1202
                            Mean reward: -4.52
                    Mean episode length: 58.13
                        Mean action std: 0.49
         Mean episode goal_per_1k_steps: 0.0895
         Mean episode mean_dist_to_ball: 2.9322
               Mean episode goals_total: 12.5833
--------------------------------------------------------------------------------
                         Iteration time: 10.77s
                           Time elapsed: 0:05:49
                                    ETA: 1:25:11

################################################################################
[1m                           Learning iteration 32/500                            [0m 

                               Run name: hierarchical_soccer_coop_hl
                            Total steps: 1622016 
                       Steps per second: 4618 
                        Collection time: 10.415s 
                          Learning time: 0.229s 
                        Mean value loss: 13.7523
                    Mean surrogate loss: -0.0046
                      Mean entropy loss: 2.0322
                            Mean reward: 1.46
                    Mean episode length: 86.71
                        Mean action std: 0.48
         Mean episode goal_per_1k_steps: 0.1444
         Mean episode mean_dist_to_ball: 2.8984
               Mean episode goals_total: 14.5000
--------------------------------------------------------------------------------
                         Iteration time: 10.64s
                           Time elapsed: 0:06:00
                                    ETA: 1:24:56

################################################################################
[1m                           Learning iteration 33/500                            [0m 

                               Run name: hierarchical_soccer_coop_hl
                            Total steps: 1671168 
                       Steps per second: 4575 
                        Collection time: 10.511s 
                          Learning time: 0.230s 
                        Mean value loss: 13.3801
                    Mean surrogate loss: -0.0051
                      Mean entropy loss: 1.9259
                            Mean reward: -2.71
                    Mean episode length: 74.63
                        Mean action std: 0.46
         Mean episode goal_per_1k_steps: 0.1241
         Mean episode mean_dist_to_ball: 2.8902
               Mean episode goals_total: 16.4167
--------------------------------------------------------------------------------
                         Iteration time: 10.74s
                           Time elapsed: 0:06:10
                                    ETA: 1:24:43

################################################################################
[1m                           Learning iteration 34/500                            [0m 

                               Run name: hierarchical_soccer_coop_hl
                            Total steps: 1720320 
                       Steps per second: 4612 
                        Collection time: 10.426s 
                          Learning time: 0.230s 
                        Mean value loss: 12.1256
                    Mean surrogate loss: -0.0029
                      Mean entropy loss: 1.8476
                            Mean reward: 2.93
                    Mean episode length: 80.25
                        Mean action std: 0.45
         Mean episode goal_per_1k_steps: 0.0427
         Mean episode mean_dist_to_ball: 2.8882
               Mean episode goals_total: 17.0417
--------------------------------------------------------------------------------
                         Iteration time: 10.66s
                           Time elapsed: 0:06:21
                                    ETA: 1:24:29

################################################################################
[1m                           Learning iteration 35/500                            [0m 

                               Run name: hierarchical_soccer_coop_hl
                            Total steps: 1769472 
                       Steps per second: 4595 
                        Collection time: 10.465s 
                          Learning time: 0.230s 
                        Mean value loss: 12.3365
                    Mean surrogate loss: -0.0046
                      Mean entropy loss: 1.7448
                            Mean reward: 7.95
                    Mean episode length: 100.50
                        Mean action std: 0.43
         Mean episode goal_per_1k_steps: 0.0875
         Mean episode mean_dist_to_ball: 2.9168
               Mean episode goals_total: 18.8333
--------------------------------------------------------------------------------
                         Iteration time: 10.69s
                           Time elapsed: 0:06:32
                                    ETA: 1:24:15

################################################################################
[1m                           Learning iteration 36/500                            [0m 

                               Run name: hierarchical_soccer_coop_hl
                            Total steps: 1818624 
                       Steps per second: 4587 
                        Collection time: 10.484s 
                          Learning time: 0.230s 
                        Mean value loss: 12.1413
                    Mean surrogate loss: -0.0039
                      Mean entropy loss: 1.6709
                            Mean reward: 5.12
                    Mean episode length: 120.02
                        Mean action std: 0.43
         Mean episode goal_per_1k_steps: 0.1872
         Mean episode mean_dist_to_ball: 2.9264
               Mean episode goals_total: 20.7917
--------------------------------------------------------------------------------
                         Iteration time: 10.71s
                           Time elapsed: 0:06:42
                                    ETA: 1:24:02

################################################################################
[1m                           Learning iteration 37/500                            [0m 

                               Run name: hierarchical_soccer_coop_hl
                            Total steps: 1867776 
                       Steps per second: 4608 
                        Collection time: 10.438s 
                          Learning time: 0.228s 
                        Mean value loss: 12.4851
                    Mean surrogate loss: -0.0012
                      Mean entropy loss: 1.6228
                            Mean reward: 17.58
                    Mean episode length: 134.44
                        Mean action std: 0.41
         Mean episode goal_per_1k_steps: 0.0570
         Mean episode mean_dist_to_ball: 2.8996
               Mean episode goals_total: 21.0000
--------------------------------------------------------------------------------
                         Iteration time: 10.67s
                           Time elapsed: 0:06:53
                                    ETA: 1:23:48

################################################################################
[1m                           Learning iteration 38/500                            [0m 

                               Run name: hierarchical_soccer_coop_hl
                            Total steps: 1916928 
                       Steps per second: 4608 
                        Collection time: 10.435s 
                          Learning time: 0.230s 
                        Mean value loss: 12.8340
                    Mean surrogate loss: -0.0032
                      Mean entropy loss: 1.5392
                            Mean reward: 16.83
                    Mean episode length: 137.67
                        Mean action std: 0.41
         Mean episode goal_per_1k_steps: 0.1485
         Mean episode mean_dist_to_ball: 2.8131
               Mean episode goals_total: 21.2917
--------------------------------------------------------------------------------
                         Iteration time: 10.66s
                           Time elapsed: 0:07:04
                                    ETA: 1:23:35

################################################################################
[1m                           Learning iteration 39/500                            [0m 

                               Run name: hierarchical_soccer_coop_hl
                            Total steps: 1966080 
                       Steps per second: 4614 
                        Collection time: 10.423s 
                          Learning time: 0.230s 
                        Mean value loss: 12.5846
                    Mean surrogate loss: -0.0029
                      Mean entropy loss: 1.4818
                            Mean reward: 16.16
                    Mean episode length: 123.73
                        Mean action std: 0.40
         Mean episode goal_per_1k_steps: 0.1485
         Mean episode mean_dist_to_ball: 2.7252
               Mean episode goals_total: 22.5000
--------------------------------------------------------------------------------
                         Iteration time: 10.65s
                           Time elapsed: 0:07:14
                                    ETA: 1:23:21

################################################################################
[1m                           Learning iteration 40/500                            [0m 

                               Run name: hierarchical_soccer_coop_hl
                            Total steps: 2015232 
                       Steps per second: 4593 
                        Collection time: 10.471s 
                          Learning time: 0.230s 
                        Mean value loss: 13.1976
                    Mean surrogate loss: -0.0028
                      Mean entropy loss: 1.4268
                            Mean reward: 17.69
                    Mean episode length: 135.04
                        Mean action std: 0.39
         Mean episode goal_per_1k_steps: 0.1302
         Mean episode mean_dist_to_ball: 2.7286
               Mean episode goals_total: 25.6667
--------------------------------------------------------------------------------
                         Iteration time: 10.70s
                           Time elapsed: 0:07:25
                                    ETA: 1:23:08

################################################################################
[1m                           Learning iteration 41/500                            [0m 

                               Run name: hierarchical_soccer_coop_hl
                            Total steps: 2064384 
                       Steps per second: 4598 
                        Collection time: 10.458s 
                          Learning time: 0.230s 
                        Mean value loss: 12.9833
                    Mean surrogate loss: -0.0048
                      Mean entropy loss: 1.3690
                            Mean reward: 26.86
                    Mean episode length: 150.68
                        Mean action std: 0.38
         Mean episode goal_per_1k_steps: 0.3194
         Mean episode mean_dist_to_ball: 2.7806
               Mean episode goals_total: 29.1250
--------------------------------------------------------------------------------
                         Iteration time: 10.69s
                           Time elapsed: 0:07:36
                                    ETA: 1:22:56

################################################################################
[1m                           Learning iteration 42/500                            [0m 

                               Run name: hierarchical_soccer_coop_hl
                            Total steps: 2113536 
                       Steps per second: 4587 
                        Collection time: 10.485s 
                          Learning time: 0.230s 
                        Mean value loss: 13.3865
                    Mean surrogate loss: -0.0042
                      Mean entropy loss: 1.2975
                            Mean reward: 31.77
                    Mean episode length: 173.18
                        Mean action std: 0.37
         Mean episode goal_per_1k_steps: 0.4456
         Mean episode mean_dist_to_ball: 2.7928
               Mean episode goals_total: 34.0000
--------------------------------------------------------------------------------
                         Iteration time: 10.71s
                           Time elapsed: 0:07:47
                                    ETA: 1:22:43

################################################################################
[1m                           Learning iteration 43/500                            [0m 

                               Run name: hierarchical_soccer_coop_hl
                            Total steps: 2162688 
                       Steps per second: 4601 
                        Collection time: 10.452s 
                          Learning time: 0.230s 
                        Mean value loss: 12.8179
                    Mean surrogate loss: -0.0030
                      Mean entropy loss: 1.2250
                            Mean reward: 28.77
                    Mean episode length: 143.64
                        Mean action std: 0.36
         Mean episode goal_per_1k_steps: 0.3560
         Mean episode mean_dist_to_ball: 2.8041
               Mean episode goals_total: 35.2917
--------------------------------------------------------------------------------
                         Iteration time: 10.68s
                           Time elapsed: 0:07:57
                                    ETA: 1:22:30

################################################################################
[1m                           Learning iteration 44/500                            [0m 

                               Run name: hierarchical_soccer_coop_hl
                            Total steps: 2211840 
                       Steps per second: 4602 
                        Collection time: 10.451s 
                          Learning time: 0.227s 
                        Mean value loss: 11.9707
                    Mean surrogate loss: -0.0019
                      Mean entropy loss: 1.1655
                            Mean reward: 31.32
                    Mean episode length: 156.91
                        Mean action std: 0.36
         Mean episode goal_per_1k_steps: 0.3235
         Mean episode mean_dist_to_ball: 2.7917
               Mean episode goals_total: 37.8333
--------------------------------------------------------------------------------
                         Iteration time: 10.68s
                           Time elapsed: 0:08:08
                                    ETA: 1:22:18

################################################################################
[1m                           Learning iteration 45/500                            [0m 

                               Run name: hierarchical_soccer_coop_hl
                            Total steps: 2260992 
                       Steps per second: 4588 
                        Collection time: 10.484s 
                          Learning time: 0.228s 
                        Mean value loss: 12.0029
                    Mean surrogate loss: -0.0043
                      Mean entropy loss: 1.0885
                            Mean reward: 24.68
                    Mean episode length: 140.41
                        Mean action std: 0.34
         Mean episode goal_per_1k_steps: 0.3560
         Mean episode mean_dist_to_ball: 2.7738
               Mean episode goals_total: 41.8750
--------------------------------------------------------------------------------
                         Iteration time: 10.71s
                           Time elapsed: 0:08:19
                                    ETA: 1:22:05

################################################################################
[1m                           Learning iteration 46/500                            [0m 

                               Run name: hierarchical_soccer_coop_hl
                            Total steps: 2310144 
                       Steps per second: 4484 
                        Collection time: 10.733s 
                          Learning time: 0.227s 
                        Mean value loss: 12.1915
                    Mean surrogate loss: -0.0039
                      Mean entropy loss: 0.9916
                            Mean reward: 29.56
                    Mean episode length: 137.34
                        Mean action std: 0.34
         Mean episode goal_per_1k_steps: 0.2523
         Mean episode mean_dist_to_ball: 2.6947
               Mean episode goals_total: 46.1667
--------------------------------------------------------------------------------
                         Iteration time: 10.96s
                           Time elapsed: 0:08:30
                                    ETA: 1:21:56

################################################################################
[1m                           Learning iteration 47/500                            [0m 

                               Run name: hierarchical_soccer_coop_hl
                            Total steps: 2359296 
                       Steps per second: 4409 
                        Collection time: 10.919s 
                          Learning time: 0.227s 
                        Mean value loss: 11.0301
                    Mean surrogate loss: -0.0006
                      Mean entropy loss: 0.9186
                            Mean reward: 30.08
                    Mean episode length: 151.38
                        Mean action std: 0.33
         Mean episode goal_per_1k_steps: 0.4435
         Mean episode mean_dist_to_ball: 2.6399
               Mean episode goals_total: 51.0833
--------------------------------------------------------------------------------
                         Iteration time: 11.15s
                           Time elapsed: 0:08:41
                                    ETA: 1:21:48

################################################################################
[1m                           Learning iteration 48/500                            [0m 

                               Run name: hierarchical_soccer_coop_hl
                            Total steps: 2408448 
                       Steps per second: 4375 
                        Collection time: 11.006s 
                          Learning time: 0.227s 
                        Mean value loss: 10.9994
                    Mean surrogate loss: -0.0017
                      Mean entropy loss: 0.8691
                            Mean reward: 44.44
                    Mean episode length: 178.71
                        Mean action std: 0.32
         Mean episode goal_per_1k_steps: 0.3825
         Mean episode mean_dist_to_ball: 2.6728
               Mean episode goals_total: 54.5833
--------------------------------------------------------------------------------
                         Iteration time: 11.23s
                           Time elapsed: 0:08:52
                                    ETA: 1:21:40

################################################################################
[1m                           Learning iteration 49/500                            [0m 

                               Run name: hierarchical_soccer_coop_hl
                            Total steps: 2457600 
                       Steps per second: 4362 
                        Collection time: 11.037s 
                          Learning time: 0.230s 
                        Mean value loss: 11.1458
                    Mean surrogate loss: -0.0018
                      Mean entropy loss: 0.8205
                            Mean reward: 35.55
                    Mean episode length: 163.03
                        Mean action std: 0.32
         Mean episode goal_per_1k_steps: 0.3621
         Mean episode mean_dist_to_ball: 2.7054
               Mean episode goals_total: 61.1250
--------------------------------------------------------------------------------
                         Iteration time: 11.27s
                           Time elapsed: 0:09:03
                                    ETA: 1:21:33

################################################################################
[1m                           Learning iteration 50/500                            [0m 

                               Run name: hierarchical_soccer_coop_hl
                            Total steps: 2506752 
                       Steps per second: 4322 
                        Collection time: 11.141s 
                          Learning time: 0.230s 
                        Mean value loss: 10.7400
                    Mean surrogate loss: -0.0017
                      Mean entropy loss: 0.7676
                            Mean reward: 41.16
                    Mean episode length: 172.32
                        Mean action std: 0.31
         Mean episode goal_per_1k_steps: 0.4517
         Mean episode mean_dist_to_ball: 2.6796
               Mean episode goals_total: 68.0833
--------------------------------------------------------------------------------
                         Iteration time: 11.37s
                           Time elapsed: 0:09:15
                                    ETA: 1:21:26

################################################################################
[1m                           Learning iteration 51/500                            [0m 

                               Run name: hierarchical_soccer_coop_hl
                            Total steps: 2555904 
                       Steps per second: 4353 
                        Collection time: 11.058s 
                          Learning time: 0.231s 
                        Mean value loss: 10.9157
                    Mean surrogate loss: -0.0023
                      Mean entropy loss: 0.7310
                            Mean reward: 41.99
                    Mean episode length: 173.87
                        Mean action std: 0.31
         Mean episode goal_per_1k_steps: 0.2767
         Mean episode mean_dist_to_ball: 2.6301
               Mean episode goals_total: 71.1667
--------------------------------------------------------------------------------
                         Iteration time: 11.29s
                           Time elapsed: 0:09:26
                                    ETA: 1:21:19

################################################################################
[1m                           Learning iteration 52/500                            [0m 

                               Run name: hierarchical_soccer_coop_hl
                            Total steps: 2605056 
                       Steps per second: 4351 
                        Collection time: 11.066s 
                          Learning time: 0.230s 
                        Mean value loss: 11.3702
                    Mean surrogate loss: -0.0017
                      Mean entropy loss: 0.6950
                            Mean reward: 41.50
                    Mean episode length: 173.23
                        Mean action std: 0.31
         Mean episode goal_per_1k_steps: 0.3459
         Mean episode mean_dist_to_ball: 2.5608
               Mean episode goals_total: 73.3333
--------------------------------------------------------------------------------
                         Iteration time: 11.30s
                           Time elapsed: 0:09:37
                                    ETA: 1:21:12

################################################################################
[1m                           Learning iteration 53/500                            [0m 

                               Run name: hierarchical_soccer_coop_hl
                            Total steps: 2654208 
                       Steps per second: 4332 
                        Collection time: 11.115s 
                          Learning time: 0.230s 
                        Mean value loss: 11.2544
                    Mean surrogate loss: -0.0015
                      Mean entropy loss: 0.6656
                            Mean reward: 36.56
                    Mean episode length: 151.47
                        Mean action std: 0.30
         Mean episode goal_per_1k_steps: 0.4456
         Mean episode mean_dist_to_ball: 2.5028
               Mean episode goals_total: 78.0000
--------------------------------------------------------------------------------
                         Iteration time: 11.34s
                           Time elapsed: 0:09:49
                                    ETA: 1:21:04

################################################################################
[1m                           Learning iteration 54/500                            [0m 

                               Run name: hierarchical_soccer_coop_hl
                            Total steps: 2703360 
                       Steps per second: 4334 
                        Collection time: 11.109s 
                          Learning time: 0.230s 
                        Mean value loss: 11.1253
                    Mean surrogate loss: -0.0036
                      Mean entropy loss: 0.6135
                            Mean reward: 45.16
                    Mean episode length: 182.20
                        Mean action std: 0.30
         Mean episode goal_per_1k_steps: 0.3662
         Mean episode mean_dist_to_ball: 2.5018
               Mean episode goals_total: 81.3333
--------------------------------------------------------------------------------
                         Iteration time: 11.34s
                           Time elapsed: 0:10:00
                                    ETA: 1:20:57

################################################################################
[1m                           Learning iteration 55/500                            [0m 

                               Run name: hierarchical_soccer_coop_hl
                            Total steps: 2752512 
                       Steps per second: 4342 
                        Collection time: 11.088s 
                          Learning time: 0.229s 
                        Mean value loss: 10.5409
                    Mean surrogate loss: -0.0018
                      Mean entropy loss: 0.5510
                            Mean reward: 47.48
                    Mean episode length: 179.09
                        Mean action std: 0.29
         Mean episode goal_per_1k_steps: 0.3153
         Mean episode mean_dist_to_ball: 2.5202
               Mean episode goals_total: 82.2083
--------------------------------------------------------------------------------
                         Iteration time: 11.32s
                           Time elapsed: 0:10:11
                                    ETA: 1:20:49

################################################################################
[1m                           Learning iteration 56/500                            [0m 

                               Run name: hierarchical_soccer_coop_hl
                            Total steps: 2801664 
                       Steps per second: 4310 
                        Collection time: 11.172s 
                          Learning time: 0.230s 
                        Mean value loss: 10.8423
                    Mean surrogate loss: -0.0043
                      Mean entropy loss: 0.5360
                            Mean reward: 37.02
                    Mean episode length: 164.08
                        Mean action std: 0.29
         Mean episode goal_per_1k_steps: 0.4130
         Mean episode mean_dist_to_ball: 2.4921
               Mean episode goals_total: 84.5417
--------------------------------------------------------------------------------
                         Iteration time: 11.40s
                           Time elapsed: 0:10:23
                                    ETA: 1:20:42

################################################################################
[1m                           Learning iteration 57/500                            [0m 

                               Run name: hierarchical_soccer_coop_hl
                            Total steps: 2850816 
                       Steps per second: 4308 
                        Collection time: 11.178s 
                          Learning time: 0.230s 
                        Mean value loss: 9.9059
                    Mean surrogate loss: -0.0018
                      Mean entropy loss: 0.4702
                            Mean reward: 48.62
                    Mean episode length: 184.17
                        Mean action std: 0.29
         Mean episode goal_per_1k_steps: 0.3215
         Mean episode mean_dist_to_ball: 2.4134
               Mean episode goals_total: 87.2083
--------------------------------------------------------------------------------
                         Iteration time: 11.41s
                           Time elapsed: 0:10:34
                                    ETA: 1:20:35

################################################################################
[1m                           Learning iteration 58/500                            [0m 

                               Run name: hierarchical_soccer_coop_hl
                            Total steps: 2899968 
                       Steps per second: 4302 
                        Collection time: 11.194s 
                          Learning time: 0.230s 
                        Mean value loss: 8.9853
                    Mean surrogate loss: -0.0000
                      Mean entropy loss: 0.4354
                            Mean reward: 48.62
                    Mean episode length: 191.92
                        Mean action std: 0.28
         Mean episode goal_per_1k_steps: 0.3072
         Mean episode mean_dist_to_ball: 2.4144
               Mean episode goals_total: 90.2917
--------------------------------------------------------------------------------
                         Iteration time: 11.42s
                           Time elapsed: 0:10:45
                                    ETA: 1:20:27

################################################################################
[1m                           Learning iteration 59/500                            [0m 

                               Run name: hierarchical_soccer_coop_hl
                            Total steps: 2949120 
                       Steps per second: 4306 
                        Collection time: 11.184s 
                          Learning time: 0.230s 
                        Mean value loss: 9.5681
                    Mean surrogate loss: -0.0029
                      Mean entropy loss: 0.3896
                            Mean reward: 46.83
                    Mean episode length: 187.39
                        Mean action std: 0.28
         Mean episode goal_per_1k_steps: 0.4395
         Mean episode mean_dist_to_ball: 2.3979
               Mean episode goals_total: 94.7500
--------------------------------------------------------------------------------
                         Iteration time: 11.41s
                           Time elapsed: 0:10:57
                                    ETA: 1:20:20

################################################################################
[1m                           Learning iteration 60/500                            [0m 

                               Run name: hierarchical_soccer_coop_hl
                            Total steps: 2998272 
                       Steps per second: 4289 
                        Collection time: 11.228s 
                          Learning time: 0.230s 
                        Mean value loss: 9.4632
                    Mean surrogate loss: -0.0026
                      Mean entropy loss: 0.3449
                            Mean reward: 54.93
                    Mean episode length: 197.03
                        Mean action std: 0.27
         Mean episode goal_per_1k_steps: 0.3398
         Mean episode mean_dist_to_ball: 2.3856
               Mean episode goals_total: 99.0417
--------------------------------------------------------------------------------
                         Iteration time: 11.46s
                           Time elapsed: 0:11:08
                                    ETA: 1:20:13

################################################################################
[1m                           Learning iteration 61/500                            [0m 

                               Run name: hierarchical_soccer_coop_hl
                            Total steps: 3047424 
                       Steps per second: 4281 
                        Collection time: 11.250s 
                          Learning time: 0.229s 
                        Mean value loss: 9.6170
                    Mean surrogate loss: -0.0009
                      Mean entropy loss: 0.3303
                            Mean reward: 48.85
                    Mean episode length: 186.60
                        Mean action std: 0.27
         Mean episode goal_per_1k_steps: 0.4883
         Mean episode mean_dist_to_ball: 2.3992
               Mean episode goals_total: 102.9167
--------------------------------------------------------------------------------
                         Iteration time: 11.48s
                           Time elapsed: 0:11:20
                                    ETA: 1:20:05

################################################################################
[1m                           Learning iteration 62/500                            [0m 

                               Run name: hierarchical_soccer_coop_hl
                            Total steps: 3096576 
                       Steps per second: 4282 
                        Collection time: 11.249s 
                          Learning time: 0.228s 
                        Mean value loss: 9.4447
                    Mean surrogate loss: -0.0018
                      Mean entropy loss: 0.2902
                            Mean reward: 54.87
                    Mean episode length: 193.90
                        Mean action std: 0.27
         Mean episode goal_per_1k_steps: 0.4252
         Mean episode mean_dist_to_ball: 2.3679
               Mean episode goals_total: 108.9583
--------------------------------------------------------------------------------
                         Iteration time: 11.48s
                           Time elapsed: 0:11:31
                                    ETA: 1:19:58

################################################################################
[1m                           Learning iteration 63/500                            [0m 

                               Run name: hierarchical_soccer_coop_hl
                            Total steps: 3145728 
                       Steps per second: 4271 
                        Collection time: 11.279s 
                          Learning time: 0.228s 
                        Mean value loss: 10.9074
                    Mean surrogate loss: -0.0023
                      Mean entropy loss: 0.2619
                            Mean reward: 46.25
                    Mean episode length: 166.85
                        Mean action std: 0.27
         Mean episode goal_per_1k_steps: 0.4333
         Mean episode mean_dist_to_ball: 2.3981
               Mean episode goals_total: 112.0000
--------------------------------------------------------------------------------
                         Iteration time: 11.51s
                           Time elapsed: 0:11:43
                                    ETA: 1:19:50

################################################################################
[1m                           Learning iteration 64/500                            [0m 

                               Run name: hierarchical_soccer_coop_hl
                            Total steps: 3194880 
                       Steps per second: 4268 
                        Collection time: 11.288s 
                          Learning time: 0.227s 
                        Mean value loss: 10.1669
                    Mean surrogate loss: 0.0001
                      Mean entropy loss: 0.2295
                            Mean reward: 50.31
                    Mean episode length: 188.12
                        Mean action std: 0.26
         Mean episode goal_per_1k_steps: 0.3825
         Mean episode mean_dist_to_ball: 2.4376
               Mean episode goals_total: 115.4167
--------------------------------------------------------------------------------
                         Iteration time: 11.51s
                           Time elapsed: 0:11:54
                                    ETA: 1:19:43

################################################################################
[1m                           Learning iteration 65/500                            [0m 

                               Run name: hierarchical_soccer_coop_hl
                            Total steps: 3244032 
                       Steps per second: 4276 
                        Collection time: 11.265s 
                          Learning time: 0.228s 
                        Mean value loss: 8.8934
                    Mean surrogate loss: -0.0044
                      Mean entropy loss: 0.1740
                            Mean reward: 55.02
                    Mean episode length: 200.96
                        Mean action std: 0.26
         Mean episode goal_per_1k_steps: 0.3764
         Mean episode mean_dist_to_ball: 2.3533
               Mean episode goals_total: 120.2917
--------------------------------------------------------------------------------
                         Iteration time: 11.49s
                           Time elapsed: 0:12:06
                                    ETA: 1:19:35

################################################################################
[1m                           Learning iteration 66/500                            [0m 

                               Run name: hierarchical_soccer_coop_hl
                            Total steps: 3293184 
                       Steps per second: 4280 
                        Collection time: 11.255s 
                          Learning time: 0.228s 
                        Mean value loss: 9.3564
                    Mean surrogate loss: -0.0025
                      Mean entropy loss: 0.1282
                            Mean reward: 53.97
                    Mean episode length: 198.64
                        Mean action std: 0.25
         Mean episode goal_per_1k_steps: 0.3133
         Mean episode mean_dist_to_ball: 2.3371
               Mean episode goals_total: 124.9583
--------------------------------------------------------------------------------
                         Iteration time: 11.48s
                           Time elapsed: 0:12:17
                                    ETA: 1:19:27

################################################################################
[1m                           Learning iteration 67/500                            [0m 

                               Run name: hierarchical_soccer_coop_hl
                            Total steps: 3342336 
                       Steps per second: 4267 
                        Collection time: 11.291s 
                          Learning time: 0.228s 
                        Mean value loss: 8.4989
                    Mean surrogate loss: -0.0039
                      Mean entropy loss: 0.0919
                            Mean reward: 54.90
                    Mean episode length: 183.32
                        Mean action std: 0.25
         Mean episode goal_per_1k_steps: 0.4740
         Mean episode mean_dist_to_ball: 2.3099
               Mean episode goals_total: 127.7500
--------------------------------------------------------------------------------
                         Iteration time: 11.52s
                           Time elapsed: 0:12:29
                                    ETA: 1:19:19

################################################################################
[1m                           Learning iteration 68/500                            [0m 

                               Run name: hierarchical_soccer_coop_hl
                            Total steps: 3391488 
                       Steps per second: 4270 
                        Collection time: 11.281s 
                          Learning time: 0.228s 
                        Mean value loss: 7.4711
                    Mean surrogate loss: -0.0011
                      Mean entropy loss: 0.0617
                            Mean reward: 50.44
                    Mean episode length: 191.49
                        Mean action std: 0.25
         Mean episode goal_per_1k_steps: 0.3357
         Mean episode mean_dist_to_ball: 2.3133
               Mean episode goals_total: 131.0000
--------------------------------------------------------------------------------
                         Iteration time: 11.51s
                           Time elapsed: 0:12:40
                                    ETA: 1:19:11

################################################################################
[1m                           Learning iteration 69/500                            [0m 

                               Run name: hierarchical_soccer_coop_hl
                            Total steps: 3440640 
                       Steps per second: 4256 
                        Collection time: 11.321s 
                          Learning time: 0.227s 
                        Mean value loss: 8.5461
                    Mean surrogate loss: -0.0027
                      Mean entropy loss: 0.0178
                            Mean reward: 55.53
                    Mean episode length: 195.28
                        Mean action std: 0.24
         Mean episode goal_per_1k_steps: 0.3377
         Mean episode mean_dist_to_ball: 2.2839
               Mean episode goals_total: 132.2083
--------------------------------------------------------------------------------
                         Iteration time: 11.55s
                           Time elapsed: 0:12:52
                                    ETA: 1:19:04

################################################################################
[1m                           Learning iteration 70/500                            [0m 

                               Run name: hierarchical_soccer_coop_hl
                            Total steps: 3489792 
                       Steps per second: 4249 
                        Collection time: 11.339s 
                          Learning time: 0.228s 
                        Mean value loss: 7.2969
                    Mean surrogate loss: -0.0015
                      Mean entropy loss: -0.0213
                            Mean reward: 56.14
                    Mean episode length: 203.24
                        Mean action std: 0.24
         Mean episode goal_per_1k_steps: 0.2991
         Mean episode mean_dist_to_ball: 2.3132
               Mean episode goals_total: 137.0000
--------------------------------------------------------------------------------
                         Iteration time: 11.57s
                           Time elapsed: 0:13:03
                                    ETA: 1:18:56

################################################################################
[1m                           Learning iteration 71/500                            [0m 

                               Run name: hierarchical_soccer_coop_hl
                            Total steps: 3538944 
                       Steps per second: 4239 
                        Collection time: 11.363s 
                          Learning time: 0.231s 
                        Mean value loss: 7.7375
                    Mean surrogate loss: -0.0024
                      Mean entropy loss: -0.0405
                            Mean reward: 61.98
                    Mean episode length: 211.35
                        Mean action std: 0.24
         Mean episode goal_per_1k_steps: 0.3377
         Mean episode mean_dist_to_ball: 2.3248
               Mean episode goals_total: 138.5417
--------------------------------------------------------------------------------
                         Iteration time: 11.59s
                           Time elapsed: 0:13:15
                                    ETA: 1:18:48

################################################################################
[1m                           Learning iteration 72/500                            [0m 

                               Run name: hierarchical_soccer_coop_hl
                            Total steps: 3588096 
                       Steps per second: 4245 
                        Collection time: 11.346s 
                          Learning time: 0.231s 
                        Mean value loss: 7.4516
                    Mean surrogate loss: -0.0002
                      Mean entropy loss: -0.0823
                            Mean reward: 62.14
                    Mean episode length: 210.10
                        Mean action std: 0.24
         Mean episode goal_per_1k_steps: 0.3581
         Mean episode mean_dist_to_ball: 2.3684
               Mean episode goals_total: 142.2917
--------------------------------------------------------------------------------
                         Iteration time: 11.58s
                           Time elapsed: 0:13:27
                                    ETA: 1:18:40

################################################################################
[1m                           Learning iteration 73/500                            [0m 

                               Run name: hierarchical_soccer_coop_hl
                            Total steps: 3637248 
                       Steps per second: 4229 
                        Collection time: 11.390s 
                          Learning time: 0.230s 
                        Mean value loss: 7.0418
                    Mean surrogate loss: -0.0027
                      Mean entropy loss: -0.1274
                            Mean reward: 57.24
                    Mean episode length: 200.72
                        Mean action std: 0.23
         Mean episode goal_per_1k_steps: 0.3398
         Mean episode mean_dist_to_ball: 2.4180
               Mean episode goals_total: 148.1250
--------------------------------------------------------------------------------
                         Iteration time: 11.62s
                           Time elapsed: 0:13:38
                                    ETA: 1:18:32

################################################################################
[1m                           Learning iteration 74/500                            [0m 

                               Run name: hierarchical_soccer_coop_hl
                            Total steps: 3686400 
                       Steps per second: 4232 
                        Collection time: 11.382s 
                          Learning time: 0.230s 
                        Mean value loss: 7.8660
                    Mean surrogate loss: -0.0012
                      Mean entropy loss: -0.1613
                            Mean reward: 59.38
                    Mean episode length: 203.32
                        Mean action std: 0.23
         Mean episode goal_per_1k_steps: 0.2930
         Mean episode mean_dist_to_ball: 2.4679
               Mean episode goals_total: 152.2083
--------------------------------------------------------------------------------
                         Iteration time: 11.61s
                           Time elapsed: 0:13:50
                                    ETA: 1:18:24

################################################################################
[1m                           Learning iteration 75/500                            [0m 

                               Run name: hierarchical_soccer_coop_hl
                            Total steps: 3735552 
                       Steps per second: 4242 
                        Collection time: 11.355s 
                          Learning time: 0.230s 
                        Mean value loss: 7.6603
                    Mean surrogate loss: -0.0024
                      Mean entropy loss: -0.1650
                            Mean reward: 58.68
                    Mean episode length: 203.90
                        Mean action std: 0.23
         Mean episode goal_per_1k_steps: 0.3499
         Mean episode mean_dist_to_ball: 2.5000
               Mean episode goals_total: 153.6250
--------------------------------------------------------------------------------
                         Iteration time: 11.59s
                           Time elapsed: 0:14:01
                                    ETA: 1:18:16

################################################################################
[1m                           Learning iteration 76/500                            [0m 

                               Run name: hierarchical_soccer_coop_hl
                            Total steps: 3784704 
                       Steps per second: 4239 
                        Collection time: 11.365s 
                          Learning time: 0.230s 
                        Mean value loss: 7.5637
                    Mean surrogate loss: -0.0001
                      Mean entropy loss: -0.1910
                            Mean reward: 66.72
                    Mean episode length: 215.19
                        Mean action std: 0.23
         Mean episode goal_per_1k_steps: 0.4069
         Mean episode mean_dist_to_ball: 2.5300
               Mean episode goals_total: 155.1250
--------------------------------------------------------------------------------
                         Iteration time: 11.59s
                           Time elapsed: 0:14:13
                                    ETA: 1:18:08

################################################################################
[1m                           Learning iteration 77/500                            [0m 

                               Run name: hierarchical_soccer_coop_hl
                            Total steps: 3833856 
                       Steps per second: 4235 
                        Collection time: 11.375s 
                          Learning time: 0.230s 
                        Mean value loss: 6.1563
                    Mean surrogate loss: -0.0003
                      Mean entropy loss: -0.2393
                            Mean reward: 67.21
                    Mean episode length: 208.47
                        Mean action std: 0.22
         Mean episode goal_per_1k_steps: 0.3133
         Mean episode mean_dist_to_ball: 2.5681
               Mean episode goals_total: 157.3750
--------------------------------------------------------------------------------
                         Iteration time: 11.60s
                           Time elapsed: 0:14:25
                                    ETA: 1:18:00

################################################################################
[1m                           Learning iteration 78/500                            [0m 

                               Run name: hierarchical_soccer_coop_hl
                            Total steps: 3883008 
                       Steps per second: 4233 
                        Collection time: 11.381s 
                          Learning time: 0.230s 
                        Mean value loss: 6.6181
                    Mean surrogate loss: -0.0040
                      Mean entropy loss: -0.2697
                            Mean reward: 55.05
                    Mean episode length: 188.22
                        Mean action std: 0.22
         Mean episode goal_per_1k_steps: 0.2808
         Mean episode mean_dist_to_ball: 2.6437
               Mean episode goals_total: 160.5833
--------------------------------------------------------------------------------
                         Iteration time: 11.61s
                           Time elapsed: 0:14:36
                                    ETA: 1:17:51

################################################################################
[1m                           Learning iteration 79/500                            [0m 

                               Run name: hierarchical_soccer_coop_hl
                            Total steps: 3932160 
                       Steps per second: 4211 
                        Collection time: 11.441s 
                          Learning time: 0.230s 
                        Mean value loss: 7.4748
                    Mean surrogate loss: -0.0020
                      Mean entropy loss: -0.3129
                            Mean reward: 57.21
                    Mean episode length: 186.70
                        Mean action std: 0.22
         Mean episode goal_per_1k_steps: 0.3377
         Mean episode mean_dist_to_ball: 2.5782
               Mean episode goals_total: 162.9583
--------------------------------------------------------------------------------
                         Iteration time: 11.67s
                           Time elapsed: 0:14:48
                                    ETA: 1:17:43

################################################################################
[1m                           Learning iteration 80/500                            [0m 

                               Run name: hierarchical_soccer_coop_hl
                            Total steps: 3981312 
                       Steps per second: 4243 
                        Collection time: 11.351s 
                          Learning time: 0.231s 
                        Mean value loss: 7.7869
                    Mean surrogate loss: -0.0025
                      Mean entropy loss: -0.3237
                            Mean reward: 51.66
                    Mean episode length: 186.57
                        Mean action std: 0.22
         Mean episode goal_per_1k_steps: 0.3194
         Mean episode mean_dist_to_ball: 2.4899
               Mean episode goals_total: 165.2083
--------------------------------------------------------------------------------
                         Iteration time: 11.58s
                           Time elapsed: 0:14:59
                                    ETA: 1:17:35

################################################################################
[1m                           Learning iteration 81/500                            [0m 

                               Run name: hierarchical_soccer_coop_hl
                            Total steps: 4030464 
                       Steps per second: 4236 
                        Collection time: 11.373s 
                          Learning time: 0.230s 
                        Mean value loss: 6.7607
                    Mean surrogate loss: -0.0015
                      Mean entropy loss: -0.3652
                            Mean reward: 65.51
                    Mean episode length: 206.62
                        Mean action std: 0.21
         Mean episode goal_per_1k_steps: 0.2848
         Mean episode mean_dist_to_ball: 2.4487
               Mean episode goals_total: 167.9583
--------------------------------------------------------------------------------
                         Iteration time: 11.60s
                           Time elapsed: 0:15:11
                                    ETA: 1:17:26

################################################################################
[1m                           Learning iteration 82/500                            [0m 

                               Run name: hierarchical_soccer_coop_hl
                            Total steps: 4079616 
                       Steps per second: 4223 
                        Collection time: 11.406s 
                          Learning time: 0.230s 
                        Mean value loss: 6.2139
                    Mean surrogate loss: -0.0036
                      Mean entropy loss: -0.3908
                            Mean reward: 63.99
                    Mean episode length: 210.35
                        Mean action std: 0.21
         Mean episode goal_per_1k_steps: 0.2930
         Mean episode mean_dist_to_ball: 2.4147
               Mean episode goals_total: 169.9583
--------------------------------------------------------------------------------
                         Iteration time: 11.64s
                           Time elapsed: 0:15:23
                                    ETA: 1:17:18

################################################################################
[1m                           Learning iteration 83/500                            [0m 

                               Run name: hierarchical_soccer_coop_hl
                            Total steps: 4128768 
                       Steps per second: 4234 
                        Collection time: 11.378s 
                          Learning time: 0.230s 
                        Mean value loss: 5.5437
                    Mean surrogate loss: -0.0027
                      Mean entropy loss: -0.4312
                            Mean reward: 70.40
                    Mean episode length: 214.38
                        Mean action std: 0.21
         Mean episode goal_per_1k_steps: 0.2563
         Mean episode mean_dist_to_ball: 2.4356
               Mean episode goals_total: 170.2917
--------------------------------------------------------------------------------
                         Iteration time: 11.61s
                           Time elapsed: 0:15:34
                                    ETA: 1:17:09

################################################################################
[1m                           Learning iteration 84/500                            [0m 

                               Run name: hierarchical_soccer_coop_hl
                            Total steps: 4177920 
                       Steps per second: 4246 
                        Collection time: 11.345s 
                          Learning time: 0.231s 
                        Mean value loss: 5.1764
                    Mean surrogate loss: -0.0019
                      Mean entropy loss: -0.4862
                            Mean reward: 67.45
                    Mean episode length: 212.90
                        Mean action std: 0.21
         Mean episode goal_per_1k_steps: 0.4537
         Mean episode mean_dist_to_ball: 2.4578
               Mean episode goals_total: 172.3333
--------------------------------------------------------------------------------
                         Iteration time: 11.58s
                           Time elapsed: 0:15:46
                                    ETA: 1:17:00

################################################################################
[1m                           Learning iteration 85/500                            [0m 

                               Run name: hierarchical_soccer_coop_hl
                            Total steps: 4227072 
                       Steps per second: 4226 
                        Collection time: 11.398s 
                          Learning time: 0.231s 
                        Mean value loss: 5.7139
                    Mean surrogate loss: -0.0024
                      Mean entropy loss: -0.5113
                            Mean reward: 63.46
                    Mean episode length: 205.65
                        Mean action std: 0.21
         Mean episode goal_per_1k_steps: 0.3194
         Mean episode mean_dist_to_ball: 2.4608
               Mean episode goals_total: 174.0417
--------------------------------------------------------------------------------
                         Iteration time: 11.63s
                           Time elapsed: 0:15:57
                                    ETA: 1:16:51

################################################################################
[1m                           Learning iteration 86/500                            [0m 

                               Run name: hierarchical_soccer_coop_hl
                            Total steps: 4276224 
                       Steps per second: 4241 
                        Collection time: 11.359s 
                          Learning time: 0.231s 
                        Mean value loss: 5.0309
                    Mean surrogate loss: -0.0024
                      Mean entropy loss: -0.5504
                            Mean reward: 71.69
                    Mean episode length: 218.42
                        Mean action std: 0.20
         Mean episode goal_per_1k_steps: 0.2889
         Mean episode mean_dist_to_ball: 2.4455
               Mean episode goals_total: 176.7917
--------------------------------------------------------------------------------
                         Iteration time: 11.59s
                           Time elapsed: 0:16:09
                                    ETA: 1:16:42

################################################################################
[1m                           Learning iteration 87/500                            [0m 

                               Run name: hierarchical_soccer_coop_hl
                            Total steps: 4325376 
                       Steps per second: 4248 
                        Collection time: 11.340s 
                          Learning time: 0.230s 
                        Mean value loss: 5.3245
                    Mean surrogate loss: -0.0043
                      Mean entropy loss: -0.5775
                            Mean reward: 69.50
                    Mean episode length: 211.61
                        Mean action std: 0.20
         Mean episode goal_per_1k_steps: 0.3174
         Mean episode mean_dist_to_ball: 2.4782
               Mean episode goals_total: 178.3333
--------------------------------------------------------------------------------
                         Iteration time: 11.57s
                           Time elapsed: 0:16:21
                                    ETA: 1:16:33

################################################################################
[1m                           Learning iteration 88/500                            [0m 

                               Run name: hierarchical_soccer_coop_hl
                            Total steps: 4374528 
                       Steps per second: 4221 
                        Collection time: 11.413s 
                          Learning time: 0.230s 
                        Mean value loss: 4.9172
                    Mean surrogate loss: -0.0035
                      Mean entropy loss: -0.6179
                            Mean reward: 65.51
                    Mean episode length: 206.19
                        Mean action std: 0.20
         Mean episode goal_per_1k_steps: 0.2686
         Mean episode mean_dist_to_ball: 2.4821
               Mean episode goals_total: 182.0000
--------------------------------------------------------------------------------
                         Iteration time: 11.64s
                           Time elapsed: 0:16:32
                                    ETA: 1:16:24

################################################################################
[1m                           Learning iteration 89/500                            [0m 

                               Run name: hierarchical_soccer_coop_hl
                            Total steps: 4423680 
                       Steps per second: 4225 
                        Collection time: 11.402s 
                          Learning time: 0.230s 
                        Mean value loss: 4.5186
                    Mean surrogate loss: -0.0007
                      Mean entropy loss: -0.6438
                            Mean reward: 68.03
                    Mean episode length: 207.34
                        Mean action std: 0.20
         Mean episode goal_per_1k_steps: 0.3499
         Mean episode mean_dist_to_ball: 2.4900
               Mean episode goals_total: 184.3750
--------------------------------------------------------------------------------
                         Iteration time: 11.63s
                           Time elapsed: 0:16:44
                                    ETA: 1:16:15

################################################################################
[1m                           Learning iteration 90/500                            [0m 

                               Run name: hierarchical_soccer_coop_hl
                            Total steps: 4472832 
                       Steps per second: 4234 
                        Collection time: 11.376s 
                          Learning time: 0.230s 
                        Mean value loss: 3.9841
                    Mean surrogate loss: -0.0024
                      Mean entropy loss: -0.6916
                            Mean reward: 74.55
                    Mean episode length: 229.95
                        Mean action std: 0.19
         Mean episode goal_per_1k_steps: 0.1790
         Mean episode mean_dist_to_ball: 2.4985
               Mean episode goals_total: 186.8333
--------------------------------------------------------------------------------
                         Iteration time: 11.61s
                           Time elapsed: 0:16:56
                                    ETA: 1:16:06

################################################################################
[1m                           Learning iteration 91/500                            [0m 

                               Run name: hierarchical_soccer_coop_hl
                            Total steps: 4521984 
                       Steps per second: 4229 
                        Collection time: 11.392s 
                          Learning time: 0.230s 
                        Mean value loss: 4.2460
                    Mean surrogate loss: -0.0021
                      Mean entropy loss: -0.7175
                            Mean reward: 72.09
                    Mean episode length: 220.56
                        Mean action std: 0.19
         Mean episode goal_per_1k_steps: 0.1038
         Mean episode mean_dist_to_ball: 2.5398
               Mean episode goals_total: 189.1667
--------------------------------------------------------------------------------
                         Iteration time: 11.62s
                           Time elapsed: 0:17:07
                                    ETA: 1:15:57

################################################################################
[1m                           Learning iteration 92/500                            [0m 

                               Run name: hierarchical_soccer_coop_hl
                            Total steps: 4571136 
                       Steps per second: 4218 
                        Collection time: 11.421s 
                          Learning time: 0.230s 
                        Mean value loss: 4.3210
                    Mean surrogate loss: -0.0009
                      Mean entropy loss: -0.7493
                            Mean reward: 71.57
                    Mean episode length: 227.57
                        Mean action std: 0.19
         Mean episode goal_per_1k_steps: 0.2096
         Mean episode mean_dist_to_ball: 2.5477
               Mean episode goals_total: 190.0000
--------------------------------------------------------------------------------
                         Iteration time: 11.65s
                           Time elapsed: 0:17:19
                                    ETA: 1:15:48

################################################################################
[1m                           Learning iteration 93/500                            [0m 

                               Run name: hierarchical_soccer_coop_hl
                            Total steps: 4620288 
                       Steps per second: 4226 
                        Collection time: 11.399s 
                          Learning time: 0.230s 
                        Mean value loss: 5.7779
                    Mean surrogate loss: -0.0026
                      Mean entropy loss: -0.7654
                            Mean reward: 67.52
                    Mean episode length: 203.42
                        Mean action std: 0.19
         Mean episode goal_per_1k_steps: 0.2299
         Mean episode mean_dist_to_ball: 2.5001
               Mean episode goals_total: 190.7083
--------------------------------------------------------------------------------
                         Iteration time: 11.63s
                           Time elapsed: 0:17:30
                                    ETA: 1:15:39

################################################################################
[1m                           Learning iteration 94/500                            [0m 

                               Run name: hierarchical_soccer_coop_hl
                            Total steps: 4669440 
                       Steps per second: 4234 
                        Collection time: 11.377s 
                          Learning time: 0.230s 
                        Mean value loss: 4.9414
                    Mean surrogate loss: -0.0022
                      Mean entropy loss: -0.7973
                            Mean reward: 73.11
                    Mean episode length: 214.23
                        Mean action std: 0.19
         Mean episode goal_per_1k_steps: 0.1933
         Mean episode mean_dist_to_ball: 2.4536
               Mean episode goals_total: 191.0000
--------------------------------------------------------------------------------
                         Iteration time: 11.61s
                           Time elapsed: 0:17:42
                                    ETA: 1:15:29

################################################################################
[1m                           Learning iteration 95/500                            [0m 

                               Run name: hierarchical_soccer_coop_hl
                            Total steps: 4718592 
                       Steps per second: 4239 
                        Collection time: 11.364s 
                          Learning time: 0.230s 
                        Mean value loss: 3.8735
                    Mean surrogate loss: -0.0023
                      Mean entropy loss: -0.8166
                            Mean reward: 73.77
                    Mean episode length: 217.24
                        Mean action std: 0.18
         Mean episode goal_per_1k_steps: 0.2706
         Mean episode mean_dist_to_ball: 2.4537
               Mean episode goals_total: 191.8333
--------------------------------------------------------------------------------
                         Iteration time: 11.59s
                           Time elapsed: 0:17:54
                                    ETA: 1:15:20

################################################################################
[1m                           Learning iteration 96/500                            [0m 

                               Run name: hierarchical_soccer_coop_hl
                            Total steps: 4767744 
                       Steps per second: 4227 
                        Collection time: 11.398s 
                          Learning time: 0.230s 
                        Mean value loss: 5.2549
                    Mean surrogate loss: -0.0015
                      Mean entropy loss: -0.8409
                            Mean reward: 70.63
                    Mean episode length: 226.75
                        Mean action std: 0.18
         Mean episode goal_per_1k_steps: 0.3703
         Mean episode mean_dist_to_ball: 2.4655
               Mean episode goals_total: 196.1667
--------------------------------------------------------------------------------
                         Iteration time: 11.63s
                           Time elapsed: 0:18:05
                                    ETA: 1:15:10

################################################################################
[1m                           Learning iteration 97/500                            [0m 

                               Run name: hierarchical_soccer_coop_hl
                            Total steps: 4816896 
                       Steps per second: 4230 
                        Collection time: 11.388s 
                          Learning time: 0.230s 
                        Mean value loss: 3.5766
                    Mean surrogate loss: -0.0021
                      Mean entropy loss: -0.8674
                            Mean reward: 70.51
                    Mean episode length: 216.40
                        Mean action std: 0.18
         Mean episode goal_per_1k_steps: 0.1953
         Mean episode mean_dist_to_ball: 2.4463
               Mean episode goals_total: 197.1250
--------------------------------------------------------------------------------
                         Iteration time: 11.62s
                           Time elapsed: 0:18:17
                                    ETA: 1:15:01

################################################################################
[1m                           Learning iteration 98/500                            [0m 

                               Run name: hierarchical_soccer_coop_hl
                            Total steps: 4866048 
                       Steps per second: 4222 
                        Collection time: 11.412s 
                          Learning time: 0.227s 
                        Mean value loss: 4.4200
                    Mean surrogate loss: -0.0029
                      Mean entropy loss: -0.9161
                            Mean reward: 76.13
                    Mean episode length: 223.33
                        Mean action std: 0.18
         Mean episode goal_per_1k_steps: 0.1689
         Mean episode mean_dist_to_ball: 2.4714
               Mean episode goals_total: 198.0000
--------------------------------------------------------------------------------
                         Iteration time: 11.64s
                           Time elapsed: 0:18:29
                                    ETA: 1:14:52

################################################################################
[1m                           Learning iteration 99/500                            [0m 

                               Run name: hierarchical_soccer_coop_hl
                            Total steps: 4915200 
                       Steps per second: 4236 
                        Collection time: 11.373s 
                          Learning time: 0.230s 
                        Mean value loss: 2.8697
                    Mean surrogate loss: -0.0019
                      Mean entropy loss: -0.9560
                            Mean reward: 75.89
                    Mean episode length: 235.24
                        Mean action std: 0.18
         Mean episode goal_per_1k_steps: 0.0997
         Mean episode mean_dist_to_ball: 2.4915
               Mean episode goals_total: 198.8750
--------------------------------------------------------------------------------
                         Iteration time: 11.60s
                           Time elapsed: 0:18:40
                                    ETA: 1:14:42

################################################################################
[1m                           Learning iteration 100/500                           [0m 

                               Run name: hierarchical_soccer_coop_hl
                            Total steps: 4964352 
                       Steps per second: 4210 
                        Collection time: 11.445s 
                          Learning time: 0.230s 
                        Mean value loss: 3.7139
                    Mean surrogate loss: -0.0027
                      Mean entropy loss: -0.9961
                            Mean reward: 73.86
                    Mean episode length: 227.51
                        Mean action std: 0.17
         Mean episode goal_per_1k_steps: 0.0916
         Mean episode mean_dist_to_ball: 2.5117
               Mean episode goals_total: 199.4167
--------------------------------------------------------------------------------
                         Iteration time: 11.67s
                           Time elapsed: 0:18:52
                                    ETA: 1:14:33

################################################################################
[1m                           Learning iteration 101/500                           [0m 

                               Run name: hierarchical_soccer_coop_hl
                            Total steps: 5013504 
                       Steps per second: 4215 
                        Collection time: 11.430s 
                          Learning time: 0.230s 
                        Mean value loss: 3.0166
                    Mean surrogate loss: -0.0020
                      Mean entropy loss: -1.0227
                            Mean reward: 79.58
                    Mean episode length: 234.25
                        Mean action std: 0.17
         Mean episode goal_per_1k_steps: 0.2258
         Mean episode mean_dist_to_ball: 2.4834
               Mean episode goals_total: 202.1667
--------------------------------------------------------------------------------
                         Iteration time: 11.66s
                           Time elapsed: 0:19:03
                                    ETA: 1:14:23

################################################################################
[1m                           Learning iteration 102/500                           [0m 

                               Run name: hierarchical_soccer_coop_hl
                            Total steps: 5062656 
                       Steps per second: 4210 
                        Collection time: 11.442s 
                          Learning time: 0.231s 
                        Mean value loss: 2.8795
                    Mean surrogate loss: -0.0037
                      Mean entropy loss: -1.0701
                            Mean reward: 76.70
                    Mean episode length: 232.27
                        Mean action std: 0.17
         Mean episode goal_per_1k_steps: 0.0956
         Mean episode mean_dist_to_ball: 2.5199
               Mean episode goals_total: 203.0000
--------------------------------------------------------------------------------
                         Iteration time: 11.67s
                           Time elapsed: 0:19:15
                                    ETA: 1:14:14

################################################################################
[1m                           Learning iteration 103/500                           [0m 

                               Run name: hierarchical_soccer_coop_hl
                            Total steps: 5111808 
                       Steps per second: 4208 
                        Collection time: 11.450s 
                          Learning time: 0.230s 
                        Mean value loss: 3.7398
                    Mean surrogate loss: -0.0015
                      Mean entropy loss: -1.0978
                            Mean reward: 76.58
                    Mean episode length: 226.04
                        Mean action std: 0.17
         Mean episode goal_per_1k_steps: 0.1465
         Mean episode mean_dist_to_ball: 2.5339
               Mean episode goals_total: 204.2917
--------------------------------------------------------------------------------
                         Iteration time: 11.68s
                           Time elapsed: 0:19:27
                                    ETA: 1:14:04

################################################################################
[1m                           Learning iteration 104/500                           [0m 

                               Run name: hierarchical_soccer_coop_hl
                            Total steps: 5160960 
                       Steps per second: 4226 
                        Collection time: 11.399s 
                          Learning time: 0.230s 
                        Mean value loss: 2.7444
                    Mean surrogate loss: -0.0017
                      Mean entropy loss: -1.1458
                            Mean reward: 77.15
                    Mean episode length: 229.54
                        Mean action std: 0.17
         Mean episode goal_per_1k_steps: 0.1160
         Mean episode mean_dist_to_ball: 2.5220
               Mean episode goals_total: 206.0417
--------------------------------------------------------------------------------
                         Iteration time: 11.63s
                           Time elapsed: 0:19:38
                                    ETA: 1:13:55

################################################################################
[1m                           Learning iteration 105/500                           [0m 

                               Run name: hierarchical_soccer_coop_hl
                            Total steps: 5210112 
                       Steps per second: 4226 
                        Collection time: 11.398s 
                          Learning time: 0.230s 
                        Mean value loss: 2.7087
                    Mean surrogate loss: -0.0039
                      Mean entropy loss: -1.1859
                            Mean reward: 75.65
                    Mean episode length: 232.02
                        Mean action std: 0.16
         Mean episode goal_per_1k_steps: 0.1078
         Mean episode mean_dist_to_ball: 2.5103
               Mean episode goals_total: 207.0000
--------------------------------------------------------------------------------
                         Iteration time: 11.63s
                           Time elapsed: 0:19:50
                                    ETA: 1:13:45

################################################################################
[1m                           Learning iteration 106/500                           [0m 

                               Run name: hierarchical_soccer_coop_hl
                            Total steps: 5259264 
                       Steps per second: 4214 
                        Collection time: 11.432s 
                          Learning time: 0.230s 
                        Mean value loss: 2.9866
                    Mean surrogate loss: -0.0024
                      Mean entropy loss: -1.1989
                            Mean reward: 76.43
                    Mean episode length: 225.76
                        Mean action std: 0.16
         Mean episode goal_per_1k_steps: 0.1444
         Mean episode mean_dist_to_ball: 2.5286
               Mean episode goals_total: 207.3750
--------------------------------------------------------------------------------
                         Iteration time: 11.66s
                           Time elapsed: 0:20:02
                                    ETA: 1:13:35

################################################################################
[1m                           Learning iteration 107/500                           [0m 

                               Run name: hierarchical_soccer_coop_hl
                            Total steps: 5308416 
                       Steps per second: 4203 
                        Collection time: 11.464s 
                          Learning time: 0.230s 
                        Mean value loss: 3.7773
                    Mean surrogate loss: -0.0035
                      Mean entropy loss: -1.2347
                            Mean reward: 75.32
                    Mean episode length: 224.71
                        Mean action std: 0.16
         Mean episode goal_per_1k_steps: 0.2360
         Mean episode mean_dist_to_ball: 2.5276
               Mean episode goals_total: 210.0417
--------------------------------------------------------------------------------
                         Iteration time: 11.69s
                           Time elapsed: 0:20:13
                                    ETA: 1:13:26

################################################################################
[1m                           Learning iteration 108/500                           [0m 

                               Run name: hierarchical_soccer_coop_hl
                            Total steps: 5357568 
                       Steps per second: 4210 
                        Collection time: 11.442s 
                          Learning time: 0.232s 
                        Mean value loss: 3.1017
                    Mean surrogate loss: -0.0009
                      Mean entropy loss: -1.2905
                            Mean reward: 76.56
                    Mean episode length: 225.64
                        Mean action std: 0.16
         Mean episode goal_per_1k_steps: 0.1689
         Mean episode mean_dist_to_ball: 2.4785
               Mean episode goals_total: 211.2917
--------------------------------------------------------------------------------
                         Iteration time: 11.67s
                           Time elapsed: 0:20:25
                                    ETA: 1:13:16

################################################################################
[1m                           Learning iteration 109/500                           [0m 

                               Run name: hierarchical_soccer_coop_hl
                            Total steps: 5406720 
                       Steps per second: 4209 
                        Collection time: 11.447s 
                          Learning time: 0.230s 
                        Mean value loss: 2.8642
                    Mean surrogate loss: -0.0007
                      Mean entropy loss: -1.3153
                            Mean reward: 80.35
                    Mean episode length: 225.23
                        Mean action std: 0.16
         Mean episode goal_per_1k_steps: 0.1872
         Mean episode mean_dist_to_ball: 2.4420
               Mean episode goals_total: 212.0833
--------------------------------------------------------------------------------
                         Iteration time: 11.68s
                           Time elapsed: 0:20:37
                                    ETA: 1:13:06

################################################################################
[1m                           Learning iteration 110/500                           [0m 

                               Run name: hierarchical_soccer_coop_hl
                            Total steps: 5455872 
                       Steps per second: 4201 
                        Collection time: 11.468s 
                          Learning time: 0.231s 
                        Mean value loss: 2.5587
                    Mean surrogate loss: -0.0028
                      Mean entropy loss: -1.3702
                            Mean reward: 79.45
                    Mean episode length: 229.76
                        Mean action std: 0.15
         Mean episode goal_per_1k_steps: 0.2299
         Mean episode mean_dist_to_ball: 2.4379
               Mean episode goals_total: 214.0000
--------------------------------------------------------------------------------
                         Iteration time: 11.70s
                           Time elapsed: 0:20:48
                                    ETA: 1:12:56

################################################################################
[1m                           Learning iteration 111/500                           [0m 

                               Run name: hierarchical_soccer_coop_hl
                            Total steps: 5505024 
                       Steps per second: 4217 
                        Collection time: 11.423s 
                          Learning time: 0.231s 
                        Mean value loss: 2.3448
                    Mean surrogate loss: -0.0015
                      Mean entropy loss: -1.4110
                            Mean reward: 75.52
                    Mean episode length: 227.92
                        Mean action std: 0.15
         Mean episode goal_per_1k_steps: 0.1750
         Mean episode mean_dist_to_ball: 2.4342
               Mean episode goals_total: 214.0000
--------------------------------------------------------------------------------
                         Iteration time: 11.65s
                           Time elapsed: 0:21:00
                                    ETA: 1:12:47

################################################################################
[1m                           Learning iteration 112/500                           [0m 

                               Run name: hierarchical_soccer_coop_hl
                            Total steps: 5554176 
                       Steps per second: 4213 
                        Collection time: 11.436s 
                          Learning time: 0.230s 
                        Mean value loss: 2.2491
                    Mean surrogate loss: -0.0030
                      Mean entropy loss: -1.4597
                            Mean reward: 79.70
                    Mean episode length: 230.64
                        Mean action std: 0.15
         Mean episode goal_per_1k_steps: 0.1567
         Mean episode mean_dist_to_ball: 2.4157
               Mean episode goals_total: 217.0000
--------------------------------------------------------------------------------
                         Iteration time: 11.67s
                           Time elapsed: 0:21:12
                                    ETA: 1:12:37

################################################################################
[1m                           Learning iteration 113/500                           [0m 

                               Run name: hierarchical_soccer_coop_hl
                            Total steps: 5603328 
                       Steps per second: 4207 
                        Collection time: 11.452s 
                          Learning time: 0.230s 
                        Mean value loss: 2.6608
                    Mean surrogate loss: -0.0031
                      Mean entropy loss: -1.4871
                            Mean reward: 75.10
                    Mean episode length: 225.25
                        Mean action std: 0.15
         Mean episode goal_per_1k_steps: 0.0895
         Mean episode mean_dist_to_ball: 2.4392
               Mean episode goals_total: 218.0000
--------------------------------------------------------------------------------
                         Iteration time: 11.68s
                           Time elapsed: 0:21:23
                                    ETA: 1:12:27

################################################################################
[1m                           Learning iteration 114/500                           [0m 

                               Run name: hierarchical_soccer_coop_hl
                            Total steps: 5652480 
                       Steps per second: 4218 
                        Collection time: 11.422s 
                          Learning time: 0.230s 
                        Mean value loss: 2.9172
                    Mean surrogate loss: -0.0018
                      Mean entropy loss: -1.5051
                            Mean reward: 76.90
                    Mean episode length: 224.02
                        Mean action std: 0.15
         Mean episode goal_per_1k_steps: 0.1343
         Mean episode mean_dist_to_ball: 2.4173
               Mean episode goals_total: 218.0417
--------------------------------------------------------------------------------
                         Iteration time: 11.65s
                           Time elapsed: 0:21:35
                                    ETA: 1:12:17

################################################################################
[1m                           Learning iteration 115/500                           [0m 

                               Run name: hierarchical_soccer_coop_hl
                            Total steps: 5701632 
                       Steps per second: 4214 
                        Collection time: 11.432s 
                          Learning time: 0.230s 
                        Mean value loss: 2.1236
                    Mean surrogate loss: -0.0032
                      Mean entropy loss: -1.5623
                            Mean reward: 79.99
                    Mean episode length: 226.80
                        Mean action std: 0.14
         Mean episode goal_per_1k_steps: 0.2177
         Mean episode mean_dist_to_ball: 2.4371
               Mean episode goals_total: 219.8333
--------------------------------------------------------------------------------
                         Iteration time: 11.66s
                           Time elapsed: 0:21:47
                                    ETA: 1:12:07

################################################################################
[1m                           Learning iteration 116/500                           [0m 

                               Run name: hierarchical_soccer_coop_hl
                            Total steps: 5750784 
                       Steps per second: 4206 
                        Collection time: 11.455s 
                          Learning time: 0.230s 
                        Mean value loss: 1.9618
                    Mean surrogate loss: -0.0033
                      Mean entropy loss: -1.5766
                            Mean reward: 83.62
                    Mean episode length: 236.36
                        Mean action std: 0.14
         Mean episode goal_per_1k_steps: 0.2563
         Mean episode mean_dist_to_ball: 2.4547
               Mean episode goals_total: 221.7917
--------------------------------------------------------------------------------
                         Iteration time: 11.68s
                           Time elapsed: 0:21:58
                                    ETA: 1:11:57

################################################################################
[1m                           Learning iteration 117/500                           [0m 

                               Run name: hierarchical_soccer_coop_hl
                            Total steps: 5799936 
                       Steps per second: 4227 
                        Collection time: 11.398s 
                          Learning time: 0.230s 
                        Mean value loss: 1.7076
                    Mean surrogate loss: -0.0025
                      Mean entropy loss: -1.6259
                            Mean reward: 80.18
                    Mean episode length: 232.15
                        Mean action std: 0.14
         Mean episode goal_per_1k_steps: 0.1831
         Mean episode mean_dist_to_ball: 2.5210
               Mean episode goals_total: 224.0417
--------------------------------------------------------------------------------
                         Iteration time: 11.63s
                           Time elapsed: 0:22:10
                                    ETA: 1:11:47

################################################################################
[1m                           Learning iteration 118/500                           [0m 

                               Run name: hierarchical_soccer_coop_hl
                            Total steps: 5849088 
                       Steps per second: 4221 
                        Collection time: 11.412s 
                          Learning time: 0.230s 
                        Mean value loss: 2.2736
                    Mean surrogate loss: -0.0008
                      Mean entropy loss: -1.6456
                            Mean reward: 79.97
                    Mean episode length: 232.50
                        Mean action std: 0.14
         Mean episode goal_per_1k_steps: 0.1465
         Mean episode mean_dist_to_ball: 2.5293
               Mean episode goals_total: 225.7083
--------------------------------------------------------------------------------
                         Iteration time: 11.64s
                           Time elapsed: 0:22:22
                                    ETA: 1:11:37

################################################################################
[1m                           Learning iteration 119/500                           [0m 

                               Run name: hierarchical_soccer_coop_hl
                            Total steps: 5898240 
                       Steps per second: 4218 
                        Collection time: 11.422s 
                          Learning time: 0.230s 
                        Mean value loss: 1.8760
                    Mean surrogate loss: -0.0013
                      Mean entropy loss: -1.6835
                            Mean reward: 78.71
                    Mean episode length: 230.22
                        Mean action std: 0.14
         Mean episode goal_per_1k_steps: 0.0875
         Mean episode mean_dist_to_ball: 2.5472
               Mean episode goals_total: 226.8750
--------------------------------------------------------------------------------
                         Iteration time: 11.65s
                           Time elapsed: 0:22:33
                                    ETA: 1:11:27

################################################################################
[1m                           Learning iteration 120/500                           [0m 

                               Run name: hierarchical_soccer_coop_hl
                            Total steps: 5947392 
                       Steps per second: 4215 
                        Collection time: 11.430s 
                          Learning time: 0.230s 
                        Mean value loss: 1.6444
                    Mean surrogate loss: -0.0007
                      Mean entropy loss: -1.7298
                            Mean reward: 82.32
                    Mean episode length: 235.29
                        Mean action std: 0.13
         Mean episode goal_per_1k_steps: 0.0488
         Mean episode mean_dist_to_ball: 2.5930
               Mean episode goals_total: 227.0000
--------------------------------------------------------------------------------
                         Iteration time: 11.66s
                           Time elapsed: 0:22:45
                                    ETA: 1:11:17

################################################################################
[1m                           Learning iteration 121/500                           [0m 

                               Run name: hierarchical_soccer_coop_hl
                            Total steps: 5996544 
                       Steps per second: 4214 
                        Collection time: 11.433s 
                          Learning time: 0.231s 
                        Mean value loss: 2.2467
                    Mean surrogate loss: -0.0003
                      Mean entropy loss: -1.7451
                            Mean reward: 81.99
                    Mean episode length: 234.97
                        Mean action std: 0.14
         Mean episode goal_per_1k_steps: 0.0875
         Mean episode mean_dist_to_ball: 2.6071
               Mean episode goals_total: 227.0000
--------------------------------------------------------------------------------
                         Iteration time: 11.66s
                           Time elapsed: 0:22:57
                                    ETA: 1:11:07

################################################################################
[1m                           Learning iteration 122/500                           [0m 

                               Run name: hierarchical_soccer_coop_hl
                            Total steps: 6045696 
                       Steps per second: 4220 
                        Collection time: 11.416s 
                          Learning time: 0.231s 
                        Mean value loss: 2.3706
                    Mean surrogate loss: 0.0036
                      Mean entropy loss: -1.7686
                            Mean reward: 76.50
                    Mean episode length: 229.10
                        Mean action std: 0.13
         Mean episode goal_per_1k_steps: 0.0977
         Mean episode mean_dist_to_ball: 2.5667
               Mean episode goals_total: 227.0000
--------------------------------------------------------------------------------
                         Iteration time: 11.65s
                           Time elapsed: 0:23:08
                                    ETA: 1:10:56

################################################################################
[1m                           Learning iteration 123/500                           [0m 

                               Run name: hierarchical_soccer_coop_hl
                            Total steps: 6094848 
                       Steps per second: 4226 
                        Collection time: 11.400s 
                          Learning time: 0.230s 
                        Mean value loss: 1.9805
                    Mean surrogate loss: -0.0036
                      Mean entropy loss: -1.7799
                            Mean reward: 83.31
                    Mean episode length: 239.55
                        Mean action std: 0.13
         Mean episode goal_per_1k_steps: 0.0834
         Mean episode mean_dist_to_ball: 2.5260
               Mean episode goals_total: 228.4167
--------------------------------------------------------------------------------
                         Iteration time: 11.63s
                           Time elapsed: 0:23:20
                                    ETA: 1:10:46

################################################################################
[1m                           Learning iteration 124/500                           [0m 

                               Run name: hierarchical_soccer_coop_hl
                            Total steps: 6144000 
                       Steps per second: 4220 
                        Collection time: 11.416s 
                          Learning time: 0.230s 
                        Mean value loss: 2.1418
                    Mean surrogate loss: -0.0013
                      Mean entropy loss: -1.8116
                            Mean reward: 80.45
                    Mean episode length: 231.95
                        Mean action std: 0.13
         Mean episode goal_per_1k_steps: 0.1099
         Mean episode mean_dist_to_ball: 2.5124
               Mean episode goals_total: 229.0417
--------------------------------------------------------------------------------
                         Iteration time: 11.65s
                           Time elapsed: 0:23:32
                                    ETA: 1:10:36

################################################################################
[1m                           Learning iteration 125/500                           [0m 

                               Run name: hierarchical_soccer_coop_hl
                            Total steps: 6193152 
                       Steps per second: 4231 
                        Collection time: 11.386s 
                          Learning time: 0.230s 
                        Mean value loss: 2.2820
                    Mean surrogate loss: -0.0012
                      Mean entropy loss: -1.8595
                            Mean reward: 81.49
                    Mean episode length: 235.88
                        Mean action std: 0.13
         Mean episode goal_per_1k_steps: 0.0183
         Mean episode mean_dist_to_ball: 2.4555
               Mean episode goals_total: 230.0000
--------------------------------------------------------------------------------
                         Iteration time: 11.62s
                           Time elapsed: 0:23:43
                                    ETA: 1:10:26

################################################################################
[1m                           Learning iteration 126/500                           [0m 

                               Run name: hierarchical_soccer_coop_hl
                            Total steps: 6242304 
                       Steps per second: 4212 
                        Collection time: 11.438s 
                          Learning time: 0.230s 
                        Mean value loss: 2.0628
                    Mean surrogate loss: -0.0028
                      Mean entropy loss: -1.9018
                            Mean reward: 82.75
                    Mean episode length: 232.57
                        Mean action std: 0.13
         Mean episode goal_per_1k_steps: 0.0793
         Mean episode mean_dist_to_ball: 2.4215
               Mean episode goals_total: 230.7917
--------------------------------------------------------------------------------
                         Iteration time: 11.67s
                           Time elapsed: 0:23:55
                                    ETA: 1:10:15

################################################################################
[1m                           Learning iteration 127/500                           [0m 

                               Run name: hierarchical_soccer_coop_hl
                            Total steps: 6291456 
                       Steps per second: 4218 
                        Collection time: 11.422s 
                          Learning time: 0.230s 
                        Mean value loss: 2.2348
                    Mean surrogate loss: -0.0025
                      Mean entropy loss: -1.9233
                            Mean reward: 80.20
                    Mean episode length: 225.37
                        Mean action std: 0.13
         Mean episode goal_per_1k_steps: 0.0671
         Mean episode mean_dist_to_ball: 2.4023
               Mean episode goals_total: 231.9583
--------------------------------------------------------------------------------
                         Iteration time: 11.65s
                           Time elapsed: 0:24:07
                                    ETA: 1:10:05

################################################################################
[1m                           Learning iteration 128/500                           [0m 

                               Run name: hierarchical_soccer_coop_hl
                            Total steps: 6340608 
                       Steps per second: 4207 
                        Collection time: 11.452s 
                          Learning time: 0.230s 
                        Mean value loss: 1.6842
                    Mean surrogate loss: -0.0018
                      Mean entropy loss: -1.9925
                            Mean reward: 83.90
                    Mean episode length: 234.51
                        Mean action std: 0.12
         Mean episode goal_per_1k_steps: 0.2767
         Mean episode mean_dist_to_ball: 2.3583
               Mean episode goals_total: 234.0000
--------------------------------------------------------------------------------
                         Iteration time: 11.68s
                           Time elapsed: 0:24:18
                                    ETA: 1:09:55

################################################################################
[1m                           Learning iteration 129/500                           [0m 

                               Run name: hierarchical_soccer_coop_hl
                            Total steps: 6389760 
                       Steps per second: 4204 
                        Collection time: 11.461s 
                          Learning time: 0.230s 
                        Mean value loss: 2.2393
                    Mean surrogate loss: -0.0036
                      Mean entropy loss: -1.9959
                            Mean reward: 82.06
                    Mean episode length: 230.08
                        Mean action std: 0.12
         Mean episode goal_per_1k_steps: 0.2502
         Mean episode mean_dist_to_ball: 2.3538
               Mean episode goals_total: 238.2500
--------------------------------------------------------------------------------
                         Iteration time: 11.69s
                           Time elapsed: 0:24:30
                                    ETA: 1:09:45

################################################################################
[1m                           Learning iteration 130/500                           [0m 

                               Run name: hierarchical_soccer_coop_hl
                            Total steps: 6438912 
                       Steps per second: 4214 
                        Collection time: 11.433s 
                          Learning time: 0.230s 
                        Mean value loss: 2.7705
                    Mean surrogate loss: -0.0020
                      Mean entropy loss: -2.0152
                            Mean reward: 83.95
                    Mean episode length: 223.67
                        Mean action std: 0.12
         Mean episode goal_per_1k_steps: 0.2014
         Mean episode mean_dist_to_ball: 2.3302
               Mean episode goals_total: 240.0000
--------------------------------------------------------------------------------
                         Iteration time: 11.66s
                           Time elapsed: 0:24:42
                                    ETA: 1:09:34

################################################################################
[1m                           Learning iteration 131/500                           [0m 

                               Run name: hierarchical_soccer_coop_hl
                            Total steps: 6488064 
                       Steps per second: 4206 
                        Collection time: 11.456s 
                          Learning time: 0.229s 
                        Mean value loss: 3.0093
                    Mean surrogate loss: -0.0034
                      Mean entropy loss: -2.0090
                            Mean reward: 80.41
                    Mean episode length: 217.37
                        Mean action std: 0.12
         Mean episode goal_per_1k_steps: 0.2706
         Mean episode mean_dist_to_ball: 2.3375
               Mean episode goals_total: 240.3750
--------------------------------------------------------------------------------
                         Iteration time: 11.69s
                           Time elapsed: 0:24:53
                                    ETA: 1:09:24

################################################################################
[1m                           Learning iteration 132/500                           [0m 

                               Run name: hierarchical_soccer_coop_hl
                            Total steps: 6537216 
                       Steps per second: 4208 
                        Collection time: 11.448s 
                          Learning time: 0.231s 
                        Mean value loss: 2.7814
                    Mean surrogate loss: -0.0027
                      Mean entropy loss: -2.0145
                            Mean reward: 84.50
                    Mean episode length: 231.46
                        Mean action std: 0.12
         Mean episode goal_per_1k_steps: 0.3520
         Mean episode mean_dist_to_ball: 2.3536
               Mean episode goals_total: 243.0417
--------------------------------------------------------------------------------
                         Iteration time: 11.68s
                           Time elapsed: 0:25:05
                                    ETA: 1:09:14

################################################################################
[1m                           Learning iteration 133/500                           [0m 

                               Run name: hierarchical_soccer_coop_hl
                            Total steps: 6586368 
                       Steps per second: 4216 
                        Collection time: 11.427s 
                          Learning time: 0.230s 
                        Mean value loss: 2.5273
                    Mean surrogate loss: -0.0032
                      Mean entropy loss: -2.0629
                            Mean reward: 81.68
                    Mean episode length: 224.54
                        Mean action std: 0.12
         Mean episode goal_per_1k_steps: 0.2177
         Mean episode mean_dist_to_ball: 2.3204
               Mean episode goals_total: 244.7083
--------------------------------------------------------------------------------
                         Iteration time: 11.66s
                           Time elapsed: 0:25:17
                                    ETA: 1:09:03

################################################################################
[1m                           Learning iteration 134/500                           [0m 

                               Run name: hierarchical_soccer_coop_hl
                            Total steps: 6635520 
                       Steps per second: 4216 
                        Collection time: 11.427s 
                          Learning time: 0.231s 
                        Mean value loss: 1.7903
                    Mean surrogate loss: 0.0026
                      Mean entropy loss: -2.0615
                            Mean reward: 85.46
                    Mean episode length: 231.91
                        Mean action std: 0.12
         Mean episode goal_per_1k_steps: 0.2889
         Mean episode mean_dist_to_ball: 2.3173
               Mean episode goals_total: 245.9167
--------------------------------------------------------------------------------
                         Iteration time: 11.66s
                           Time elapsed: 0:25:28
                                    ETA: 1:08:53

################################################################################
[1m                           Learning iteration 135/500                           [0m 

                               Run name: hierarchical_soccer_coop_hl
                            Total steps: 6684672 
                       Steps per second: 4219 
                        Collection time: 11.420s 
                          Learning time: 0.230s 
                        Mean value loss: 2.1776
                    Mean surrogate loss: -0.0035
                      Mean entropy loss: -2.0910
                            Mean reward: 85.31
                    Mean episode length: 229.46
                        Mean action std: 0.12
         Mean episode goal_per_1k_steps: 0.2950
         Mean episode mean_dist_to_ball: 2.3244
               Mean episode goals_total: 249.7083
--------------------------------------------------------------------------------
                         Iteration time: 11.65s
                           Time elapsed: 0:25:40
                                    ETA: 1:08:42

################################################################################
[1m                           Learning iteration 136/500                           [0m 

                               Run name: hierarchical_soccer_coop_hl
                            Total steps: 6733824 
                       Steps per second: 4209 
                        Collection time: 11.447s 
                          Learning time: 0.230s 
                        Mean value loss: 2.5037
                    Mean surrogate loss: -0.0020
                      Mean entropy loss: -2.1526
                            Mean reward: 84.93
                    Mean episode length: 230.63
                        Mean action std: 0.12
         Mean episode goal_per_1k_steps: 0.2584
         Mean episode mean_dist_to_ball: 2.3065
               Mean episode goals_total: 253.5833
--------------------------------------------------------------------------------
                         Iteration time: 11.68s
                           Time elapsed: 0:25:52
                                    ETA: 1:08:32

################################################################################
[1m                           Learning iteration 137/500                           [0m 

                               Run name: hierarchical_soccer_coop_hl
                            Total steps: 6782976 
                       Steps per second: 4213 
                        Collection time: 11.434s 
                          Learning time: 0.231s 
                        Mean value loss: 2.5498
                    Mean surrogate loss: -0.0035
                      Mean entropy loss: -2.2006
                            Mean reward: 84.65
                    Mean episode length: 223.60
                        Mean action std: 0.12
         Mean episode goal_per_1k_steps: 0.2258
         Mean episode mean_dist_to_ball: 2.2860
               Mean episode goals_total: 254.7917
--------------------------------------------------------------------------------
                         Iteration time: 11.66s
                           Time elapsed: 0:26:03
                                    ETA: 1:08:22

################################################################################
[1m                           Learning iteration 138/500                           [0m 

                               Run name: hierarchical_soccer_coop_hl
                            Total steps: 6832128 
                       Steps per second: 4227 
                        Collection time: 11.396s 
                          Learning time: 0.230s 
                        Mean value loss: 2.4883
                    Mean surrogate loss: -0.0026
                      Mean entropy loss: -2.2310
                            Mean reward: 83.22
                    Mean episode length: 227.66
                        Mean action std: 0.11
         Mean episode goal_per_1k_steps: 0.2930
         Mean episode mean_dist_to_ball: 2.2955
               Mean episode goals_total: 258.7083
--------------------------------------------------------------------------------
                         Iteration time: 11.63s
                           Time elapsed: 0:26:15
                                    ETA: 1:08:11

################################################################################
[1m                           Learning iteration 139/500                           [0m 

                               Run name: hierarchical_soccer_coop_hl
                            Total steps: 6881280 
                       Steps per second: 4226 
                        Collection time: 11.402s 
                          Learning time: 0.227s 
                        Mean value loss: 2.0396
                    Mean surrogate loss: -0.0015
                      Mean entropy loss: -2.2538
                            Mean reward: 85.21
                    Mean episode length: 234.52
                        Mean action std: 0.11
         Mean episode goal_per_1k_steps: 0.2889
         Mean episode mean_dist_to_ball: 2.3316
               Mean episode goals_total: 261.7917
--------------------------------------------------------------------------------
                         Iteration time: 11.63s
                           Time elapsed: 0:26:27
                                    ETA: 1:08:00

################################################################################
[1m                           Learning iteration 140/500                           [0m 

                               Run name: hierarchical_soccer_coop_hl
                            Total steps: 6930432 
                       Steps per second: 4220 
                        Collection time: 11.415s 
                          Learning time: 0.230s 
                        Mean value loss: 2.7599
                    Mean surrogate loss: -0.0031
                      Mean entropy loss: -2.2703
                            Mean reward: 82.06
                    Mean episode length: 234.88
                        Mean action std: 0.11
         Mean episode goal_per_1k_steps: 0.2462
         Mean episode mean_dist_to_ball: 2.2734
               Mean episode goals_total: 264.4583
--------------------------------------------------------------------------------
                         Iteration time: 11.65s
                           Time elapsed: 0:26:38
                                    ETA: 1:07:50

################################################################################
[1m                           Learning iteration 141/500                           [0m 

                               Run name: hierarchical_soccer_coop_hl
                            Total steps: 6979584 
                       Steps per second: 4223 
                        Collection time: 11.409s 
                          Learning time: 0.230s 
                        Mean value loss: 2.0653
                    Mean surrogate loss: -0.0021
                      Mean entropy loss: -2.2957
                            Mean reward: 85.36
                    Mean episode length: 237.59
                        Mean action std: 0.11
         Mean episode goal_per_1k_steps: 0.0692
         Mean episode mean_dist_to_ball: 2.2087
               Mean episode goals_total: 266.3750
--------------------------------------------------------------------------------
                         Iteration time: 11.64s
                           Time elapsed: 0:26:50
                                    ETA: 1:07:39

################################################################################
[1m                           Learning iteration 142/500                           [0m 

                               Run name: hierarchical_soccer_coop_hl
                            Total steps: 7028736 
                       Steps per second: 4209 
                        Collection time: 11.446s 
                          Learning time: 0.230s 
                        Mean value loss: 2.3944
                    Mean surrogate loss: -0.0033
                      Mean entropy loss: -2.3063
                            Mean reward: 80.46
                    Mean episode length: 222.82
                        Mean action std: 0.11
         Mean episode goal_per_1k_steps: 0.1221
         Mean episode mean_dist_to_ball: 2.2114
               Mean episode goals_total: 267.0000
--------------------------------------------------------------------------------
                         Iteration time: 11.68s
                           Time elapsed: 0:27:01
                                    ETA: 1:07:29

################################################################################
[1m                           Learning iteration 143/500                           [0m 

                               Run name: hierarchical_soccer_coop_hl
                            Total steps: 7077888 
                       Steps per second: 4207 
                        Collection time: 11.451s 
                          Learning time: 0.230s 
                        Mean value loss: 2.3269
                    Mean surrogate loss: -0.0029
                      Mean entropy loss: -2.3263
                            Mean reward: 84.81
                    Mean episode length: 231.54
                        Mean action std: 0.11
         Mean episode goal_per_1k_steps: 0.2421
         Mean episode mean_dist_to_ball: 2.1967
               Mean episode goals_total: 268.4167
--------------------------------------------------------------------------------
                         Iteration time: 11.68s
                           Time elapsed: 0:27:13
                                    ETA: 1:07:18

################################################################################
[1m                           Learning iteration 144/500                           [0m 

                               Run name: hierarchical_soccer_coop_hl
                            Total steps: 7127040 
                       Steps per second: 4214 
                        Collection time: 11.434s 
                          Learning time: 0.229s 
                        Mean value loss: 2.0038
                    Mean surrogate loss: 0.0005
                      Mean entropy loss: -2.3603
                            Mean reward: 86.05
                    Mean episode length: 234.31
                        Mean action std: 0.11
         Mean episode goal_per_1k_steps: 0.1973
         Mean episode mean_dist_to_ball: 2.1668
               Mean episode goals_total: 269.4583
--------------------------------------------------------------------------------
                         Iteration time: 11.66s
                           Time elapsed: 0:27:25
                                    ETA: 1:07:08

################################################################################
[1m                           Learning iteration 145/500                           [0m 

                               Run name: hierarchical_soccer_coop_hl
                            Total steps: 7176192 
                       Steps per second: 4220 
                        Collection time: 11.415s 
                          Learning time: 0.230s 
                        Mean value loss: 1.5478
                    Mean surrogate loss: -0.0017
                      Mean entropy loss: -2.3984
                            Mean reward: 84.80
                    Mean episode length: 239.77
                        Mean action std: 0.11
         Mean episode goal_per_1k_steps: 0.1729
         Mean episode mean_dist_to_ball: 2.1090
               Mean episode goals_total: 270.0000
--------------------------------------------------------------------------------
                         Iteration time: 11.65s
                           Time elapsed: 0:27:36
                                    ETA: 1:06:57

################################################################################
[1m                           Learning iteration 146/500                           [0m 

                               Run name: hierarchical_soccer_coop_hl
                            Total steps: 7225344 
                       Steps per second: 4203 
                        Collection time: 11.462s 
                          Learning time: 0.231s 
                        Mean value loss: 1.6912
                    Mean surrogate loss: -0.0015
                      Mean entropy loss: -2.3935
                            Mean reward: 87.40
                    Mean episode length: 236.02
                        Mean action std: 0.11
         Mean episode goal_per_1k_steps: 0.0997
         Mean episode mean_dist_to_ball: 2.1003
               Mean episode goals_total: 270.7917
--------------------------------------------------------------------------------
                         Iteration time: 11.69s
                           Time elapsed: 0:27:48
                                    ETA: 1:06:47

################################################################################
[1m                           Learning iteration 147/500                           [0m 

                               Run name: hierarchical_soccer_coop_hl
                            Total steps: 7274496 
                       Steps per second: 4212 
                        Collection time: 11.439s 
                          Learning time: 0.231s 
                        Mean value loss: 1.9962
                    Mean surrogate loss: -0.0024
                      Mean entropy loss: -2.4551
                            Mean reward: 84.40
                    Mean episode length: 231.00
                        Mean action std: 0.11
         Mean episode goal_per_1k_steps: 0.2441
         Mean episode mean_dist_to_ball: 2.1298
               Mean episode goals_total: 273.5833
--------------------------------------------------------------------------------
                         Iteration time: 11.67s
                           Time elapsed: 0:28:00
                                    ETA: 1:06:36

################################################################################
[1m                           Learning iteration 148/500                           [0m 

                               Run name: hierarchical_soccer_coop_hl
                            Total steps: 7323648 
                       Steps per second: 4214 
                        Collection time: 11.432s 
                          Learning time: 0.231s 
                        Mean value loss: 2.5442
                    Mean surrogate loss: -0.0030
                      Mean entropy loss: -2.4349
                            Mean reward: 81.76
                    Mean episode length: 226.41
                        Mean action std: 0.11
         Mean episode goal_per_1k_steps: 0.0977
         Mean episode mean_dist_to_ball: 2.1570
               Mean episode goals_total: 275.0000
--------------------------------------------------------------------------------
                         Iteration time: 11.66s
                           Time elapsed: 0:28:12
                                    ETA: 1:06:25

################################################################################
[1m                           Learning iteration 149/500                           [0m 

                               Run name: hierarchical_soccer_coop_hl
                            Total steps: 7372800 
                       Steps per second: 4215 
                        Collection time: 11.431s 
                          Learning time: 0.228s 
                        Mean value loss: 2.0632
                    Mean surrogate loss: -0.0030
                      Mean entropy loss: -2.4442
                            Mean reward: 82.46
                    Mean episode length: 227.03
                        Mean action std: 0.11
         Mean episode goal_per_1k_steps: 0.1933
         Mean episode mean_dist_to_ball: 2.1697
               Mean episode goals_total: 275.0417
--------------------------------------------------------------------------------
                         Iteration time: 11.66s
                           Time elapsed: 0:28:23
                                    ETA: 1:06:15

################################################################################
[1m                           Learning iteration 150/500                           [0m 

                               Run name: hierarchical_soccer_coop_hl
                            Total steps: 7421952 
                       Steps per second: 4212 
                        Collection time: 11.440s 
                          Learning time: 0.228s 
                        Mean value loss: 1.2865
                    Mean surrogate loss: -0.0021
                      Mean entropy loss: -2.5148
                            Mean reward: 86.93
                    Mean episode length: 234.23
                        Mean action std: 0.11
         Mean episode goal_per_1k_steps: 0.0773
         Mean episode mean_dist_to_ball: 2.1703
               Mean episode goals_total: 276.2083
--------------------------------------------------------------------------------
                         Iteration time: 11.67s
                           Time elapsed: 0:28:35
                                    ETA: 1:06:04

################################################################################
[1m                           Learning iteration 151/500                           [0m 

                               Run name: hierarchical_soccer_coop_hl
                            Total steps: 7471104 
                       Steps per second: 4215 
                        Collection time: 11.432s 
                          Learning time: 0.228s 
                        Mean value loss: 1.5375
                    Mean surrogate loss: -0.0027
                      Mean entropy loss: -2.5418
                            Mean reward: 88.86
                    Mean episode length: 232.66
                        Mean action std: 0.10
         Mean episode goal_per_1k_steps: 0.1587
         Mean episode mean_dist_to_ball: 2.1900
               Mean episode goals_total: 277.0000
--------------------------------------------------------------------------------
                         Iteration time: 11.66s
                           Time elapsed: 0:28:46
                                    ETA: 1:05:53

################################################################################
[1m                           Learning iteration 152/500                           [0m 

                               Run name: hierarchical_soccer_coop_hl
                            Total steps: 7520256 
                       Steps per second: 4204 
                        Collection time: 11.464s 
                          Learning time: 0.228s 
                        Mean value loss: 1.6162
                    Mean surrogate loss: -0.0024
                      Mean entropy loss: -2.5732
                            Mean reward: 83.85
                    Mean episode length: 231.37
                        Mean action std: 0.10
         Mean episode goal_per_1k_steps: 0.2930
         Mean episode mean_dist_to_ball: 2.2104
               Mean episode goals_total: 278.6250
--------------------------------------------------------------------------------
                         Iteration time: 11.69s
                           Time elapsed: 0:28:58
                                    ETA: 1:05:43

################################################################################
[1m                           Learning iteration 153/500                           [0m 

                               Run name: hierarchical_soccer_coop_hl
                            Total steps: 7569408 
                       Steps per second: 4210 
                        Collection time: 11.448s 
                          Learning time: 0.227s 
                        Mean value loss: 3.0244
                    Mean surrogate loss: -0.0021
                      Mean entropy loss: -2.6049
                            Mean reward: 82.25
                    Mean episode length: 224.58
                        Mean action std: 0.10
         Mean episode goal_per_1k_steps: 0.1343
         Mean episode mean_dist_to_ball: 2.2180
               Mean episode goals_total: 280.0000
--------------------------------------------------------------------------------
                         Iteration time: 11.68s
                           Time elapsed: 0:29:10
                                    ETA: 1:05:32

################################################################################
[1m                           Learning iteration 154/500                           [0m 

                               Run name: hierarchical_soccer_coop_hl
                            Total steps: 7618560 
                       Steps per second: 4209 
                        Collection time: 11.448s 
                          Learning time: 0.227s 
                        Mean value loss: 1.4639
                    Mean surrogate loss: -0.0028
                      Mean entropy loss: -2.6358
                            Mean reward: 87.82
                    Mean episode length: 232.66
                        Mean action std: 0.10
         Mean episode goal_per_1k_steps: 0.2177
         Mean episode mean_dist_to_ball: 2.2170
               Mean episode goals_total: 280.4583
--------------------------------------------------------------------------------
                         Iteration time: 11.68s
                           Time elapsed: 0:29:22
                                    ETA: 1:05:21

################################################################################
[1m                           Learning iteration 155/500                           [0m 

                               Run name: hierarchical_soccer_coop_hl
                            Total steps: 7667712 
                       Steps per second: 4220 
                        Collection time: 11.417s 
                          Learning time: 0.230s 
                        Mean value loss: 1.8951
                    Mean surrogate loss: -0.0021
                      Mean entropy loss: -2.6346
                            Mean reward: 86.02
                    Mean episode length: 235.27
                        Mean action std: 0.10
         Mean episode goal_per_1k_steps: 0.1729
         Mean episode mean_dist_to_ball: 2.2234
               Mean episode goals_total: 281.2083
--------------------------------------------------------------------------------
                         Iteration time: 11.65s
                           Time elapsed: 0:29:33
                                    ETA: 1:05:11

################################################################################
[1m                           Learning iteration 156/500                           [0m 

                               Run name: hierarchical_soccer_coop_hl
                            Total steps: 7716864 
                       Steps per second: 4222 
                        Collection time: 11.411s 
                          Learning time: 0.230s 
                        Mean value loss: 1.9340
                    Mean surrogate loss: -0.0018
                      Mean entropy loss: -2.6544
                            Mean reward: 82.78
                    Mean episode length: 234.81
                        Mean action std: 0.10
         Mean episode goal_per_1k_steps: 0.1160
         Mean episode mean_dist_to_ball: 2.1734
               Mean episode goals_total: 282.0000
--------------------------------------------------------------------------------
                         Iteration time: 11.64s
                           Time elapsed: 0:29:45
                                    ETA: 1:05:00

################################################################################
[1m                           Learning iteration 157/500                           [0m 

                               Run name: hierarchical_soccer_coop_hl
                            Total steps: 7766016 
                       Steps per second: 4225 
                        Collection time: 11.401s 
                          Learning time: 0.230s 
                        Mean value loss: 1.9404
                    Mean surrogate loss: -0.0017
                      Mean entropy loss: -2.6879
                            Mean reward: 82.19
                    Mean episode length: 226.84
                        Mean action std: 0.10
         Mean episode goal_per_1k_steps: 0.0793
         Mean episode mean_dist_to_ball: 2.1445
               Mean episode goals_total: 282.6667
--------------------------------------------------------------------------------
                         Iteration time: 11.63s
                           Time elapsed: 0:29:56
                                    ETA: 1:04:49

################################################################################
[1m                           Learning iteration 158/500                           [0m 

                               Run name: hierarchical_soccer_coop_hl
                            Total steps: 7815168 
                       Steps per second: 4224 
                        Collection time: 11.403s 
                          Learning time: 0.230s 
                        Mean value loss: 1.6998
                    Mean surrogate loss: -0.0025
                      Mean entropy loss: -2.6831
                            Mean reward: 85.56
                    Mean episode length: 229.02
                        Mean action std: 0.10
         Mean episode goal_per_1k_steps: 0.1180
         Mean episode mean_dist_to_ball: 2.1087
               Mean episode goals_total: 284.7083
--------------------------------------------------------------------------------
                         Iteration time: 11.63s
                           Time elapsed: 0:30:08
                                    ETA: 1:04:38

################################################################################
[1m                           Learning iteration 159/500                           [0m 

                               Run name: hierarchical_soccer_coop_hl
                            Total steps: 7864320 
                       Steps per second: 4213 
                        Collection time: 11.434s 
                          Learning time: 0.230s 
                        Mean value loss: 1.8307
                    Mean surrogate loss: -0.0040
                      Mean entropy loss: -2.6748
                            Mean reward: 86.63
                    Mean episode length: 227.04
                        Mean action std: 0.10
         Mean episode goal_per_1k_steps: 0.1017
         Mean episode mean_dist_to_ball: 2.1333
               Mean episode goals_total: 285.8750
--------------------------------------------------------------------------------
                         Iteration time: 11.66s
                           Time elapsed: 0:30:20
                                    ETA: 1:04:28

################################################################################
[1m                           Learning iteration 160/500                           [0m 

                               Run name: hierarchical_soccer_coop_hl
                            Total steps: 7913472 
                       Steps per second: 4221 
                        Collection time: 11.413s 
                          Learning time: 0.231s 
                        Mean value loss: 1.5218
                    Mean surrogate loss: -0.0030
                      Mean entropy loss: -2.7214
                            Mean reward: 87.25
                    Mean episode length: 235.69
                        Mean action std: 0.10
         Mean episode goal_per_1k_steps: 0.1343
         Mean episode mean_dist_to_ball: 2.1720
               Mean episode goals_total: 286.0000
--------------------------------------------------------------------------------
                         Iteration time: 11.64s
                           Time elapsed: 0:30:31
                                    ETA: 1:04:17

################################################################################
[1m                           Learning iteration 161/500                           [0m 

                               Run name: hierarchical_soccer_coop_hl
                            Total steps: 7962624 
                       Steps per second: 4227 
                        Collection time: 11.397s 
                          Learning time: 0.230s 
                        Mean value loss: 1.3036
                    Mean surrogate loss: -0.0030
                      Mean entropy loss: -2.7106
                            Mean reward: 88.61
                    Mean episode length: 236.69
                        Mean action std: 0.10
         Mean episode goal_per_1k_steps: 0.1180
         Mean episode mean_dist_to_ball: 2.1687
               Mean episode goals_total: 287.9583
--------------------------------------------------------------------------------
                         Iteration time: 11.63s
                           Time elapsed: 0:30:43
                                    ETA: 1:04:06

################################################################################
[1m                           Learning iteration 162/500                           [0m 

                               Run name: hierarchical_soccer_coop_hl
                            Total steps: 8011776 
                       Steps per second: 4210 
                        Collection time: 11.444s 
                          Learning time: 0.231s 
                        Mean value loss: 1.9310
                    Mean surrogate loss: -0.0024
                      Mean entropy loss: -2.7515
                            Mean reward: 87.97
                    Mean episode length: 238.59
                        Mean action std: 0.10
         Mean episode goal_per_1k_steps: 0.1587
         Mean episode mean_dist_to_ball: 2.1847
               Mean episode goals_total: 289.9583
--------------------------------------------------------------------------------
                         Iteration time: 11.67s
                           Time elapsed: 0:30:55
                                    ETA: 1:03:55

################################################################################
[1m                           Learning iteration 163/500                           [0m 

                               Run name: hierarchical_soccer_coop_hl
                            Total steps: 8060928 
                       Steps per second: 4206 
                        Collection time: 11.454s 
                          Learning time: 0.230s 
                        Mean value loss: 1.7797
                    Mean surrogate loss: -0.0028
                      Mean entropy loss: -2.7561
                            Mean reward: 86.08
                    Mean episode length: 238.40
                        Mean action std: 0.10
         Mean episode goal_per_1k_steps: 0.1811
         Mean episode mean_dist_to_ball: 2.2322
               Mean episode goals_total: 290.0000
--------------------------------------------------------------------------------
                         Iteration time: 11.68s
                           Time elapsed: 0:31:06
                                    ETA: 1:03:44

################################################################################
[1m                           Learning iteration 164/500                           [0m 

                               Run name: hierarchical_soccer_coop_hl
                            Total steps: 8110080 
                       Steps per second: 4217 
                        Collection time: 11.424s 
                          Learning time: 0.230s 
                        Mean value loss: 1.6717
                    Mean surrogate loss: -0.0017
                      Mean entropy loss: -2.8039
                            Mean reward: 88.99
                    Mean episode length: 231.40
                        Mean action std: 0.09
         Mean episode goal_per_1k_steps: 0.2035
         Mean episode mean_dist_to_ball: 2.2468
               Mean episode goals_total: 290.0417
--------------------------------------------------------------------------------
                         Iteration time: 11.65s
                           Time elapsed: 0:31:18
                                    ETA: 1:03:33

################################################################################
[1m                           Learning iteration 165/500                           [0m 

                               Run name: hierarchical_soccer_coop_hl
                            Total steps: 8159232 
                       Steps per second: 4227 
                        Collection time: 11.398s 
                          Learning time: 0.230s 
                        Mean value loss: 2.0470
                    Mean surrogate loss: -0.0006
                      Mean entropy loss: -2.8127
                            Mean reward: 83.77
                    Mean episode length: 230.97
                        Mean action std: 0.10
         Mean episode goal_per_1k_steps: 0.2645
         Mean episode mean_dist_to_ball: 2.2313
               Mean episode goals_total: 291.0000
--------------------------------------------------------------------------------
                         Iteration time: 11.63s
                           Time elapsed: 0:31:30
                                    ETA: 1:03:23

################################################################################
[1m                           Learning iteration 166/500                           [0m 

                               Run name: hierarchical_soccer_coop_hl
                            Total steps: 8208384 
                       Steps per second: 4232 
                        Collection time: 11.382s 
                          Learning time: 0.230s 
                        Mean value loss: 2.0329
                    Mean surrogate loss: -0.0035
                      Mean entropy loss: -2.8137
                            Mean reward: 87.12
                    Mean episode length: 237.89
                        Mean action std: 0.10
         Mean episode goal_per_1k_steps: 0.1302
         Mean episode mean_dist_to_ball: 2.2032
               Mean episode goals_total: 291.0000
--------------------------------------------------------------------------------
                         Iteration time: 11.61s
                           Time elapsed: 0:31:41
                                    ETA: 1:03:12

################################################################################
[1m                           Learning iteration 167/500                           [0m 

                               Run name: hierarchical_soccer_coop_hl
                            Total steps: 8257536 
                       Steps per second: 4215 
                        Collection time: 11.429s 
                          Learning time: 0.230s 
                        Mean value loss: 2.1193
                    Mean surrogate loss: -0.0027
                      Mean entropy loss: -2.8234
                            Mean reward: 86.61
                    Mean episode length: 232.20
                        Mean action std: 0.09
         Mean episode goal_per_1k_steps: 0.1017
         Mean episode mean_dist_to_ball: 2.1964
               Mean episode goals_total: 292.3333
--------------------------------------------------------------------------------
                         Iteration time: 11.66s
                           Time elapsed: 0:31:53
                                    ETA: 1:03:01

################################################################################
[1m                           Learning iteration 168/500                           [0m 

                               Run name: hierarchical_soccer_coop_hl
                            Total steps: 8306688 
                       Steps per second: 4229 
                        Collection time: 11.390s 
                          Learning time: 0.230s 
                        Mean value loss: 2.0289
                    Mean surrogate loss: -0.0024
                      Mean entropy loss: -2.8238
                            Mean reward: 85.76
                    Mean episode length: 234.08
                        Mean action std: 0.09
         Mean episode goal_per_1k_steps: 0.0773
         Mean episode mean_dist_to_ball: 2.2042
               Mean episode goals_total: 295.0000
--------------------------------------------------------------------------------
                         Iteration time: 11.62s
                           Time elapsed: 0:32:05
                                    ETA: 1:02:50

################################################################################
[1m                           Learning iteration 169/500                           [0m 

                               Run name: hierarchical_soccer_coop_hl
                            Total steps: 8355840 
                       Steps per second: 4220 
                        Collection time: 11.415s 
                          Learning time: 0.230s 
                        Mean value loss: 2.2344
                    Mean surrogate loss: -0.0014
                      Mean entropy loss: -2.8375
                            Mean reward: 87.10
                    Mean episode length: 231.46
                        Mean action std: 0.10
         Mean episode goal_per_1k_steps: 0.1973
         Mean episode mean_dist_to_ball: 2.2342
               Mean episode goals_total: 297.3333
--------------------------------------------------------------------------------
                         Iteration time: 11.64s
                           Time elapsed: 0:32:16
                                    ETA: 1:02:39

################################################################################
[1m                           Learning iteration 170/500                           [0m 

                               Run name: hierarchical_soccer_coop_hl
                            Total steps: 8404992 
                       Steps per second: 4227 
                        Collection time: 11.398s 
                          Learning time: 0.230s 
                        Mean value loss: 2.3169
                    Mean surrogate loss: -0.0031
                      Mean entropy loss: -2.8112
                            Mean reward: 84.71
                    Mean episode length: 231.27
                        Mean action std: 0.10
         Mean episode goal_per_1k_steps: 0.1546
         Mean episode mean_dist_to_ball: 2.2458
               Mean episode goals_total: 301.0000
--------------------------------------------------------------------------------
                         Iteration time: 11.63s
                           Time elapsed: 0:32:28
                                    ETA: 1:02:28

################################################################################
[1m                           Learning iteration 171/500                           [0m 

                               Run name: hierarchical_soccer_coop_hl
                            Total steps: 8454144 
                       Steps per second: 4219 
                        Collection time: 11.418s 
                          Learning time: 0.230s 
                        Mean value loss: 2.5294
                    Mean surrogate loss: 0.0008
                      Mean entropy loss: -2.7942
                            Mean reward: 82.81
                    Mean episode length: 228.04
                        Mean action std: 0.10
         Mean episode goal_per_1k_steps: 0.1363
         Mean episode mean_dist_to_ball: 2.2343
               Mean episode goals_total: 301.7917
--------------------------------------------------------------------------------
                         Iteration time: 11.65s
                           Time elapsed: 0:32:39
                                    ETA: 1:02:17

################################################################################
[1m                           Learning iteration 172/500                           [0m 

                               Run name: hierarchical_soccer_coop_hl
                            Total steps: 8503296 
                       Steps per second: 4224 
                        Collection time: 11.404s 
                          Learning time: 0.230s 
                        Mean value loss: 2.9343
                    Mean surrogate loss: -0.0034
                      Mean entropy loss: -2.7859
                            Mean reward: 83.81
                    Mean episode length: 225.20
                        Mean action std: 0.10
         Mean episode goal_per_1k_steps: 0.3072
         Mean episode mean_dist_to_ball: 2.1749
               Mean episode goals_total: 305.2500
--------------------------------------------------------------------------------
                         Iteration time: 11.63s
                           Time elapsed: 0:32:51
                                    ETA: 1:02:06

################################################################################
[1m                           Learning iteration 173/500                           [0m 

                               Run name: hierarchical_soccer_coop_hl
                            Total steps: 8552448 
                       Steps per second: 4210 
                        Collection time: 11.446s 
                          Learning time: 0.228s 
                        Mean value loss: 2.3815
                    Mean surrogate loss: -0.0024
                      Mean entropy loss: -2.7767
                            Mean reward: 88.64
                    Mean episode length: 234.04
                        Mean action std: 0.10
         Mean episode goal_per_1k_steps: 0.3845
         Mean episode mean_dist_to_ball: 2.1728
               Mean episode goals_total: 309.8750
--------------------------------------------------------------------------------
                         Iteration time: 11.67s
                           Time elapsed: 0:33:03
                                    ETA: 1:01:55

################################################################################
[1m                           Learning iteration 174/500                           [0m 

                               Run name: hierarchical_soccer_coop_hl
                            Total steps: 8601600 
                       Steps per second: 4226 
                        Collection time: 11.400s 
                          Learning time: 0.229s 
                        Mean value loss: 1.9462
                    Mean surrogate loss: -0.0022
                      Mean entropy loss: -2.7943
                            Mean reward: 85.74
                    Mean episode length: 232.28
                        Mean action std: 0.10
         Mean episode goal_per_1k_steps: 0.3357
         Mean episode mean_dist_to_ball: 2.1984
               Mean episode goals_total: 314.3750
--------------------------------------------------------------------------------
                         Iteration time: 11.63s
                           Time elapsed: 0:33:14
                                    ETA: 1:01:44

################################################################################
[1m                           Learning iteration 175/500                           [0m 

                               Run name: hierarchical_soccer_coop_hl
                            Total steps: 8650752 
                       Steps per second: 4215 
                        Collection time: 11.433s 
                          Learning time: 0.228s 
                        Mean value loss: 2.2337
                    Mean surrogate loss: -0.0015
                      Mean entropy loss: -2.7823
                            Mean reward: 87.56
                    Mean episode length: 224.74
                        Mean action std: 0.10
         Mean episode goal_per_1k_steps: 0.3011
         Mean episode mean_dist_to_ball: 2.2261
               Mean episode goals_total: 317.4583
--------------------------------------------------------------------------------
                         Iteration time: 11.66s
                           Time elapsed: 0:33:26
                                    ETA: 1:01:33

################################################################################
[1m                           Learning iteration 176/500                           [0m 

                               Run name: hierarchical_soccer_coop_hl
                            Total steps: 8699904 
                       Steps per second: 4220 
                        Collection time: 11.419s 
                          Learning time: 0.228s 
                        Mean value loss: 2.5346
                    Mean surrogate loss: -0.0035
                      Mean entropy loss: -2.7929
                            Mean reward: 83.66
                    Mean episode length: 220.64
                        Mean action std: 0.10
         Mean episode goal_per_1k_steps: 0.3479
         Mean episode mean_dist_to_ball: 2.2591
               Mean episode goals_total: 319.7500
--------------------------------------------------------------------------------
                         Iteration time: 11.65s
                           Time elapsed: 0:33:38
                                    ETA: 1:01:22

################################################################################
[1m                           Learning iteration 177/500                           [0m 

                               Run name: hierarchical_soccer_coop_hl
                            Total steps: 8749056 
                       Steps per second: 4208 
                        Collection time: 11.452s 
                          Learning time: 0.228s 
                        Mean value loss: 3.8575
                    Mean surrogate loss: -0.0014
                      Mean entropy loss: -2.7705
                            Mean reward: 81.61
                    Mean episode length: 222.55
                        Mean action std: 0.10
         Mean episode goal_per_1k_steps: 0.4211
         Mean episode mean_dist_to_ball: 2.2919
               Mean episode goals_total: 322.8750
--------------------------------------------------------------------------------
                         Iteration time: 11.68s
                           Time elapsed: 0:33:49
                                    ETA: 1:01:12

################################################################################
[1m                           Learning iteration 178/500                           [0m 

                               Run name: hierarchical_soccer_coop_hl
                            Total steps: 8798208 
                       Steps per second: 4217 
                        Collection time: 11.428s 
                          Learning time: 0.228s 
                        Mean value loss: 2.1808
                    Mean surrogate loss: -0.0022
                      Mean entropy loss: -2.8076
                            Mean reward: 86.00
                    Mean episode length: 223.74
                        Mean action std: 0.10
         Mean episode goal_per_1k_steps: 0.3682
         Mean episode mean_dist_to_ball: 2.2851
               Mean episode goals_total: 327.7083
--------------------------------------------------------------------------------
                         Iteration time: 11.66s
                           Time elapsed: 0:34:01
                                    ETA: 1:01:01

################################################################################
[1m                           Learning iteration 179/500                           [0m 

                               Run name: hierarchical_soccer_coop_hl
                            Total steps: 8847360 
                       Steps per second: 4219 
                        Collection time: 11.423s 
                          Learning time: 0.227s 
                        Mean value loss: 2.5487
                    Mean surrogate loss: -0.0020
                      Mean entropy loss: -2.8202
                            Mean reward: 86.30
                    Mean episode length: 223.42
                        Mean action std: 0.09
         Mean episode goal_per_1k_steps: 0.3906
         Mean episode mean_dist_to_ball: 2.2802
               Mean episode goals_total: 331.7083
--------------------------------------------------------------------------------
                         Iteration time: 11.65s
                           Time elapsed: 0:34:13
                                    ETA: 1:00:50

################################################################################
[1m                           Learning iteration 180/500                           [0m 

                               Run name: hierarchical_soccer_coop_hl
                            Total steps: 8896512 
                       Steps per second: 4225 
                        Collection time: 11.405s 
                          Learning time: 0.227s 
                        Mean value loss: 3.4094
                    Mean surrogate loss: -0.0038
                      Mean entropy loss: -2.8353
                            Mean reward: 83.01
                    Mean episode length: 221.08
                        Mean action std: 0.09
         Mean episode goal_per_1k_steps: 0.4150
         Mean episode mean_dist_to_ball: 2.2495
               Mean episode goals_total: 334.4167
--------------------------------------------------------------------------------
                         Iteration time: 11.63s
                           Time elapsed: 0:34:24
                                    ETA: 1:00:39

################################################################################
[1m                           Learning iteration 181/500                           [0m 

                               Run name: hierarchical_soccer_coop_hl
                            Total steps: 8945664 
                       Steps per second: 4227 
                        Collection time: 11.399s 
                          Learning time: 0.227s 
                        Mean value loss: 2.2806
                    Mean surrogate loss: -0.0014
                      Mean entropy loss: -2.8215
                            Mean reward: 89.24
                    Mean episode length: 227.83
                        Mean action std: 0.10
         Mean episode goal_per_1k_steps: 0.3215
         Mean episode mean_dist_to_ball: 2.2462
               Mean episode goals_total: 336.7500
--------------------------------------------------------------------------------
                         Iteration time: 11.63s
                           Time elapsed: 0:34:36
                                    ETA: 1:00:28

################################################################################
[1m                           Learning iteration 182/500                           [0m 

                               Run name: hierarchical_soccer_coop_hl
                            Total steps: 8994816 
                       Steps per second: 4207 
                        Collection time: 11.454s 
                          Learning time: 0.228s 
                        Mean value loss: 2.2877
                    Mean surrogate loss: -0.0022
                      Mean entropy loss: -2.8309
                            Mean reward: 83.71
                    Mean episode length: 221.11
                        Mean action std: 0.09
         Mean episode goal_per_1k_steps: 0.4537
         Mean episode mean_dist_to_ball: 2.3032
               Mean episode goals_total: 340.9583
--------------------------------------------------------------------------------
                         Iteration time: 11.68s
                           Time elapsed: 0:34:48
                                    ETA: 1:00:17

################################################################################
[1m                           Learning iteration 183/500                           [0m 

                               Run name: hierarchical_soccer_coop_hl
                            Total steps: 9043968 
                       Steps per second: 4210 
                        Collection time: 11.446s 
                          Learning time: 0.228s 
                        Mean value loss: 3.6141
                    Mean surrogate loss: -0.0036
                      Mean entropy loss: -2.8607
                            Mean reward: 83.23
                    Mean episode length: 225.68
                        Mean action std: 0.09
         Mean episode goal_per_1k_steps: 0.5330
         Mean episode mean_dist_to_ball: 2.3623
               Mean episode goals_total: 346.5833
--------------------------------------------------------------------------------
                         Iteration time: 11.67s
                           Time elapsed: 0:34:59
                                    ETA: 1:00:06

################################################################################
[1m                           Learning iteration 184/500                           [0m 

                               Run name: hierarchical_soccer_coop_hl
                            Total steps: 9093120 
                       Steps per second: 4208 
                        Collection time: 11.451s 
                          Learning time: 0.227s 
                        Mean value loss: 2.7903
                    Mean surrogate loss: -0.0018
                      Mean entropy loss: -2.8499
                            Mean reward: 86.69
                    Mean episode length: 224.30
                        Mean action std: 0.09
         Mean episode goal_per_1k_steps: 0.4537
         Mean episode mean_dist_to_ball: 2.3834
               Mean episode goals_total: 352.1667
--------------------------------------------------------------------------------
                         Iteration time: 11.68s
                           Time elapsed: 0:35:11
                                    ETA: 0:59:55

################################################################################
[1m                           Learning iteration 185/500                           [0m 

                               Run name: hierarchical_soccer_coop_hl
                            Total steps: 9142272 
                       Steps per second: 4223 
                        Collection time: 11.411s 
                          Learning time: 0.228s 
                        Mean value loss: 2.9580
                    Mean surrogate loss: -0.0034
                      Mean entropy loss: -2.8510
                            Mean reward: 86.19
                    Mean episode length: 224.27
                        Mean action std: 0.09
         Mean episode goal_per_1k_steps: 0.4761
         Mean episode mean_dist_to_ball: 2.3898
               Mean episode goals_total: 357.0833
--------------------------------------------------------------------------------
                         Iteration time: 11.64s
                           Time elapsed: 0:35:23
                                    ETA: 0:59:44

################################################################################
[1m                           Learning iteration 186/500                           [0m 

                               Run name: hierarchical_soccer_coop_hl
                            Total steps: 9191424 
                       Steps per second: 4206 
                        Collection time: 11.456s 
                          Learning time: 0.227s 
                        Mean value loss: 3.0884
                    Mean surrogate loss: -0.0022
                      Mean entropy loss: -2.8600
                            Mean reward: 85.41
                    Mean episode length: 224.51
                        Mean action std: 0.09
         Mean episode goal_per_1k_steps: 0.4049
         Mean episode mean_dist_to_ball: 2.3657
               Mean episode goals_total: 361.3333
--------------------------------------------------------------------------------
                         Iteration time: 11.68s
                           Time elapsed: 0:35:34
                                    ETA: 0:59:33

################################################################################
[1m                           Learning iteration 187/500                           [0m 

                               Run name: hierarchical_soccer_coop_hl
                            Total steps: 9240576 
                       Steps per second: 4211 
                        Collection time: 11.443s 
                          Learning time: 0.228s 
                        Mean value loss: 4.3479
                    Mean surrogate loss: -0.0040
                      Mean entropy loss: -2.8795
                            Mean reward: 87.56
                    Mean episode length: 223.65
                        Mean action std: 0.09
         Mean episode goal_per_1k_steps: 0.3947
         Mean episode mean_dist_to_ball: 2.2915
               Mean episode goals_total: 367.0833
--------------------------------------------------------------------------------
                         Iteration time: 11.67s
                           Time elapsed: 0:35:46
                                    ETA: 0:59:22

################################################################################
[1m                           Learning iteration 188/500                           [0m 

                               Run name: hierarchical_soccer_coop_hl
                            Total steps: 9289728 
                       Steps per second: 4213 
                        Collection time: 11.434s 
                          Learning time: 0.230s 
                        Mean value loss: 4.5402
                    Mean surrogate loss: -0.0016
                      Mean entropy loss: -2.8637
                            Mean reward: 81.26
                    Mean episode length: 213.20
                        Mean action std: 0.09
         Mean episode goal_per_1k_steps: 0.3215
         Mean episode mean_dist_to_ball: 2.2632
               Mean episode goals_total: 369.2917
--------------------------------------------------------------------------------
                         Iteration time: 11.66s
                           Time elapsed: 0:35:58
                                    ETA: 0:59:11

################################################################################
[1m                           Learning iteration 189/500                           [0m 

                               Run name: hierarchical_soccer_coop_hl
                            Total steps: 9338880 
                       Steps per second: 4205 
                        Collection time: 11.462s 
                          Learning time: 0.227s 
                        Mean value loss: 3.2063
                    Mean surrogate loss: -0.0036
                      Mean entropy loss: -2.8836
                            Mean reward: 84.95
                    Mean episode length: 220.93
                        Mean action std: 0.09
         Mean episode goal_per_1k_steps: 0.3723
         Mean episode mean_dist_to_ball: 2.2572
               Mean episode goals_total: 375.3750
--------------------------------------------------------------------------------
                         Iteration time: 11.69s
                           Time elapsed: 0:36:09
                                    ETA: 0:59:00

################################################################################
[1m                           Learning iteration 190/500                           [0m 

                               Run name: hierarchical_soccer_coop_hl
                            Total steps: 9388032 
                       Steps per second: 4196 
                        Collection time: 11.485s 
                          Learning time: 0.228s 
                        Mean value loss: 3.4350
                    Mean surrogate loss: -0.0017
                      Mean entropy loss: -2.8912
                            Mean reward: 83.87
                    Mean episode length: 218.50
                        Mean action std: 0.09
         Mean episode goal_per_1k_steps: 0.4395
         Mean episode mean_dist_to_ball: 2.2302
               Mean episode goals_total: 380.8750
--------------------------------------------------------------------------------
                         Iteration time: 11.71s
                           Time elapsed: 0:36:21
                                    ETA: 0:58:49

################################################################################
[1m                           Learning iteration 191/500                           [0m 

                               Run name: hierarchical_soccer_coop_hl
                            Total steps: 9437184 
                       Steps per second: 4201 
                        Collection time: 11.470s 
                          Learning time: 0.228s 
                        Mean value loss: 2.6541
                    Mean surrogate loss: -0.0035
                      Mean entropy loss: -2.8973
                            Mean reward: 82.84
                    Mean episode length: 218.43
                        Mean action std: 0.09
         Mean episode goal_per_1k_steps: 0.4964
         Mean episode mean_dist_to_ball: 2.2382
               Mean episode goals_total: 387.0833
--------------------------------------------------------------------------------
                         Iteration time: 11.70s
                           Time elapsed: 0:36:33
                                    ETA: 0:58:38

################################################################################
[1m                           Learning iteration 192/500                           [0m 

                               Run name: hierarchical_soccer_coop_hl
                            Total steps: 9486336 
                       Steps per second: 4200 
                        Collection time: 11.475s 
                          Learning time: 0.228s 
                        Mean value loss: 3.7359
                    Mean surrogate loss: -0.0043
                      Mean entropy loss: -2.8857
                            Mean reward: 83.68
                    Mean episode length: 225.48
                        Mean action std: 0.09
         Mean episode goal_per_1k_steps: 0.3703
         Mean episode mean_dist_to_ball: 2.2387
               Mean episode goals_total: 392.8333
--------------------------------------------------------------------------------
                         Iteration time: 11.70s
                           Time elapsed: 0:36:44
                                    ETA: 0:58:27

################################################################################
[1m                           Learning iteration 193/500                           [0m 

                               Run name: hierarchical_soccer_coop_hl
                            Total steps: 9535488 
                       Steps per second: 4194 
                        Collection time: 11.489s 
                          Learning time: 0.228s 
                        Mean value loss: 3.3576
                    Mean surrogate loss: -0.0036
                      Mean entropy loss: -2.8814
                            Mean reward: 88.51
                    Mean episode length: 231.68
                        Mean action std: 0.09
         Mean episode goal_per_1k_steps: 0.3011
         Mean episode mean_dist_to_ball: 2.2468
               Mean episode goals_total: 396.2917
--------------------------------------------------------------------------------
                         Iteration time: 11.72s
                           Time elapsed: 0:36:56
                                    ETA: 0:58:16

################################################################################
[1m                           Learning iteration 194/500                           [0m 

                               Run name: hierarchical_soccer_coop_hl
                            Total steps: 9584640 
                       Steps per second: 4221 
                        Collection time: 11.414s 
                          Learning time: 0.230s 
                        Mean value loss: 3.7004
                    Mean surrogate loss: -0.0031
                      Mean entropy loss: -2.8894
                            Mean reward: 84.62
                    Mean episode length: 225.43
                        Mean action std: 0.09
         Mean episode goal_per_1k_steps: 0.3642
         Mean episode mean_dist_to_ball: 2.2754
               Mean episode goals_total: 398.4583
--------------------------------------------------------------------------------
                         Iteration time: 11.64s
                           Time elapsed: 0:37:08
                                    ETA: 0:58:05

################################################################################
[1m                           Learning iteration 195/500                           [0m 

                               Run name: hierarchical_soccer_coop_hl
                            Total steps: 9633792 
                       Steps per second: 4216 
                        Collection time: 11.427s 
                          Learning time: 0.230s 
                        Mean value loss: 3.1927
                    Mean surrogate loss: -0.0020
                      Mean entropy loss: -2.8823
                            Mean reward: 84.86
                    Mean episode length: 224.08
                        Mean action std: 0.09
         Mean episode goal_per_1k_steps: 0.3601
         Mean episode mean_dist_to_ball: 2.2498
               Mean episode goals_total: 403.4583
--------------------------------------------------------------------------------
                         Iteration time: 11.66s
                           Time elapsed: 0:37:19
                                    ETA: 0:57:54

################################################################################
[1m                           Learning iteration 196/500                           [0m 

                               Run name: hierarchical_soccer_coop_hl
                            Total steps: 9682944 
                       Steps per second: 4215 
                        Collection time: 11.429s 
                          Learning time: 0.230s 
                        Mean value loss: 4.3440
                    Mean surrogate loss: -0.0026
                      Mean entropy loss: -2.8903
                            Mean reward: 83.48
                    Mean episode length: 220.56
                        Mean action std: 0.09
         Mean episode goal_per_1k_steps: 0.4618
         Mean episode mean_dist_to_ball: 2.1998
               Mean episode goals_total: 408.1250
--------------------------------------------------------------------------------
                         Iteration time: 11.66s
                           Time elapsed: 0:37:31
                                    ETA: 0:57:43

################################################################################
[1m                           Learning iteration 197/500                           [0m 

                               Run name: hierarchical_soccer_coop_hl
                            Total steps: 9732096 
                       Steps per second: 4213 
                        Collection time: 11.437s 
                          Learning time: 0.230s 
                        Mean value loss: 3.4362
                    Mean surrogate loss: -0.0045
                      Mean entropy loss: -2.8632
                            Mean reward: 81.26
                    Mean episode length: 214.60
                        Mean action std: 0.09
         Mean episode goal_per_1k_steps: 0.5636
         Mean episode mean_dist_to_ball: 2.1158
               Mean episode goals_total: 411.6250
--------------------------------------------------------------------------------
                         Iteration time: 11.67s
                           Time elapsed: 0:37:43
                                    ETA: 0:57:32

################################################################################
[1m                           Learning iteration 198/500                           [0m 

                               Run name: hierarchical_soccer_coop_hl
                            Total steps: 9781248 
                       Steps per second: 4217 
                        Collection time: 11.423s 
                          Learning time: 0.230s 
                        Mean value loss: 3.5576
                    Mean surrogate loss: -0.0042
                      Mean entropy loss: -2.8882
                            Mean reward: 84.97
                    Mean episode length: 221.03
                        Mean action std: 0.09
         Mean episode goal_per_1k_steps: 0.4150
         Mean episode mean_dist_to_ball: 2.1163
               Mean episode goals_total: 416.4167
--------------------------------------------------------------------------------
                         Iteration time: 11.65s
                           Time elapsed: 0:37:54
                                    ETA: 0:57:21

################################################################################
[1m                           Learning iteration 199/500                           [0m 

                               Run name: hierarchical_soccer_coop_hl
                            Total steps: 9830400 
                       Steps per second: 4193 
                        Collection time: 11.492s 
                          Learning time: 0.230s 
                        Mean value loss: 2.4942
                    Mean surrogate loss: -0.0044
                      Mean entropy loss: -2.9001
                            Mean reward: 84.55
                    Mean episode length: 215.46
                        Mean action std: 0.09
         Mean episode goal_per_1k_steps: 0.3805
         Mean episode mean_dist_to_ball: 2.0883
               Mean episode goals_total: 419.5417
--------------------------------------------------------------------------------
                         Iteration time: 11.72s
                           Time elapsed: 0:38:06
                                    ETA: 0:57:10

################################################################################
[1m                           Learning iteration 200/500                           [0m 

                               Run name: hierarchical_soccer_coop_hl
                            Total steps: 9879552 
                       Steps per second: 4209 
                        Collection time: 11.447s 
                          Learning time: 0.230s 
                        Mean value loss: 3.4536
                    Mean surrogate loss: -0.0032
                      Mean entropy loss: -2.9096
                            Mean reward: 83.36
                    Mean episode length: 222.53
                        Mean action std: 0.09
         Mean episode goal_per_1k_steps: 0.4883
         Mean episode mean_dist_to_ball: 2.0740
               Mean episode goals_total: 423.8750
--------------------------------------------------------------------------------
                         Iteration time: 11.68s
                           Time elapsed: 0:38:18
                                    ETA: 0:56:58

################################################################################
[1m                           Learning iteration 201/500                           [0m 

                               Run name: hierarchical_soccer_coop_hl
                            Total steps: 9928704 
                       Steps per second: 4215 
                        Collection time: 11.429s 
                          Learning time: 0.230s 
                        Mean value loss: 3.0843
                    Mean surrogate loss: -0.0021
                      Mean entropy loss: -2.8832
                            Mean reward: 84.10
                    Mean episode length: 223.62
                        Mean action std: 0.09
         Mean episode goal_per_1k_steps: 0.3499
         Mean episode mean_dist_to_ball: 2.0632
               Mean episode goals_total: 428.1250
--------------------------------------------------------------------------------
                         Iteration time: 11.66s
                           Time elapsed: 0:38:30
                                    ETA: 0:56:47

################################################################################
[1m                           Learning iteration 202/500                           [0m 

                               Run name: hierarchical_soccer_coop_hl
                            Total steps: 9977856 
                       Steps per second: 4209 
                        Collection time: 11.448s 
                          Learning time: 0.230s 
                        Mean value loss: 2.7140
                    Mean surrogate loss: -0.0049
                      Mean entropy loss: -2.8959
                            Mean reward: 87.60
                    Mean episode length: 230.31
                        Mean action std: 0.09
         Mean episode goal_per_1k_steps: 0.2909
         Mean episode mean_dist_to_ball: 2.0443
               Mean episode goals_total: 433.9167
--------------------------------------------------------------------------------
                         Iteration time: 11.68s
                           Time elapsed: 0:38:41
                                    ETA: 0:56:36

################################################################################
[1m                           Learning iteration 203/500                           [0m 

                               Run name: hierarchical_soccer_coop_hl
                            Total steps: 10027008 
                       Steps per second: 4202 
                        Collection time: 11.469s 
                          Learning time: 0.227s 
                        Mean value loss: 2.8256
                    Mean surrogate loss: -0.0031
                      Mean entropy loss: -2.8778
                            Mean reward: 86.70
                    Mean episode length: 225.82
                        Mean action std: 0.09
         Mean episode goal_per_1k_steps: 0.3276
         Mean episode mean_dist_to_ball: 2.1073
               Mean episode goals_total: 438.5833
--------------------------------------------------------------------------------
                         Iteration time: 11.70s
                           Time elapsed: 0:38:53
                                    ETA: 0:56:25

################################################################################
[1m                           Learning iteration 204/500                           [0m 

                               Run name: hierarchical_soccer_coop_hl
                            Total steps: 10076160 
                       Steps per second: 4208 
                        Collection time: 11.451s 
                          Learning time: 0.227s 
                        Mean value loss: 2.7281
                    Mean surrogate loss: -0.0011
                      Mean entropy loss: -2.9197
                            Mean reward: 87.59
                    Mean episode length: 233.30
                        Mean action std: 0.09
         Mean episode goal_per_1k_steps: 0.2950
         Mean episode mean_dist_to_ball: 2.0947
               Mean episode goals_total: 443.9583
--------------------------------------------------------------------------------
                         Iteration time: 11.68s
                           Time elapsed: 0:39:05
                                    ETA: 0:56:14

################################################################################
[1m                           Learning iteration 205/500                           [0m 

                               Run name: hierarchical_soccer_coop_hl
                            Total steps: 10125312 
                       Steps per second: 4209 
                        Collection time: 11.448s 
                          Learning time: 0.228s 
                        Mean value loss: 2.5784
                    Mean surrogate loss: -0.0024
                      Mean entropy loss: -2.9437
                            Mean reward: 86.98
                    Mean episode length: 232.78
                        Mean action std: 0.09
         Mean episode goal_per_1k_steps: 0.2014
         Mean episode mean_dist_to_ball: 2.0740
               Mean episode goals_total: 445.0000
--------------------------------------------------------------------------------
                         Iteration time: 11.68s
                           Time elapsed: 0:39:16
                                    ETA: 0:56:03

################################################################################
[1m                           Learning iteration 206/500                           [0m 

                               Run name: hierarchical_soccer_coop_hl
                            Total steps: 10174464 
                       Steps per second: 4209 
                        Collection time: 11.448s 
                          Learning time: 0.228s 
                        Mean value loss: 2.5050
                    Mean surrogate loss: -0.0028
                      Mean entropy loss: -2.9270
                            Mean reward: 87.03
                    Mean episode length: 224.53
                        Mean action std: 0.09
         Mean episode goal_per_1k_steps: 0.3642
         Mean episode mean_dist_to_ball: 2.0710
               Mean episode goals_total: 446.9583
--------------------------------------------------------------------------------
                         Iteration time: 11.68s
                           Time elapsed: 0:39:28
                                    ETA: 0:55:52

################################################################################
[1m                           Learning iteration 207/500                           [0m 

                               Run name: hierarchical_soccer_coop_hl
                            Total steps: 10223616 
                       Steps per second: 4212 
                        Collection time: 11.440s 
                          Learning time: 0.227s 
                        Mean value loss: 2.8411
                    Mean surrogate loss: -0.0018
                      Mean entropy loss: -2.9051
                            Mean reward: 82.20
                    Mean episode length: 216.84
                        Mean action std: 0.09
         Mean episode goal_per_1k_steps: 0.4008
         Mean episode mean_dist_to_ball: 2.0904
               Mean episode goals_total: 450.7083
--------------------------------------------------------------------------------
                         Iteration time: 11.67s
                           Time elapsed: 0:39:40
                                    ETA: 0:55:41

################################################################################
[1m                           Learning iteration 208/500                           [0m 

                               Run name: hierarchical_soccer_coop_hl
                            Total steps: 10272768 
                       Steps per second: 4219 
                        Collection time: 11.420s 
                          Learning time: 0.227s 
                        Mean value loss: 3.4654
                    Mean surrogate loss: -0.0021
                      Mean entropy loss: -2.9310
                            Mean reward: 83.28
                    Mean episode length: 224.42
                        Mean action std: 0.09
         Mean episode goal_per_1k_steps: 0.4679
         Mean episode mean_dist_to_ball: 2.1063
               Mean episode goals_total: 453.7083
--------------------------------------------------------------------------------
                         Iteration time: 11.65s
                           Time elapsed: 0:39:51
                                    ETA: 0:55:30

################################################################################
[1m                           Learning iteration 209/500                           [0m 

                               Run name: hierarchical_soccer_coop_hl
                            Total steps: 10321920 
                       Steps per second: 4203 
                        Collection time: 11.464s 
                          Learning time: 0.228s 
                        Mean value loss: 2.4451
                    Mean surrogate loss: -0.0035
                      Mean entropy loss: -2.9287
                            Mean reward: 84.82
                    Mean episode length: 230.05
                        Mean action std: 0.09
         Mean episode goal_per_1k_steps: 0.2787
         Mean episode mean_dist_to_ball: 2.1199
               Mean episode goals_total: 456.7500
--------------------------------------------------------------------------------
                         Iteration time: 11.69s
                           Time elapsed: 0:40:03
                                    ETA: 0:55:19

################################################################################
[1m                           Learning iteration 210/500                           [0m 

                               Run name: hierarchical_soccer_coop_hl
                            Total steps: 10371072 
                       Steps per second: 4213 
                        Collection time: 11.436s 
                          Learning time: 0.228s 
                        Mean value loss: 3.2093
                    Mean surrogate loss: -0.0025
                      Mean entropy loss: -2.9442
                            Mean reward: 85.40
                    Mean episode length: 219.79
                        Mean action std: 0.09
         Mean episode goal_per_1k_steps: 0.1668
         Mean episode mean_dist_to_ball: 2.0808
               Mean episode goals_total: 460.6250
--------------------------------------------------------------------------------
                         Iteration time: 11.66s
                           Time elapsed: 0:40:15
                                    ETA: 0:55:07

################################################################################
[1m                           Learning iteration 211/500                           [0m 

                               Run name: hierarchical_soccer_coop_hl
                            Total steps: 10420224 
                       Steps per second: 4215 
                        Collection time: 11.433s 
                          Learning time: 0.227s 
                        Mean value loss: 2.6255
                    Mean surrogate loss: -0.0032
                      Mean entropy loss: -2.9427
                            Mean reward: 88.78
                    Mean episode length: 224.61
                        Mean action std: 0.09
         Mean episode goal_per_1k_steps: 0.2096
         Mean episode mean_dist_to_ball: 2.0730
               Mean episode goals_total: 461.7917
--------------------------------------------------------------------------------
                         Iteration time: 11.66s
                           Time elapsed: 0:40:26
                                    ETA: 0:54:56

################################################################################
[1m                           Learning iteration 212/500                           [0m 

                               Run name: hierarchical_soccer_coop_hl
                            Total steps: 10469376 
                       Steps per second: 4213 
                        Collection time: 11.439s 
                          Learning time: 0.227s 
                        Mean value loss: 3.1121
                    Mean surrogate loss: -0.0036
                      Mean entropy loss: -2.9883
                            Mean reward: 88.34
                    Mean episode length: 222.90
                        Mean action std: 0.09
         Mean episode goal_per_1k_steps: 0.2828
         Mean episode mean_dist_to_ball: 2.1126
               Mean episode goals_total: 463.2083
--------------------------------------------------------------------------------
                         Iteration time: 11.67s
                           Time elapsed: 0:40:38
                                    ETA: 0:54:45

################################################################################
[1m                           Learning iteration 213/500                           [0m 

                               Run name: hierarchical_soccer_coop_hl
                            Total steps: 10518528 
                       Steps per second: 4220 
                        Collection time: 11.416s 
                          Learning time: 0.230s 
                        Mean value loss: 2.3980
                    Mean surrogate loss: -0.0027
                      Mean entropy loss: -2.9975
                            Mean reward: 87.48
                    Mean episode length: 239.49
                        Mean action std: 0.09
         Mean episode goal_per_1k_steps: 0.2808
         Mean episode mean_dist_to_ball: 2.1242
               Mean episode goals_total: 467.4167
--------------------------------------------------------------------------------
                         Iteration time: 11.65s
                           Time elapsed: 0:40:50
                                    ETA: 0:54:34

################################################################################
[1m                           Learning iteration 214/500                           [0m 

                               Run name: hierarchical_soccer_coop_hl
                            Total steps: 10567680 
                       Steps per second: 4229 
                        Collection time: 11.392s 
                          Learning time: 0.230s 
                        Mean value loss: 1.7886
                    Mean surrogate loss: -0.0030
                      Mean entropy loss: -3.0189
                            Mean reward: 92.41
                    Mean episode length: 240.25
                        Mean action std: 0.09
         Mean episode goal_per_1k_steps: 0.3174
         Mean episode mean_dist_to_ball: 2.0886
               Mean episode goals_total: 471.2083
--------------------------------------------------------------------------------
                         Iteration time: 11.62s
                           Time elapsed: 0:41:01
                                    ETA: 0:54:23

################################################################################
[1m                           Learning iteration 215/500                           [0m 

                               Run name: hierarchical_soccer_coop_hl
                            Total steps: 10616832 
                       Steps per second: 4224 
                        Collection time: 11.408s 
                          Learning time: 0.227s 
                        Mean value loss: 3.3939
                    Mean surrogate loss: -0.0037
                      Mean entropy loss: -3.0173
                            Mean reward: 85.08
                    Mean episode length: 228.63
                        Mean action std: 0.09
         Mean episode goal_per_1k_steps: 0.0997
         Mean episode mean_dist_to_ball: 2.0561
               Mean episode goals_total: 472.4167
--------------------------------------------------------------------------------
                         Iteration time: 11.64s
                           Time elapsed: 0:41:13
                                    ETA: 0:54:11

################################################################################
[1m                           Learning iteration 216/500                           [0m 

                               Run name: hierarchical_soccer_coop_hl
                            Total steps: 10665984 
                       Steps per second: 4206 
                        Collection time: 11.455s 
                          Learning time: 0.229s 
                        Mean value loss: 2.4342
                    Mean surrogate loss: -0.0030
                      Mean entropy loss: -2.9941
                            Mean reward: 85.82
                    Mean episode length: 224.35
                        Mean action std: 0.09
         Mean episode goal_per_1k_steps: 0.2340
         Mean episode mean_dist_to_ball: 2.0534
               Mean episode goals_total: 474.7500
--------------------------------------------------------------------------------
                         Iteration time: 11.68s
                           Time elapsed: 0:41:24
                                    ETA: 0:54:00

################################################################################
[1m                           Learning iteration 217/500                           [0m 

                               Run name: hierarchical_soccer_coop_hl
                            Total steps: 10715136 
                       Steps per second: 4209 
                        Collection time: 11.448s 
                          Learning time: 0.228s 
                        Mean value loss: 2.9433
                    Mean surrogate loss: -0.0024
                      Mean entropy loss: -3.0088
                            Mean reward: 86.51
                    Mean episode length: 228.93
                        Mean action std: 0.09
         Mean episode goal_per_1k_steps: 0.3581
         Mean episode mean_dist_to_ball: 2.0552
               Mean episode goals_total: 479.1250
--------------------------------------------------------------------------------
                         Iteration time: 11.68s
                           Time elapsed: 0:41:36
                                    ETA: 0:53:49

################################################################################
[1m                           Learning iteration 218/500                           [0m 

                               Run name: hierarchical_soccer_coop_hl
                            Total steps: 10764288 
                       Steps per second: 4225 
                        Collection time: 11.403s 
                          Learning time: 0.229s 
                        Mean value loss: 1.5858
                    Mean surrogate loss: -0.0031
                      Mean entropy loss: -3.0364
                            Mean reward: 90.89
                    Mean episode length: 235.24
                        Mean action std: 0.09
         Mean episode goal_per_1k_steps: 0.2584
         Mean episode mean_dist_to_ball: 2.0404
               Mean episode goals_total: 483.1250
--------------------------------------------------------------------------------
                         Iteration time: 11.63s
                           Time elapsed: 0:41:48
                                    ETA: 0:53:38

################################################################################
[1m                           Learning iteration 219/500                           [0m 

                               Run name: hierarchical_soccer_coop_hl
                            Total steps: 10813440 
                       Steps per second: 4218 
                        Collection time: 11.423s 
                          Learning time: 0.229s 
                        Mean value loss: 2.2150
                    Mean surrogate loss: -0.0031
                      Mean entropy loss: -3.0560
                            Mean reward: 91.05
                    Mean episode length: 231.22
                        Mean action std: 0.09
         Mean episode goal_per_1k_steps: 0.0753
         Mean episode mean_dist_to_ball: 2.1032
               Mean episode goals_total: 484.0000
--------------------------------------------------------------------------------
                         Iteration time: 11.65s
                           Time elapsed: 0:41:59
                                    ETA: 0:53:27

################################################################################
[1m                           Learning iteration 220/500                           [0m 

                               Run name: hierarchical_soccer_coop_hl
                            Total steps: 10862592 
                       Steps per second: 4214 
                        Collection time: 11.434s 
                          Learning time: 0.228s 
                        Mean value loss: 2.4108
                    Mean surrogate loss: -0.0033
                      Mean entropy loss: -3.0752
                            Mean reward: 87.38
                    Mean episode length: 228.16
                        Mean action std: 0.09
         Mean episode goal_per_1k_steps: 0.3052
         Mean episode mean_dist_to_ball: 2.1860
               Mean episode goals_total: 485.4583
--------------------------------------------------------------------------------
                         Iteration time: 11.66s
                           Time elapsed: 0:42:11
                                    ETA: 0:53:16

################################################################################
[1m                           Learning iteration 221/500                           [0m 

                               Run name: hierarchical_soccer_coop_hl
                            Total steps: 10911744 
                       Steps per second: 4216 
                        Collection time: 11.426s 
                          Learning time: 0.230s 
                        Mean value loss: 3.6445
                    Mean surrogate loss: -0.0024
                      Mean entropy loss: -3.0756
                            Mean reward: 82.45
                    Mean episode length: 214.06
                        Mean action std: 0.09
         Mean episode goal_per_1k_steps: 0.3235
         Mean episode mean_dist_to_ball: 2.1587
               Mean episode goals_total: 488.5417
--------------------------------------------------------------------------------
                         Iteration time: 11.66s
                           Time elapsed: 0:42:23
                                    ETA: 0:53:04

################################################################################
[1m                           Learning iteration 222/500                           [0m 

                               Run name: hierarchical_soccer_coop_hl
                            Total steps: 10960896 
                       Steps per second: 4222 
                        Collection time: 11.411s 
                          Learning time: 0.230s 
                        Mean value loss: 2.7897
                    Mean surrogate loss: -0.0026
                      Mean entropy loss: -3.1216
                            Mean reward: 87.76
                    Mean episode length: 227.87
                        Mean action std: 0.09
         Mean episode goal_per_1k_steps: 0.4211
         Mean episode mean_dist_to_ball: 2.1288
               Mean episode goals_total: 492.5833
--------------------------------------------------------------------------------
                         Iteration time: 11.64s
                           Time elapsed: 0:42:34
                                    ETA: 0:52:53

################################################################################
[1m                           Learning iteration 223/500                           [0m 

                               Run name: hierarchical_soccer_coop_hl
                            Total steps: 11010048 
                       Steps per second: 4223 
                        Collection time: 11.408s 
                          Learning time: 0.230s 
                        Mean value loss: 2.1722
                    Mean surrogate loss: -0.0031
                      Mean entropy loss: -3.1585
                            Mean reward: 90.39
                    Mean episode length: 233.55
                        Mean action std: 0.08
         Mean episode goal_per_1k_steps: 0.3988
         Mean episode mean_dist_to_ball: 2.1430
               Mean episode goals_total: 495.7083
--------------------------------------------------------------------------------
                         Iteration time: 11.64s
                           Time elapsed: 0:42:46
                                    ETA: 0:52:42

################################################################################
[1m                           Learning iteration 224/500                           [0m 

                               Run name: hierarchical_soccer_coop_hl
                            Total steps: 11059200 
                       Steps per second: 4209 
                        Collection time: 11.450s 
                          Learning time: 0.227s 
                        Mean value loss: 3.2674
                    Mean surrogate loss: -0.0034
                      Mean entropy loss: -3.1836
                            Mean reward: 88.76
                    Mean episode length: 223.18
                        Mean action std: 0.08
         Mean episode goal_per_1k_steps: 0.2258
         Mean episode mean_dist_to_ball: 2.1682
               Mean episode goals_total: 497.0000
--------------------------------------------------------------------------------
                         Iteration time: 11.68s
                           Time elapsed: 0:42:58
                                    ETA: 0:52:31

################################################################################
[1m                           Learning iteration 225/500                           [0m 

                               Run name: hierarchical_soccer_coop_hl
                            Total steps: 11108352 
                       Steps per second: 4210 
                        Collection time: 11.445s 
                          Learning time: 0.228s 
                        Mean value loss: 2.3638
                    Mean surrogate loss: -0.0032
                      Mean entropy loss: -3.1859
                            Mean reward: 90.82
                    Mean episode length: 225.63
                        Mean action std: 0.08
         Mean episode goal_per_1k_steps: 0.3296
         Mean episode mean_dist_to_ball: 2.1420
               Mean episode goals_total: 497.6250
--------------------------------------------------------------------------------
                         Iteration time: 11.67s
                           Time elapsed: 0:43:09
                                    ETA: 0:52:19

################################################################################
[1m                           Learning iteration 226/500                           [0m 

                               Run name: hierarchical_soccer_coop_hl
                            Total steps: 11157504 
                       Steps per second: 4209 
                        Collection time: 11.450s 
                          Learning time: 0.228s 
                        Mean value loss: 2.8474
                    Mean surrogate loss: -0.0031
                      Mean entropy loss: -3.1450
                            Mean reward: 88.84
                    Mean episode length: 230.40
                        Mean action std: 0.09
         Mean episode goal_per_1k_steps: 0.3092
         Mean episode mean_dist_to_ball: 2.1270
               Mean episode goals_total: 500.7500
--------------------------------------------------------------------------------
                         Iteration time: 11.68s
                           Time elapsed: 0:43:21
                                    ETA: 0:52:08

################################################################################
[1m                           Learning iteration 227/500                           [0m 

                               Run name: hierarchical_soccer_coop_hl
                            Total steps: 11206656 
                       Steps per second: 4214 
                        Collection time: 11.436s 
                          Learning time: 0.228s 
                        Mean value loss: 2.6412
                    Mean surrogate loss: -0.0017
                      Mean entropy loss: -3.1408
                            Mean reward: 87.50
                    Mean episode length: 231.59
                        Mean action std: 0.09
         Mean episode goal_per_1k_steps: 0.2889
         Mean episode mean_dist_to_ball: 2.1226
               Mean episode goals_total: 504.1667
--------------------------------------------------------------------------------
                         Iteration time: 11.66s
                           Time elapsed: 0:43:33
                                    ETA: 0:51:57

################################################################################
[1m                           Learning iteration 228/500                           [0m 

                               Run name: hierarchical_soccer_coop_hl
                            Total steps: 11255808 
                       Steps per second: 4209 
                        Collection time: 11.448s 
                          Learning time: 0.228s 
                        Mean value loss: 1.7922
                    Mean surrogate loss: -0.0039
                      Mean entropy loss: -3.1298
                            Mean reward: 87.38
                    Mean episode length: 220.89
                        Mean action std: 0.09
         Mean episode goal_per_1k_steps: 0.3459
         Mean episode mean_dist_to_ball: 2.0927
               Mean episode goals_total: 507.1667
--------------------------------------------------------------------------------
                         Iteration time: 11.68s
                           Time elapsed: 0:43:44
                                    ETA: 0:51:46

################################################################################
[1m                           Learning iteration 229/500                           [0m 

                               Run name: hierarchical_soccer_coop_hl
                            Total steps: 11304960 
                       Steps per second: 4218 
                        Collection time: 11.424s 
                          Learning time: 0.228s 
                        Mean value loss: 3.3420
                    Mean surrogate loss: -0.0021
                      Mean entropy loss: -3.1449
                            Mean reward: 84.29
                    Mean episode length: 218.51
                        Mean action std: 0.09
         Mean episode goal_per_1k_steps: 0.3357
         Mean episode mean_dist_to_ball: 2.0770
               Mean episode goals_total: 511.7917
--------------------------------------------------------------------------------
                         Iteration time: 11.65s
                           Time elapsed: 0:43:56
                                    ETA: 0:51:35

################################################################################
[1m                           Learning iteration 230/500                           [0m 

                               Run name: hierarchical_soccer_coop_hl
                            Total steps: 11354112 
                       Steps per second: 4216 
                        Collection time: 11.430s 
                          Learning time: 0.227s 
                        Mean value loss: 4.2860
                    Mean surrogate loss: -0.0024
                      Mean entropy loss: -3.1049
                            Mean reward: 86.19
                    Mean episode length: 223.14
                        Mean action std: 0.09
         Mean episode goal_per_1k_steps: 0.3682
         Mean episode mean_dist_to_ball: 2.0772
               Mean episode goals_total: 514.6667
--------------------------------------------------------------------------------
                         Iteration time: 11.66s
                           Time elapsed: 0:44:08
                                    ETA: 0:51:23

################################################################################
[1m                           Learning iteration 231/500                           [0m 

                               Run name: hierarchical_soccer_coop_hl
                            Total steps: 11403264 
                       Steps per second: 4214 
                        Collection time: 11.433s 
                          Learning time: 0.230s 
                        Mean value loss: 3.4351
                    Mean surrogate loss: -0.0022
                      Mean entropy loss: -3.0796
                            Mean reward: 85.69
                    Mean episode length: 207.16
                        Mean action std: 0.09
         Mean episode goal_per_1k_steps: 0.3866
         Mean episode mean_dist_to_ball: 2.1010
               Mean episode goals_total: 519.3750
--------------------------------------------------------------------------------
                         Iteration time: 11.66s
                           Time elapsed: 0:44:19
                                    ETA: 0:51:12

################################################################################
[1m                           Learning iteration 232/500                           [0m 

                               Run name: hierarchical_soccer_coop_hl
                            Total steps: 11452416 
                       Steps per second: 4212 
                        Collection time: 11.439s 
                          Learning time: 0.230s 
                        Mean value loss: 2.6394
                    Mean surrogate loss: -0.0004
                      Mean entropy loss: -3.0637
                            Mean reward: 89.96
                    Mean episode length: 230.44
                        Mean action std: 0.09
         Mean episode goal_per_1k_steps: 0.3703
         Mean episode mean_dist_to_ball: 2.1733
               Mean episode goals_total: 521.2084
--------------------------------------------------------------------------------
                         Iteration time: 11.67s
                           Time elapsed: 0:44:31
                                    ETA: 0:51:01

################################################################################
[1m                           Learning iteration 233/500                           [0m 

                               Run name: hierarchical_soccer_coop_hl
                            Total steps: 11501568 
                       Steps per second: 4210 
                        Collection time: 11.442s 
                          Learning time: 0.230s 
                        Mean value loss: 3.3360
                    Mean surrogate loss: -0.0030
                      Mean entropy loss: -3.0466
                            Mean reward: 86.70
                    Mean episode length: 230.30
                        Mean action std: 0.09
         Mean episode goal_per_1k_steps: 0.3113
         Mean episode mean_dist_to_ball: 2.1984
               Mean episode goals_total: 525.7084
--------------------------------------------------------------------------------
                         Iteration time: 11.67s
                           Time elapsed: 0:44:43
                                    ETA: 0:50:50

################################################################################
[1m                           Learning iteration 234/500                           [0m 

                               Run name: hierarchical_soccer_coop_hl
                            Total steps: 11550720 
                       Steps per second: 4215 
                        Collection time: 11.429s 
                          Learning time: 0.230s 
                        Mean value loss: 3.4328
                    Mean surrogate loss: -0.0039
                      Mean entropy loss: -3.0502
                            Mean reward: 86.72
                    Mean episode length: 228.63
                        Mean action std: 0.09
         Mean episode goal_per_1k_steps: 0.4069
         Mean episode mean_dist_to_ball: 2.1834
               Mean episode goals_total: 530.2500
--------------------------------------------------------------------------------
                         Iteration time: 11.66s
                           Time elapsed: 0:44:54
                                    ETA: 0:50:38

################################################################################
[1m                           Learning iteration 235/500                           [0m 

                               Run name: hierarchical_soccer_coop_hl
                            Total steps: 11599872 
                       Steps per second: 4215 
                        Collection time: 11.432s 
                          Learning time: 0.227s 
                        Mean value loss: 2.4478
                    Mean surrogate loss: -0.0017
                      Mean entropy loss: -3.0769
                            Mean reward: 91.27
                    Mean episode length: 231.68
                        Mean action std: 0.09
         Mean episode goal_per_1k_steps: 0.2645
         Mean episode mean_dist_to_ball: 2.1696
               Mean episode goals_total: 532.4167
--------------------------------------------------------------------------------
                         Iteration time: 11.66s
                           Time elapsed: 0:45:06
                                    ETA: 0:50:27

################################################################################
[1m                           Learning iteration 236/500                           [0m 

                               Run name: hierarchical_soccer_coop_hl
                            Total steps: 11649024 
                       Steps per second: 4227 
                        Collection time: 11.399s 
                          Learning time: 0.228s 
                        Mean value loss: 2.4554
                    Mean surrogate loss: -0.0012
                      Mean entropy loss: -3.0687
                            Mean reward: 89.71
                    Mean episode length: 222.23
                        Mean action std: 0.09
         Mean episode goal_per_1k_steps: 0.2889
         Mean episode mean_dist_to_ball: 2.1883
               Mean episode goals_total: 535.5417
--------------------------------------------------------------------------------
                         Iteration time: 11.63s
                           Time elapsed: 0:45:18
                                    ETA: 0:50:16

################################################################################
[1m                           Learning iteration 237/500                           [0m 

                               Run name: hierarchical_soccer_coop_hl
                            Total steps: 11698176 
                       Steps per second: 4220 
                        Collection time: 11.417s 
                          Learning time: 0.230s 
                        Mean value loss: 2.6012
                    Mean surrogate loss: -0.0010
                      Mean entropy loss: -3.0859
                            Mean reward: 90.62
                    Mean episode length: 223.62
                        Mean action std: 0.09
         Mean episode goal_per_1k_steps: 0.5208
         Mean episode mean_dist_to_ball: 2.2483
               Mean episode goals_total: 542.5417
--------------------------------------------------------------------------------
                         Iteration time: 11.65s
                           Time elapsed: 0:45:29
                                    ETA: 0:50:05

################################################################################
[1m                           Learning iteration 238/500                           [0m 

                               Run name: hierarchical_soccer_coop_hl
                            Total steps: 11747328 
                       Steps per second: 4214 
                        Collection time: 11.433s 
                          Learning time: 0.230s 
                        Mean value loss: 2.6315
                    Mean surrogate loss: -0.0023
                      Mean entropy loss: -3.1272
                            Mean reward: 86.71
                    Mean episode length: 227.24
                        Mean action std: 0.09
         Mean episode goal_per_1k_steps: 0.4395
         Mean episode mean_dist_to_ball: 2.2784
               Mean episode goals_total: 549.4167
--------------------------------------------------------------------------------
                         Iteration time: 11.66s
                           Time elapsed: 0:45:41
                                    ETA: 0:49:53

################################################################################
[1m                           Learning iteration 239/500                           [0m 

                               Run name: hierarchical_soccer_coop_hl
                            Total steps: 11796480 
                       Steps per second: 4226 
                        Collection time: 11.402s 
                          Learning time: 0.228s 
                        Mean value loss: 3.4803
                    Mean surrogate loss: -0.0026
                      Mean entropy loss: -3.1062
                            Mean reward: 82.39
                    Mean episode length: 214.30
                        Mean action std: 0.09
         Mean episode goal_per_1k_steps: 0.2625
         Mean episode mean_dist_to_ball: 2.2651
               Mean episode goals_total: 550.1667
--------------------------------------------------------------------------------
                         Iteration time: 11.63s
                           Time elapsed: 0:45:53
                                    ETA: 0:49:42

################################################################################
[1m                           Learning iteration 240/500                           [0m 

                               Run name: hierarchical_soccer_coop_hl
                            Total steps: 11845632 
                       Steps per second: 4232 
                        Collection time: 11.386s 
                          Learning time: 0.228s 
                        Mean value loss: 4.2053
                    Mean surrogate loss: -0.0033
                      Mean entropy loss: -3.0967
                            Mean reward: 81.17
                    Mean episode length: 211.68
                        Mean action std: 0.09
         Mean episode goal_per_1k_steps: 0.3194
         Mean episode mean_dist_to_ball: 2.2534
               Mean episode goals_total: 555.2500
--------------------------------------------------------------------------------
                         Iteration time: 11.61s
                           Time elapsed: 0:46:04
                                    ETA: 0:49:31

################################################################################
[1m                           Learning iteration 241/500                           [0m 

                               Run name: hierarchical_soccer_coop_hl
                            Total steps: 11894784 
                       Steps per second: 4229 
                        Collection time: 11.392s 
                          Learning time: 0.230s 
                        Mean value loss: 4.3535
                    Mean surrogate loss: -0.0046
                      Mean entropy loss: -3.0825
                            Mean reward: 84.60
                    Mean episode length: 215.63
                        Mean action std: 0.09
         Mean episode goal_per_1k_steps: 0.3520
         Mean episode mean_dist_to_ball: 2.2768
               Mean episode goals_total: 561.1667
--------------------------------------------------------------------------------
                         Iteration time: 11.62s
                           Time elapsed: 0:46:16
                                    ETA: 0:49:19

################################################################################
[1m                           Learning iteration 242/500                           [0m 

                               Run name: hierarchical_soccer_coop_hl
                            Total steps: 11943936 
                       Steps per second: 4231 
                        Collection time: 11.385s 
                          Learning time: 0.230s 
                        Mean value loss: 4.1497
                    Mean surrogate loss: -0.0038
                      Mean entropy loss: -3.0332
                            Mean reward: 85.24
                    Mean episode length: 232.45
                        Mean action std: 0.09
         Mean episode goal_per_1k_steps: 0.3662
         Mean episode mean_dist_to_ball: 2.3332
               Mean episode goals_total: 565.5000
--------------------------------------------------------------------------------
                         Iteration time: 11.62s
                           Time elapsed: 0:46:27
                                    ETA: 0:49:08

