[38;5;226m[Genesis] [18:10:11] [WARNING] Mesh is not watertight. Falling back to convex hull for estimating inertial properties.[0m
[38;5;226m[Genesis] [18:10:11] [WARNING] Mesh is not watertight. Falling back to convex hull for estimating inertial properties.[0m
[38;5;226m[Genesis] [18:10:11] [WARNING] Mesh is not watertight. Falling back to convex hull for estimating inertial properties.[0m
[38;5;226m[Genesis] [18:10:11] [WARNING] Mesh is not watertight. Falling back to convex hull for estimating inertial properties.[0m
[hierarchical] Walk model normalizer loaded: mean=torch.Size([1, 720])
[hierarchical] Frozen walk model loaded from /workspace/booster/booster_deploy/tasks/locomotion/models/t1_walk.pt
[hierarchical] HL obs dim=19, HL action dim=3
[hierarchical] HL dt=0.100s, decimation=5
--------------------------------------------------------------------------------
Resolved observation sets: 
	 actor :  ['policy']
	 critic :  ['policy']
--------------------------------------------------------------------------------
Actor Model: MLPModel(
  (obs_normalizer): Identity()
  (distribution): GaussianDistribution()
  (mlp): MLP(
    (0): Linear(in_features=19, out_features=256, bias=True)
    (1): ELU(alpha=1.0)
    (2): Linear(in_features=256, out_features=128, bias=True)
    (3): ELU(alpha=1.0)
    (4): Linear(in_features=128, out_features=64, bias=True)
    (5): ELU(alpha=1.0)
    (6): Linear(in_features=64, out_features=3, bias=True)
  )
)
Critic Model: MLPModel(
  (obs_normalizer): Identity()
  (mlp): MLP(
    (0): Linear(in_features=19, out_features=256, bias=True)
    (1): ELU(alpha=1.0)
    (2): Linear(in_features=256, out_features=128, bias=True)
    (3): ELU(alpha=1.0)
    (4): Linear(in_features=128, out_features=64, bias=True)
    (5): ELU(alpha=1.0)
    (6): Linear(in_features=64, out_features=1, bias=True)
  )
)

============================================================
  Hierarchical Soccer Training
============================================================
  High-level obs dim:    19
  High-level action dim: 3 (vx, vy, wz)
  Low-level model:       /workspace/booster/booster_deploy/tasks/locomotion/models/t1_walk.pt
  Decimation:            5 (HL dt = 0.100s)
  Envs:                  256
  Max iterations:        500
  Save interval:         50
  Log dir:               runs/hierarchical_soccer_chase_hl
============================================================

Could not find git repository in /opt/venv/lib/python3.12/site-packages/rsl_rl/__init__.py. Skipping.
################################################################################
[1m                            Learning iteration 0/500                            [0m 

                               Run name: hierarchical_soccer_chase_hl
                            Total steps: 6144 
                       Steps per second: 514 
                        Collection time: 11.134s 
                          Learning time: 0.797s 
                        Mean value loss: 47.3057
                    Mean surrogate loss: 0.0545
                      Mean entropy loss: 4.2704
                            Mean reward: 8.52
                    Mean episode length: 11.06
                        Mean action std: 1.01
--------------------------------------------------------------------------------
                         Iteration time: 11.93s
                           Time elapsed: 0:00:11
                                    ETA: 1:39:13

################################################################################
[1m                            Learning iteration 1/500                            [0m 

                               Run name: hierarchical_soccer_chase_hl
                            Total steps: 12288 
                       Steps per second: 920 
                        Collection time: 6.575s 
                          Learning time: 0.102s 
                        Mean value loss: 46.4318
                    Mean surrogate loss: 0.0009
                      Mean entropy loss: 4.2748
                            Mean reward: 20.37
                    Mean episode length: 25.95
                        Mean action std: 1.01
--------------------------------------------------------------------------------
                         Iteration time: 6.68s
                           Time elapsed: 0:00:18
                                    ETA: 1:17:13

################################################################################
[1m                            Learning iteration 2/500                            [0m 

                               Run name: hierarchical_soccer_chase_hl
                            Total steps: 18432 
                       Steps per second: 908 
                        Collection time: 6.662s 
                          Learning time: 0.099s 
                        Mean value loss: 42.8005
                    Mean surrogate loss: 0.0065
                      Mean entropy loss: 4.2848
                            Mean reward: 33.59
                    Mean episode length: 42.56
                        Mean action std: 1.01
--------------------------------------------------------------------------------
                         Iteration time: 6.76s
                           Time elapsed: 0:00:25
                                    ETA: 1:10:02

################################################################################
[1m                            Learning iteration 3/500                            [0m 

                               Run name: hierarchical_soccer_chase_hl
                            Total steps: 24576 
                       Steps per second: 928 
                        Collection time: 6.520s 
                          Learning time: 0.096s 
                        Mean value loss: 42.8932
                    Mean surrogate loss: 0.0040
                      Mean entropy loss: 4.2819
                            Mean reward: 42.66
                    Mean episode length: 53.88
                        Mean action std: 1.01
--------------------------------------------------------------------------------
                         Iteration time: 6.62s
                           Time elapsed: 0:00:31
                                    ETA: 1:06:06

################################################################################
[1m                            Learning iteration 4/500                            [0m 

                               Run name: hierarchical_soccer_chase_hl
                            Total steps: 30720 
                       Steps per second: 940 
                        Collection time: 6.435s 
                          Learning time: 0.096s 
                        Mean value loss: 41.5663
                    Mean surrogate loss: 0.0003
                      Mean entropy loss: 4.2915
                            Mean reward: 59.70
                    Mean episode length: 75.14
                        Mean action std: 1.01
--------------------------------------------------------------------------------
                         Iteration time: 6.53s
                           Time elapsed: 0:00:38
                                    ETA: 1:03:33

################################################################################
[1m                            Learning iteration 5/500                            [0m 

                               Run name: hierarchical_soccer_chase_hl
                            Total steps: 36864 
                       Steps per second: 931 
                        Collection time: 6.498s 
                          Learning time: 0.100s 
                        Mean value loss: 40.6226
                    Mean surrogate loss: -0.0015
                      Mean entropy loss: 4.2997
                            Mean reward: 78.18
                    Mean episode length: 98.27
                        Mean action std: 1.02
--------------------------------------------------------------------------------
                         Iteration time: 6.60s
                           Time elapsed: 0:00:45
                                    ETA: 1:01:54

################################################################################
[1m                            Learning iteration 6/500                            [0m 

                               Run name: hierarchical_soccer_chase_hl
                            Total steps: 43008 
                       Steps per second: 936 
                        Collection time: 6.453s 
                          Learning time: 0.106s 
                        Mean value loss: 40.3003
                    Mean surrogate loss: -0.0011
                      Mean entropy loss: 4.3101
                            Mean reward: 95.47
                    Mean episode length: 119.96
                        Mean action std: 1.02
--------------------------------------------------------------------------------
                         Iteration time: 6.56s
                           Time elapsed: 0:00:51
                                    ETA: 1:00:39

################################################################################
[1m                            Learning iteration 7/500                            [0m 

                               Run name: hierarchical_soccer_chase_hl
                            Total steps: 49152 
                       Steps per second: 925 
                        Collection time: 6.536s 
                          Learning time: 0.100s 
                        Mean value loss: 37.8584
                    Mean surrogate loss: -0.0010
                      Mean entropy loss: 4.3390
                            Mean reward: 117.50
                    Mean episode length: 147.60
                        Mean action std: 1.03
--------------------------------------------------------------------------------
                         Iteration time: 6.64s
                           Time elapsed: 0:00:58
                                    ETA: 0:59:45

################################################################################
[1m                            Learning iteration 8/500                            [0m 

                               Run name: hierarchical_soccer_chase_hl
                            Total steps: 55296 
                       Steps per second: 948 
                        Collection time: 6.379s 
                          Learning time: 0.101s 
                        Mean value loss: 38.0073
                    Mean surrogate loss: -0.0017
                      Mean entropy loss: 4.3483
                            Mean reward: 132.45
                    Mean episode length: 166.43
                        Mean action std: 1.03
--------------------------------------------------------------------------------
                         Iteration time: 6.48s
                           Time elapsed: 0:01:04
                                    ETA: 0:58:54

################################################################################
[1m                            Learning iteration 9/500                            [0m 

                               Run name: hierarchical_soccer_chase_hl
                            Total steps: 61440 
                       Steps per second: 931 
                        Collection time: 6.502s 
                          Learning time: 0.095s 
                        Mean value loss: 36.5784
                    Mean surrogate loss: -0.0009
                      Mean entropy loss: 4.3318
                            Mean reward: 151.91
                    Mean episode length: 190.71
                        Mean action std: 1.03
--------------------------------------------------------------------------------
                         Iteration time: 6.60s
                           Time elapsed: 0:01:11
                                    ETA: 0:58:17

################################################################################
[1m                           Learning iteration 10/500                            [0m 

                               Run name: hierarchical_soccer_chase_hl
                            Total steps: 67584 
                       Steps per second: 947 
                        Collection time: 6.391s 
                          Learning time: 0.096s 
                        Mean value loss: 36.2060
                    Mean surrogate loss: -0.0020
                      Mean entropy loss: 4.3334
                            Mean reward: 164.73
                    Mean episode length: 206.63
                        Mean action std: 1.02
--------------------------------------------------------------------------------
                         Iteration time: 6.49s
                           Time elapsed: 0:01:17
                                    ETA: 0:57:41

################################################################################
[1m                           Learning iteration 11/500                            [0m 

                               Run name: hierarchical_soccer_chase_hl
                            Total steps: 73728 
                       Steps per second: 939 
                        Collection time: 6.442s 
                          Learning time: 0.100s 
                        Mean value loss: 34.5449
                    Mean surrogate loss: -0.0018
                      Mean entropy loss: 4.3513
                            Mean reward: 178.19
                    Mean episode length: 223.26
                        Mean action std: 1.03
--------------------------------------------------------------------------------
                         Iteration time: 6.54s
                           Time elapsed: 0:01:24
                                    ETA: 0:57:12

################################################################################
[1m                           Learning iteration 12/500                            [0m 

                               Run name: hierarchical_soccer_chase_hl
                            Total steps: 79872 
                       Steps per second: 916 
                        Collection time: 6.606s 
                          Learning time: 0.100s 
                        Mean value loss: 34.0207
                    Mean surrogate loss: -0.0024
                      Mean entropy loss: 4.3340
                            Mean reward: 190.95
                    Mean episode length: 238.98
                        Mean action std: 1.03
--------------------------------------------------------------------------------
                         Iteration time: 6.71s
                           Time elapsed: 0:01:31
                                    ETA: 0:56:53

################################################################################
[1m                           Learning iteration 13/500                            [0m 

                               Run name: hierarchical_soccer_chase_hl
                            Total steps: 86016 
                       Steps per second: 927 
                        Collection time: 6.526s 
                          Learning time: 0.100s 
                        Mean value loss: 32.5713
                    Mean surrogate loss: -0.0020
                      Mean entropy loss: 4.3217
                            Mean reward: 192.64
                    Mean episode length: 241.00
                        Mean action std: 1.02
--------------------------------------------------------------------------------
                         Iteration time: 6.63s
                           Time elapsed: 0:01:37
                                    ETA: 0:56:33

################################################################################
[1m                           Learning iteration 14/500                            [0m 

                               Run name: hierarchical_soccer_chase_hl
                            Total steps: 92160 
                       Steps per second: 943 
                        Collection time: 6.413s 
                          Learning time: 0.099s 
                        Mean value loss: 31.7110
                    Mean surrogate loss: -0.0013
                      Mean entropy loss: 4.3751
                            Mean reward: 192.54
                    Mean episode length: 241.00
                        Mean action std: 1.05
--------------------------------------------------------------------------------
                         Iteration time: 6.51s
                           Time elapsed: 0:01:44
                                    ETA: 0:56:10

################################################################################
[1m                           Learning iteration 15/500                            [0m 

                               Run name: hierarchical_soccer_chase_hl
                            Total steps: 98304 
                       Steps per second: 935 
                        Collection time: 6.469s 
                          Learning time: 0.099s 
                        Mean value loss: 30.9090
                    Mean surrogate loss: -0.0021
                      Mean entropy loss: 4.4526
                            Mean reward: 192.58
                    Mean episode length: 241.00
                        Mean action std: 1.08
--------------------------------------------------------------------------------
                         Iteration time: 6.57s
                           Time elapsed: 0:01:50
                                    ETA: 0:55:52

################################################################################
[1m                           Learning iteration 16/500                            [0m 

                               Run name: hierarchical_soccer_chase_hl
                            Total steps: 104448 
                       Steps per second: 940 
                        Collection time: 6.433s 
                          Learning time: 0.098s 
                        Mean value loss: 30.8485
                    Mean surrogate loss: -0.0018
                      Mean entropy loss: 4.4836
                            Mean reward: 192.64
                    Mean episode length: 241.00
                        Mean action std: 1.08
--------------------------------------------------------------------------------
                         Iteration time: 6.53s
                           Time elapsed: 0:01:57
                                    ETA: 0:55:34

################################################################################
[1m                           Learning iteration 17/500                            [0m 

                               Run name: hierarchical_soccer_chase_hl
                            Total steps: 110592 
                       Steps per second: 929 
                        Collection time: 6.512s 
                          Learning time: 0.099s 
                        Mean value loss: 29.1281
                    Mean surrogate loss: -0.0038
                      Mean entropy loss: 4.4978
                            Mean reward: 192.44
                    Mean episode length: 241.00
                        Mean action std: 1.09
--------------------------------------------------------------------------------
                         Iteration time: 6.61s
                           Time elapsed: 0:02:03
                                    ETA: 0:55:19

################################################################################
[1m                           Learning iteration 18/500                            [0m 

                               Run name: hierarchical_soccer_chase_hl
                            Total steps: 116736 
                       Steps per second: 945 
                        Collection time: 6.400s 
                          Learning time: 0.098s 
                        Mean value loss: 29.4388
                    Mean surrogate loss: -0.0007
                      Mean entropy loss: 4.5015
                            Mean reward: 192.42
                    Mean episode length: 241.00
                        Mean action std: 1.09
--------------------------------------------------------------------------------
                         Iteration time: 6.50s
                           Time elapsed: 0:02:10
                                    ETA: 0:55:02

################################################################################
[1m                           Learning iteration 19/500                            [0m 

                               Run name: hierarchical_soccer_chase_hl
                            Total steps: 122880 
                       Steps per second: 931 
                        Collection time: 6.495s 
                          Learning time: 0.098s 
                        Mean value loss: 28.5730
                    Mean surrogate loss: -0.0022
                      Mean entropy loss: 4.5383
                            Mean reward: 192.42
                    Mean episode length: 241.00
                        Mean action std: 1.10
--------------------------------------------------------------------------------
                         Iteration time: 6.59s
                           Time elapsed: 0:02:17
                                    ETA: 0:54:49

################################################################################
[1m                           Learning iteration 20/500                            [0m 

                               Run name: hierarchical_soccer_chase_hl
                            Total steps: 129024 
                       Steps per second: 949 
                        Collection time: 6.372s 
                          Learning time: 0.099s 
                        Mean value loss: 27.6182
                    Mean surrogate loss: -0.0019
                      Mean entropy loss: 4.5682
                            Mean reward: 192.45
                    Mean episode length: 241.00
                        Mean action std: 1.11
--------------------------------------------------------------------------------
                         Iteration time: 6.47s
                           Time elapsed: 0:02:23
                                    ETA: 0:54:33

################################################################################
[1m                           Learning iteration 21/500                            [0m 

                               Run name: hierarchical_soccer_chase_hl
                            Total steps: 135168 
                       Steps per second: 935 
                        Collection time: 6.469s 
                          Learning time: 0.099s 
                        Mean value loss: 27.4398
                    Mean surrogate loss: -0.0015
                      Mean entropy loss: 4.5933
                            Mean reward: 192.52
                    Mean episode length: 241.00
                        Mean action std: 1.12
--------------------------------------------------------------------------------
                         Iteration time: 6.57s
                           Time elapsed: 0:02:30
                                    ETA: 0:54:21

################################################################################
[1m                           Learning iteration 22/500                            [0m 

                               Run name: hierarchical_soccer_chase_hl
                            Total steps: 141312 
                       Steps per second: 913 
                        Collection time: 6.623s 
                          Learning time: 0.099s 
                        Mean value loss: 25.8168
                    Mean surrogate loss: -0.0015
                      Mean entropy loss: 4.6025
                            Mean reward: 192.58
                    Mean episode length: 241.00
                        Mean action std: 1.12
--------------------------------------------------------------------------------
                         Iteration time: 6.72s
                           Time elapsed: 0:02:36
                                    ETA: 0:54:12

################################################################################
[1m                           Learning iteration 23/500                            [0m 

                               Run name: hierarchical_soccer_chase_hl
                            Total steps: 147456 
                       Steps per second: 925 
                        Collection time: 6.543s 
                          Learning time: 0.099s 
                        Mean value loss: 26.2862
                    Mean surrogate loss: -0.0008
                      Mean entropy loss: 4.6021
                            Mean reward: 192.56
                    Mean episode length: 241.00
                        Mean action std: 1.12
--------------------------------------------------------------------------------
                         Iteration time: 6.64s
                           Time elapsed: 0:02:43
                                    ETA: 0:54:01

################################################################################
[1m                           Learning iteration 24/500                            [0m 

                               Run name: hierarchical_soccer_chase_hl
                            Total steps: 153600 
                       Steps per second: 944 
                        Collection time: 6.408s 
                          Learning time: 0.099s 
                        Mean value loss: 25.9988
                    Mean surrogate loss: -0.0003
                      Mean entropy loss: 4.6195
                            Mean reward: 192.53
                    Mean episode length: 241.00
                        Mean action std: 1.13
--------------------------------------------------------------------------------
                         Iteration time: 6.51s
                           Time elapsed: 0:02:49
                                    ETA: 0:53:49

################################################################################
[1m                           Learning iteration 25/500                            [0m 

                               Run name: hierarchical_soccer_chase_hl
                            Total steps: 159744 
                       Steps per second: 930 
                        Collection time: 6.504s 
                          Learning time: 0.100s 
                        Mean value loss: 25.3746
                    Mean surrogate loss: -0.0018
                      Mean entropy loss: 4.6426
                            Mean reward: 192.58
                    Mean episode length: 241.00
                        Mean action std: 1.14
--------------------------------------------------------------------------------
                         Iteration time: 6.60s
                           Time elapsed: 0:02:56
                                    ETA: 0:53:39

################################################################################
[1m                           Learning iteration 26/500                            [0m 

                               Run name: hierarchical_soccer_chase_hl
                            Total steps: 165888 
                       Steps per second: 936 
                        Collection time: 6.464s 
                          Learning time: 0.100s 
                        Mean value loss: 24.7611
                    Mean surrogate loss: -0.0032
                      Mean entropy loss: 4.6385
                            Mean reward: 192.59
                    Mean episode length: 241.00
                        Mean action std: 1.14
--------------------------------------------------------------------------------
                         Iteration time: 6.56s
                           Time elapsed: 0:03:03
                                    ETA: 0:53:28

################################################################################
[1m                           Learning iteration 27/500                            [0m 

                               Run name: hierarchical_soccer_chase_hl
                            Total steps: 172032 
                       Steps per second: 927 
                        Collection time: 6.525s 
                          Learning time: 0.099s 
                        Mean value loss: 24.3487
                    Mean surrogate loss: -0.0036
                      Mean entropy loss: 4.6514
                            Mean reward: 192.81
                    Mean episode length: 241.00
                        Mean action std: 1.14
--------------------------------------------------------------------------------
                         Iteration time: 6.62s
                           Time elapsed: 0:03:09
                                    ETA: 0:53:18

################################################################################
[1m                           Learning iteration 28/500                            [0m 

                               Run name: hierarchical_soccer_chase_hl
                            Total steps: 178176 
                       Steps per second: 938 
                        Collection time: 6.449s 
                          Learning time: 0.099s 
                        Mean value loss: 24.0173
                    Mean surrogate loss: -0.0003
                      Mean entropy loss: 4.6186
                            Mean reward: 192.72
                    Mean episode length: 241.00
                        Mean action std: 1.13
--------------------------------------------------------------------------------
                         Iteration time: 6.55s
                           Time elapsed: 0:03:16
                                    ETA: 0:53:08

################################################################################
[1m                           Learning iteration 29/500                            [0m 

                               Run name: hierarchical_soccer_chase_hl
                            Total steps: 184320 
                       Steps per second: 927 
                        Collection time: 6.522s 
                          Learning time: 0.103s 
                        Mean value loss: 23.3858
                    Mean surrogate loss: -0.0035
                      Mean entropy loss: 4.6010
                            Mean reward: 192.71
                    Mean episode length: 241.00
                        Mean action std: 1.12
--------------------------------------------------------------------------------
                         Iteration time: 6.62s
                           Time elapsed: 0:03:22
                                    ETA: 0:52:59

################################################################################
[1m                           Learning iteration 30/500                            [0m 

                               Run name: hierarchical_soccer_chase_hl
                            Total steps: 190464 
                       Steps per second: 940 
                        Collection time: 6.437s 
                          Learning time: 0.096s 
                        Mean value loss: 25.5259
                    Mean surrogate loss: -0.0028
                      Mean entropy loss: 4.5977
                            Mean reward: 192.77
                    Mean episode length: 241.00
                        Mean action std: 1.12
--------------------------------------------------------------------------------
                         Iteration time: 6.53s
                           Time elapsed: 0:03:29
                                    ETA: 0:52:49

################################################################################
[1m                           Learning iteration 31/500                            [0m 

                               Run name: hierarchical_soccer_chase_hl
                            Total steps: 196608 
                       Steps per second: 929 
                        Collection time: 6.511s 
                          Learning time: 0.099s 
                        Mean value loss: 21.4589
                    Mean surrogate loss: -0.0034
                      Mean entropy loss: 4.6183
                            Mean reward: 192.77
                    Mean episode length: 241.00
                        Mean action std: 1.13
--------------------------------------------------------------------------------
                         Iteration time: 6.61s
                           Time elapsed: 0:03:36
                                    ETA: 0:52:40

################################################################################
[1m                           Learning iteration 32/500                            [0m 

                               Run name: hierarchical_soccer_chase_hl
                            Total steps: 202752 
                       Steps per second: 909 
                        Collection time: 6.657s 
                          Learning time: 0.099s 
                        Mean value loss: 20.4710
                    Mean surrogate loss: -0.0021
                      Mean entropy loss: 4.6309
                            Mean reward: 192.57
                    Mean episode length: 241.00
                        Mean action std: 1.13
--------------------------------------------------------------------------------
                         Iteration time: 6.76s
                           Time elapsed: 0:03:42
                                    ETA: 0:52:33

################################################################################
[1m                           Learning iteration 33/500                            [0m 

                               Run name: hierarchical_soccer_chase_hl
                            Total steps: 208896 
                       Steps per second: 920 
                        Collection time: 6.578s 
                          Learning time: 0.098s 
                        Mean value loss: 20.6832
                    Mean surrogate loss: -0.0026
                      Mean entropy loss: 4.6339
                            Mean reward: 192.50
                    Mean episode length: 241.00
                        Mean action std: 1.14
--------------------------------------------------------------------------------
                         Iteration time: 6.68s
                           Time elapsed: 0:03:49
                                    ETA: 0:52:25

################################################################################
[1m                           Learning iteration 34/500                            [0m 

                               Run name: hierarchical_soccer_chase_hl
                            Total steps: 215040 
                       Steps per second: 943 
                        Collection time: 6.414s 
                          Learning time: 0.099s 
                        Mean value loss: 19.8371
                    Mean surrogate loss: -0.0021
                      Mean entropy loss: 4.6537
                            Mean reward: 192.52
                    Mean episode length: 241.00
                        Mean action std: 1.15
--------------------------------------------------------------------------------
                         Iteration time: 6.51s
                           Time elapsed: 0:03:56
                                    ETA: 0:52:15

################################################################################
[1m                           Learning iteration 35/500                            [0m 

                               Run name: hierarchical_soccer_chase_hl
                            Total steps: 221184 
                       Steps per second: 932 
                        Collection time: 6.498s 
                          Learning time: 0.095s 
                        Mean value loss: 18.9843
                    Mean surrogate loss: -0.0007
                      Mean entropy loss: 4.7026
                            Mean reward: 192.52
                    Mean episode length: 241.00
                        Mean action std: 1.16
--------------------------------------------------------------------------------
                         Iteration time: 6.59s
                           Time elapsed: 0:04:02
                                    ETA: 0:52:06

################################################################################
[1m                           Learning iteration 36/500                            [0m 

                               Run name: hierarchical_soccer_chase_hl
                            Total steps: 227328 
                       Steps per second: 931 
                        Collection time: 6.497s 
                          Learning time: 0.099s 
                        Mean value loss: 19.4343
                    Mean surrogate loss: -0.0010
                      Mean entropy loss: 4.7214
                            Mean reward: 192.51
                    Mean episode length: 241.00
                        Mean action std: 1.17
--------------------------------------------------------------------------------
                         Iteration time: 6.60s
                           Time elapsed: 0:04:09
                                    ETA: 0:51:58

################################################################################
[1m                           Learning iteration 37/500                            [0m 

                               Run name: hierarchical_soccer_chase_hl
                            Total steps: 233472 
                       Steps per second: 928 
                        Collection time: 6.521s 
                          Learning time: 0.099s 
                        Mean value loss: 18.6223
                    Mean surrogate loss: -0.0026
                      Mean entropy loss: 4.7576
                            Mean reward: 192.61
                    Mean episode length: 241.00
                        Mean action std: 1.19
--------------------------------------------------------------------------------
                         Iteration time: 6.62s
                           Time elapsed: 0:04:15
                                    ETA: 0:51:50

################################################################################
[1m                           Learning iteration 38/500                            [0m 

                               Run name: hierarchical_soccer_chase_hl
                            Total steps: 239616 
                       Steps per second: 934 
                        Collection time: 6.476s 
                          Learning time: 0.098s 
                        Mean value loss: 18.3651
                    Mean surrogate loss: -0.0025
                      Mean entropy loss: 4.8047
                            Mean reward: 192.51
                    Mean episode length: 241.00
                        Mean action std: 1.21
--------------------------------------------------------------------------------
                         Iteration time: 6.57s
                           Time elapsed: 0:04:22
                                    ETA: 0:51:41

################################################################################
[1m                           Learning iteration 39/500                            [0m 

                               Run name: hierarchical_soccer_chase_hl
                            Total steps: 245760 
                       Steps per second: 934 
                        Collection time: 6.478s 
                          Learning time: 0.100s 
                        Mean value loss: 17.3203
                    Mean surrogate loss: -0.0033
                      Mean entropy loss: 4.8034
                            Mean reward: 192.53
                    Mean episode length: 241.00
                        Mean action std: 1.20
--------------------------------------------------------------------------------
                         Iteration time: 6.58s
                           Time elapsed: 0:04:28
                                    ETA: 0:51:33

################################################################################
[1m                           Learning iteration 40/500                            [0m 

                               Run name: hierarchical_soccer_chase_hl
                            Total steps: 251904 
                       Steps per second: 940 
                        Collection time: 6.429s 
                          Learning time: 0.103s 
                        Mean value loss: 16.6053
                    Mean surrogate loss: -0.0017
                      Mean entropy loss: 4.7927
                            Mean reward: 192.53
                    Mean episode length: 241.00
                        Mean action std: 1.20
--------------------------------------------------------------------------------
                         Iteration time: 6.53s
                           Time elapsed: 0:04:35
                                    ETA: 0:51:24

################################################################################
[1m                           Learning iteration 41/500                            [0m 

                               Run name: hierarchical_soccer_chase_hl
                            Total steps: 258048 
                       Steps per second: 940 
                        Collection time: 6.434s 
                          Learning time: 0.098s 
                        Mean value loss: 15.8837
                    Mean surrogate loss: -0.0014
                      Mean entropy loss: 4.8019
                            Mean reward: 192.48
                    Mean episode length: 241.00
                        Mean action std: 1.20
--------------------------------------------------------------------------------
                         Iteration time: 6.53s
                           Time elapsed: 0:04:42
                                    ETA: 0:51:15

################################################################################
[1m                           Learning iteration 42/500                            [0m 

                               Run name: hierarchical_soccer_chase_hl
                            Total steps: 264192 
                       Steps per second: 916 
                        Collection time: 6.607s 
                          Learning time: 0.094s 
                        Mean value loss: 15.4352
                    Mean surrogate loss: -0.0026
                      Mean entropy loss: 4.8333
                            Mean reward: 192.44
                    Mean episode length: 241.00
                        Mean action std: 1.23
--------------------------------------------------------------------------------
                         Iteration time: 6.70s
                           Time elapsed: 0:04:48
                                    ETA: 0:51:08

################################################################################
[1m                           Learning iteration 43/500                            [0m 

                               Run name: hierarchical_soccer_chase_hl
                            Total steps: 270336 
                       Steps per second: 920 
                        Collection time: 6.580s 
                          Learning time: 0.094s 
                        Mean value loss: 15.6150
                    Mean surrogate loss: -0.0015
                      Mean entropy loss: 4.8887
                            Mean reward: 192.55
                    Mean episode length: 241.00
                        Mean action std: 1.24
--------------------------------------------------------------------------------
                         Iteration time: 6.67s
                           Time elapsed: 0:04:55
                                    ETA: 0:51:01

################################################################################
[1m                           Learning iteration 44/500                            [0m 

                               Run name: hierarchical_soccer_chase_hl
                            Total steps: 276480 
                       Steps per second: 947 
                        Collection time: 6.385s 
                          Learning time: 0.100s 
                        Mean value loss: 15.4783
                    Mean surrogate loss: -0.0028
                      Mean entropy loss: 4.8982
                            Mean reward: 192.53
                    Mean episode length: 241.00
                        Mean action std: 1.24
--------------------------------------------------------------------------------
                         Iteration time: 6.48s
                           Time elapsed: 0:05:01
                                    ETA: 0:50:52

################################################################################
[1m                           Learning iteration 45/500                            [0m 

                               Run name: hierarchical_soccer_chase_hl
                            Total steps: 282624 
                       Steps per second: 925 
                        Collection time: 6.540s 
                          Learning time: 0.099s 
                        Mean value loss: 15.0151
                    Mean surrogate loss: -0.0031
                      Mean entropy loss: 4.9032
                            Mean reward: 192.59
                    Mean episode length: 241.00
                        Mean action std: 1.24
--------------------------------------------------------------------------------
                         Iteration time: 6.64s
                           Time elapsed: 0:05:08
                                    ETA: 0:50:45

################################################################################
[1m                           Learning iteration 46/500                            [0m 

                               Run name: hierarchical_soccer_chase_hl
                            Total steps: 288768 
                       Steps per second: 935 
                        Collection time: 6.468s 
                          Learning time: 0.099s 
                        Mean value loss: 15.0399
                    Mean surrogate loss: -0.0029
                      Mean entropy loss: 4.9013
                            Mean reward: 192.57
                    Mean episode length: 241.00
                        Mean action std: 1.24
--------------------------------------------------------------------------------
                         Iteration time: 6.57s
                           Time elapsed: 0:05:15
                                    ETA: 0:50:37

################################################################################
[1m                           Learning iteration 47/500                            [0m 

                               Run name: hierarchical_soccer_chase_hl
                            Total steps: 294912 
                       Steps per second: 927 
                        Collection time: 6.524s 
                          Learning time: 0.098s 
                        Mean value loss: 14.5641
                    Mean surrogate loss: -0.0023
                      Mean entropy loss: 4.8995
                            Mean reward: 192.54
                    Mean episode length: 241.00
                        Mean action std: 1.24
--------------------------------------------------------------------------------
                         Iteration time: 6.62s
                           Time elapsed: 0:05:21
                                    ETA: 0:50:29

################################################################################
[1m                           Learning iteration 48/500                            [0m 

                               Run name: hierarchical_soccer_chase_hl
                            Total steps: 301056 
                       Steps per second: 933 
                        Collection time: 6.482s 
                          Learning time: 0.099s 
                        Mean value loss: 14.8407
                    Mean surrogate loss: -0.0014
                      Mean entropy loss: 4.9011
                            Mean reward: 192.66
                    Mean episode length: 241.00
                        Mean action std: 1.24
--------------------------------------------------------------------------------
                         Iteration time: 6.58s
                           Time elapsed: 0:05:28
                                    ETA: 0:50:21

################################################################################
[1m                           Learning iteration 49/500                            [0m 

                               Run name: hierarchical_soccer_chase_hl
                            Total steps: 307200 
                       Steps per second: 931 
                        Collection time: 6.496s 
                          Learning time: 0.099s 
                        Mean value loss: 14.5821
                    Mean surrogate loss: -0.0005
                      Mean entropy loss: 4.9054
                            Mean reward: 192.60
                    Mean episode length: 241.00
                        Mean action std: 1.24
--------------------------------------------------------------------------------
                         Iteration time: 6.59s
                           Time elapsed: 0:05:34
                                    ETA: 0:50:14

################################################################################
[1m                           Learning iteration 50/500                            [0m 

                               Run name: hierarchical_soccer_chase_hl
                            Total steps: 313344 
                       Steps per second: 940 
                        Collection time: 6.436s 
                          Learning time: 0.099s 
                        Mean value loss: 14.3547
                    Mean surrogate loss: -0.0004
                      Mean entropy loss: 4.9355
                            Mean reward: 192.59
                    Mean episode length: 241.00
                        Mean action std: 1.27
--------------------------------------------------------------------------------
                         Iteration time: 6.54s
                           Time elapsed: 0:05:41
                                    ETA: 0:50:06

################################################################################
[1m                           Learning iteration 51/500                            [0m 

                               Run name: hierarchical_soccer_chase_hl
                            Total steps: 319488 
                       Steps per second: 939 
                        Collection time: 6.437s 
                          Learning time: 0.099s 
                        Mean value loss: 13.7583
                    Mean surrogate loss: -0.0015
                      Mean entropy loss: 4.9912
                            Mean reward: 192.57
                    Mean episode length: 241.00
                        Mean action std: 1.29
--------------------------------------------------------------------------------
                         Iteration time: 6.54s
                           Time elapsed: 0:05:47
                                    ETA: 0:49:57

################################################################################
[1m                           Learning iteration 52/500                            [0m 

                               Run name: hierarchical_soccer_chase_hl
                            Total steps: 325632 
                       Steps per second: 913 
                        Collection time: 6.627s 
                          Learning time: 0.098s 
                        Mean value loss: 13.3217
                    Mean surrogate loss: -0.0017
                      Mean entropy loss: 5.0089
                            Mean reward: 192.59
                    Mean episode length: 241.00
                        Mean action std: 1.29
--------------------------------------------------------------------------------
                         Iteration time: 6.73s
                           Time elapsed: 0:05:54
                                    ETA: 0:49:51

################################################################################
[1m                           Learning iteration 53/500                            [0m 

                               Run name: hierarchical_soccer_chase_hl
                            Total steps: 331776 
                       Steps per second: 924 
                        Collection time: 6.546s 
                          Learning time: 0.099s 
                        Mean value loss: 13.3903
                    Mean surrogate loss: -0.0010
                      Mean entropy loss: 5.0176
                            Mean reward: 192.65
                    Mean episode length: 241.00
                        Mean action std: 1.29
--------------------------------------------------------------------------------
                         Iteration time: 6.64s
                           Time elapsed: 0:06:01
                                    ETA: 0:49:44

################################################################################
[1m                           Learning iteration 54/500                            [0m 

                               Run name: hierarchical_soccer_chase_hl
                            Total steps: 337920 
                       Steps per second: 946 
                        Collection time: 6.390s 
                          Learning time: 0.098s 
                        Mean value loss: 13.5472
                    Mean surrogate loss: -0.0032
                      Mean entropy loss: 4.9973
                            Mean reward: 192.67
                    Mean episode length: 241.00
                        Mean action std: 1.28
--------------------------------------------------------------------------------
                         Iteration time: 6.49s
                           Time elapsed: 0:06:07
                                    ETA: 0:49:36

################################################################################
[1m                           Learning iteration 55/500                            [0m 

                               Run name: hierarchical_soccer_chase_hl
                            Total steps: 344064 
                       Steps per second: 927 
                        Collection time: 6.528s 
                          Learning time: 0.098s 
                        Mean value loss: 12.8696
                    Mean surrogate loss: -0.0032
                      Mean entropy loss: 4.9976
                            Mean reward: 192.69
                    Mean episode length: 241.00
                        Mean action std: 1.28
--------------------------------------------------------------------------------
                         Iteration time: 6.63s
                           Time elapsed: 0:06:14
                                    ETA: 0:49:28

################################################################################
[1m                           Learning iteration 56/500                            [0m 

                               Run name: hierarchical_soccer_chase_hl
                            Total steps: 350208 
                       Steps per second: 936 
                        Collection time: 6.461s 
                          Learning time: 0.103s 
                        Mean value loss: 12.9541
                    Mean surrogate loss: -0.0013
                      Mean entropy loss: 4.9808
                            Mean reward: 192.68
                    Mean episode length: 241.00
                        Mean action std: 1.27
--------------------------------------------------------------------------------
                         Iteration time: 6.56s
                           Time elapsed: 0:06:21
                                    ETA: 0:49:21

################################################################################
[1m                           Learning iteration 57/500                            [0m 

                               Run name: hierarchical_soccer_chase_hl
                            Total steps: 356352 
                       Steps per second: 930 
                        Collection time: 6.503s 
                          Learning time: 0.099s 
                        Mean value loss: 12.3105
                    Mean surrogate loss: -0.0029
                      Mean entropy loss: 4.9782
                            Mean reward: 192.60
                    Mean episode length: 241.00
                        Mean action std: 1.27
--------------------------------------------------------------------------------
                         Iteration time: 6.60s
                           Time elapsed: 0:06:27
                                    ETA: 0:49:14

################################################################################
[1m                           Learning iteration 58/500                            [0m 

                               Run name: hierarchical_soccer_chase_hl
                            Total steps: 362496 
                       Steps per second: 932 
                        Collection time: 6.491s 
                          Learning time: 0.099s 
                        Mean value loss: 12.8977
                    Mean surrogate loss: -0.0034
                      Mean entropy loss: 4.9928
                            Mean reward: 192.72
                    Mean episode length: 241.00
                        Mean action std: 1.28
--------------------------------------------------------------------------------
                         Iteration time: 6.59s
                           Time elapsed: 0:06:34
                                    ETA: 0:49:06

################################################################################
[1m                           Learning iteration 59/500                            [0m 

                               Run name: hierarchical_soccer_chase_hl
                            Total steps: 368640 
                       Steps per second: 926 
                        Collection time: 6.532s 
                          Learning time: 0.099s 
                        Mean value loss: 12.0505
                    Mean surrogate loss: -0.0035
                      Mean entropy loss: 5.0180
                            Mean reward: 192.81
                    Mean episode length: 241.00
                        Mean action std: 1.30
--------------------------------------------------------------------------------
                         Iteration time: 6.63s
                           Time elapsed: 0:06:40
                                    ETA: 0:48:59

################################################################################
[1m                           Learning iteration 60/500                            [0m 

                               Run name: hierarchical_soccer_chase_hl
                            Total steps: 374784 
                       Steps per second: 940 
                        Collection time: 6.437s 
                          Learning time: 0.098s 
                        Mean value loss: 12.0751
                    Mean surrogate loss: -0.0029
                      Mean entropy loss: 5.0548
                            Mean reward: 192.77
                    Mean episode length: 241.00
                        Mean action std: 1.31
--------------------------------------------------------------------------------
                         Iteration time: 6.53s
                           Time elapsed: 0:06:47
                                    ETA: 0:48:51

################################################################################
[1m                           Learning iteration 61/500                            [0m 

                               Run name: hierarchical_soccer_chase_hl
                            Total steps: 380928 
                       Steps per second: 938 
                        Collection time: 6.450s 
                          Learning time: 0.099s 
                        Mean value loss: 11.9422
                    Mean surrogate loss: -0.0022
                      Mean entropy loss: 5.0613
                            Mean reward: 192.78
                    Mean episode length: 241.00
                        Mean action std: 1.31
--------------------------------------------------------------------------------
                         Iteration time: 6.55s
                           Time elapsed: 0:06:53
                                    ETA: 0:48:44

################################################################################
[1m                           Learning iteration 62/500                            [0m 

                               Run name: hierarchical_soccer_chase_hl
                            Total steps: 387072 
                       Steps per second: 910 
                        Collection time: 6.656s 
                          Learning time: 0.094s 
                        Mean value loss: 11.2380
                    Mean surrogate loss: -0.0034
                      Mean entropy loss: 5.0656
                            Mean reward: 192.70
                    Mean episode length: 241.00
                        Mean action std: 1.31
--------------------------------------------------------------------------------
                         Iteration time: 6.75s
                           Time elapsed: 0:07:00
                                    ETA: 0:48:38

################################################################################
[1m                           Learning iteration 63/500                            [0m 

                               Run name: hierarchical_soccer_chase_hl
                            Total steps: 393216 
                       Steps per second: 923 
                        Collection time: 6.558s 
                          Learning time: 0.095s 
                        Mean value loss: 11.1531
                    Mean surrogate loss: -0.0038
                      Mean entropy loss: 5.0660
                            Mean reward: 192.60
                    Mean episode length: 241.00
                        Mean action std: 1.31
--------------------------------------------------------------------------------
                         Iteration time: 6.65s
                           Time elapsed: 0:07:07
                                    ETA: 0:48:31

################################################################################
[1m                           Learning iteration 64/500                            [0m 

                               Run name: hierarchical_soccer_chase_hl
                            Total steps: 399360 
                       Steps per second: 945 
                        Collection time: 6.396s 
                          Learning time: 0.100s 
                        Mean value loss: 11.3429
                    Mean surrogate loss: -0.0011
                      Mean entropy loss: 5.0710
                            Mean reward: 192.52
                    Mean episode length: 241.00
                        Mean action std: 1.32
--------------------------------------------------------------------------------
                         Iteration time: 6.50s
                           Time elapsed: 0:07:13
                                    ETA: 0:48:23

################################################################################
[1m                           Learning iteration 65/500                            [0m 

                               Run name: hierarchical_soccer_chase_hl
                            Total steps: 405504 
                       Steps per second: 923 
                        Collection time: 6.556s 
                          Learning time: 0.099s 
                        Mean value loss: 10.4657
                    Mean surrogate loss: -0.0027
                      Mean entropy loss: 5.1048
                            Mean reward: 192.65
                    Mean episode length: 241.00
                        Mean action std: 1.33
--------------------------------------------------------------------------------
                         Iteration time: 6.66s
                           Time elapsed: 0:07:20
                                    ETA: 0:48:16

################################################################################
[1m                           Learning iteration 66/500                            [0m 

                               Run name: hierarchical_soccer_chase_hl
                            Total steps: 411648 
                       Steps per second: 937 
                        Collection time: 6.456s 
                          Learning time: 0.099s 
                        Mean value loss: 11.0546
                    Mean surrogate loss: -0.0020
                      Mean entropy loss: 5.1378
                            Mean reward: 192.63
                    Mean episode length: 241.00
                        Mean action std: 1.35
--------------------------------------------------------------------------------
                         Iteration time: 6.56s
                           Time elapsed: 0:07:27
                                    ETA: 0:48:09

################################################################################
[1m                           Learning iteration 67/500                            [0m 

                               Run name: hierarchical_soccer_chase_hl
                            Total steps: 417792 
                       Steps per second: 932 
                        Collection time: 6.486s 
                          Learning time: 0.099s 
                        Mean value loss: 10.0495
                    Mean surrogate loss: -0.0021
                      Mean entropy loss: 5.1278
                            Mean reward: 192.76
                    Mean episode length: 241.00
                        Mean action std: 1.34
--------------------------------------------------------------------------------
                         Iteration time: 6.59s
                           Time elapsed: 0:07:33
                                    ETA: 0:48:01

################################################################################
[1m                           Learning iteration 68/500                            [0m 

                               Run name: hierarchical_soccer_chase_hl
                            Total steps: 423936 
                       Steps per second: 927 
                        Collection time: 6.523s 
                          Learning time: 0.104s 
                        Mean value loss: 9.4924
                    Mean surrogate loss: 0.0014
                      Mean entropy loss: 5.1293
                            Mean reward: 192.89
                    Mean episode length: 241.00
                        Mean action std: 1.34
--------------------------------------------------------------------------------
                         Iteration time: 6.63s
                           Time elapsed: 0:07:40
                                    ETA: 0:47:54

################################################################################
[1m                           Learning iteration 69/500                            [0m 

                               Run name: hierarchical_soccer_chase_hl
                            Total steps: 430080 
                       Steps per second: 929 
                        Collection time: 6.512s 
                          Learning time: 0.099s 
                        Mean value loss: 9.0586
                    Mean surrogate loss: -0.0022
                      Mean entropy loss: 5.1282
                            Mean reward: 192.74
                    Mean episode length: 241.00
                        Mean action std: 1.34
--------------------------------------------------------------------------------
                         Iteration time: 6.61s
                           Time elapsed: 0:07:46
                                    ETA: 0:47:47

################################################################################
[1m                           Learning iteration 70/500                            [0m 

                               Run name: hierarchical_soccer_chase_hl
                            Total steps: 436224 
                       Steps per second: 933 
                        Collection time: 6.477s 
                          Learning time: 0.103s 
                        Mean value loss: 9.7665
                    Mean surrogate loss: -0.0012
                      Mean entropy loss: 5.1253
                            Mean reward: 192.70
                    Mean episode length: 241.00
                        Mean action std: 1.34
--------------------------------------------------------------------------------
                         Iteration time: 6.58s
                           Time elapsed: 0:07:53
                                    ETA: 0:47:40

################################################################################
[1m                           Learning iteration 71/500                            [0m 

                               Run name: hierarchical_soccer_chase_hl
                            Total steps: 442368 
                       Steps per second: 937 
                        Collection time: 6.457s 
                          Learning time: 0.094s 
                        Mean value loss: 8.3628
                    Mean surrogate loss: -0.0029
                      Mean entropy loss: 5.0946
                            Mean reward: 192.54
                    Mean episode length: 241.00
                        Mean action std: 1.32
--------------------------------------------------------------------------------
                         Iteration time: 6.55s
                           Time elapsed: 0:07:59
                                    ETA: 0:47:33

################################################################################
[1m                           Learning iteration 72/500                            [0m 

                               Run name: hierarchical_soccer_chase_hl
                            Total steps: 448512 
                       Steps per second: 912 
                        Collection time: 6.640s 
                          Learning time: 0.094s 
                        Mean value loss: 9.2557
                    Mean surrogate loss: -0.0019
                      Mean entropy loss: 5.0782
                            Mean reward: 192.44
                    Mean episode length: 241.00
                        Mean action std: 1.31
--------------------------------------------------------------------------------
                         Iteration time: 6.73s
                           Time elapsed: 0:08:06
                                    ETA: 0:47:27

################################################################################
[1m                           Learning iteration 73/500                            [0m 

                               Run name: hierarchical_soccer_chase_hl
                            Total steps: 454656 
                       Steps per second: 922 
                        Collection time: 6.562s 
                          Learning time: 0.100s 
                        Mean value loss: 8.4166
                    Mean surrogate loss: -0.0019
                      Mean entropy loss: 5.0750
                            Mean reward: 192.50
                    Mean episode length: 241.00
                        Mean action std: 1.32
--------------------------------------------------------------------------------
                         Iteration time: 6.66s
                           Time elapsed: 0:08:13
                                    ETA: 0:47:20

################################################################################
[1m                           Learning iteration 74/500                            [0m 

                               Run name: hierarchical_soccer_chase_hl
                            Total steps: 460800 
                       Steps per second: 947 
                        Collection time: 6.384s 
                          Learning time: 0.099s 
                        Mean value loss: 7.8900
                    Mean surrogate loss: 0.0016
                      Mean entropy loss: 5.0622
                            Mean reward: 192.62
                    Mean episode length: 241.00
                        Mean action std: 1.31
--------------------------------------------------------------------------------
                         Iteration time: 6.48s
                           Time elapsed: 0:08:19
                                    ETA: 0:47:12

################################################################################
[1m                           Learning iteration 75/500                            [0m 

                               Run name: hierarchical_soccer_chase_hl
                            Total steps: 466944 
                       Steps per second: 926 
                        Collection time: 6.534s 
                          Learning time: 0.099s 
                        Mean value loss: 9.0996
                    Mean surrogate loss: -0.0017
                      Mean entropy loss: 5.0682
                            Mean reward: 192.66
                    Mean episode length: 241.00
                        Mean action std: 1.32
--------------------------------------------------------------------------------
                         Iteration time: 6.63s
                           Time elapsed: 0:08:26
                                    ETA: 0:47:05

################################################################################
[1m                           Learning iteration 76/500                            [0m 

                               Run name: hierarchical_soccer_chase_hl
                            Total steps: 473088 
                       Steps per second: 937 
                        Collection time: 6.453s 
                          Learning time: 0.099s 
                        Mean value loss: 7.4239
                    Mean surrogate loss: -0.0042
                      Mean entropy loss: 5.0733
                            Mean reward: 192.60
                    Mean episode length: 241.00
                        Mean action std: 1.32
--------------------------------------------------------------------------------
                         Iteration time: 6.55s
                           Time elapsed: 0:08:33
                                    ETA: 0:46:58

################################################################################
[1m                           Learning iteration 77/500                            [0m 

                               Run name: hierarchical_soccer_chase_hl
                            Total steps: 479232 
                       Steps per second: 932 
                        Collection time: 6.485s 
                          Learning time: 0.101s 
                        Mean value loss: 6.9399
                    Mean surrogate loss: -0.0027
                      Mean entropy loss: 5.0675
                            Mean reward: 192.62
                    Mean episode length: 241.00
                        Mean action std: 1.31
--------------------------------------------------------------------------------
                         Iteration time: 6.59s
                           Time elapsed: 0:08:39
                                    ETA: 0:46:51

################################################################################
[1m                           Learning iteration 78/500                            [0m 

                               Run name: hierarchical_soccer_chase_hl
                            Total steps: 485376 
                       Steps per second: 931 
                        Collection time: 6.497s 
                          Learning time: 0.099s 
                        Mean value loss: 7.1093
                    Mean surrogate loss: -0.0021
                      Mean entropy loss: 5.0690
                            Mean reward: 192.50
                    Mean episode length: 241.00
                        Mean action std: 1.32
--------------------------------------------------------------------------------
                         Iteration time: 6.60s
                           Time elapsed: 0:08:46
                                    ETA: 0:46:44

################################################################################
[1m                           Learning iteration 79/500                            [0m 

                               Run name: hierarchical_soccer_chase_hl
                            Total steps: 491520 
                       Steps per second: 927 
                        Collection time: 6.525s 
                          Learning time: 0.099s 
                        Mean value loss: 6.8358
                    Mean surrogate loss: -0.0031
                      Mean entropy loss: 5.1017
                            Mean reward: 192.47
                    Mean episode length: 241.00
                        Mean action std: 1.33
--------------------------------------------------------------------------------
                         Iteration time: 6.62s
                           Time elapsed: 0:08:52
                                    ETA: 0:46:37

################################################################################
[1m                           Learning iteration 80/500                            [0m 

                               Run name: hierarchical_soccer_chase_hl
                            Total steps: 497664 
                       Steps per second: 936 
                        Collection time: 6.459s 
                          Learning time: 0.098s 
                        Mean value loss: 6.7251
                    Mean surrogate loss: -0.0047
                      Mean entropy loss: 5.1216
                            Mean reward: 192.65
                    Mean episode length: 241.00
                        Mean action std: 1.34
--------------------------------------------------------------------------------
                         Iteration time: 6.56s
                           Time elapsed: 0:08:59
                                    ETA: 0:46:30

################################################################################
[1m                           Learning iteration 81/500                            [0m 

                               Run name: hierarchical_soccer_chase_hl
                            Total steps: 503808 
                       Steps per second: 939 
                        Collection time: 6.438s 
                          Learning time: 0.099s 
                        Mean value loss: 6.6013
                    Mean surrogate loss: -0.0025
                      Mean entropy loss: 5.1352
                            Mean reward: 192.84
                    Mean episode length: 241.00
                        Mean action std: 1.35
--------------------------------------------------------------------------------
                         Iteration time: 6.54s
                           Time elapsed: 0:09:05
                                    ETA: 0:46:23

################################################################################
[1m                           Learning iteration 82/500                            [0m 

                               Run name: hierarchical_soccer_chase_hl
                            Total steps: 509952 
                       Steps per second: 912 
                        Collection time: 6.634s 
                          Learning time: 0.098s 
                        Mean value loss: 6.0720
                    Mean surrogate loss: -0.0011
                      Mean entropy loss: 5.1498
                            Mean reward: 192.83
                    Mean episode length: 241.00
                        Mean action std: 1.35
--------------------------------------------------------------------------------
                         Iteration time: 6.73s
                           Time elapsed: 0:09:12
                                    ETA: 0:46:16

################################################################################
[1m                           Learning iteration 83/500                            [0m 

                               Run name: hierarchical_soccer_chase_hl
                            Total steps: 516096 
                       Steps per second: 921 
                        Collection time: 6.565s 
                          Learning time: 0.100s 
                        Mean value loss: 6.3754
                    Mean surrogate loss: -0.0010
                      Mean entropy loss: 5.1548
                            Mean reward: 192.78
                    Mean episode length: 241.00
                        Mean action std: 1.36
--------------------------------------------------------------------------------
                         Iteration time: 6.66s
                           Time elapsed: 0:09:19
                                    ETA: 0:46:10

################################################################################
[1m                           Learning iteration 84/500                            [0m 

                               Run name: hierarchical_soccer_chase_hl
                            Total steps: 522240 
                       Steps per second: 946 
                        Collection time: 6.396s 
                          Learning time: 0.094s 
                        Mean value loss: 6.4391
                    Mean surrogate loss: -0.0047
                      Mean entropy loss: 5.1496
                            Mean reward: 192.69
                    Mean episode length: 241.00
                        Mean action std: 1.34
--------------------------------------------------------------------------------
                         Iteration time: 6.49s
                           Time elapsed: 0:09:25
                                    ETA: 0:46:02

################################################################################
[1m                           Learning iteration 85/500                            [0m 

                               Run name: hierarchical_soccer_chase_hl
                            Total steps: 528384 
                       Steps per second: 923 
                        Collection time: 6.558s 
                          Learning time: 0.098s 
                        Mean value loss: 6.4420
                    Mean surrogate loss: -0.0016
                      Mean entropy loss: 5.1032
                            Mean reward: 192.65
                    Mean episode length: 241.00
                        Mean action std: 1.33
--------------------------------------------------------------------------------
                         Iteration time: 6.66s
                           Time elapsed: 0:09:32
                                    ETA: 0:45:56

################################################################################
[1m                           Learning iteration 86/500                            [0m 

                               Run name: hierarchical_soccer_chase_hl
                            Total steps: 534528 
                       Steps per second: 936 
                        Collection time: 6.460s 
                          Learning time: 0.099s 
                        Mean value loss: 5.9666
                    Mean surrogate loss: -0.0029
                      Mean entropy loss: 5.1307
                            Mean reward: 192.58
                    Mean episode length: 241.00
                        Mean action std: 1.34
--------------------------------------------------------------------------------
                         Iteration time: 6.56s
                           Time elapsed: 0:09:39
                                    ETA: 0:45:48

################################################################################
[1m                           Learning iteration 87/500                            [0m 

                               Run name: hierarchical_soccer_chase_hl
                            Total steps: 540672 
                       Steps per second: 925 
                        Collection time: 6.543s 
                          Learning time: 0.097s 
                        Mean value loss: 5.6599
                    Mean surrogate loss: -0.0029
                      Mean entropy loss: 5.1487
                            Mean reward: 192.59
                    Mean episode length: 241.00
                        Mean action std: 1.36
--------------------------------------------------------------------------------
                         Iteration time: 6.64s
                           Time elapsed: 0:09:45
                                    ETA: 0:45:42

################################################################################
[1m                           Learning iteration 88/500                            [0m 

                               Run name: hierarchical_soccer_chase_hl
                            Total steps: 546816 
                       Steps per second: 929 
                        Collection time: 6.514s 
                          Learning time: 0.094s 
                        Mean value loss: 5.8309
                    Mean surrogate loss: -0.0011
                      Mean entropy loss: 5.1844
                            Mean reward: 192.55
                    Mean episode length: 241.00
                        Mean action std: 1.37
--------------------------------------------------------------------------------
                         Iteration time: 6.61s
                           Time elapsed: 0:09:52
                                    ETA: 0:45:35

################################################################################
[1m                           Learning iteration 89/500                            [0m 

                               Run name: hierarchical_soccer_chase_hl
                            Total steps: 552960 
                       Steps per second: 923 
                        Collection time: 6.554s 
                          Learning time: 0.100s 
                        Mean value loss: 5.7055
                    Mean surrogate loss: -0.0007
                      Mean entropy loss: 5.1968
                            Mean reward: 192.56
                    Mean episode length: 241.00
                        Mean action std: 1.37
--------------------------------------------------------------------------------
                         Iteration time: 6.65s
                           Time elapsed: 0:09:58
                                    ETA: 0:45:28

################################################################################
[1m                           Learning iteration 90/500                            [0m 

                               Run name: hierarchical_soccer_chase_hl
                            Total steps: 559104 
                       Steps per second: 937 
                        Collection time: 6.452s 
                          Learning time: 0.100s 
                        Mean value loss: 6.0569
                    Mean surrogate loss: -0.0019
                      Mean entropy loss: 5.1985
                            Mean reward: 192.45
                    Mean episode length: 241.00
                        Mean action std: 1.37
--------------------------------------------------------------------------------
                         Iteration time: 6.55s
                           Time elapsed: 0:10:05
                                    ETA: 0:45:21

################################################################################
[1m                           Learning iteration 91/500                            [0m 

                               Run name: hierarchical_soccer_chase_hl
                            Total steps: 565248 
                       Steps per second: 933 
                        Collection time: 6.483s 
                          Learning time: 0.098s 
                        Mean value loss: 5.6353
                    Mean surrogate loss: -0.0031
                      Mean entropy loss: 5.1664
                            Mean reward: 192.49
                    Mean episode length: 241.00
                        Mean action std: 1.35
--------------------------------------------------------------------------------
                         Iteration time: 6.58s
                           Time elapsed: 0:10:12
                                    ETA: 0:45:14

################################################################################
[1m                           Learning iteration 92/500                            [0m 

                               Run name: hierarchical_soccer_chase_hl
                            Total steps: 571392 
                       Steps per second: 914 
                        Collection time: 6.626s 
                          Learning time: 0.094s 
                        Mean value loss: 5.6014
                    Mean surrogate loss: 0.0015
                      Mean entropy loss: 5.1320
                            Mean reward: 192.68
                    Mean episode length: 241.00
                        Mean action std: 1.34
--------------------------------------------------------------------------------
                         Iteration time: 6.72s
                           Time elapsed: 0:10:18
                                    ETA: 0:45:08

################################################################################
[1m                           Learning iteration 93/500                            [0m 

                               Run name: hierarchical_soccer_chase_hl
                            Total steps: 577536 
                       Steps per second: 921 
                        Collection time: 6.571s 
                          Learning time: 0.094s 
                        Mean value loss: 4.3331
                    Mean surrogate loss: -0.0054
                      Mean entropy loss: 5.1155
                            Mean reward: 192.80
                    Mean episode length: 241.00
                        Mean action std: 1.33
--------------------------------------------------------------------------------
                         Iteration time: 6.67s
                           Time elapsed: 0:10:25
                                    ETA: 0:45:01

################################################################################
[1m                           Learning iteration 94/500                            [0m 

                               Run name: hierarchical_soccer_chase_hl
                            Total steps: 583680 
                       Steps per second: 941 
                        Collection time: 6.433s 
                          Learning time: 0.094s 
                        Mean value loss: 4.2000
                    Mean surrogate loss: -0.0013
                      Mean entropy loss: 5.1088
                            Mean reward: 192.89
                    Mean episode length: 241.00
                        Mean action std: 1.33
--------------------------------------------------------------------------------
                         Iteration time: 6.53s
                           Time elapsed: 0:10:32
                                    ETA: 0:44:54

################################################################################
[1m                           Learning iteration 95/500                            [0m 

                               Run name: hierarchical_soccer_chase_hl
                            Total steps: 589824 
                       Steps per second: 923 
                        Collection time: 6.550s 
                          Learning time: 0.103s 
                        Mean value loss: 4.3118
                    Mean surrogate loss: -0.0034
                      Mean entropy loss: 5.1165
                            Mean reward: 192.76
                    Mean episode length: 241.00
                        Mean action std: 1.34
--------------------------------------------------------------------------------
                         Iteration time: 6.65s
                           Time elapsed: 0:10:38
                                    ETA: 0:44:47

################################################################################
[1m                           Learning iteration 96/500                            [0m 

                               Run name: hierarchical_soccer_chase_hl
                            Total steps: 595968 
                       Steps per second: 934 
                        Collection time: 6.473s 
                          Learning time: 0.098s 
                        Mean value loss: 4.2760
                    Mean surrogate loss: -0.0027
                      Mean entropy loss: 5.1224
                            Mean reward: 192.78
                    Mean episode length: 241.00
                        Mean action std: 1.34
--------------------------------------------------------------------------------
                         Iteration time: 6.57s
                           Time elapsed: 0:10:45
                                    ETA: 0:44:40

################################################################################
[1m                           Learning iteration 97/500                            [0m 

                               Run name: hierarchical_soccer_chase_hl
                            Total steps: 602112 
                       Steps per second: 923 
                        Collection time: 6.552s 
                          Learning time: 0.100s 
                        Mean value loss: 4.5259
                    Mean surrogate loss: -0.0014
                      Mean entropy loss: 5.1224
                            Mean reward: 192.81
                    Mean episode length: 241.00
                        Mean action std: 1.34
--------------------------------------------------------------------------------
                         Iteration time: 6.65s
                           Time elapsed: 0:10:51
                                    ETA: 0:44:34

################################################################################
[1m                           Learning iteration 98/500                            [0m 

                               Run name: hierarchical_soccer_chase_hl
                            Total steps: 608256 
                       Steps per second: 932 
                        Collection time: 6.492s 
                          Learning time: 0.098s 
                        Mean value loss: 4.3289
                    Mean surrogate loss: -0.0030
                      Mean entropy loss: 5.1267
                            Mean reward: 192.63
                    Mean episode length: 241.00
                        Mean action std: 1.34
--------------------------------------------------------------------------------
                         Iteration time: 6.59s
                           Time elapsed: 0:10:58
                                    ETA: 0:44:27

################################################################################
[1m                           Learning iteration 99/500                            [0m 

                               Run name: hierarchical_soccer_chase_hl
                            Total steps: 614400 
                       Steps per second: 927 
                        Collection time: 6.529s 
                          Learning time: 0.097s 
                        Mean value loss: 4.2553
                    Mean surrogate loss: -0.0028
                      Mean entropy loss: 5.1339
                            Mean reward: 192.55
                    Mean episode length: 241.00
                        Mean action std: 1.34
--------------------------------------------------------------------------------
                         Iteration time: 6.63s
                           Time elapsed: 0:11:05
                                    ETA: 0:44:20

################################################################################
[1m                           Learning iteration 100/500                           [0m 

                               Run name: hierarchical_soccer_chase_hl
                            Total steps: 620544 
                       Steps per second: 937 
                        Collection time: 6.456s 
                          Learning time: 0.099s 
                        Mean value loss: 3.9943
                    Mean surrogate loss: -0.0038
                      Mean entropy loss: 5.1496
                            Mean reward: 192.52
                    Mean episode length: 241.00
                        Mean action std: 1.35
--------------------------------------------------------------------------------
                         Iteration time: 6.55s
                           Time elapsed: 0:11:11
                                    ETA: 0:44:13

################################################################################
[1m                           Learning iteration 101/500                           [0m 

                               Run name: hierarchical_soccer_chase_hl
                            Total steps: 626688 
                       Steps per second: 935 
                        Collection time: 6.471s 
                          Learning time: 0.100s 
                        Mean value loss: 4.1545
                    Mean surrogate loss: -0.0010
                      Mean entropy loss: 5.1536
                            Mean reward: 192.46
                    Mean episode length: 241.00
                        Mean action std: 1.35
--------------------------------------------------------------------------------
                         Iteration time: 6.57s
                           Time elapsed: 0:11:18
                                    ETA: 0:44:06

################################################################################
[1m                           Learning iteration 102/500                           [0m 

                               Run name: hierarchical_soccer_chase_hl
                            Total steps: 632832 
                       Steps per second: 914 
                        Collection time: 6.622s 
                          Learning time: 0.098s 
                        Mean value loss: 3.8629
                    Mean surrogate loss: -0.0013
                      Mean entropy loss: 5.1762
                            Mean reward: 192.48
                    Mean episode length: 241.00
                        Mean action std: 1.37
--------------------------------------------------------------------------------
                         Iteration time: 6.72s
                           Time elapsed: 0:11:24
                                    ETA: 0:44:00

################################################################################
[1m                           Learning iteration 103/500                           [0m 

                               Run name: hierarchical_soccer_chase_hl
                            Total steps: 638976 
                       Steps per second: 914 
                        Collection time: 6.619s 
                          Learning time: 0.098s 
                        Mean value loss: 3.9380
                    Mean surrogate loss: 0.0013
                      Mean entropy loss: 5.2191
                            Mean reward: 192.41
                    Mean episode length: 241.00
                        Mean action std: 1.39
--------------------------------------------------------------------------------
                         Iteration time: 6.72s
                           Time elapsed: 0:11:31
                                    ETA: 0:43:53

################################################################################
[1m                           Learning iteration 104/500                           [0m 

                               Run name: hierarchical_soccer_chase_hl
                            Total steps: 645120 
                       Steps per second: 944 
                        Collection time: 6.404s 
                          Learning time: 0.098s 
                        Mean value loss: 3.9896
                    Mean surrogate loss: 0.0006
                      Mean entropy loss: 5.2451
                            Mean reward: 192.60
                    Mean episode length: 241.00
                        Mean action std: 1.39
--------------------------------------------------------------------------------
                         Iteration time: 6.50s
                           Time elapsed: 0:11:38
                                    ETA: 0:43:46

################################################################################
[1m                           Learning iteration 105/500                           [0m 

                               Run name: hierarchical_soccer_chase_hl
                            Total steps: 651264 
                       Steps per second: 928 
                        Collection time: 6.523s 
                          Learning time: 0.098s 
                        Mean value loss: 3.6531
                    Mean surrogate loss: -0.0035
                      Mean entropy loss: 5.2376
                            Mean reward: 194.73
                    Mean episode length: 241.00
                        Mean action std: 1.39
--------------------------------------------------------------------------------
                         Iteration time: 6.62s
                           Time elapsed: 0:11:44
                                    ETA: 0:43:39

################################################################################
[1m                           Learning iteration 106/500                           [0m 

                               Run name: hierarchical_soccer_chase_hl
                            Total steps: 657408 
                       Steps per second: 930 
                        Collection time: 6.507s 
                          Learning time: 0.097s 
                        Mean value loss: 3.0365
                    Mean surrogate loss: 0.0009
                      Mean entropy loss: 5.2423
                            Mean reward: 194.73
                    Mean episode length: 241.00
                        Mean action std: 1.39
--------------------------------------------------------------------------------
                         Iteration time: 6.60s
                           Time elapsed: 0:11:51
                                    ETA: 0:43:32

################################################################################
[1m                           Learning iteration 107/500                           [0m 

                               Run name: hierarchical_soccer_chase_hl
                            Total steps: 663552 
                       Steps per second: 919 
                        Collection time: 6.579s 
                          Learning time: 0.099s 
                        Mean value loss: 3.0115
                    Mean surrogate loss: -0.0023
                      Mean entropy loss: 5.2442
                            Mean reward: 194.75
                    Mean episode length: 241.00
                        Mean action std: 1.40
--------------------------------------------------------------------------------
                         Iteration time: 6.68s
                           Time elapsed: 0:11:58
                                    ETA: 0:43:26

################################################################################
[1m                           Learning iteration 108/500                           [0m 

                               Run name: hierarchical_soccer_chase_hl
                            Total steps: 669696 
                       Steps per second: 929 
                        Collection time: 6.515s 
                          Learning time: 0.097s 
                        Mean value loss: 2.7675
                    Mean surrogate loss: -0.0044
                      Mean entropy loss: 5.2700
                            Mean reward: 192.68
                    Mean episode length: 241.00
                        Mean action std: 1.41
--------------------------------------------------------------------------------
                         Iteration time: 6.61s
                           Time elapsed: 0:12:04
                                    ETA: 0:43:19

################################################################################
[1m                           Learning iteration 109/500                           [0m 

                               Run name: hierarchical_soccer_chase_hl
                            Total steps: 675840 
                       Steps per second: 929 
                        Collection time: 6.512s 
                          Learning time: 0.098s 
                        Mean value loss: 2.9291
                    Mean surrogate loss: -0.0045
                      Mean entropy loss: 5.2752
                            Mean reward: 192.74
                    Mean episode length: 241.00
                        Mean action std: 1.41
--------------------------------------------------------------------------------
                         Iteration time: 6.61s
                           Time elapsed: 0:12:11
                                    ETA: 0:43:12

################################################################################
[1m                           Learning iteration 110/500                           [0m 

                               Run name: hierarchical_soccer_chase_hl
                            Total steps: 681984 
                       Steps per second: 937 
                        Collection time: 6.455s 
                          Learning time: 0.098s 
                        Mean value loss: 2.8160
                    Mean surrogate loss: -0.0048
                      Mean entropy loss: 5.2810
                            Mean reward: 192.86
                    Mean episode length: 241.00
                        Mean action std: 1.41
--------------------------------------------------------------------------------
                         Iteration time: 6.55s
                           Time elapsed: 0:12:17
                                    ETA: 0:43:05

################################################################################
[1m                           Learning iteration 111/500                           [0m 

                               Run name: hierarchical_soccer_chase_hl
                            Total steps: 688128 
                       Steps per second: 936 
                        Collection time: 6.463s 
                          Learning time: 0.099s 
                        Mean value loss: 2.7361
                    Mean surrogate loss: -0.0036
                      Mean entropy loss: 5.2883
                            Mean reward: 192.85
                    Mean episode length: 241.00
                        Mean action std: 1.42
--------------------------------------------------------------------------------
                         Iteration time: 6.56s
                           Time elapsed: 0:12:24
                                    ETA: 0:42:58

################################################################################
[1m                           Learning iteration 112/500                           [0m 

                               Run name: hierarchical_soccer_chase_hl
                            Total steps: 694272 
                       Steps per second: 917 
                        Collection time: 6.601s 
                          Learning time: 0.099s 
                        Mean value loss: 2.4820
                    Mean surrogate loss: -0.0055
                      Mean entropy loss: 5.2959
                            Mean reward: 192.65
                    Mean episode length: 241.00
                        Mean action std: 1.42
--------------------------------------------------------------------------------
                         Iteration time: 6.70s
                           Time elapsed: 0:12:31
                                    ETA: 0:42:52

################################################################################
[1m                           Learning iteration 113/500                           [0m 

                               Run name: hierarchical_soccer_chase_hl
                            Total steps: 700416 
                       Steps per second: 915 
                        Collection time: 6.614s 
                          Learning time: 0.098s 
                        Mean value loss: 2.4714
                    Mean surrogate loss: -0.0032
                      Mean entropy loss: 5.2977
                            Mean reward: 192.64
                    Mean episode length: 241.00
                        Mean action std: 1.42
--------------------------------------------------------------------------------
                         Iteration time: 6.71s
                           Time elapsed: 0:12:37
                                    ETA: 0:42:45

################################################################################
[1m                           Learning iteration 114/500                           [0m 

                               Run name: hierarchical_soccer_chase_hl
                            Total steps: 706560 
                       Steps per second: 942 
                        Collection time: 6.423s 
                          Learning time: 0.098s 
                        Mean value loss: 2.2602
                    Mean surrogate loss: -0.0006
                      Mean entropy loss: 5.2968
                            Mean reward: 192.58
                    Mean episode length: 241.00
                        Mean action std: 1.42
--------------------------------------------------------------------------------
                         Iteration time: 6.52s
                           Time elapsed: 0:12:44
                                    ETA: 0:42:38

################################################################################
[1m                           Learning iteration 115/500                           [0m 

                               Run name: hierarchical_soccer_chase_hl
                            Total steps: 712704 
                       Steps per second: 931 
                        Collection time: 6.495s 
                          Learning time: 0.103s 
                        Mean value loss: 2.3776
                    Mean surrogate loss: -0.0021
                      Mean entropy loss: 5.2974
                            Mean reward: 192.69
                    Mean episode length: 241.00
                        Mean action std: 1.42
--------------------------------------------------------------------------------
                         Iteration time: 6.60s
                           Time elapsed: 0:12:50
                                    ETA: 0:42:32

################################################################################
[1m                           Learning iteration 116/500                           [0m 

                               Run name: hierarchical_soccer_chase_hl
                            Total steps: 718848 
                       Steps per second: 932 
                        Collection time: 6.488s 
                          Learning time: 0.099s 
                        Mean value loss: 2.2816
                    Mean surrogate loss: -0.0039
                      Mean entropy loss: 5.2992
                            Mean reward: 192.59
                    Mean episode length: 241.00
                        Mean action std: 1.42
--------------------------------------------------------------------------------
                         Iteration time: 6.59s
                           Time elapsed: 0:12:57
                                    ETA: 0:42:25

################################################################################
[1m                           Learning iteration 117/500                           [0m 

                               Run name: hierarchical_soccer_chase_hl
                            Total steps: 724992 
                       Steps per second: 923 
                        Collection time: 6.562s 
                          Learning time: 0.094s 
                        Mean value loss: 2.3688
                    Mean surrogate loss: 0.0012
                      Mean entropy loss: 5.2953
                            Mean reward: 192.52
                    Mean episode length: 241.00
                        Mean action std: 1.42
--------------------------------------------------------------------------------
                         Iteration time: 6.66s
                           Time elapsed: 0:13:04
                                    ETA: 0:42:18

################################################################################
[1m                           Learning iteration 118/500                           [0m 

                               Run name: hierarchical_soccer_chase_hl
                            Total steps: 731136 
                       Steps per second: 932 
                        Collection time: 6.490s 
                          Learning time: 0.096s 
                        Mean value loss: 2.6689
                    Mean surrogate loss: -0.0033
                      Mean entropy loss: 5.3062
                            Mean reward: 192.43
                    Mean episode length: 241.00
                        Mean action std: 1.42
--------------------------------------------------------------------------------
                         Iteration time: 6.59s
                           Time elapsed: 0:13:10
                                    ETA: 0:42:11

################################################################################
[1m                           Learning iteration 119/500                           [0m 

                               Run name: hierarchical_soccer_chase_hl
                            Total steps: 737280 
                       Steps per second: 927 
                        Collection time: 6.524s 
                          Learning time: 0.099s 
                        Mean value loss: 2.3985
                    Mean surrogate loss: -0.0054
                      Mean entropy loss: 5.2870
                            Mean reward: 192.44
                    Mean episode length: 241.00
                        Mean action std: 1.41
--------------------------------------------------------------------------------
                         Iteration time: 6.62s
                           Time elapsed: 0:13:17
                                    ETA: 0:42:05

################################################################################
[1m                           Learning iteration 120/500                           [0m 

                               Run name: hierarchical_soccer_chase_hl
                            Total steps: 743424 
                       Steps per second: 933 
                        Collection time: 6.487s 
                          Learning time: 0.098s 
                        Mean value loss: 2.6705
                    Mean surrogate loss: -0.0018
                      Mean entropy loss: 5.2919
                            Mean reward: 192.49
                    Mean episode length: 241.00
                        Mean action std: 1.42
--------------------------------------------------------------------------------
                         Iteration time: 6.58s
                           Time elapsed: 0:13:23
                                    ETA: 0:41:58

################################################################################
[1m                           Learning iteration 121/500                           [0m 

                               Run name: hierarchical_soccer_chase_hl
                            Total steps: 749568 
                       Steps per second: 937 
                        Collection time: 6.459s 
                          Learning time: 0.098s 
                        Mean value loss: 2.4054
                    Mean surrogate loss: -0.0047
                      Mean entropy loss: 5.2944
                            Mean reward: 192.48
                    Mean episode length: 241.00
                        Mean action std: 1.42
--------------------------------------------------------------------------------
                         Iteration time: 6.56s
                           Time elapsed: 0:13:30
                                    ETA: 0:41:51

################################################################################
[1m                           Learning iteration 122/500                           [0m 

                               Run name: hierarchical_soccer_chase_hl
                            Total steps: 755712 
                       Steps per second: 919 
                        Collection time: 6.585s 
                          Learning time: 0.098s 
                        Mean value loss: 3.6826
                    Mean surrogate loss: -0.0012
                      Mean entropy loss: 5.2984
                            Mean reward: 192.53
                    Mean episode length: 241.00
                        Mean action std: 1.42
--------------------------------------------------------------------------------
                         Iteration time: 6.68s
                           Time elapsed: 0:13:37
                                    ETA: 0:41:44

################################################################################
[1m                           Learning iteration 123/500                           [0m 

                               Run name: hierarchical_soccer_chase_hl
                            Total steps: 761856 
                       Steps per second: 911 
                        Collection time: 6.645s 
                          Learning time: 0.098s 
                        Mean value loss: 2.1054
                    Mean surrogate loss: -0.0043
                      Mean entropy loss: 5.3093
                            Mean reward: 192.53
                    Mean episode length: 241.00
                        Mean action std: 1.43
--------------------------------------------------------------------------------
                         Iteration time: 6.74s
                           Time elapsed: 0:13:43
                                    ETA: 0:41:38

################################################################################
[1m                           Learning iteration 124/500                           [0m 

                               Run name: hierarchical_soccer_chase_hl
                            Total steps: 768000 
                       Steps per second: 937 
                        Collection time: 6.458s 
                          Learning time: 0.099s 
                        Mean value loss: 1.9989
                    Mean surrogate loss: -0.0057
                      Mean entropy loss: 5.3110
                            Mean reward: 192.58
                    Mean episode length: 241.00
                        Mean action std: 1.42
--------------------------------------------------------------------------------
                         Iteration time: 6.56s
                           Time elapsed: 0:13:50
                                    ETA: 0:41:31

################################################################################
[1m                           Learning iteration 125/500                           [0m 

                               Run name: hierarchical_soccer_chase_hl
                            Total steps: 774144 
                       Steps per second: 933 
                        Collection time: 6.483s 
                          Learning time: 0.099s 
                        Mean value loss: 2.4857
                    Mean surrogate loss: -0.0048
                      Mean entropy loss: 5.3240
                            Mean reward: 192.66
                    Mean episode length: 241.00
                        Mean action std: 1.44
--------------------------------------------------------------------------------
                         Iteration time: 6.58s
                           Time elapsed: 0:13:57
                                    ETA: 0:41:24

################################################################################
[1m                           Learning iteration 126/500                           [0m 

                               Run name: hierarchical_soccer_chase_hl
                            Total steps: 780288 
                       Steps per second: 931 
                        Collection time: 6.494s 
                          Learning time: 0.099s 
                        Mean value loss: 1.9212
                    Mean surrogate loss: -0.0052
                      Mean entropy loss: 5.3431
                            Mean reward: 192.72
                    Mean episode length: 241.00
                        Mean action std: 1.44
--------------------------------------------------------------------------------
                         Iteration time: 6.59s
                           Time elapsed: 0:14:03
                                    ETA: 0:41:17

################################################################################
[1m                           Learning iteration 127/500                           [0m 

                               Run name: hierarchical_soccer_chase_hl
                            Total steps: 786432 
                       Steps per second: 924 
                        Collection time: 6.546s 
                          Learning time: 0.096s 
                        Mean value loss: 1.8555
                    Mean surrogate loss: -0.0051
                      Mean entropy loss: 5.3481
                            Mean reward: 192.69
                    Mean episode length: 241.00
                        Mean action std: 1.45
--------------------------------------------------------------------------------
                         Iteration time: 6.64s
                           Time elapsed: 0:14:10
                                    ETA: 0:41:11

################################################################################
[1m                           Learning iteration 128/500                           [0m 

                               Run name: hierarchical_soccer_chase_hl
                            Total steps: 792576 
                       Steps per second: 928 
                        Collection time: 6.518s 
                          Learning time: 0.096s 
                        Mean value loss: 2.2720
                    Mean surrogate loss: -0.0048
                      Mean entropy loss: 5.3667
                            Mean reward: 192.64
                    Mean episode length: 241.00
                        Mean action std: 1.45
--------------------------------------------------------------------------------
                         Iteration time: 6.61s
                           Time elapsed: 0:14:16
                                    ETA: 0:41:04

################################################################################
[1m                           Learning iteration 129/500                           [0m 

                               Run name: hierarchical_soccer_chase_hl
                            Total steps: 798720 
                       Steps per second: 934 
                        Collection time: 6.481s 
                          Learning time: 0.094s 
                        Mean value loss: 1.5150
                    Mean surrogate loss: -0.0021
                      Mean entropy loss: 5.3885
                            Mean reward: 192.60
                    Mean episode length: 241.00
                        Mean action std: 1.47
--------------------------------------------------------------------------------
                         Iteration time: 6.57s
                           Time elapsed: 0:14:23
                                    ETA: 0:40:57

################################################################################
[1m                           Learning iteration 130/500                           [0m 

                               Run name: hierarchical_soccer_chase_hl
                            Total steps: 804864 
                       Steps per second: 938 
                        Collection time: 6.453s 
                          Learning time: 0.096s 
                        Mean value loss: 2.4905
                    Mean surrogate loss: -0.0015
                      Mean entropy loss: 5.3991
                            Mean reward: 192.65
                    Mean episode length: 241.00
                        Mean action std: 1.46
--------------------------------------------------------------------------------
                         Iteration time: 6.55s
                           Time elapsed: 0:14:30
                                    ETA: 0:40:50

################################################################################
[1m                           Learning iteration 131/500                           [0m 

                               Run name: hierarchical_soccer_chase_hl
                            Total steps: 811008 
                       Steps per second: 938 
                        Collection time: 6.449s 
                          Learning time: 0.094s 
                        Mean value loss: 2.5092
                    Mean surrogate loss: -0.0007
                      Mean entropy loss: 5.3669
                            Mean reward: 192.63
                    Mean episode length: 241.00
                        Mean action std: 1.45
--------------------------------------------------------------------------------
                         Iteration time: 6.54s
                           Time elapsed: 0:14:36
                                    ETA: 0:40:43

################################################################################
[1m                           Learning iteration 132/500                           [0m 

                               Run name: hierarchical_soccer_chase_hl
                            Total steps: 817152 
                       Steps per second: 920 
                        Collection time: 6.580s 
                          Learning time: 0.094s 
                        Mean value loss: 1.5976
                    Mean surrogate loss: -0.0028
                      Mean entropy loss: 5.3563
                            Mean reward: 192.68
                    Mean episode length: 241.00
                        Mean action std: 1.45
--------------------------------------------------------------------------------
                         Iteration time: 6.67s
                           Time elapsed: 0:14:43
                                    ETA: 0:40:37

################################################################################
[1m                           Learning iteration 133/500                           [0m 

                               Run name: hierarchical_soccer_chase_hl
                            Total steps: 823296 
                       Steps per second: 913 
                        Collection time: 6.626s 
                          Learning time: 0.098s 
                        Mean value loss: 1.2452
                    Mean surrogate loss: -0.0036
                      Mean entropy loss: 5.3648
                            Mean reward: 192.54
                    Mean episode length: 241.00
                        Mean action std: 1.46
--------------------------------------------------------------------------------
                         Iteration time: 6.72s
                           Time elapsed: 0:14:50
                                    ETA: 0:40:30

################################################################################
[1m                           Learning iteration 134/500                           [0m 

                               Run name: hierarchical_soccer_chase_hl
                            Total steps: 829440 
                       Steps per second: 930 
                        Collection time: 6.501s 
                          Learning time: 0.099s 
                        Mean value loss: 1.3015
                    Mean surrogate loss: -0.0028
                      Mean entropy loss: 5.3814
                            Mean reward: 192.55
                    Mean episode length: 241.00
                        Mean action std: 1.46
--------------------------------------------------------------------------------
                         Iteration time: 6.60s
                           Time elapsed: 0:14:56
                                    ETA: 0:40:24

################################################################################
[1m                           Learning iteration 135/500                           [0m 

                               Run name: hierarchical_soccer_chase_hl
                            Total steps: 835584 
                       Steps per second: 933 
                        Collection time: 6.485s 
                          Learning time: 0.097s 
                        Mean value loss: 0.8479
                    Mean surrogate loss: -0.0021
                      Mean entropy loss: 5.3559
                            Mean reward: 192.57
                    Mean episode length: 241.00
                        Mean action std: 1.44
--------------------------------------------------------------------------------
                         Iteration time: 6.58s
                           Time elapsed: 0:15:03
                                    ETA: 0:40:17

################################################################################
[1m                           Learning iteration 136/500                           [0m 

                               Run name: hierarchical_soccer_chase_hl
                            Total steps: 841728 
                       Steps per second: 931 
                        Collection time: 6.501s 
                          Learning time: 0.098s 
                        Mean value loss: 0.7294
                    Mean surrogate loss: -0.0043
                      Mean entropy loss: 5.3621
                            Mean reward: 192.55
                    Mean episode length: 241.00
                        Mean action std: 1.45
--------------------------------------------------------------------------------
                         Iteration time: 6.60s
                           Time elapsed: 0:15:09
                                    ETA: 0:40:10

################################################################################
[1m                           Learning iteration 137/500                           [0m 

                               Run name: hierarchical_soccer_chase_hl
                            Total steps: 847872 
                       Steps per second: 928 
                        Collection time: 6.518s 
                          Learning time: 0.098s 
                        Mean value loss: 0.7457
                    Mean surrogate loss: -0.0063
                      Mean entropy loss: 5.3656
                            Mean reward: 192.58
                    Mean episode length: 241.00
                        Mean action std: 1.45
--------------------------------------------------------------------------------
                         Iteration time: 6.62s
                           Time elapsed: 0:15:16
                                    ETA: 0:40:03

################################################################################
[1m                           Learning iteration 138/500                           [0m 

                               Run name: hierarchical_soccer_chase_hl
                            Total steps: 854016 
                       Steps per second: 926 
                        Collection time: 6.535s 
                          Learning time: 0.098s 
                        Mean value loss: 0.8057
                    Mean surrogate loss: -0.0028
                      Mean entropy loss: 5.3565
                            Mean reward: 192.62
                    Mean episode length: 241.00
                        Mean action std: 1.45
--------------------------------------------------------------------------------
                         Iteration time: 6.63s
                           Time elapsed: 0:15:23
                                    ETA: 0:39:57

################################################################################
[1m                           Learning iteration 139/500                           [0m 

                               Run name: hierarchical_soccer_chase_hl
                            Total steps: 860160 
                       Steps per second: 932 
                        Collection time: 6.494s 
                          Learning time: 0.098s 
                        Mean value loss: 0.8956
                    Mean surrogate loss: -0.0059
                      Mean entropy loss: 5.3895
                            Mean reward: 192.55
                    Mean episode length: 241.00
                        Mean action std: 1.47
--------------------------------------------------------------------------------
                         Iteration time: 6.59s
                           Time elapsed: 0:15:29
                                    ETA: 0:39:50

################################################################################
[1m                           Learning iteration 140/500                           [0m 

                               Run name: hierarchical_soccer_chase_hl
                            Total steps: 866304 
                       Steps per second: 936 
                        Collection time: 6.462s 
                          Learning time: 0.098s 
                        Mean value loss: 0.8068
                    Mean surrogate loss: -0.0061
                      Mean entropy loss: 5.4340
                            Mean reward: 192.62
                    Mean episode length: 241.00
                        Mean action std: 1.49
--------------------------------------------------------------------------------
                         Iteration time: 6.56s
                           Time elapsed: 0:15:36
                                    ETA: 0:39:43

################################################################################
[1m                           Learning iteration 141/500                           [0m 

                               Run name: hierarchical_soccer_chase_hl
                            Total steps: 872448 
                       Steps per second: 938 
                        Collection time: 6.450s 
                          Learning time: 0.099s 
                        Mean value loss: 0.8513
                    Mean surrogate loss: -0.0032
                      Mean entropy loss: 5.4461
                            Mean reward: 192.67
                    Mean episode length: 241.00
                        Mean action std: 1.49
--------------------------------------------------------------------------------
                         Iteration time: 6.55s
                           Time elapsed: 0:15:42
                                    ETA: 0:39:36

################################################################################
[1m                           Learning iteration 142/500                           [0m 

                               Run name: hierarchical_soccer_chase_hl
                            Total steps: 878592 
                       Steps per second: 919 
                        Collection time: 6.581s 
                          Learning time: 0.099s 
                        Mean value loss: 0.6740
                    Mean surrogate loss: -0.0043
                      Mean entropy loss: 5.4502
                            Mean reward: 192.64
                    Mean episode length: 241.00
                        Mean action std: 1.49
--------------------------------------------------------------------------------
                         Iteration time: 6.68s
                           Time elapsed: 0:15:49
                                    ETA: 0:39:30

################################################################################
[1m                           Learning iteration 143/500                           [0m 

                               Run name: hierarchical_soccer_chase_hl
                            Total steps: 884736 
                       Steps per second: 913 
                        Collection time: 6.628s 
                          Learning time: 0.099s 
                        Mean value loss: 0.9093
                    Mean surrogate loss: -0.0056
                      Mean entropy loss: 5.4584
                            Mean reward: 192.81
                    Mean episode length: 241.00
                        Mean action std: 1.50
--------------------------------------------------------------------------------
                         Iteration time: 6.73s
                           Time elapsed: 0:15:56
                                    ETA: 0:39:23

################################################################################
[1m                           Learning iteration 144/500                           [0m 

                               Run name: hierarchical_soccer_chase_hl
                            Total steps: 890880 
                       Steps per second: 929 
                        Collection time: 6.510s 
                          Learning time: 0.099s 
                        Mean value loss: 1.1123
                    Mean surrogate loss: -0.0059
                      Mean entropy loss: 5.4777
                            Mean reward: 192.79
                    Mean episode length: 241.00
                        Mean action std: 1.51
--------------------------------------------------------------------------------
                         Iteration time: 6.61s
                           Time elapsed: 0:16:02
                                    ETA: 0:39:17

################################################################################
[1m                           Learning iteration 145/500                           [0m 

                               Run name: hierarchical_soccer_chase_hl
                            Total steps: 897024 
                       Steps per second: 933 
                        Collection time: 6.484s 
                          Learning time: 0.099s 
                        Mean value loss: 0.8877
                    Mean surrogate loss: -0.0058
                      Mean entropy loss: 5.4754
                            Mean reward: 192.70
                    Mean episode length: 241.00
                        Mean action std: 1.50
--------------------------------------------------------------------------------
                         Iteration time: 6.58s
                           Time elapsed: 0:16:09
                                    ETA: 0:39:10

################################################################################
[1m                           Learning iteration 146/500                           [0m 

                               Run name: hierarchical_soccer_chase_hl
                            Total steps: 903168 
                       Steps per second: 936 
                        Collection time: 6.462s 
                          Learning time: 0.098s 
                        Mean value loss: 0.5149
                    Mean surrogate loss: -0.0074
                      Mean entropy loss: 5.4824
                            Mean reward: 192.72
                    Mean episode length: 241.00
                        Mean action std: 1.51
--------------------------------------------------------------------------------
                         Iteration time: 6.56s
                           Time elapsed: 0:16:15
                                    ETA: 0:39:03

################################################################################
[1m                           Learning iteration 147/500                           [0m 

                               Run name: hierarchical_soccer_chase_hl
                            Total steps: 909312 
                       Steps per second: 929 
                        Collection time: 6.513s 
                          Learning time: 0.098s 
                        Mean value loss: 0.5163
                    Mean surrogate loss: -0.0058
                      Mean entropy loss: 5.5010
                            Mean reward: 192.59
                    Mean episode length: 241.00
                        Mean action std: 1.52
--------------------------------------------------------------------------------
                         Iteration time: 6.61s
                           Time elapsed: 0:16:22
                                    ETA: 0:38:56

################################################################################
[1m                           Learning iteration 148/500                           [0m 

                               Run name: hierarchical_soccer_chase_hl
                            Total steps: 915456 
                       Steps per second: 923 
                        Collection time: 6.555s 
                          Learning time: 0.098s 
                        Mean value loss: 0.4192
                    Mean surrogate loss: -0.0039
                      Mean entropy loss: 5.5129
                            Mean reward: 192.65
                    Mean episode length: 241.00
                        Mean action std: 1.52
--------------------------------------------------------------------------------
                         Iteration time: 6.65s
                           Time elapsed: 0:16:29
                                    ETA: 0:38:50

################################################################################
[1m                           Learning iteration 149/500                           [0m 

                               Run name: hierarchical_soccer_chase_hl
                            Total steps: 921600 
                       Steps per second: 932 
                        Collection time: 6.491s 
                          Learning time: 0.098s 
                        Mean value loss: 0.7600
                    Mean surrogate loss: -0.0023
                      Mean entropy loss: 5.5126
                            Mean reward: 192.70
                    Mean episode length: 241.00
                        Mean action std: 1.52
--------------------------------------------------------------------------------
                         Iteration time: 6.59s
                           Time elapsed: 0:16:35
                                    ETA: 0:38:43

################################################################################
[1m                           Learning iteration 150/500                           [0m 

                               Run name: hierarchical_soccer_chase_hl
                            Total steps: 927744 
                       Steps per second: 931 
                        Collection time: 6.501s 
                          Learning time: 0.097s 
                        Mean value loss: 0.5439
                    Mean surrogate loss: -0.0029
                      Mean entropy loss: 5.5125
                            Mean reward: 192.68
                    Mean episode length: 241.00
                        Mean action std: 1.52
--------------------------------------------------------------------------------
                         Iteration time: 6.60s
                           Time elapsed: 0:16:42
                                    ETA: 0:38:36

################################################################################
[1m                           Learning iteration 151/500                           [0m 

                               Run name: hierarchical_soccer_chase_hl
                            Total steps: 933888 
                       Steps per second: 941 
                        Collection time: 6.427s 
                          Learning time: 0.099s 
                        Mean value loss: 0.3625
                    Mean surrogate loss: -0.0029
                      Mean entropy loss: 5.5223
                            Mean reward: 193.44
                    Mean episode length: 241.00
                        Mean action std: 1.53
--------------------------------------------------------------------------------
                         Iteration time: 6.53s
                           Time elapsed: 0:16:48
                                    ETA: 0:38:29

################################################################################
[1m                           Learning iteration 152/500                           [0m 

                               Run name: hierarchical_soccer_chase_hl
                            Total steps: 940032 
                       Steps per second: 915 
                        Collection time: 6.613s 
                          Learning time: 0.098s 
                        Mean value loss: 0.2076
                    Mean surrogate loss: -0.0089
                      Mean entropy loss: 5.5421
                            Mean reward: 193.52
                    Mean episode length: 241.00
                        Mean action std: 1.54
--------------------------------------------------------------------------------
                         Iteration time: 6.71s
                           Time elapsed: 0:16:55
                                    ETA: 0:38:23

################################################################################
[1m                           Learning iteration 153/500                           [0m 

                               Run name: hierarchical_soccer_chase_hl
                            Total steps: 946176 
                       Steps per second: 912 
                        Collection time: 6.640s 
                          Learning time: 0.094s 
                        Mean value loss: 0.3120
                    Mean surrogate loss: -0.0059
                      Mean entropy loss: 5.5594
                            Mean reward: 193.44
                    Mean episode length: 241.00
                        Mean action std: 1.55
--------------------------------------------------------------------------------
                         Iteration time: 6.73s
                           Time elapsed: 0:17:02
                                    ETA: 0:38:16

################################################################################
[1m                           Learning iteration 154/500                           [0m 

                               Run name: hierarchical_soccer_chase_hl
                            Total steps: 952320 
                       Steps per second: 931 
                        Collection time: 6.504s 
                          Learning time: 0.094s 
                        Mean value loss: 0.1592
                    Mean surrogate loss: -0.0075
                      Mean entropy loss: 5.5701
                            Mean reward: 193.45
                    Mean episode length: 241.00
                        Mean action std: 1.55
--------------------------------------------------------------------------------
                         Iteration time: 6.60s
                           Time elapsed: 0:17:08
                                    ETA: 0:38:10

################################################################################
[1m                           Learning iteration 155/500                           [0m 

                               Run name: hierarchical_soccer_chase_hl
                            Total steps: 958464 
                       Steps per second: 936 
                        Collection time: 6.463s 
                          Learning time: 0.094s 
                        Mean value loss: 0.1368
                    Mean surrogate loss: -0.0058
                      Mean entropy loss: 5.5785
                            Mean reward: 192.61
                    Mean episode length: 241.00
                        Mean action std: 1.56
--------------------------------------------------------------------------------
                         Iteration time: 6.56s
                           Time elapsed: 0:17:15
                                    ETA: 0:38:03

################################################################################
[1m                           Learning iteration 156/500                           [0m 

                               Run name: hierarchical_soccer_chase_hl
                            Total steps: 964608 
                       Steps per second: 934 
                        Collection time: 6.477s 
                          Learning time: 0.098s 
                        Mean value loss: 0.0866
                    Mean surrogate loss: -0.0081
                      Mean entropy loss: 5.5829
                            Mean reward: 192.61
                    Mean episode length: 241.00
                        Mean action std: 1.56
--------------------------------------------------------------------------------
                         Iteration time: 6.58s
                           Time elapsed: 0:17:22
                                    ETA: 0:37:56

################################################################################
[1m                           Learning iteration 157/500                           [0m 

                               Run name: hierarchical_soccer_chase_hl
                            Total steps: 970752 
                       Steps per second: 926 
                        Collection time: 6.530s 
                          Learning time: 0.100s 
                        Mean value loss: 0.1205
                    Mean surrogate loss: -0.0032
                      Mean entropy loss: 5.5832
                            Mean reward: 192.67
                    Mean episode length: 241.00
                        Mean action std: 1.56
--------------------------------------------------------------------------------
                         Iteration time: 6.63s
                           Time elapsed: 0:17:28
                                    ETA: 0:37:49

################################################################################
[1m                           Learning iteration 158/500                           [0m 

                               Run name: hierarchical_soccer_chase_hl
                            Total steps: 976896 
                       Steps per second: 923 
                        Collection time: 6.553s 
                          Learning time: 0.099s 
                        Mean value loss: 0.0797
                    Mean surrogate loss: -0.0061
                      Mean entropy loss: 5.5899
                            Mean reward: 192.51
                    Mean episode length: 241.00
                        Mean action std: 1.56
--------------------------------------------------------------------------------
                         Iteration time: 6.65s
                           Time elapsed: 0:17:35
                                    ETA: 0:37:43

################################################################################
[1m                           Learning iteration 159/500                           [0m 

                               Run name: hierarchical_soccer_chase_hl
                            Total steps: 983040 
                       Steps per second: 933 
                        Collection time: 6.481s 
                          Learning time: 0.098s 
                        Mean value loss: 0.0977
                    Mean surrogate loss: -0.0027
                      Mean entropy loss: 5.5912
                            Mean reward: 192.49
                    Mean episode length: 241.00
                        Mean action std: 1.56
--------------------------------------------------------------------------------
                         Iteration time: 6.58s
                           Time elapsed: 0:17:41
                                    ETA: 0:37:36

################################################################################
[1m                           Learning iteration 160/500                           [0m 

                               Run name: hierarchical_soccer_chase_hl
                            Total steps: 989184 
                       Steps per second: 930 
                        Collection time: 6.503s 
                          Learning time: 0.099s 
                        Mean value loss: 0.4249
                    Mean surrogate loss: -0.0004
                      Mean entropy loss: 5.5913
                            Mean reward: 192.44
                    Mean episode length: 241.00
                        Mean action std: 1.56
--------------------------------------------------------------------------------
                         Iteration time: 6.60s
                           Time elapsed: 0:17:48
                                    ETA: 0:37:29

################################################################################
[1m                           Learning iteration 161/500                           [0m 

                               Run name: hierarchical_soccer_chase_hl
                            Total steps: 995328 
                       Steps per second: 942 
                        Collection time: 6.419s 
                          Learning time: 0.098s 
                        Mean value loss: 0.0676
                    Mean surrogate loss: -0.0052
                      Mean entropy loss: 5.5942
                            Mean reward: 192.36
                    Mean episode length: 241.00
                        Mean action std: 1.56
--------------------------------------------------------------------------------
                         Iteration time: 6.52s
                           Time elapsed: 0:17:55
                                    ETA: 0:37:22

################################################################################
[1m                           Learning iteration 162/500                           [0m 

                               Run name: hierarchical_soccer_chase_hl
                            Total steps: 1001472 
                       Steps per second: 918 
                        Collection time: 6.593s 
                          Learning time: 0.099s 
                        Mean value loss: 0.0523
                    Mean surrogate loss: -0.0031
                      Mean entropy loss: 5.5960
                            Mean reward: 192.39
                    Mean episode length: 241.00
                        Mean action std: 1.56
--------------------------------------------------------------------------------
                         Iteration time: 6.69s
                           Time elapsed: 0:18:01
                                    ETA: 0:37:16

################################################################################
[1m                           Learning iteration 163/500                           [0m 

                               Run name: hierarchical_soccer_chase_hl
                            Total steps: 1007616 
                       Steps per second: 911 
                        Collection time: 6.640s 
                          Learning time: 0.099s 
                        Mean value loss: 0.0515
                    Mean surrogate loss: -0.0035
                      Mean entropy loss: 5.5967
                            Mean reward: 192.55
                    Mean episode length: 241.00
                        Mean action std: 1.56
--------------------------------------------------------------------------------
                         Iteration time: 6.74s
                           Time elapsed: 0:18:08
                                    ETA: 0:37:10

################################################################################
[1m                           Learning iteration 164/500                           [0m 

                               Run name: hierarchical_soccer_chase_hl
                            Total steps: 1013760 
                       Steps per second: 929 
                        Collection time: 6.517s 
                          Learning time: 0.095s 
                        Mean value loss: 0.0540
                    Mean surrogate loss: -0.0051
                      Mean entropy loss: 5.5977
                            Mean reward: 192.51
                    Mean episode length: 241.00
                        Mean action std: 1.57
--------------------------------------------------------------------------------
                         Iteration time: 6.61s
                           Time elapsed: 0:18:15
                                    ETA: 0:37:03

################################################################################
[1m                           Learning iteration 165/500                           [0m 

                               Run name: hierarchical_soccer_chase_hl
                            Total steps: 1019904 
                       Steps per second: 937 
                        Collection time: 6.457s 
                          Learning time: 0.099s 
                        Mean value loss: 0.0547
                    Mean surrogate loss: -0.0054
                      Mean entropy loss: 5.6008
                            Mean reward: 192.57
                    Mean episode length: 241.00
                        Mean action std: 1.57
--------------------------------------------------------------------------------
                         Iteration time: 6.56s
                           Time elapsed: 0:18:21
                                    ETA: 0:36:56

################################################################################
[1m                           Learning iteration 166/500                           [0m 

                               Run name: hierarchical_soccer_chase_hl
                            Total steps: 1026048 
                       Steps per second: 930 
                        Collection time: 6.507s 
                          Learning time: 0.095s 
                        Mean value loss: 0.0530
                    Mean surrogate loss: -0.0087
                      Mean entropy loss: 5.6085
                            Mean reward: 192.62
                    Mean episode length: 241.00
                        Mean action std: 1.57
--------------------------------------------------------------------------------
                         Iteration time: 6.60s
                           Time elapsed: 0:18:28
                                    ETA: 0:36:49

################################################################################
[1m                           Learning iteration 167/500                           [0m 

                               Run name: hierarchical_soccer_chase_hl
                            Total steps: 1032192 
                       Steps per second: 928 
                        Collection time: 6.524s 
                          Learning time: 0.094s 
                        Mean value loss: 0.0432
                    Mean surrogate loss: -0.0062
                      Mean entropy loss: 5.6090
                            Mean reward: 192.53
                    Mean episode length: 241.00
                        Mean action std: 1.57
--------------------------------------------------------------------------------
                         Iteration time: 6.62s
                           Time elapsed: 0:18:34
                                    ETA: 0:36:43

################################################################################
[1m                           Learning iteration 168/500                           [0m 

                               Run name: hierarchical_soccer_chase_hl
                            Total steps: 1038336 
                       Steps per second: 924 
                        Collection time: 6.551s 
                          Learning time: 0.098s 
                        Mean value loss: 0.0780
                    Mean surrogate loss: -0.0054
                      Mean entropy loss: 5.6088
                            Mean reward: 192.59
                    Mean episode length: 241.00
                        Mean action std: 1.57
--------------------------------------------------------------------------------
                         Iteration time: 6.65s
                           Time elapsed: 0:18:41
                                    ETA: 0:36:36

################################################################################
[1m                           Learning iteration 169/500                           [0m 

                               Run name: hierarchical_soccer_chase_hl
                            Total steps: 1044480 
                       Steps per second: 935 
                        Collection time: 6.470s 
                          Learning time: 0.099s 
                        Mean value loss: 0.0591
                    Mean surrogate loss: -0.0051
                      Mean entropy loss: 5.6099
                            Mean reward: 192.84
                    Mean episode length: 241.00
                        Mean action std: 1.57
--------------------------------------------------------------------------------
                         Iteration time: 6.57s
                           Time elapsed: 0:18:48
                                    ETA: 0:36:29

################################################################################
[1m                           Learning iteration 170/500                           [0m 

                               Run name: hierarchical_soccer_chase_hl
                            Total steps: 1050624 
                       Steps per second: 928 
                        Collection time: 6.525s 
                          Learning time: 0.094s 
                        Mean value loss: 0.0719
                    Mean surrogate loss: -0.0090
                      Mean entropy loss: 5.6031
                            Mean reward: 192.78
                    Mean episode length: 241.00
                        Mean action std: 1.56
--------------------------------------------------------------------------------
                         Iteration time: 6.62s
                           Time elapsed: 0:18:54
                                    ETA: 0:36:23

################################################################################
[1m                           Learning iteration 171/500                           [0m 

                               Run name: hierarchical_soccer_chase_hl
                            Total steps: 1056768 
                       Steps per second: 943 
                        Collection time: 6.417s 
                          Learning time: 0.099s 
                        Mean value loss: 0.1611
                    Mean surrogate loss: -0.0044
                      Mean entropy loss: 5.5934
                            Mean reward: 192.83
                    Mean episode length: 241.00
                        Mean action std: 1.57
--------------------------------------------------------------------------------
                         Iteration time: 6.52s
                           Time elapsed: 0:19:01
                                    ETA: 0:36:16

################################################################################
[1m                           Learning iteration 172/500                           [0m 

                               Run name: hierarchical_soccer_chase_hl
                            Total steps: 1062912 
                       Steps per second: 921 
                        Collection time: 6.569s 
                          Learning time: 0.099s 
                        Mean value loss: 0.0341
                    Mean surrogate loss: -0.0085
                      Mean entropy loss: 5.6222
                            Mean reward: 192.84
                    Mean episode length: 241.00
                        Mean action std: 1.58
--------------------------------------------------------------------------------
                         Iteration time: 6.67s
                           Time elapsed: 0:19:07
                                    ETA: 0:36:09

################################################################################
[1m                           Learning iteration 173/500                           [0m 

                               Run name: hierarchical_soccer_chase_hl
                            Total steps: 1069056 
                       Steps per second: 911 
                        Collection time: 6.644s 
                          Learning time: 0.094s 
                        Mean value loss: 0.1898
                    Mean surrogate loss: -0.0060
                      Mean entropy loss: 5.6484
                            Mean reward: 192.69
                    Mean episode length: 241.00
                        Mean action std: 1.60
--------------------------------------------------------------------------------
                         Iteration time: 6.74s
                           Time elapsed: 0:19:14
                                    ETA: 0:36:03

################################################################################
[1m                           Learning iteration 174/500                           [0m 

                               Run name: hierarchical_soccer_chase_hl
                            Total steps: 1075200 
                       Steps per second: 933 
                        Collection time: 6.481s 
                          Learning time: 0.099s 
                        Mean value loss: 0.2199
                    Mean surrogate loss: -0.0067
                      Mean entropy loss: 5.6675
                            Mean reward: 192.83
                    Mean episode length: 241.00
                        Mean action std: 1.60
--------------------------------------------------------------------------------
                         Iteration time: 6.58s
                           Time elapsed: 0:19:21
                                    ETA: 0:35:56

################################################################################
[1m                           Learning iteration 175/500                           [0m 

                               Run name: hierarchical_soccer_chase_hl
                            Total steps: 1081344 
                       Steps per second: 931 
                        Collection time: 6.500s 
                          Learning time: 0.098s 
                        Mean value loss: 0.3373
                    Mean surrogate loss: -0.0075
                      Mean entropy loss: 5.6744
                            Mean reward: 192.88
                    Mean episode length: 241.00
                        Mean action std: 1.60
--------------------------------------------------------------------------------
                         Iteration time: 6.60s
                           Time elapsed: 0:19:27
                                    ETA: 0:35:49

################################################################################
[1m                           Learning iteration 176/500                           [0m 

                               Run name: hierarchical_soccer_chase_hl
                            Total steps: 1087488 
                       Steps per second: 927 
                        Collection time: 6.528s 
                          Learning time: 0.098s 
                        Mean value loss: 0.0817
                    Mean surrogate loss: -0.0075
                      Mean entropy loss: 5.6635
                            Mean reward: 192.84
                    Mean episode length: 241.00
                        Mean action std: 1.60
--------------------------------------------------------------------------------
                         Iteration time: 6.63s
                           Time elapsed: 0:19:34
                                    ETA: 0:35:43

################################################################################
[1m                           Learning iteration 177/500                           [0m 

                               Run name: hierarchical_soccer_chase_hl
                            Total steps: 1093632 
                       Steps per second: 928 
                        Collection time: 6.525s 
                          Learning time: 0.094s 
                        Mean value loss: 0.2313
                    Mean surrogate loss: -0.0061
                      Mean entropy loss: 5.6574
                            Mean reward: 192.77
                    Mean episode length: 241.00
                        Mean action std: 1.60
--------------------------------------------------------------------------------
                         Iteration time: 6.62s
                           Time elapsed: 0:19:41
                                    ETA: 0:35:36

################################################################################
[1m                           Learning iteration 178/500                           [0m 

                               Run name: hierarchical_soccer_chase_hl
                            Total steps: 1099776 
                       Steps per second: 922 
                        Collection time: 6.569s 
                          Learning time: 0.095s 
                        Mean value loss: 0.0078
                    Mean surrogate loss: -0.0079
                      Mean entropy loss: 5.6612
                            Mean reward: 192.68
                    Mean episode length: 241.00
                        Mean action std: 1.60
--------------------------------------------------------------------------------
                         Iteration time: 6.66s
                           Time elapsed: 0:19:47
                                    ETA: 0:35:29

################################################################################
[1m                           Learning iteration 179/500                           [0m 

                               Run name: hierarchical_soccer_chase_hl
                            Total steps: 1105920 
                       Steps per second: 933 
                        Collection time: 6.489s 
                          Learning time: 0.095s 
                        Mean value loss: 0.0256
                    Mean surrogate loss: -0.0059
                      Mean entropy loss: 5.6606
                            Mean reward: 192.66
                    Mean episode length: 241.00
                        Mean action std: 1.59
--------------------------------------------------------------------------------
                         Iteration time: 6.58s
                           Time elapsed: 0:19:54
                                    ETA: 0:35:23

################################################################################
[1m                           Learning iteration 180/500                           [0m 

                               Run name: hierarchical_soccer_chase_hl
                            Total steps: 1112064 
                       Steps per second: 925 
                        Collection time: 6.539s 
                          Learning time: 0.099s 
                        Mean value loss: 0.0426
                    Mean surrogate loss: -0.0036
                      Mean entropy loss: 5.6513
                            Mean reward: 192.79
                    Mean episode length: 241.00
                        Mean action std: 1.59
--------------------------------------------------------------------------------
                         Iteration time: 6.64s
                           Time elapsed: 0:20:00
                                    ETA: 0:35:16

################################################################################
[1m                           Learning iteration 181/500                           [0m 

                               Run name: hierarchical_soccer_chase_hl
                            Total steps: 1118208 
                       Steps per second: 938 
                        Collection time: 6.450s 
                          Learning time: 0.099s 
                        Mean value loss: 0.0054
                    Mean surrogate loss: -0.0033
                      Mean entropy loss: 5.6560
                            Mean reward: 192.82
                    Mean episode length: 241.00
                        Mean action std: 1.60
--------------------------------------------------------------------------------
                         Iteration time: 6.55s
                           Time elapsed: 0:20:07
                                    ETA: 0:35:09

################################################################################
[1m                           Learning iteration 182/500                           [0m 

                               Run name: hierarchical_soccer_chase_hl
                            Total steps: 1124352 
                       Steps per second: 920 
                        Collection time: 6.579s 
                          Learning time: 0.098s 
                        Mean value loss: 0.0214
                    Mean surrogate loss: -0.0079
                      Mean entropy loss: 5.6574
                            Mean reward: 192.70
                    Mean episode length: 241.00
                        Mean action std: 1.60
--------------------------------------------------------------------------------
                         Iteration time: 6.68s
                           Time elapsed: 0:20:14
                                    ETA: 0:35:03

################################################################################
[1m                           Learning iteration 183/500                           [0m 

                               Run name: hierarchical_soccer_chase_hl
                            Total steps: 1130496 
                       Steps per second: 908 
                        Collection time: 6.667s 
                          Learning time: 0.098s 
                        Mean value loss: 0.0101
                    Mean surrogate loss: -0.0062
                      Mean entropy loss: 5.6528
                            Mean reward: 192.61
                    Mean episode length: 241.00
                        Mean action std: 1.59
--------------------------------------------------------------------------------
                         Iteration time: 6.77s
                           Time elapsed: 0:20:20
                                    ETA: 0:34:56

################################################################################
[1m                           Learning iteration 184/500                           [0m 

                               Run name: hierarchical_soccer_chase_hl
                            Total steps: 1136640 
                       Steps per second: 931 
                        Collection time: 6.496s 
                          Learning time: 0.099s 
                        Mean value loss: 0.0061
                    Mean surrogate loss: -0.0053
                      Mean entropy loss: 5.6521
                            Mean reward: 192.56
                    Mean episode length: 241.00
                        Mean action std: 1.60
--------------------------------------------------------------------------------
                         Iteration time: 6.59s
                           Time elapsed: 0:20:27
                                    ETA: 0:34:50

################################################################################
[1m                           Learning iteration 185/500                           [0m 

                               Run name: hierarchical_soccer_chase_hl
                            Total steps: 1142784 
                       Steps per second: 933 
                        Collection time: 6.486s 
                          Learning time: 0.097s 
                        Mean value loss: 0.0013
                    Mean surrogate loss: -0.0021
                      Mean entropy loss: 5.6540
                            Mean reward: 192.64
                    Mean episode length: 241.00
                        Mean action std: 1.60
--------------------------------------------------------------------------------
                         Iteration time: 6.58s
                           Time elapsed: 0:20:34
                                    ETA: 0:34:43

################################################################################
[1m                           Learning iteration 186/500                           [0m 

                               Run name: hierarchical_soccer_chase_hl
                            Total steps: 1148928 
                       Steps per second: 931 
                        Collection time: 6.500s 
                          Learning time: 0.098s 
                        Mean value loss: 0.0019
                    Mean surrogate loss: -0.0034
                      Mean entropy loss: 5.6543
                            Mean reward: 192.66
                    Mean episode length: 241.00
                        Mean action std: 1.60
--------------------------------------------------------------------------------
                         Iteration time: 6.60s
                           Time elapsed: 0:20:40
                                    ETA: 0:34:36

################################################################################
[1m                           Learning iteration 187/500                           [0m 

                               Run name: hierarchical_soccer_chase_hl
                            Total steps: 1155072 
                       Steps per second: 923 
                        Collection time: 6.553s 
                          Learning time: 0.098s 
                        Mean value loss: 0.0020
                    Mean surrogate loss: -0.0047
                      Mean entropy loss: 5.6550
                            Mean reward: 192.72
                    Mean episode length: 241.00
                        Mean action std: 1.60
--------------------------------------------------------------------------------
                         Iteration time: 6.65s
                           Time elapsed: 0:20:47
                                    ETA: 0:34:30

################################################################################
[1m                           Learning iteration 188/500                           [0m 

                               Run name: hierarchical_soccer_chase_hl
                            Total steps: 1161216 
                       Steps per second: 922 
                        Collection time: 6.561s 
                          Learning time: 0.098s 
                        Mean value loss: 0.0026
                    Mean surrogate loss: -0.0056
                      Mean entropy loss: 5.6554
                            Mean reward: 192.68
                    Mean episode length: 241.00
                        Mean action std: 1.60
--------------------------------------------------------------------------------
                         Iteration time: 6.66s
                           Time elapsed: 0:20:53
                                    ETA: 0:34:23

################################################################################
[1m                           Learning iteration 189/500                           [0m 

                               Run name: hierarchical_soccer_chase_hl
                            Total steps: 1167360 
                       Steps per second: 939 
                        Collection time: 6.443s 
                          Learning time: 0.097s 
                        Mean value loss: 0.0021
                    Mean surrogate loss: -0.0058
                      Mean entropy loss: 5.6559
                            Mean reward: 192.72
                    Mean episode length: 241.00
                        Mean action std: 1.60
--------------------------------------------------------------------------------
                         Iteration time: 6.54s
                           Time elapsed: 0:21:00
                                    ETA: 0:34:16

################################################################################
[1m                           Learning iteration 190/500                           [0m 

                               Run name: hierarchical_soccer_chase_hl
                            Total steps: 1173504 
                       Steps per second: 929 
                        Collection time: 6.512s 
                          Learning time: 0.098s 
                        Mean value loss: 0.0030
                    Mean surrogate loss: -0.0053
                      Mean entropy loss: 5.6562
                            Mean reward: 192.78
                    Mean episode length: 241.00
                        Mean action std: 1.60
--------------------------------------------------------------------------------
                         Iteration time: 6.61s
                           Time elapsed: 0:21:07
                                    ETA: 0:34:09

################################################################################
[1m                           Learning iteration 191/500                           [0m 

                               Run name: hierarchical_soccer_chase_hl
                            Total steps: 1179648 
                       Steps per second: 939 
                        Collection time: 6.442s 
                          Learning time: 0.098s 
                        Mean value loss: 0.0025
                    Mean surrogate loss: -0.0051
                      Mean entropy loss: 5.6563
                            Mean reward: 192.76
                    Mean episode length: 241.00
                        Mean action std: 1.60
--------------------------------------------------------------------------------
                         Iteration time: 6.54s
                           Time elapsed: 0:21:13
                                    ETA: 0:34:03

################################################################################
[1m                           Learning iteration 192/500                           [0m 

                               Run name: hierarchical_soccer_chase_hl
                            Total steps: 1185792 
                       Steps per second: 925 
                        Collection time: 6.541s 
                          Learning time: 0.099s 
                        Mean value loss: 0.0022
                    Mean surrogate loss: -0.0067
                      Mean entropy loss: 5.6562
                            Mean reward: 192.79
                    Mean episode length: 241.00
                        Mean action std: 1.60
--------------------------------------------------------------------------------
                         Iteration time: 6.64s
                           Time elapsed: 0:21:20
                                    ETA: 0:33:56

################################################################################
[1m                           Learning iteration 193/500                           [0m 

                               Run name: hierarchical_soccer_chase_hl
                            Total steps: 1191936 
                       Steps per second: 909 
                        Collection time: 6.660s 
                          Learning time: 0.099s 
                        Mean value loss: 0.0063
                    Mean surrogate loss: 0.0042
                      Mean entropy loss: 5.6563
                            Mean reward: 192.59
                    Mean episode length: 241.00
                        Mean action std: 1.60
--------------------------------------------------------------------------------
                         Iteration time: 6.76s
                           Time elapsed: 0:21:27
                                    ETA: 0:33:50

################################################################################
[1m                           Learning iteration 194/500                           [0m 

                               Run name: hierarchical_soccer_chase_hl
                            Total steps: 1198080 
                       Steps per second: 931 
                        Collection time: 6.494s 
                          Learning time: 0.099s 
                        Mean value loss: 0.0210
                    Mean surrogate loss: -0.0062
                      Mean entropy loss: 5.6576
                            Mean reward: 192.51
                    Mean episode length: 241.00
                        Mean action std: 1.60
--------------------------------------------------------------------------------
                         Iteration time: 6.59s
                           Time elapsed: 0:21:33
                                    ETA: 0:33:43

################################################################################
[1m                           Learning iteration 195/500                           [0m 

                               Run name: hierarchical_soccer_chase_hl
                            Total steps: 1204224 
                       Steps per second: 933 
                        Collection time: 6.488s 
                          Learning time: 0.097s 
                        Mean value loss: 0.0015
                    Mean surrogate loss: -0.0054
                      Mean entropy loss: 5.6508
                            Mean reward: 192.45
                    Mean episode length: 241.00
                        Mean action std: 1.59
--------------------------------------------------------------------------------
                         Iteration time: 6.59s
                           Time elapsed: 0:21:40
                                    ETA: 0:33:36

################################################################################
[1m                           Learning iteration 196/500                           [0m 

                               Run name: hierarchical_soccer_chase_hl
                            Total steps: 1210368 
                       Steps per second: 927 
                        Collection time: 6.527s 
                          Learning time: 0.097s 
                        Mean value loss: 0.0127
                    Mean surrogate loss: -0.0038
                      Mean entropy loss: 5.6412
                            Mean reward: 192.61
                    Mean episode length: 241.00
                        Mean action std: 1.59
--------------------------------------------------------------------------------
                         Iteration time: 6.62s
                           Time elapsed: 0:21:46
                                    ETA: 0:33:30

################################################################################
[1m                           Learning iteration 197/500                           [0m 

                               Run name: hierarchical_soccer_chase_hl
                            Total steps: 1216512 
                       Steps per second: 929 
                        Collection time: 6.510s 
                          Learning time: 0.099s 
                        Mean value loss: 0.0015
                    Mean surrogate loss: -0.0029
                      Mean entropy loss: 5.6401
                            Mean reward: 192.65
                    Mean episode length: 241.00
                        Mean action std: 1.59
--------------------------------------------------------------------------------
                         Iteration time: 6.61s
                           Time elapsed: 0:21:53
                                    ETA: 0:33:23

################################################################################
[1m                           Learning iteration 198/500                           [0m 

                               Run name: hierarchical_soccer_chase_hl
                            Total steps: 1222656 
                       Steps per second: 920 
                        Collection time: 6.577s 
                          Learning time: 0.099s 
                        Mean value loss: 0.0020
                    Mean surrogate loss: -0.0036
                      Mean entropy loss: 5.6392
                            Mean reward: 192.68
                    Mean episode length: 241.00
                        Mean action std: 1.59
--------------------------------------------------------------------------------
                         Iteration time: 6.68s
                           Time elapsed: 0:22:00
                                    ETA: 0:33:16

################################################################################
[1m                           Learning iteration 199/500                           [0m 

                               Run name: hierarchical_soccer_chase_hl
                            Total steps: 1228800 
                       Steps per second: 933 
                        Collection time: 6.484s 
                          Learning time: 0.099s 
                        Mean value loss: 0.0035
                    Mean surrogate loss: -0.0040
                      Mean entropy loss: 5.6390
                            Mean reward: 192.72
                    Mean episode length: 241.00
                        Mean action std: 1.59
--------------------------------------------------------------------------------
                         Iteration time: 6.58s
                           Time elapsed: 0:22:06
                                    ETA: 0:33:10

################################################################################
[1m                           Learning iteration 200/500                           [0m 

                               Run name: hierarchical_soccer_chase_hl
                            Total steps: 1234944 
                       Steps per second: 932 
                        Collection time: 6.488s 
                          Learning time: 0.099s 
                        Mean value loss: 0.0014
                    Mean surrogate loss: -0.0025
                      Mean entropy loss: 5.6398
                            Mean reward: 192.70
                    Mean episode length: 241.00
                        Mean action std: 1.59
--------------------------------------------------------------------------------
                         Iteration time: 6.59s
                           Time elapsed: 0:22:13
                                    ETA: 0:33:03

################################################################################
[1m                           Learning iteration 201/500                           [0m 

                               Run name: hierarchical_soccer_chase_hl
                            Total steps: 1241088 
                       Steps per second: 936 
                        Collection time: 6.459s 
                          Learning time: 0.099s 
                        Mean value loss: 0.0018
                    Mean surrogate loss: -0.0023
                      Mean entropy loss: 5.6418
                            Mean reward: 192.72
                    Mean episode length: 241.00
                        Mean action std: 1.59
--------------------------------------------------------------------------------
                         Iteration time: 6.56s
                           Time elapsed: 0:22:19
                                    ETA: 0:32:56

################################################################################
[1m                           Learning iteration 202/500                           [0m 

                               Run name: hierarchical_soccer_chase_hl
                            Total steps: 1247232 
                       Steps per second: 928 
                        Collection time: 6.521s 
                          Learning time: 0.099s 
                        Mean value loss: 0.0112
                    Mean surrogate loss: -0.0040
                      Mean entropy loss: 5.6483
                            Mean reward: 192.68
                    Mean episode length: 241.00
                        Mean action std: 1.60
--------------------------------------------------------------------------------
                         Iteration time: 6.62s
                           Time elapsed: 0:22:26
                                    ETA: 0:32:50

################################################################################
[1m                           Learning iteration 203/500                           [0m 

                               Run name: hierarchical_soccer_chase_hl
                            Total steps: 1253376 
                       Steps per second: 904 
                        Collection time: 6.697s 
                          Learning time: 0.098s 
                        Mean value loss: 0.0054
                    Mean surrogate loss: -0.0045
                      Mean entropy loss: 5.6484
                            Mean reward: 192.74
                    Mean episode length: 241.00
                        Mean action std: 1.59
--------------------------------------------------------------------------------
                         Iteration time: 6.79s
                           Time elapsed: 0:22:33
                                    ETA: 0:32:43

################################################################################
[1m                           Learning iteration 204/500                           [0m 

                               Run name: hierarchical_soccer_chase_hl
                            Total steps: 1259520 
                       Steps per second: 927 
                        Collection time: 6.527s 
                          Learning time: 0.094s 
                        Mean value loss: 0.0018
                    Mean surrogate loss: -0.0039
                      Mean entropy loss: 5.6479
                            Mean reward: 192.69
                    Mean episode length: 241.00
                        Mean action std: 1.59
--------------------------------------------------------------------------------
                         Iteration time: 6.62s
                           Time elapsed: 0:22:39
                                    ETA: 0:32:36

################################################################################
[1m                           Learning iteration 205/500                           [0m 

                               Run name: hierarchical_soccer_chase_hl
                            Total steps: 1265664 
                       Steps per second: 924 
                        Collection time: 6.551s 
                          Learning time: 0.094s 
                        Mean value loss: 0.0030
                    Mean surrogate loss: -0.0038
                      Mean entropy loss: 5.6494
                            Mean reward: 192.68
                    Mean episode length: 241.00
                        Mean action std: 1.60
--------------------------------------------------------------------------------
                         Iteration time: 6.65s
                           Time elapsed: 0:22:46
                                    ETA: 0:32:30

################################################################################
[1m                           Learning iteration 206/500                           [0m 

                               Run name: hierarchical_soccer_chase_hl
                            Total steps: 1271808 
                       Steps per second: 926 
                        Collection time: 6.536s 
                          Learning time: 0.094s 
                        Mean value loss: 0.0070
                    Mean surrogate loss: 0.0023
                      Mean entropy loss: 5.6520
                            Mean reward: 192.61
                    Mean episode length: 241.00
                        Mean action std: 1.60
--------------------------------------------------------------------------------
                         Iteration time: 6.63s
                           Time elapsed: 0:22:53
                                    ETA: 0:32:23

################################################################################
[1m                           Learning iteration 207/500                           [0m 

                               Run name: hierarchical_soccer_chase_hl
                            Total steps: 1277952 
                       Steps per second: 925 
                        Collection time: 6.538s 
                          Learning time: 0.097s 
                        Mean value loss: 0.0037
                    Mean surrogate loss: -0.0038
                      Mean entropy loss: 5.6540
                            Mean reward: 192.75
                    Mean episode length: 241.00
                        Mean action std: 1.60
--------------------------------------------------------------------------------
                         Iteration time: 6.64s
                           Time elapsed: 0:22:59
                                    ETA: 0:32:17

################################################################################
[1m                           Learning iteration 208/500                           [0m 

                               Run name: hierarchical_soccer_chase_hl
                            Total steps: 1284096 
                       Steps per second: 918 
                        Collection time: 6.592s 
                          Learning time: 0.097s 
                        Mean value loss: 0.0045
                    Mean surrogate loss: -0.0042
                      Mean entropy loss: 5.6550
                            Mean reward: 192.84
                    Mean episode length: 241.00
                        Mean action std: 1.60
--------------------------------------------------------------------------------
                         Iteration time: 6.69s
                           Time elapsed: 0:23:06
                                    ETA: 0:32:10

################################################################################
[1m                           Learning iteration 209/500                           [0m 

                               Run name: hierarchical_soccer_chase_hl
                            Total steps: 1290240 
                       Steps per second: 931 
                        Collection time: 6.496s 
                          Learning time: 0.099s 
                        Mean value loss: 0.0155
                    Mean surrogate loss: -0.0009
                      Mean entropy loss: 5.6568
                            Mean reward: 192.71
                    Mean episode length: 241.00
                        Mean action std: 1.60
--------------------------------------------------------------------------------
                         Iteration time: 6.60s
                           Time elapsed: 0:23:13
                                    ETA: 0:32:03

################################################################################
[1m                           Learning iteration 210/500                           [0m 

                               Run name: hierarchical_soccer_chase_hl
                            Total steps: 1296384 
                       Steps per second: 929 
                        Collection time: 6.509s 
                          Learning time: 0.099s 
                        Mean value loss: 0.0021
                    Mean surrogate loss: -0.0028
                      Mean entropy loss: 5.6584
                            Mean reward: 192.73
                    Mean episode length: 241.00
                        Mean action std: 1.60
--------------------------------------------------------------------------------
                         Iteration time: 6.61s
                           Time elapsed: 0:23:19
                                    ETA: 0:31:57

################################################################################
[1m                           Learning iteration 211/500                           [0m 

                               Run name: hierarchical_soccer_chase_hl
                            Total steps: 1302528 
                       Steps per second: 934 
                        Collection time: 6.472s 
                          Learning time: 0.099s 
                        Mean value loss: 0.0017
                    Mean surrogate loss: -0.0046
                      Mean entropy loss: 5.6612
                            Mean reward: 192.76
                    Mean episode length: 241.00
                        Mean action std: 1.60
--------------------------------------------------------------------------------
                         Iteration time: 6.57s
                           Time elapsed: 0:23:26
                                    ETA: 0:31:50

################################################################################
[1m                           Learning iteration 212/500                           [0m 

                               Run name: hierarchical_soccer_chase_hl
                            Total steps: 1308672 
                       Steps per second: 925 
                        Collection time: 6.539s 
                          Learning time: 0.097s 
                        Mean value loss: 0.0025
                    Mean surrogate loss: -0.0005
                      Mean entropy loss: 5.6643
                            Mean reward: 192.81
                    Mean episode length: 241.00
                        Mean action std: 1.60
--------------------------------------------------------------------------------
                         Iteration time: 6.64s
                           Time elapsed: 0:23:32
                                    ETA: 0:31:43

################################################################################
[1m                           Learning iteration 213/500                           [0m 

                               Run name: hierarchical_soccer_chase_hl
                            Total steps: 1314816 
                       Steps per second: 906 
                        Collection time: 6.681s 
                          Learning time: 0.098s 
                        Mean value loss: 0.0027
                    Mean surrogate loss: -0.0029
                      Mean entropy loss: 5.6670
                            Mean reward: 192.95
                    Mean episode length: 241.00
                        Mean action std: 1.60
--------------------------------------------------------------------------------
                         Iteration time: 6.78s
                           Time elapsed: 0:23:39
                                    ETA: 0:31:37

################################################################################
[1m                           Learning iteration 214/500                           [0m 

                               Run name: hierarchical_soccer_chase_hl
                            Total steps: 1320960 
                       Steps per second: 931 
                        Collection time: 6.496s 
                          Learning time: 0.098s 
                        Mean value loss: 0.0031
                    Mean surrogate loss: -0.0030
                      Mean entropy loss: 5.6674
                            Mean reward: 192.91
                    Mean episode length: 241.00
                        Mean action std: 1.60
--------------------------------------------------------------------------------
                         Iteration time: 6.59s
                           Time elapsed: 0:23:46
                                    ETA: 0:31:30

################################################################################
[1m                           Learning iteration 215/500                           [0m 

                               Run name: hierarchical_soccer_chase_hl
                            Total steps: 1327104 
                       Steps per second: 932 
                        Collection time: 6.490s 
                          Learning time: 0.098s 
                        Mean value loss: 0.2802
                    Mean surrogate loss: -0.0008
                      Mean entropy loss: 5.6665
                            Mean reward: 192.82
                    Mean episode length: 241.00
                        Mean action std: 1.60
--------------------------------------------------------------------------------
                         Iteration time: 6.59s
                           Time elapsed: 0:23:52
                                    ETA: 0:31:23

################################################################################
[1m                           Learning iteration 216/500                           [0m 

                               Run name: hierarchical_soccer_chase_hl
                            Total steps: 1333248 
                       Steps per second: 925 
                        Collection time: 6.542s 
                          Learning time: 0.099s 
                        Mean value loss: 0.3405
                    Mean surrogate loss: -0.0006
                      Mean entropy loss: 5.6634
                            Mean reward: 192.70
                    Mean episode length: 241.00
                        Mean action std: 1.60
--------------------------------------------------------------------------------
                         Iteration time: 6.64s
                           Time elapsed: 0:23:59
                                    ETA: 0:31:17

################################################################################
[1m                           Learning iteration 217/500                           [0m 

                               Run name: hierarchical_soccer_chase_hl
                            Total steps: 1339392 
                       Steps per second: 931 
                        Collection time: 6.496s 
                          Learning time: 0.098s 
                        Mean value loss: 0.3089
                    Mean surrogate loss: 0.0270
                      Mean entropy loss: 5.6597
                            Mean reward: 192.73
                    Mean episode length: 241.00
                        Mean action std: 1.60
--------------------------------------------------------------------------------
                         Iteration time: 6.59s
                           Time elapsed: 0:24:06
                                    ETA: 0:31:10

################################################################################
[1m                           Learning iteration 218/500                           [0m 

                               Run name: hierarchical_soccer_chase_hl
                            Total steps: 1345536 
                       Steps per second: 924 
                        Collection time: 6.551s 
                          Learning time: 0.098s 
                        Mean value loss: 0.3131
                    Mean surrogate loss: 0.0022
                      Mean entropy loss: 5.6608
                            Mean reward: 192.71
                    Mean episode length: 241.00
                        Mean action std: 1.60
--------------------------------------------------------------------------------
                         Iteration time: 6.65s
                           Time elapsed: 0:24:12
                                    ETA: 0:31:04

################################################################################
[1m                           Learning iteration 219/500                           [0m 

                               Run name: hierarchical_soccer_chase_hl
                            Total steps: 1351680 
                       Steps per second: 937 
                        Collection time: 6.454s 
                          Learning time: 0.097s 
                        Mean value loss: 0.1376
                    Mean surrogate loss: 0.0017
                      Mean entropy loss: 5.6684
                            Mean reward: 194.10
                    Mean episode length: 241.00
                        Mean action std: 1.61
--------------------------------------------------------------------------------
                         Iteration time: 6.55s
                           Time elapsed: 0:24:19
                                    ETA: 0:30:57

################################################################################
[1m                           Learning iteration 220/500                           [0m 

                               Run name: hierarchical_soccer_chase_hl
                            Total steps: 1357824 
                       Steps per second: 928 
                        Collection time: 6.517s 
                          Learning time: 0.098s 
                        Mean value loss: 0.0340
                    Mean surrogate loss: -0.0038
                      Mean entropy loss: 5.6830
                            Mean reward: 194.14
                    Mean episode length: 241.00
                        Mean action std: 1.61
--------------------------------------------------------------------------------
                         Iteration time: 6.62s
                           Time elapsed: 0:24:25
                                    ETA: 0:30:50

################################################################################
[1m                           Learning iteration 221/500                           [0m 

                               Run name: hierarchical_soccer_chase_hl
                            Total steps: 1363968 
                       Steps per second: 938 
                        Collection time: 6.449s 
                          Learning time: 0.099s 
                        Mean value loss: 0.0220
                    Mean surrogate loss: -0.0002
                      Mean entropy loss: 5.6829
                            Mean reward: 194.10
                    Mean episode length: 241.00
                        Mean action std: 1.61
--------------------------------------------------------------------------------
                         Iteration time: 6.55s
                           Time elapsed: 0:24:32
                                    ETA: 0:30:43

################################################################################
[1m                           Learning iteration 222/500                           [0m 

                               Run name: hierarchical_soccer_chase_hl
                            Total steps: 1370112 
                       Steps per second: 926 
                        Collection time: 6.540s 
                          Learning time: 0.094s 
                        Mean value loss: 0.0092
                    Mean surrogate loss: -0.0017
                      Mean entropy loss: 5.6876
                            Mean reward: 194.08
                    Mean episode length: 241.00
                        Mean action std: 1.62
--------------------------------------------------------------------------------
                         Iteration time: 6.63s
                           Time elapsed: 0:24:39
                                    ETA: 0:30:37

################################################################################
[1m                           Learning iteration 223/500                           [0m 

                               Run name: hierarchical_soccer_chase_hl
                            Total steps: 1376256 
                       Steps per second: 905 
                        Collection time: 6.684s 
                          Learning time: 0.099s 
                        Mean value loss: 0.0451
                    Mean surrogate loss: -0.0029
                      Mean entropy loss: 5.6956
                            Mean reward: 192.68
                    Mean episode length: 241.00
                        Mean action std: 1.62
--------------------------------------------------------------------------------
                         Iteration time: 6.78s
                           Time elapsed: 0:24:45
                                    ETA: 0:30:30

################################################################################
[1m                           Learning iteration 224/500                           [0m 

                               Run name: hierarchical_soccer_chase_hl
                            Total steps: 1382400 
                       Steps per second: 926 
                        Collection time: 6.538s 
                          Learning time: 0.096s 
                        Mean value loss: 0.0085
                    Mean surrogate loss: -0.0038
                      Mean entropy loss: 5.6987
                            Mean reward: 192.77
                    Mean episode length: 241.00
                        Mean action std: 1.62
--------------------------------------------------------------------------------
                         Iteration time: 6.63s
                           Time elapsed: 0:24:52
                                    ETA: 0:30:24

################################################################################
[1m                           Learning iteration 225/500                           [0m 

                               Run name: hierarchical_soccer_chase_hl
                            Total steps: 1388544 
                       Steps per second: 934 
                        Collection time: 6.480s 
                          Learning time: 0.096s 
                        Mean value loss: 0.0075
                    Mean surrogate loss: -0.0032
                      Mean entropy loss: 5.7073
                            Mean reward: 192.86
                    Mean episode length: 241.00
                        Mean action std: 1.63
--------------------------------------------------------------------------------
                         Iteration time: 6.58s
                           Time elapsed: 0:24:59
                                    ETA: 0:30:17

################################################################################
[1m                           Learning iteration 226/500                           [0m 

                               Run name: hierarchical_soccer_chase_hl
                            Total steps: 1394688 
                       Steps per second: 921 
                        Collection time: 6.573s 
                          Learning time: 0.095s 
                        Mean value loss: 0.0333
                    Mean surrogate loss: -0.0039
                      Mean entropy loss: 5.7243
                            Mean reward: 192.81
                    Mean episode length: 241.00
                        Mean action std: 1.64
--------------------------------------------------------------------------------
                         Iteration time: 6.67s
                           Time elapsed: 0:25:05
                                    ETA: 0:30:10

################################################################################
[1m                           Learning iteration 227/500                           [0m 

                               Run name: hierarchical_soccer_chase_hl
                            Total steps: 1400832 
                       Steps per second: 935 
                        Collection time: 6.477s 
                          Learning time: 0.094s 
                        Mean value loss: 0.0376
                    Mean surrogate loss: -0.0035
                      Mean entropy loss: 5.7360
                            Mean reward: 192.86
                    Mean episode length: 241.00
                        Mean action std: 1.64
--------------------------------------------------------------------------------
                         Iteration time: 6.57s
                           Time elapsed: 0:25:12
                                    ETA: 0:30:04

################################################################################
[1m                           Learning iteration 228/500                           [0m 

                               Run name: hierarchical_soccer_chase_hl
                            Total steps: 1406976 
                       Steps per second: 919 
                        Collection time: 6.585s 
                          Learning time: 0.094s 
                        Mean value loss: 0.0069
                    Mean surrogate loss: -0.0015
                      Mean entropy loss: 5.7370
                            Mean reward: 192.79
                    Mean episode length: 241.00
                        Mean action std: 1.64
--------------------------------------------------------------------------------
                         Iteration time: 6.68s
                           Time elapsed: 0:25:19
                                    ETA: 0:29:57

################################################################################
[1m                           Learning iteration 229/500                           [0m 

                               Run name: hierarchical_soccer_chase_hl
                            Total steps: 1413120 
                       Steps per second: 939 
                        Collection time: 6.444s 
                          Learning time: 0.094s 
                        Mean value loss: 0.0050
                    Mean surrogate loss: -0.0038
                      Mean entropy loss: 5.7391
                            Mean reward: 192.74
                    Mean episode length: 241.00
                        Mean action std: 1.64
--------------------------------------------------------------------------------
                         Iteration time: 6.54s
                           Time elapsed: 0:25:25
                                    ETA: 0:29:50

################################################################################
[1m                           Learning iteration 230/500                           [0m 

                               Run name: hierarchical_soccer_chase_hl
                            Total steps: 1419264 
                       Steps per second: 926 
                        Collection time: 6.535s 
                          Learning time: 0.098s 
                        Mean value loss: 0.0050
                    Mean surrogate loss: -0.0029
                      Mean entropy loss: 5.7402
                            Mean reward: 192.84
                    Mean episode length: 241.00
                        Mean action std: 1.64
--------------------------------------------------------------------------------
                         Iteration time: 6.63s
                           Time elapsed: 0:25:32
                                    ETA: 0:29:44

################################################################################
[1m                           Learning iteration 231/500                           [0m 

                               Run name: hierarchical_soccer_chase_hl
                            Total steps: 1425408 
                       Steps per second: 942 
                        Collection time: 6.425s 
                          Learning time: 0.096s 
                        Mean value loss: 0.0025
                    Mean surrogate loss: 0.0681
                      Mean entropy loss: 5.7419
                            Mean reward: 192.85
                    Mean episode length: 241.00
                        Mean action std: 1.65
--------------------------------------------------------------------------------
                         Iteration time: 6.52s
                           Time elapsed: 0:25:38
                                    ETA: 0:29:37

################################################################################
[1m                           Learning iteration 232/500                           [0m 

                               Run name: hierarchical_soccer_chase_hl
                            Total steps: 1431552 
                       Steps per second: 927 
                        Collection time: 6.524s 
                          Learning time: 0.097s 
                        Mean value loss: 0.0028
                    Mean surrogate loss: -0.0064
                      Mean entropy loss: 5.7443
                            Mean reward: 192.84
                    Mean episode length: 241.00
                        Mean action std: 1.65
--------------------------------------------------------------------------------
                         Iteration time: 6.62s
                           Time elapsed: 0:25:45
                                    ETA: 0:29:30

################################################################################
[1m                           Learning iteration 233/500                           [0m 

                               Run name: hierarchical_soccer_chase_hl
                            Total steps: 1437696 
                       Steps per second: 902 
                        Collection time: 6.705s 
                          Learning time: 0.099s 
                        Mean value loss: 0.0067
                    Mean surrogate loss: -0.0040
                      Mean entropy loss: 5.7445
                            Mean reward: 192.82
                    Mean episode length: 241.00
                        Mean action std: 1.65
--------------------------------------------------------------------------------
                         Iteration time: 6.80s
                           Time elapsed: 0:25:52
                                    ETA: 0:29:24

################################################################################
[1m                           Learning iteration 234/500                           [0m 

                               Run name: hierarchical_soccer_chase_hl
                            Total steps: 1443840 
                       Steps per second: 928 
                        Collection time: 6.515s 
                          Learning time: 0.100s 
                        Mean value loss: 0.0041
                    Mean surrogate loss: -0.0038
                      Mean entropy loss: 5.7450
                            Mean reward: 192.92
                    Mean episode length: 241.00
                        Mean action std: 1.65
--------------------------------------------------------------------------------
                         Iteration time: 6.61s
                           Time elapsed: 0:25:58
                                    ETA: 0:29:17

################################################################################
[1m                           Learning iteration 235/500                           [0m 

                               Run name: hierarchical_soccer_chase_hl
                            Total steps: 1449984 
                       Steps per second: 932 
                        Collection time: 6.488s 
                          Learning time: 0.099s 
                        Mean value loss: 0.0063
                    Mean surrogate loss: 0.0027
                      Mean entropy loss: 5.7462
                            Mean reward: 192.82
                    Mean episode length: 241.00
                        Mean action std: 1.65
--------------------------------------------------------------------------------
                         Iteration time: 6.59s
                           Time elapsed: 0:26:05
                                    ETA: 0:29:11

################################################################################
[1m                           Learning iteration 236/500                           [0m 

                               Run name: hierarchical_soccer_chase_hl
                            Total steps: 1456128 
                       Steps per second: 918 
                        Collection time: 6.596s 
                          Learning time: 0.095s 
                        Mean value loss: 0.0017
                    Mean surrogate loss: -0.0037
                      Mean entropy loss: 5.7486
                            Mean reward: 192.88
                    Mean episode length: 241.00
                        Mean action std: 1.65
--------------------------------------------------------------------------------
                         Iteration time: 6.69s
                           Time elapsed: 0:26:12
                                    ETA: 0:29:04

################################################################################
[1m                           Learning iteration 237/500                           [0m 

                               Run name: hierarchical_soccer_chase_hl
                            Total steps: 1462272 
                       Steps per second: 932 
                        Collection time: 6.500s 
                          Learning time: 0.090s 
                        Mean value loss: 0.0018
                    Mean surrogate loss: -0.0024
                      Mean entropy loss: 5.7531
                            Mean reward: 192.82
                    Mean episode length: 241.00
                        Mean action std: 1.65
--------------------------------------------------------------------------------
                         Iteration time: 6.59s
                           Time elapsed: 0:26:18
                                    ETA: 0:28:57

################################################################################
[1m                           Learning iteration 238/500                           [0m 

                               Run name: hierarchical_soccer_chase_hl
                            Total steps: 1468416 
                       Steps per second: 925 
                        Collection time: 6.543s 
                          Learning time: 0.094s 
                        Mean value loss: 0.0037
                    Mean surrogate loss: -0.0022
                      Mean entropy loss: 5.7595
                            Mean reward: 192.72
                    Mean episode length: 241.00
                        Mean action std: 1.66
--------------------------------------------------------------------------------
                         Iteration time: 6.64s
                           Time elapsed: 0:26:25
                                    ETA: 0:28:51

################################################################################
[1m                           Learning iteration 239/500                           [0m 

                               Run name: hierarchical_soccer_chase_hl
                            Total steps: 1474560 
                       Steps per second: 939 
                        Collection time: 6.440s 
                          Learning time: 0.099s 
                        Mean value loss: 0.0021
                    Mean surrogate loss: -0.0029
                      Mean entropy loss: 5.7678
                            Mean reward: 192.77
                    Mean episode length: 241.00
                        Mean action std: 1.66
--------------------------------------------------------------------------------
                         Iteration time: 6.54s
                           Time elapsed: 0:26:31
                                    ETA: 0:28:44

################################################################################
[1m                           Learning iteration 240/500                           [0m 

                               Run name: hierarchical_soccer_chase_hl
                            Total steps: 1480704 
                       Steps per second: 922 
                        Collection time: 6.565s 
                          Learning time: 0.098s 
                        Mean value loss: 0.0049
                    Mean surrogate loss: -0.0025
                      Mean entropy loss: 5.7681
                            Mean reward: 192.79
                    Mean episode length: 241.00
                        Mean action std: 1.66
--------------------------------------------------------------------------------
                         Iteration time: 6.66s
                           Time elapsed: 0:26:38
                                    ETA: 0:28:37

################################################################################
[1m                           Learning iteration 241/500                           [0m 

                               Run name: hierarchical_soccer_chase_hl
                            Total steps: 1486848 
                       Steps per second: 937 
                        Collection time: 6.457s 
                          Learning time: 0.099s 
                        Mean value loss: 0.0011
                    Mean surrogate loss: -0.0020
                      Mean entropy loss: 5.7674
                            Mean reward: 192.72
                    Mean episode length: 241.00
                        Mean action std: 1.66
--------------------------------------------------------------------------------
                         Iteration time: 6.56s
                           Time elapsed: 0:26:45
                                    ETA: 0:28:31

################################################################################
[1m                           Learning iteration 242/500                           [0m 

                               Run name: hierarchical_soccer_chase_hl
                            Total steps: 1492992 
                       Steps per second: 925 
                        Collection time: 6.538s 
                          Learning time: 0.098s 
                        Mean value loss: 0.0048
                    Mean surrogate loss: -0.0021
                      Mean entropy loss: 5.7677
                            Mean reward: 192.75
                    Mean episode length: 241.00
                        Mean action std: 1.66
--------------------------------------------------------------------------------
                         Iteration time: 6.64s
                           Time elapsed: 0:26:51
                                    ETA: 0:28:24

################################################################################
[1m                           Learning iteration 243/500                           [0m 

                               Run name: hierarchical_soccer_chase_hl
                            Total steps: 1499136 
                       Steps per second: 903 
                        Collection time: 6.703s 
                          Learning time: 0.098s 
                        Mean value loss: 0.0125
                    Mean surrogate loss: 0.0011
                      Mean entropy loss: 5.7689
                            Mean reward: 192.93
                    Mean episode length: 241.00
                        Mean action std: 1.66
--------------------------------------------------------------------------------
                         Iteration time: 6.80s
                           Time elapsed: 0:26:58
                                    ETA: 0:28:18

################################################################################
[1m                           Learning iteration 244/500                           [0m 

                               Run name: hierarchical_soccer_chase_hl
                            Total steps: 1505280 
                       Steps per second: 924 
                        Collection time: 6.548s 
                          Learning time: 0.099s 
                        Mean value loss: 0.0016
                    Mean surrogate loss: -0.0022
                      Mean entropy loss: 5.7688
                            Mean reward: 192.91
                    Mean episode length: 241.00
                        Mean action std: 1.66
--------------------------------------------------------------------------------
                         Iteration time: 6.65s
                           Time elapsed: 0:27:05
                                    ETA: 0:28:11

################################################################################
[1m                           Learning iteration 245/500                           [0m 

                               Run name: hierarchical_soccer_chase_hl
                            Total steps: 1511424 
                       Steps per second: 933 
                        Collection time: 6.480s 
                          Learning time: 0.098s 
                        Mean value loss: 0.0065
                    Mean surrogate loss: -0.0017
                      Mean entropy loss: 5.7634
                            Mean reward: 193.04
                    Mean episode length: 241.00
                        Mean action std: 1.66
--------------------------------------------------------------------------------
                         Iteration time: 6.58s
                           Time elapsed: 0:27:11
                                    ETA: 0:28:04

################################################################################
[1m                           Learning iteration 246/500                           [0m 

                               Run name: hierarchical_soccer_chase_hl
                            Total steps: 1517568 
                       Steps per second: 922 
                        Collection time: 6.565s 
                          Learning time: 0.097s 
                        Mean value loss: 0.0050
                    Mean surrogate loss: -0.0028
                      Mean entropy loss: 5.7611
                            Mean reward: 192.96
                    Mean episode length: 241.00
                        Mean action std: 1.66
--------------------------------------------------------------------------------
                         Iteration time: 6.66s
                           Time elapsed: 0:27:18
                                    ETA: 0:27:58

################################################################################
[1m                           Learning iteration 247/500                           [0m 

                               Run name: hierarchical_soccer_chase_hl
                            Total steps: 1523712 
                       Steps per second: 929 
                        Collection time: 6.509s 
                          Learning time: 0.098s 
                        Mean value loss: 0.0033
                    Mean surrogate loss: 0.0027
                      Mean entropy loss: 5.7600
                            Mean reward: 192.92
                    Mean episode length: 241.00
                        Mean action std: 1.65
--------------------------------------------------------------------------------
                         Iteration time: 6.61s
                           Time elapsed: 0:27:24
                                    ETA: 0:27:51

################################################################################
[1m                           Learning iteration 248/500                           [0m 

                               Run name: hierarchical_soccer_chase_hl
                            Total steps: 1529856 
                       Steps per second: 920 
                        Collection time: 6.576s 
                          Learning time: 0.098s 
                        Mean value loss: 0.1752
                    Mean surrogate loss: -0.0005
                      Mean entropy loss: 5.7601
                            Mean reward: 192.85
                    Mean episode length: 241.00
                        Mean action std: 1.65
--------------------------------------------------------------------------------
                         Iteration time: 6.67s
                           Time elapsed: 0:27:31
                                    ETA: 0:27:44

################################################################################
[1m                           Learning iteration 249/500                           [0m 

                               Run name: hierarchical_soccer_chase_hl
                            Total steps: 1536000 
                       Steps per second: 937 
                        Collection time: 6.451s 
                          Learning time: 0.099s 
                        Mean value loss: 0.2987
                    Mean surrogate loss: -0.0002
                      Mean entropy loss: 5.7629
                            Mean reward: 192.73
                    Mean episode length: 241.00
                        Mean action std: 1.66
--------------------------------------------------------------------------------
                         Iteration time: 6.55s
                           Time elapsed: 0:27:38
                                    ETA: 0:27:38

################################################################################
[1m                           Learning iteration 250/500                           [0m 

                               Run name: hierarchical_soccer_chase_hl
                            Total steps: 1542144 
                       Steps per second: 918 
                        Collection time: 6.594s 
                          Learning time: 0.094s 
                        Mean value loss: 0.4062
                    Mean surrogate loss: -0.0004
                      Mean entropy loss: 5.7679
                            Mean reward: 192.79
                    Mean episode length: 241.00
                        Mean action std: 1.66
--------------------------------------------------------------------------------
                         Iteration time: 6.69s
                           Time elapsed: 0:27:44
                                    ETA: 0:27:31

################################################################################
[1m                           Learning iteration 251/500                           [0m 

                               Run name: hierarchical_soccer_chase_hl
                            Total steps: 1548288 
                       Steps per second: 944 
                        Collection time: 6.406s 
                          Learning time: 0.099s 
                        Mean value loss: 0.3093
                    Mean surrogate loss: 0.0025
                      Mean entropy loss: 5.7724
                            Mean reward: 192.79
                    Mean episode length: 241.00
                        Mean action std: 1.66
--------------------------------------------------------------------------------
                         Iteration time: 6.51s
                           Time elapsed: 0:27:51
                                    ETA: 0:27:24

################################################################################
[1m                           Learning iteration 252/500                           [0m 

                               Run name: hierarchical_soccer_chase_hl
                            Total steps: 1554432 
                       Steps per second: 930 
                        Collection time: 6.507s 
                          Learning time: 0.098s 
                        Mean value loss: 0.2871
                    Mean surrogate loss: 0.0023
                      Mean entropy loss: 5.7749
                            Mean reward: 192.77
                    Mean episode length: 241.00
                        Mean action std: 1.66
--------------------------------------------------------------------------------
                         Iteration time: 6.61s
                           Time elapsed: 0:27:57
                                    ETA: 0:27:18

################################################################################
[1m                           Learning iteration 253/500                           [0m 

                               Run name: hierarchical_soccer_chase_hl
                            Total steps: 1560576 
                       Steps per second: 904 
                        Collection time: 6.694s 
                          Learning time: 0.097s 
                        Mean value loss: 0.2873
                    Mean surrogate loss: 0.0023
                      Mean entropy loss: 5.7785
                            Mean reward: 192.82
                    Mean episode length: 241.00
                        Mean action std: 1.66
--------------------------------------------------------------------------------
                         Iteration time: 6.79s
                           Time elapsed: 0:28:04
                                    ETA: 0:27:11

################################################################################
[1m                           Learning iteration 254/500                           [0m 

                               Run name: hierarchical_soccer_chase_hl
                            Total steps: 1566720 
                       Steps per second: 919 
                        Collection time: 6.582s 
                          Learning time: 0.099s 
                        Mean value loss: 0.2774
                    Mean surrogate loss: 0.0008
                      Mean entropy loss: 5.7794
                            Mean reward: 192.72
                    Mean episode length: 241.00
                        Mean action std: 1.67
--------------------------------------------------------------------------------
                         Iteration time: 6.68s
                           Time elapsed: 0:28:11
                                    ETA: 0:27:05

################################################################################
[1m                           Learning iteration 255/500                           [0m 

                               Run name: hierarchical_soccer_chase_hl
                            Total steps: 1572864 
                       Steps per second: 928 
                        Collection time: 6.517s 
                          Learning time: 0.098s 
                        Mean value loss: 0.0430
                    Mean surrogate loss: 0.0002
                      Mean entropy loss: 5.7797
                            Mean reward: 194.37
                    Mean episode length: 241.00
                        Mean action std: 1.67
--------------------------------------------------------------------------------
                         Iteration time: 6.62s
                           Time elapsed: 0:28:18
                                    ETA: 0:26:58

################################################################################
[1m                           Learning iteration 256/500                           [0m 

                               Run name: hierarchical_soccer_chase_hl
                            Total steps: 1579008 
                       Steps per second: 924 
                        Collection time: 6.550s 
                          Learning time: 0.099s 
                        Mean value loss: 0.0087
                    Mean surrogate loss: -0.0020
                      Mean entropy loss: 5.7801
                            Mean reward: 194.43
                    Mean episode length: 241.00
                        Mean action std: 1.67
--------------------------------------------------------------------------------
                         Iteration time: 6.65s
                           Time elapsed: 0:28:24
                                    ETA: 0:26:51

################################################################################
[1m                           Learning iteration 257/500                           [0m 

                               Run name: hierarchical_soccer_chase_hl
                            Total steps: 1585152 
                       Steps per second: 930 
                        Collection time: 6.502s 
                          Learning time: 0.099s 
                        Mean value loss: 0.0183
                    Mean surrogate loss: 0.0057
                      Mean entropy loss: 5.7807
                            Mean reward: 194.29
                    Mean episode length: 241.00
                        Mean action std: 1.67
--------------------------------------------------------------------------------
                         Iteration time: 6.60s
                           Time elapsed: 0:28:31
                                    ETA: 0:26:45

################################################################################
[1m                           Learning iteration 258/500                           [0m 

                               Run name: hierarchical_soccer_chase_hl
                            Total steps: 1591296 
                       Steps per second: 919 
                        Collection time: 6.583s 
                          Learning time: 0.099s 
                        Mean value loss: 0.0028
                    Mean surrogate loss: -0.0033
                      Mean entropy loss: 5.7844
                            Mean reward: 194.37
                    Mean episode length: 241.00
                        Mean action std: 1.67
--------------------------------------------------------------------------------
                         Iteration time: 6.68s
                           Time elapsed: 0:28:38
                                    ETA: 0:26:38

################################################################################
[1m                           Learning iteration 259/500                           [0m 

                               Run name: hierarchical_soccer_chase_hl
                            Total steps: 1597440 
                       Steps per second: 935 
                        Collection time: 6.471s 
                          Learning time: 0.099s 
                        Mean value loss: 0.0067
                    Mean surrogate loss: -0.0026
                      Mean entropy loss: 5.7892
                            Mean reward: 192.72
                    Mean episode length: 241.00
                        Mean action std: 1.67
--------------------------------------------------------------------------------
                         Iteration time: 6.57s
                           Time elapsed: 0:28:44
                                    ETA: 0:26:31

################################################################################
[1m                           Learning iteration 260/500                           [0m 

                               Run name: hierarchical_soccer_chase_hl
                            Total steps: 1603584 
                       Steps per second: 924 
                        Collection time: 6.551s 
                          Learning time: 0.098s 
                        Mean value loss: 0.0236
                    Mean surrogate loss: -0.0034
                      Mean entropy loss: 5.8005
                            Mean reward: 192.61
                    Mean episode length: 241.00
                        Mean action std: 1.68
--------------------------------------------------------------------------------
                         Iteration time: 6.65s
                           Time elapsed: 0:28:51
                                    ETA: 0:26:25

################################################################################
[1m                           Learning iteration 261/500                           [0m 

                               Run name: hierarchical_soccer_chase_hl
                            Total steps: 1609728 
                       Steps per second: 940 
                        Collection time: 6.431s 
                          Learning time: 0.100s 
                        Mean value loss: 0.1650
                    Mean surrogate loss: -0.0017
                      Mean entropy loss: 5.8110
                            Mean reward: 192.78
                    Mean episode length: 241.00
                        Mean action std: 1.68
--------------------------------------------------------------------------------
                         Iteration time: 6.53s
                           Time elapsed: 0:28:57
                                    ETA: 0:26:18

################################################################################
[1m                           Learning iteration 262/500                           [0m 

                               Run name: hierarchical_soccer_chase_hl
                            Total steps: 1615872 
                       Steps per second: 930 
                        Collection time: 6.511s 
                          Learning time: 0.094s 
                        Mean value loss: 0.0324
                    Mean surrogate loss: -0.0033
                      Mean entropy loss: 5.8128
                            Mean reward: 192.81
                    Mean episode length: 241.00
                        Mean action std: 1.68
--------------------------------------------------------------------------------
                         Iteration time: 6.60s
                           Time elapsed: 0:29:04
                                    ETA: 0:26:11

################################################################################
[1m                           Learning iteration 263/500                           [0m 

                               Run name: hierarchical_soccer_chase_hl
                            Total steps: 1622016 
                       Steps per second: 907 
                        Collection time: 6.672s 
                          Learning time: 0.096s 
                        Mean value loss: 0.1253
                    Mean surrogate loss: -0.0013
                      Mean entropy loss: 5.8232
                            Mean reward: 192.85
                    Mean episode length: 241.00
                        Mean action std: 1.69
--------------------------------------------------------------------------------
                         Iteration time: 6.77s
                           Time elapsed: 0:29:11
                                    ETA: 0:26:05

################################################################################
[1m                           Learning iteration 264/500                           [0m 

                               Run name: hierarchical_soccer_chase_hl
                            Total steps: 1628160 
                       Steps per second: 917 
                        Collection time: 6.598s 
                          Learning time: 0.095s 
                        Mean value loss: 0.0377
                    Mean surrogate loss: -0.0021
                      Mean entropy loss: 5.8398
                            Mean reward: 192.87
                    Mean episode length: 241.00
                        Mean action std: 1.70
--------------------------------------------------------------------------------
                         Iteration time: 6.69s
                           Time elapsed: 0:29:17
                                    ETA: 0:25:58

################################################################################
[1m                           Learning iteration 265/500                           [0m 

                               Run name: hierarchical_soccer_chase_hl
                            Total steps: 1634304 
                       Steps per second: 934 
                        Collection time: 6.476s 
                          Learning time: 0.099s 
                        Mean value loss: 0.1475
                    Mean surrogate loss: -0.0016
                      Mean entropy loss: 5.8459
                            Mean reward: 192.88
                    Mean episode length: 241.00
                        Mean action std: 1.70
--------------------------------------------------------------------------------
                         Iteration time: 6.57s
                           Time elapsed: 0:29:24
                                    ETA: 0:25:52

################################################################################
[1m                           Learning iteration 266/500                           [0m 

                               Run name: hierarchical_soccer_chase_hl
                            Total steps: 1640448 
                       Steps per second: 927 
                        Collection time: 6.527s 
                          Learning time: 0.098s 
                        Mean value loss: 0.2919
                    Mean surrogate loss: 0.0009
                      Mean entropy loss: 5.8362
                            Mean reward: 192.91
                    Mean episode length: 241.00
                        Mean action std: 1.69
--------------------------------------------------------------------------------
                         Iteration time: 6.62s
                           Time elapsed: 0:29:31
                                    ETA: 0:25:45

################################################################################
[1m                           Learning iteration 267/500                           [0m 

                               Run name: hierarchical_soccer_chase_hl
                            Total steps: 1646592 
                       Steps per second: 931 
                        Collection time: 6.498s 
                          Learning time: 0.098s 
                        Mean value loss: 0.3519
                    Mean surrogate loss: -0.0006
                      Mean entropy loss: 5.8362
                            Mean reward: 192.95
                    Mean episode length: 241.00
                        Mean action std: 1.70
--------------------------------------------------------------------------------
                         Iteration time: 6.60s
                           Time elapsed: 0:29:37
                                    ETA: 0:25:38

################################################################################
[1m                           Learning iteration 268/500                           [0m 

                               Run name: hierarchical_soccer_chase_hl
                            Total steps: 1652736 
                       Steps per second: 919 
                        Collection time: 6.586s 
                          Learning time: 0.098s 
                        Mean value loss: 0.3783
                    Mean surrogate loss: 0.0021
                      Mean entropy loss: 5.8411
                            Mean reward: 192.92
                    Mean episode length: 241.00
                        Mean action std: 1.70
--------------------------------------------------------------------------------
                         Iteration time: 6.68s
                           Time elapsed: 0:29:44
                                    ETA: 0:25:32

################################################################################
[1m                           Learning iteration 269/500                           [0m 

                               Run name: hierarchical_soccer_chase_hl
                            Total steps: 1658880 
                       Steps per second: 929 
                        Collection time: 6.511s 
                          Learning time: 0.098s 
                        Mean value loss: 0.1406
                    Mean surrogate loss: -0.0031
                      Mean entropy loss: 5.8672
                            Mean reward: 193.73
                    Mean episode length: 241.00
                        Mean action std: 1.72
--------------------------------------------------------------------------------
                         Iteration time: 6.61s
                           Time elapsed: 0:29:50
                                    ETA: 0:25:25

################################################################################
[1m                           Learning iteration 270/500                           [0m 

                               Run name: hierarchical_soccer_chase_hl
                            Total steps: 1665024 
                       Steps per second: 924 
                        Collection time: 6.547s 
                          Learning time: 0.098s 
                        Mean value loss: 0.0085
                    Mean surrogate loss: -0.0055
                      Mean entropy loss: 5.8869
                            Mean reward: 193.78
                    Mean episode length: 241.00
                        Mean action std: 1.73
--------------------------------------------------------------------------------
                         Iteration time: 6.64s
                           Time elapsed: 0:29:57
                                    ETA: 0:25:18

################################################################################
[1m                           Learning iteration 271/500                           [0m 

                               Run name: hierarchical_soccer_chase_hl
                            Total steps: 1671168 
                       Steps per second: 936 
                        Collection time: 6.467s 
                          Learning time: 0.097s 
                        Mean value loss: 0.0067
                    Mean surrogate loss: -0.0028
                      Mean entropy loss: 5.8929
                            Mean reward: 193.69
                    Mean episode length: 241.00
                        Mean action std: 1.73
--------------------------------------------------------------------------------
                         Iteration time: 6.56s
                           Time elapsed: 0:30:04
                                    ETA: 0:25:12

################################################################################
[1m                           Learning iteration 272/500                           [0m 

                               Run name: hierarchical_soccer_chase_hl
                            Total steps: 1677312 
                       Steps per second: 930 
                        Collection time: 6.504s 
                          Learning time: 0.096s 
                        Mean value loss: 0.0082
                    Mean surrogate loss: -0.0042
                      Mean entropy loss: 5.9006
                            Mean reward: 193.70
                    Mean episode length: 241.00
                        Mean action std: 1.73
--------------------------------------------------------------------------------
                         Iteration time: 6.60s
                           Time elapsed: 0:30:10
                                    ETA: 0:25:05

################################################################################
[1m                           Learning iteration 273/500                           [0m 

                               Run name: hierarchical_soccer_chase_hl
                            Total steps: 1683456 
                       Steps per second: 905 
                        Collection time: 6.694s 
                          Learning time: 0.091s 
                        Mean value loss: 0.0111
                    Mean surrogate loss: -0.0060
                      Mean entropy loss: 5.9025
                            Mean reward: 192.83
                    Mean episode length: 241.00
                        Mean action std: 1.73
--------------------------------------------------------------------------------
                         Iteration time: 6.79s
                           Time elapsed: 0:30:17
                                    ETA: 0:24:59

################################################################################
[1m                           Learning iteration 274/500                           [0m 

                               Run name: hierarchical_soccer_chase_hl
                            Total steps: 1689600 
                       Steps per second: 914 
                        Collection time: 6.626s 
                          Learning time: 0.094s 
                        Mean value loss: 0.0117
                    Mean surrogate loss: -0.0033
                      Mean entropy loss: 5.9044
                            Mean reward: 192.83
                    Mean episode length: 241.00
                        Mean action std: 1.73
--------------------------------------------------------------------------------
                         Iteration time: 6.72s
                           Time elapsed: 0:30:24
                                    ETA: 0:24:52

################################################################################
[1m                           Learning iteration 275/500                           [0m 

                               Run name: hierarchical_soccer_chase_hl
                            Total steps: 1695744 
                       Steps per second: 942 
                        Collection time: 6.425s 
                          Learning time: 0.094s 
                        Mean value loss: 0.0177
                    Mean surrogate loss: 0.0008
                      Mean entropy loss: 5.9066
                            Mean reward: 192.75
                    Mean episode length: 241.00
                        Mean action std: 1.74
--------------------------------------------------------------------------------
                         Iteration time: 6.52s
                           Time elapsed: 0:30:30
                                    ETA: 0:24:45

################################################################################
[1m                           Learning iteration 276/500                           [0m 

                               Run name: hierarchical_soccer_chase_hl
                            Total steps: 1701888 
                       Steps per second: 924 
                        Collection time: 6.550s 
                          Learning time: 0.093s 
                        Mean value loss: 0.0517
                    Mean surrogate loss: -0.0057
                      Mean entropy loss: 5.9098
                            Mean reward: 192.70
                    Mean episode length: 241.00
                        Mean action std: 1.74
--------------------------------------------------------------------------------
                         Iteration time: 6.64s
                           Time elapsed: 0:30:37
                                    ETA: 0:24:39

################################################################################
[1m                           Learning iteration 277/500                           [0m 

                               Run name: hierarchical_soccer_chase_hl
                            Total steps: 1708032 
                       Steps per second: 927 
                        Collection time: 6.527s 
                          Learning time: 0.099s 
                        Mean value loss: 0.0043
                    Mean surrogate loss: -0.0034
                      Mean entropy loss: 5.9111
                            Mean reward: 192.74
                    Mean episode length: 241.00
                        Mean action std: 1.74
--------------------------------------------------------------------------------
                         Iteration time: 6.63s
                           Time elapsed: 0:30:44
                                    ETA: 0:24:32

################################################################################
[1m                           Learning iteration 278/500                           [0m 

                               Run name: hierarchical_soccer_chase_hl
                            Total steps: 1714176 
                       Steps per second: 922 
                        Collection time: 6.569s 
                          Learning time: 0.090s 
                        Mean value loss: 0.0082
                    Mean surrogate loss: 0.0021
                      Mean entropy loss: 5.9119
                            Mean reward: 192.68
                    Mean episode length: 241.00
                        Mean action std: 1.74
--------------------------------------------------------------------------------
                         Iteration time: 6.66s
                           Time elapsed: 0:30:50
                                    ETA: 0:24:25

################################################################################
[1m                           Learning iteration 279/500                           [0m 

                               Run name: hierarchical_soccer_chase_hl
                            Total steps: 1720320 
                       Steps per second: 932 
                        Collection time: 6.494s 
                          Learning time: 0.098s 
                        Mean value loss: 0.0070
                    Mean surrogate loss: -0.0024
                      Mean entropy loss: 5.9120
                            Mean reward: 192.75
                    Mean episode length: 241.00
                        Mean action std: 1.74
--------------------------------------------------------------------------------
                         Iteration time: 6.59s
                           Time elapsed: 0:30:57
                                    ETA: 0:24:19

################################################################################
[1m                           Learning iteration 280/500                           [0m 

                               Run name: hierarchical_soccer_chase_hl
                            Total steps: 1726464 
                       Steps per second: 925 
                        Collection time: 6.538s 
                          Learning time: 0.098s 
                        Mean value loss: 0.0167
                    Mean surrogate loss: -0.0029
                      Mean entropy loss: 5.9143
                            Mean reward: 192.85
                    Mean episode length: 241.00
                        Mean action std: 1.74
--------------------------------------------------------------------------------
                         Iteration time: 6.64s
                           Time elapsed: 0:31:03
                                    ETA: 0:24:12

################################################################################
[1m                           Learning iteration 281/500                           [0m 

                               Run name: hierarchical_soccer_chase_hl
                            Total steps: 1732608 
                       Steps per second: 940 
                        Collection time: 6.438s 
                          Learning time: 0.098s 
                        Mean value loss: 0.0778
                    Mean surrogate loss: -0.0045
                      Mean entropy loss: 5.9244
                            Mean reward: 192.79
                    Mean episode length: 241.00
                        Mean action std: 1.75
--------------------------------------------------------------------------------
                         Iteration time: 6.54s
                           Time elapsed: 0:31:10
                                    ETA: 0:24:05

################################################################################
[1m                           Learning iteration 282/500                           [0m 

                               Run name: hierarchical_soccer_chase_hl
                            Total steps: 1738752 
                       Steps per second: 933 
                        Collection time: 6.485s 
                          Learning time: 0.097s 
                        Mean value loss: 0.0608
                    Mean surrogate loss: -0.0038
                      Mean entropy loss: 5.9493
                            Mean reward: 192.83
                    Mean episode length: 241.00
                        Mean action std: 1.76
--------------------------------------------------------------------------------
                         Iteration time: 6.58s
                           Time elapsed: 0:31:17
                                    ETA: 0:23:59

################################################################################
[1m                           Learning iteration 283/500                           [0m 

                               Run name: hierarchical_soccer_chase_hl
                            Total steps: 1744896 
                       Steps per second: 906 
                        Collection time: 6.678s 
                          Learning time: 0.098s 
                        Mean value loss: 0.0048
                    Mean surrogate loss: -0.0038
                      Mean entropy loss: 5.9604
                            Mean reward: 192.71
                    Mean episode length: 241.00
                        Mean action std: 1.77
--------------------------------------------------------------------------------
                         Iteration time: 6.78s
                           Time elapsed: 0:31:23
                                    ETA: 0:23:52

################################################################################
[1m                           Learning iteration 284/500                           [0m 

                               Run name: hierarchical_soccer_chase_hl
                            Total steps: 1751040 
                       Steps per second: 916 
                        Collection time: 6.613s 
                          Learning time: 0.094s 
                        Mean value loss: 0.0137
                    Mean surrogate loss: -0.0055
                      Mean entropy loss: 5.9675
                            Mean reward: 192.70
                    Mean episode length: 241.00
                        Mean action std: 1.77
--------------------------------------------------------------------------------
                         Iteration time: 6.71s
                           Time elapsed: 0:31:30
                                    ETA: 0:23:46

################################################################################
[1m                           Learning iteration 285/500                           [0m 

                               Run name: hierarchical_soccer_chase_hl
                            Total steps: 1757184 
                       Steps per second: 939 
                        Collection time: 6.448s 
                          Learning time: 0.095s 
                        Mean value loss: 0.0355
                    Mean surrogate loss: -0.0041
                      Mean entropy loss: 5.9741
                            Mean reward: 192.71
                    Mean episode length: 241.00
                        Mean action std: 1.78
--------------------------------------------------------------------------------
                         Iteration time: 6.54s
                           Time elapsed: 0:31:37
                                    ETA: 0:23:39

################################################################################
[1m                           Learning iteration 286/500                           [0m 

                               Run name: hierarchical_soccer_chase_hl
                            Total steps: 1763328 
                       Steps per second: 922 
                        Collection time: 6.563s 
                          Learning time: 0.097s 
                        Mean value loss: 0.0097
                    Mean surrogate loss: -0.0006
                      Mean entropy loss: 5.9887
                            Mean reward: 192.82
                    Mean episode length: 241.00
                        Mean action std: 1.78
--------------------------------------------------------------------------------
                         Iteration time: 6.66s
                           Time elapsed: 0:31:43
                                    ETA: 0:23:32

################################################################################
[1m                           Learning iteration 287/500                           [0m 

                               Run name: hierarchical_soccer_chase_hl
                            Total steps: 1769472 
                       Steps per second: 931 
                        Collection time: 6.496s 
                          Learning time: 0.099s 
                        Mean value loss: 0.0022
                    Mean surrogate loss: -0.0026
                      Mean entropy loss: 5.9897
                            Mean reward: 192.84
                    Mean episode length: 241.00
                        Mean action std: 1.78
--------------------------------------------------------------------------------
                         Iteration time: 6.59s
                           Time elapsed: 0:31:50
                                    ETA: 0:23:26

################################################################################
[1m                           Learning iteration 288/500                           [0m 

                               Run name: hierarchical_soccer_chase_hl
                            Total steps: 1775616 
                       Steps per second: 923 
                        Collection time: 6.554s 
                          Learning time: 0.100s 
                        Mean value loss: 0.0049
                    Mean surrogate loss: -0.0037
                      Mean entropy loss: 5.9867
                            Mean reward: 193.05
                    Mean episode length: 241.00
                        Mean action std: 1.78
--------------------------------------------------------------------------------
                         Iteration time: 6.65s
                           Time elapsed: 0:31:56
                                    ETA: 0:23:19

################################################################################
[1m                           Learning iteration 289/500                           [0m 

                               Run name: hierarchical_soccer_chase_hl
                            Total steps: 1781760 
                       Steps per second: 931 
                        Collection time: 6.500s 
                          Learning time: 0.098s 
                        Mean value loss: 0.0161
                    Mean surrogate loss: -0.0049
                      Mean entropy loss: 5.9842
                            Mean reward: 193.03
                    Mean episode length: 241.00
                        Mean action std: 1.78
--------------------------------------------------------------------------------
                         Iteration time: 6.60s
                           Time elapsed: 0:32:03
                                    ETA: 0:23:12

################################################################################
[1m                           Learning iteration 290/500                           [0m 

                               Run name: hierarchical_soccer_chase_hl
                            Total steps: 1787904 
                       Steps per second: 924 
                        Collection time: 6.545s 
                          Learning time: 0.099s 
                        Mean value loss: 0.0041
                    Mean surrogate loss: -0.0028
                      Mean entropy loss: 5.9860
                            Mean reward: 192.96
                    Mean episode length: 241.00
                        Mean action std: 1.78
--------------------------------------------------------------------------------
                         Iteration time: 6.64s
                           Time elapsed: 0:32:10
                                    ETA: 0:23:06

################################################################################
[1m                           Learning iteration 291/500                           [0m 

                               Run name: hierarchical_soccer_chase_hl
                            Total steps: 1794048 
                       Steps per second: 936 
                        Collection time: 6.465s 
                          Learning time: 0.098s 
                        Mean value loss: 0.0301
                    Mean surrogate loss: -0.0026
                      Mean entropy loss: 6.0008
                            Mean reward: 192.97
                    Mean episode length: 241.00
                        Mean action std: 1.79
--------------------------------------------------------------------------------
                         Iteration time: 6.56s
                           Time elapsed: 0:32:16
                                    ETA: 0:22:59

################################################################################
[1m                           Learning iteration 292/500                           [0m 

                               Run name: hierarchical_soccer_chase_hl
                            Total steps: 1800192 
                       Steps per second: 932 
                        Collection time: 6.490s 
                          Learning time: 0.099s 
                        Mean value loss: 0.0032
                    Mean surrogate loss: -0.0028
                      Mean entropy loss: 6.0032
                            Mean reward: 192.86
                    Mean episode length: 241.00
                        Mean action std: 1.79
--------------------------------------------------------------------------------
                         Iteration time: 6.59s
                           Time elapsed: 0:32:23
                                    ETA: 0:22:52

################################################################################
[1m                           Learning iteration 293/500                           [0m 

                               Run name: hierarchical_soccer_chase_hl
                            Total steps: 1806336 
                       Steps per second: 901 
                        Collection time: 6.716s 
                          Learning time: 0.099s 
                        Mean value loss: 0.0059
                    Mean surrogate loss: -0.0079
                      Mean entropy loss: 6.0015
                            Mean reward: 192.96
                    Mean episode length: 241.00
                        Mean action std: 1.79
--------------------------------------------------------------------------------
                         Iteration time: 6.81s
                           Time elapsed: 0:32:30
                                    ETA: 0:22:46

################################################################################
[1m                           Learning iteration 294/500                           [0m 

                               Run name: hierarchical_soccer_chase_hl
                            Total steps: 1812480 
                       Steps per second: 919 
                        Collection time: 6.580s 
                          Learning time: 0.099s 
                        Mean value loss: 0.0075
                    Mean surrogate loss: -0.0043
                      Mean entropy loss: 6.0029
                            Mean reward: 192.97
                    Mean episode length: 241.00
                        Mean action std: 1.79
--------------------------------------------------------------------------------
                         Iteration time: 6.68s
                           Time elapsed: 0:32:36
                                    ETA: 0:22:39

################################################################################
[1m                           Learning iteration 295/500                           [0m 

                               Run name: hierarchical_soccer_chase_hl
                            Total steps: 1818624 
                       Steps per second: 940 
                        Collection time: 6.433s 
                          Learning time: 0.099s 
                        Mean value loss: 0.0063
                    Mean surrogate loss: 0.0000
                      Mean entropy loss: 6.0071
                            Mean reward: 192.98
                    Mean episode length: 241.00
                        Mean action std: 1.80
--------------------------------------------------------------------------------
                         Iteration time: 6.53s
                           Time elapsed: 0:32:43
                                    ETA: 0:22:33

################################################################################
[1m                           Learning iteration 296/500                           [0m 

                               Run name: hierarchical_soccer_chase_hl
                            Total steps: 1824768 
                       Steps per second: 918 
                        Collection time: 6.589s 
                          Learning time: 0.098s 
                        Mean value loss: 0.0245
                    Mean surrogate loss: -0.0038
                      Mean entropy loss: 6.0195
                            Mean reward: 192.90
                    Mean episode length: 241.00
                        Mean action std: 1.80
--------------------------------------------------------------------------------
                         Iteration time: 6.69s
                           Time elapsed: 0:32:50
                                    ETA: 0:22:26

################################################################################
[1m                           Learning iteration 297/500                           [0m 

                               Run name: hierarchical_soccer_chase_hl
                            Total steps: 1830912 
                       Steps per second: 932 
                        Collection time: 6.492s 
                          Learning time: 0.098s 
                        Mean value loss: 0.0108
                    Mean surrogate loss: -0.0059
                      Mean entropy loss: 6.0265
                            Mean reward: 192.86
                    Mean episode length: 241.00
                        Mean action std: 1.81
--------------------------------------------------------------------------------
                         Iteration time: 6.59s
                           Time elapsed: 0:32:56
                                    ETA: 0:22:19

################################################################################
[1m                           Learning iteration 298/500                           [0m 

                               Run name: hierarchical_soccer_chase_hl
                            Total steps: 1837056 
                       Steps per second: 928 
                        Collection time: 6.522s 
                          Learning time: 0.099s 
                        Mean value loss: 0.0033
                    Mean surrogate loss: 0.0000
                      Mean entropy loss: 6.0258
                            Mean reward: 192.88
                    Mean episode length: 241.00
                        Mean action std: 1.80
--------------------------------------------------------------------------------
                         Iteration time: 6.62s
                           Time elapsed: 0:33:03
                                    ETA: 0:22:13

################################################################################
[1m                           Learning iteration 299/500                           [0m 

                               Run name: hierarchical_soccer_chase_hl
                            Total steps: 1843200 
                       Steps per second: 927 
                        Collection time: 6.526s 
                          Learning time: 0.099s 
                        Mean value loss: 0.0085
                    Mean surrogate loss: -0.0037
                      Mean entropy loss: 6.0235
                            Mean reward: 192.85
                    Mean episode length: 241.00
                        Mean action std: 1.80
--------------------------------------------------------------------------------
                         Iteration time: 6.62s
                           Time elapsed: 0:33:09
                                    ETA: 0:22:06

################################################################################
[1m                           Learning iteration 300/500                           [0m 

                               Run name: hierarchical_soccer_chase_hl
                            Total steps: 1849344 
                       Steps per second: 921 
                        Collection time: 6.571s 
                          Learning time: 0.100s 
                        Mean value loss: 0.0021
                    Mean surrogate loss: -0.0010
                      Mean entropy loss: 6.0238
                            Mean reward: 192.85
                    Mean episode length: 241.00
                        Mean action std: 1.80
--------------------------------------------------------------------------------
                         Iteration time: 6.67s
                           Time elapsed: 0:33:16
                                    ETA: 0:21:59

################################################################################
[1m                           Learning iteration 301/500                           [0m 

                               Run name: hierarchical_soccer_chase_hl
                            Total steps: 1855488 
                       Steps per second: 932 
                        Collection time: 6.489s 
                          Learning time: 0.098s 
                        Mean value loss: 0.0020
                    Mean surrogate loss: -0.0045
                      Mean entropy loss: 6.0256
                            Mean reward: 192.81
                    Mean episode length: 241.00
                        Mean action std: 1.80
--------------------------------------------------------------------------------
                         Iteration time: 6.59s
                           Time elapsed: 0:33:23
                                    ETA: 0:21:53

################################################################################
[1m                           Learning iteration 302/500                           [0m 

                               Run name: hierarchical_soccer_chase_hl
                            Total steps: 1861632 
                       Steps per second: 934 
                        Collection time: 6.476s 
                          Learning time: 0.100s 
                        Mean value loss: 0.0034
                    Mean surrogate loss: -0.0014
                      Mean entropy loss: 6.0257
                            Mean reward: 192.76
                    Mean episode length: 241.00
                        Mean action std: 1.80
--------------------------------------------------------------------------------
                         Iteration time: 6.58s
                           Time elapsed: 0:33:29
                                    ETA: 0:21:46

################################################################################
[1m                           Learning iteration 303/500                           [0m 

                               Run name: hierarchical_soccer_chase_hl
                            Total steps: 1867776 
                       Steps per second: 905 
                        Collection time: 6.683s 
                          Learning time: 0.099s 
                        Mean value loss: 0.0062
                    Mean surrogate loss: -0.0037
                      Mean entropy loss: 6.0247
                            Mean reward: 192.76
                    Mean episode length: 241.00
                        Mean action std: 1.80
--------------------------------------------------------------------------------
                         Iteration time: 6.78s
                           Time elapsed: 0:33:36
                                    ETA: 0:21:40

################################################################################
[1m                           Learning iteration 304/500                           [0m 

                               Run name: hierarchical_soccer_chase_hl
                            Total steps: 1873920 
                       Steps per second: 915 
                        Collection time: 6.615s 
                          Learning time: 0.096s 
                        Mean value loss: 0.0014
                    Mean surrogate loss: -0.0023
                      Mean entropy loss: 6.0243
                            Mean reward: 192.76
                    Mean episode length: 241.00
                        Mean action std: 1.80
--------------------------------------------------------------------------------
                         Iteration time: 6.71s
                           Time elapsed: 0:33:43
                                    ETA: 0:21:33

################################################################################
[1m                           Learning iteration 305/500                           [0m 

                               Run name: hierarchical_soccer_chase_hl
                            Total steps: 1880064 
                       Steps per second: 938 
                        Collection time: 6.451s 
                          Learning time: 0.094s 
                        Mean value loss: 0.0016
                    Mean surrogate loss: -0.0045
                      Mean entropy loss: 6.0240
                            Mean reward: 192.77
                    Mean episode length: 241.00
                        Mean action std: 1.80
--------------------------------------------------------------------------------
                         Iteration time: 6.54s
                           Time elapsed: 0:33:49
                                    ETA: 0:21:26

################################################################################
[1m                           Learning iteration 306/500                           [0m 

                               Run name: hierarchical_soccer_chase_hl
                            Total steps: 1886208 
                       Steps per second: 918 
                        Collection time: 6.593s 
                          Learning time: 0.094s 
                        Mean value loss: 0.0038
                    Mean surrogate loss: 0.0146
                      Mean entropy loss: 6.0236
                            Mean reward: 192.93
                    Mean episode length: 241.00
                        Mean action std: 1.80
--------------------------------------------------------------------------------
                         Iteration time: 6.69s
                           Time elapsed: 0:33:56
                                    ETA: 0:21:20

################################################################################
[1m                           Learning iteration 307/500                           [0m 

                               Run name: hierarchical_soccer_chase_hl
                            Total steps: 1892352 
                       Steps per second: 930 
                        Collection time: 6.502s 
                          Learning time: 0.099s 
                        Mean value loss: 0.0069
                    Mean surrogate loss: 0.0051
                      Mean entropy loss: 6.0237
                            Mean reward: 192.88
                    Mean episode length: 241.00
                        Mean action std: 1.80
--------------------------------------------------------------------------------
                         Iteration time: 6.60s
                           Time elapsed: 0:34:03
                                    ETA: 0:21:13

################################################################################
[1m                           Learning iteration 308/500                           [0m 

                               Run name: hierarchical_soccer_chase_hl
                            Total steps: 1898496 
                       Steps per second: 922 
                        Collection time: 6.565s 
                          Learning time: 0.098s 
                        Mean value loss: 0.0024
                    Mean surrogate loss: -0.0016
                      Mean entropy loss: 6.0248
                            Mean reward: 192.89
                    Mean episode length: 241.00
                        Mean action std: 1.80
--------------------------------------------------------------------------------
                         Iteration time: 6.66s
                           Time elapsed: 0:34:09
                                    ETA: 0:21:06

################################################################################
[1m                           Learning iteration 309/500                           [0m 

                               Run name: hierarchical_soccer_chase_hl
                            Total steps: 1904640 
                       Steps per second: 929 
                        Collection time: 6.511s 
                          Learning time: 0.099s 
                        Mean value loss: 0.0114
                    Mean surrogate loss: -0.0035
                      Mean entropy loss: 6.0279
                            Mean reward: 192.94
                    Mean episode length: 241.00
                        Mean action std: 1.81
--------------------------------------------------------------------------------
                         Iteration time: 6.61s
                           Time elapsed: 0:34:16
                                    ETA: 0:21:00

################################################################################
[1m                           Learning iteration 310/500                           [0m 

                               Run name: hierarchical_soccer_chase_hl
                            Total steps: 1910784 
                       Steps per second: 923 
                        Collection time: 6.559s 
                          Learning time: 0.096s 
                        Mean value loss: 0.0077
                    Mean surrogate loss: -0.0024
                      Mean entropy loss: 6.0339
                            Mean reward: 192.85
                    Mean episode length: 241.00
                        Mean action std: 1.81
--------------------------------------------------------------------------------
                         Iteration time: 6.66s
                           Time elapsed: 0:34:22
                                    ETA: 0:20:53

################################################################################
[1m                           Learning iteration 311/500                           [0m 

                               Run name: hierarchical_soccer_chase_hl
                            Total steps: 1916928 
                       Steps per second: 934 
                        Collection time: 6.473s 
                          Learning time: 0.098s 
                        Mean value loss: 0.0062
                    Mean surrogate loss: -0.0012
                      Mean entropy loss: 6.0442
                            Mean reward: 192.94
                    Mean episode length: 241.00
                        Mean action std: 1.82
--------------------------------------------------------------------------------
                         Iteration time: 6.57s
                           Time elapsed: 0:34:29
                                    ETA: 0:20:47

################################################################################
[1m                           Learning iteration 312/500                           [0m 

                               Run name: hierarchical_soccer_chase_hl
                            Total steps: 1923072 
                       Steps per second: 937 
                        Collection time: 6.454s 
                          Learning time: 0.098s 
                        Mean value loss: 0.0012
                    Mean surrogate loss: -0.0045
                      Mean entropy loss: 6.0481
                            Mean reward: 192.87
                    Mean episode length: 241.00
                        Mean action std: 1.82
--------------------------------------------------------------------------------
                         Iteration time: 6.55s
                           Time elapsed: 0:34:36
                                    ETA: 0:20:40

################################################################################
[1m                           Learning iteration 313/500                           [0m 

                               Run name: hierarchical_soccer_chase_hl
                            Total steps: 1929216 
                       Steps per second: 908 
                        Collection time: 6.663s 
                          Learning time: 0.098s 
                        Mean value loss: 0.0043
                    Mean surrogate loss: -0.0012
                      Mean entropy loss: 6.0519
                            Mean reward: 192.97
                    Mean episode length: 241.00
                        Mean action std: 1.82
--------------------------------------------------------------------------------
                         Iteration time: 6.76s
                           Time elapsed: 0:34:42
                                    ETA: 0:20:33

################################################################################
[1m                           Learning iteration 314/500                           [0m 

                               Run name: hierarchical_soccer_chase_hl
                            Total steps: 1935360 
                       Steps per second: 920 
                        Collection time: 6.573s 
                          Learning time: 0.098s 
                        Mean value loss: 0.0022
                    Mean surrogate loss: -0.0031
                      Mean entropy loss: 6.0573
                            Mean reward: 192.94
                    Mean episode length: 241.00
                        Mean action std: 1.82
--------------------------------------------------------------------------------
                         Iteration time: 6.67s
                           Time elapsed: 0:34:49
                                    ETA: 0:20:27

################################################################################
[1m                           Learning iteration 315/500                           [0m 

                               Run name: hierarchical_soccer_chase_hl
                            Total steps: 1941504 
                       Steps per second: 942 
                        Collection time: 6.422s 
                          Learning time: 0.099s 
                        Mean value loss: 0.0121
                    Mean surrogate loss: -0.0023
                      Mean entropy loss: 6.0601
                            Mean reward: 192.94
                    Mean episode length: 241.00
                        Mean action std: 1.83
--------------------------------------------------------------------------------
                         Iteration time: 6.52s
                           Time elapsed: 0:34:56
                                    ETA: 0:20:20

################################################################################
[1m                           Learning iteration 316/500                           [0m 

                               Run name: hierarchical_soccer_chase_hl
                            Total steps: 1947648 
                       Steps per second: 919 
                        Collection time: 6.586s 
                          Learning time: 0.097s 
                        Mean value loss: 0.0044
                    Mean surrogate loss: -0.0049
                      Mean entropy loss: 6.0649
                            Mean reward: 192.84
                    Mean episode length: 241.00
                        Mean action std: 1.83
--------------------------------------------------------------------------------
                         Iteration time: 6.68s
                           Time elapsed: 0:35:02
                                    ETA: 0:20:13

################################################################################
[1m                           Learning iteration 317/500                           [0m 

                               Run name: hierarchical_soccer_chase_hl
                            Total steps: 1953792 
                       Steps per second: 927 
                        Collection time: 6.527s 
                          Learning time: 0.099s 
                        Mean value loss: 0.0024
                    Mean surrogate loss: -0.0022
                      Mean entropy loss: 6.0676
                            Mean reward: 192.89
                    Mean episode length: 241.00
                        Mean action std: 1.83
--------------------------------------------------------------------------------
                         Iteration time: 6.63s
                           Time elapsed: 0:35:09
                                    ETA: 0:20:07

################################################################################
[1m                           Learning iteration 318/500                           [0m 

                               Run name: hierarchical_soccer_chase_hl
                            Total steps: 1959936 
                       Steps per second: 925 
                        Collection time: 6.543s 
                          Learning time: 0.099s 
                        Mean value loss: 0.0031
                    Mean surrogate loss: -0.0041
                      Mean entropy loss: 6.0705
                            Mean reward: 192.89
                    Mean episode length: 241.00
                        Mean action std: 1.83
--------------------------------------------------------------------------------
                         Iteration time: 6.64s
                           Time elapsed: 0:35:16
                                    ETA: 0:20:00

################################################################################
[1m                           Learning iteration 319/500                           [0m 

                               Run name: hierarchical_soccer_chase_hl
                            Total steps: 1966080 
                       Steps per second: 926 
                        Collection time: 6.534s 
                          Learning time: 0.099s 
                        Mean value loss: 0.0026
                    Mean surrogate loss: -0.0039
                      Mean entropy loss: 6.0733
                            Mean reward: 192.85
                    Mean episode length: 241.00
                        Mean action std: 1.83
--------------------------------------------------------------------------------
                         Iteration time: 6.63s
                           Time elapsed: 0:35:22
                                    ETA: 0:19:53

################################################################################
[1m                           Learning iteration 320/500                           [0m 

                               Run name: hierarchical_soccer_chase_hl
                            Total steps: 1972224 
                       Steps per second: 917 
                        Collection time: 6.601s 
                          Learning time: 0.099s 
                        Mean value loss: 0.0049
                    Mean surrogate loss: -0.0026
                      Mean entropy loss: 6.0794
                            Mean reward: 192.82
                    Mean episode length: 241.00
                        Mean action std: 1.84
--------------------------------------------------------------------------------
                         Iteration time: 6.70s
                           Time elapsed: 0:35:29
                                    ETA: 0:19:47

################################################################################
[1m                           Learning iteration 321/500                           [0m 

                               Run name: hierarchical_soccer_chase_hl
                            Total steps: 1978368 
                       Steps per second: 931 
                        Collection time: 6.489s 
                          Learning time: 0.106s 
                        Mean value loss: 0.0122
                    Mean surrogate loss: 0.0002
                      Mean entropy loss: 6.0819
                            Mean reward: 192.74
                    Mean episode length: 241.00
                        Mean action std: 1.84
--------------------------------------------------------------------------------
                         Iteration time: 6.59s
                           Time elapsed: 0:35:35
                                    ETA: 0:19:40

################################################################################
[1m                           Learning iteration 322/500                           [0m 

                               Run name: hierarchical_soccer_chase_hl
                            Total steps: 1984512 
                       Steps per second: 933 
                        Collection time: 6.482s 
                          Learning time: 0.098s 
                        Mean value loss: 0.0117
                    Mean surrogate loss: -0.0075
                      Mean entropy loss: 6.0837
                            Mean reward: 192.69
                    Mean episode length: 241.00
                        Mean action std: 1.84
--------------------------------------------------------------------------------
                         Iteration time: 6.58s
                           Time elapsed: 0:35:42
                                    ETA: 0:19:34

################################################################################
[1m                           Learning iteration 323/500                           [0m 

                               Run name: hierarchical_soccer_chase_hl
                            Total steps: 1990656 
                       Steps per second: 907 
                        Collection time: 6.679s 
                          Learning time: 0.094s 
                        Mean value loss: 0.0085
                    Mean surrogate loss: -0.0022
                      Mean entropy loss: 6.0855
                            Mean reward: 192.69
                    Mean episode length: 241.00
                        Mean action std: 1.84
--------------------------------------------------------------------------------
                         Iteration time: 6.77s
                           Time elapsed: 0:35:49
                                    ETA: 0:19:27

################################################################################
[1m                           Learning iteration 324/500                           [0m 

                               Run name: hierarchical_soccer_chase_hl
                            Total steps: 1996800 
                       Steps per second: 916 
                        Collection time: 6.609s 
                          Learning time: 0.094s 
                        Mean value loss: 0.0727
                    Mean surrogate loss: -0.0025
                      Mean entropy loss: 6.0880
                            Mean reward: 192.77
                    Mean episode length: 241.00
                        Mean action std: 1.84
--------------------------------------------------------------------------------
                         Iteration time: 6.70s
                           Time elapsed: 0:35:55
                                    ETA: 0:19:20

################################################################################
[1m                           Learning iteration 325/500                           [0m 

                               Run name: hierarchical_soccer_chase_hl
                            Total steps: 2002944 
                       Steps per second: 942 
                        Collection time: 6.427s 
                          Learning time: 0.095s 
                        Mean value loss: 0.0390
                    Mean surrogate loss: -0.0015
                      Mean entropy loss: 6.0896
                            Mean reward: 192.64
                    Mean episode length: 241.00
                        Mean action std: 1.84
--------------------------------------------------------------------------------
                         Iteration time: 6.52s
                           Time elapsed: 0:36:02
                                    ETA: 0:19:14

################################################################################
[1m                           Learning iteration 326/500                           [0m 

                               Run name: hierarchical_soccer_chase_hl
                            Total steps: 2009088 
                       Steps per second: 916 
                        Collection time: 6.605s 
                          Learning time: 0.099s 
                        Mean value loss: 0.0256
                    Mean surrogate loss: -0.0046
                      Mean entropy loss: 6.0936
                            Mean reward: 192.59
                    Mean episode length: 241.00
                        Mean action std: 1.85
--------------------------------------------------------------------------------
                         Iteration time: 6.70s
                           Time elapsed: 0:36:09
                                    ETA: 0:19:07

################################################################################
[1m                           Learning iteration 327/500                           [0m 

                               Run name: hierarchical_soccer_chase_hl
                            Total steps: 2015232 
                       Steps per second: 931 
                        Collection time: 6.497s 
                          Learning time: 0.099s 
                        Mean value loss: 0.0019
                    Mean surrogate loss: -0.0019
                      Mean entropy loss: 6.0943
                            Mean reward: 192.66
                    Mean episode length: 241.00
                        Mean action std: 1.85
--------------------------------------------------------------------------------
                         Iteration time: 6.60s
                           Time elapsed: 0:36:15
                                    ETA: 0:19:00

################################################################################
[1m                           Learning iteration 328/500                           [0m 

                               Run name: hierarchical_soccer_chase_hl
                            Total steps: 2021376 
                       Steps per second: 917 
                        Collection time: 6.599s 
                          Learning time: 0.098s 
                        Mean value loss: 0.0039
                    Mean surrogate loss: -0.0019
                      Mean entropy loss: 6.0945
                            Mean reward: 192.65
                    Mean episode length: 241.00
                        Mean action std: 1.85
--------------------------------------------------------------------------------
                         Iteration time: 6.70s
                           Time elapsed: 0:36:22
                                    ETA: 0:18:54

################################################################################
[1m                           Learning iteration 329/500                           [0m 

                               Run name: hierarchical_soccer_chase_hl
                            Total steps: 2027520 
                       Steps per second: 925 
                        Collection time: 6.536s 
                          Learning time: 0.099s 
                        Mean value loss: 0.0017
                    Mean surrogate loss: -0.0042
                      Mean entropy loss: 6.0949
                            Mean reward: 192.82
                    Mean episode length: 241.00
                        Mean action std: 1.85
--------------------------------------------------------------------------------
                         Iteration time: 6.64s
                           Time elapsed: 0:36:29
                                    ETA: 0:18:47

################################################################################
[1m                           Learning iteration 330/500                           [0m 

                               Run name: hierarchical_soccer_chase_hl
                            Total steps: 2033664 
                       Steps per second: 920 
                        Collection time: 6.574s 
                          Learning time: 0.099s 
                        Mean value loss: 0.0041
                    Mean surrogate loss: -0.0036
                      Mean entropy loss: 6.0961
                            Mean reward: 192.96
                    Mean episode length: 241.00
                        Mean action std: 1.85
--------------------------------------------------------------------------------
                         Iteration time: 6.67s
                           Time elapsed: 0:36:35
                                    ETA: 0:18:41

################################################################################
[1m                           Learning iteration 331/500                           [0m 

                               Run name: hierarchical_soccer_chase_hl
                            Total steps: 2039808 
                       Steps per second: 932 
                        Collection time: 6.498s 
                          Learning time: 0.093s 
                        Mean value loss: 0.0024
                    Mean surrogate loss: -0.0048
                      Mean entropy loss: 6.0980
                            Mean reward: 193.01
                    Mean episode length: 241.00
                        Mean action std: 1.85
--------------------------------------------------------------------------------
                         Iteration time: 6.59s
                           Time elapsed: 0:36:42
                                    ETA: 0:18:34

################################################################################
[1m                           Learning iteration 332/500                           [0m 

                               Run name: hierarchical_soccer_chase_hl
                            Total steps: 2045952 
                       Steps per second: 933 
                        Collection time: 6.485s 
                          Learning time: 0.095s 
                        Mean value loss: 0.0286
                    Mean surrogate loss: -0.0003
                      Mean entropy loss: 6.0990
                            Mean reward: 193.14
                    Mean episode length: 241.00
                        Mean action std: 1.85
--------------------------------------------------------------------------------
                         Iteration time: 6.58s
                           Time elapsed: 0:36:48
                                    ETA: 0:18:27

################################################################################
[1m                           Learning iteration 333/500                           [0m 

                               Run name: hierarchical_soccer_chase_hl
                            Total steps: 2052096 
                       Steps per second: 908 
                        Collection time: 6.667s 
                          Learning time: 0.094s 
                        Mean value loss: 0.0028
                    Mean surrogate loss: -0.0025
                      Mean entropy loss: 6.1049
                            Mean reward: 193.21
                    Mean episode length: 241.00
                        Mean action std: 1.86
--------------------------------------------------------------------------------
                         Iteration time: 6.76s
                           Time elapsed: 0:36:55
                                    ETA: 0:18:21

################################################################################
[1m                           Learning iteration 334/500                           [0m 

                               Run name: hierarchical_soccer_chase_hl
                            Total steps: 2058240 
                       Steps per second: 910 
                        Collection time: 6.647s 
                          Learning time: 0.098s 
                        Mean value loss: 0.0206
                    Mean surrogate loss: -0.0056
                      Mean entropy loss: 6.1248
                            Mean reward: 193.10
                    Mean episode length: 241.00
                        Mean action std: 1.87
--------------------------------------------------------------------------------
                         Iteration time: 6.74s
                           Time elapsed: 0:37:02
                                    ETA: 0:18:14

################################################################################
[1m                           Learning iteration 335/500                           [0m 

                               Run name: hierarchical_soccer_chase_hl
                            Total steps: 2064384 
                       Steps per second: 937 
                        Collection time: 6.455s 
                          Learning time: 0.098s 
                        Mean value loss: 0.0014
                    Mean surrogate loss: -0.0067
                      Mean entropy loss: 6.1325
                            Mean reward: 193.23
                    Mean episode length: 241.00
                        Mean action std: 1.87
--------------------------------------------------------------------------------
                         Iteration time: 6.55s
                           Time elapsed: 0:37:09
                                    ETA: 0:18:07

################################################################################
[1m                           Learning iteration 336/500                           [0m 

                               Run name: hierarchical_soccer_chase_hl
                            Total steps: 2070528 
                       Steps per second: 923 
                        Collection time: 6.553s 
                          Learning time: 0.098s 
                        Mean value loss: 0.0009
                    Mean surrogate loss: -0.0031
                      Mean entropy loss: 6.1342
                            Mean reward: 192.96
                    Mean episode length: 241.00
                        Mean action std: 1.87
--------------------------------------------------------------------------------
                         Iteration time: 6.65s
                           Time elapsed: 0:37:15
                                    ETA: 0:18:01

################################################################################
[1m                           Learning iteration 337/500                           [0m 

                               Run name: hierarchical_soccer_chase_hl
                            Total steps: 2076672 
                       Steps per second: 929 
                        Collection time: 6.513s 
                          Learning time: 0.099s 
                        Mean value loss: 0.0012
                    Mean surrogate loss: -0.0029
                      Mean entropy loss: 6.1368
                            Mean reward: 192.95
                    Mean episode length: 241.00
                        Mean action std: 1.87
--------------------------------------------------------------------------------
                         Iteration time: 6.61s
                           Time elapsed: 0:37:22
                                    ETA: 0:17:54

################################################################################
[1m                           Learning iteration 338/500                           [0m 

                               Run name: hierarchical_soccer_chase_hl
                            Total steps: 2082816 
                       Steps per second: 916 
                        Collection time: 6.605s 
                          Learning time: 0.100s 
                        Mean value loss: 0.0026
                    Mean surrogate loss: -0.0025
                      Mean entropy loss: 6.1378
                            Mean reward: 192.99
                    Mean episode length: 241.00
                        Mean action std: 1.87
--------------------------------------------------------------------------------
                         Iteration time: 6.70s
                           Time elapsed: 0:37:29
                                    ETA: 0:17:48

################################################################################
[1m                           Learning iteration 339/500                           [0m 

                               Run name: hierarchical_soccer_chase_hl
                            Total steps: 2088960 
                       Steps per second: 924 
                        Collection time: 6.544s 
                          Learning time: 0.098s 
                        Mean value loss: 0.0030
                    Mean surrogate loss: -0.0048
                      Mean entropy loss: 6.1410
                            Mean reward: 192.83
                    Mean episode length: 241.00
                        Mean action std: 1.88
--------------------------------------------------------------------------------
                         Iteration time: 6.64s
                           Time elapsed: 0:37:35
                                    ETA: 0:17:41

################################################################################
[1m                           Learning iteration 340/500                           [0m 

                               Run name: hierarchical_soccer_chase_hl
                            Total steps: 2095104 
                       Steps per second: 924 
                        Collection time: 6.546s 
                          Learning time: 0.100s 
                        Mean value loss: 0.0120
                    Mean surrogate loss: -0.0018
                      Mean entropy loss: 6.1420
                            Mean reward: 192.85
                    Mean episode length: 241.00
                        Mean action std: 1.88
--------------------------------------------------------------------------------
                         Iteration time: 6.65s
                           Time elapsed: 0:37:42
                                    ETA: 0:17:34

################################################################################
[1m                           Learning iteration 341/500                           [0m 

                               Run name: hierarchical_soccer_chase_hl
                            Total steps: 2101248 
                       Steps per second: 936 
                        Collection time: 6.462s 
                          Learning time: 0.100s 
                        Mean value loss: 0.0007
                    Mean surrogate loss: -0.0044
                      Mean entropy loss: 6.1447
                            Mean reward: 192.85
                    Mean episode length: 241.00
                        Mean action std: 1.88
--------------------------------------------------------------------------------
                         Iteration time: 6.56s
                           Time elapsed: 0:37:48
                                    ETA: 0:17:28

################################################################################
[1m                           Learning iteration 342/500                           [0m 

                               Run name: hierarchical_soccer_chase_hl
                            Total steps: 2107392 
                       Steps per second: 934 
                        Collection time: 6.480s 
                          Learning time: 0.094s 
                        Mean value loss: 0.0047
                    Mean surrogate loss: -0.0032
                      Mean entropy loss: 6.1528
                            Mean reward: 193.00
                    Mean episode length: 241.00
                        Mean action std: 1.88
--------------------------------------------------------------------------------
                         Iteration time: 6.57s
                           Time elapsed: 0:37:55
                                    ETA: 0:17:21

################################################################################
[1m                           Learning iteration 343/500                           [0m 

                               Run name: hierarchical_soccer_chase_hl
                            Total steps: 2113536 
                       Steps per second: 910 
                        Collection time: 6.651s 
                          Learning time: 0.094s 
                        Mean value loss: 0.0025
                    Mean surrogate loss: -0.0048
                      Mean entropy loss: 6.1597
                            Mean reward: 192.90
                    Mean episode length: 241.00
                        Mean action std: 1.89
--------------------------------------------------------------------------------
                         Iteration time: 6.75s
                           Time elapsed: 0:38:02
                                    ETA: 0:17:14

################################################################################
[1m                           Learning iteration 344/500                           [0m 

                               Run name: hierarchical_soccer_chase_hl
                            Total steps: 2119680 
                       Steps per second: 912 
                        Collection time: 6.633s 
                          Learning time: 0.099s 
                        Mean value loss: 0.0018
                    Mean surrogate loss: -0.0027
                      Mean entropy loss: 6.1618
                            Mean reward: 192.83
                    Mean episode length: 241.00
                        Mean action std: 1.89
--------------------------------------------------------------------------------
                         Iteration time: 6.73s
                           Time elapsed: 0:38:08
                                    ETA: 0:17:08

################################################################################
[1m                           Learning iteration 345/500                           [0m 

                               Run name: hierarchical_soccer_chase_hl
                            Total steps: 2125824 
                       Steps per second: 933 
                        Collection time: 6.479s 
                          Learning time: 0.099s 
                        Mean value loss: 0.0020
                    Mean surrogate loss: -0.0027
                      Mean entropy loss: 6.1630
                            Mean reward: 192.80
                    Mean episode length: 241.00
                        Mean action std: 1.89
--------------------------------------------------------------------------------
                         Iteration time: 6.58s
                           Time elapsed: 0:38:15
                                    ETA: 0:17:01

################################################################################
[1m                           Learning iteration 346/500                           [0m 

                               Run name: hierarchical_soccer_chase_hl
                            Total steps: 2131968 
                       Steps per second: 920 
                        Collection time: 6.575s 
                          Learning time: 0.099s 
                        Mean value loss: 0.0076
                    Mean surrogate loss: -0.0034
                      Mean entropy loss: 6.1591
                            Mean reward: 192.73
                    Mean episode length: 241.00
                        Mean action std: 1.89
--------------------------------------------------------------------------------
                         Iteration time: 6.67s
                           Time elapsed: 0:38:22
                                    ETA: 0:16:55

################################################################################
[1m                           Learning iteration 347/500                           [0m 

                               Run name: hierarchical_soccer_chase_hl
                            Total steps: 2138112 
                       Steps per second: 930 
                        Collection time: 6.506s 
                          Learning time: 0.096s 
                        Mean value loss: 0.0162
                    Mean surrogate loss: -0.0032
                      Mean entropy loss: 6.1620
                            Mean reward: 192.70
                    Mean episode length: 241.00
                        Mean action std: 1.89
--------------------------------------------------------------------------------
                         Iteration time: 6.60s
                           Time elapsed: 0:38:28
                                    ETA: 0:16:48

################################################################################
[1m                           Learning iteration 348/500                           [0m 

                               Run name: hierarchical_soccer_chase_hl
                            Total steps: 2144256 
                       Steps per second: 919 
                        Collection time: 6.587s 
                          Learning time: 0.099s 
                        Mean value loss: 0.0016
                    Mean surrogate loss: -0.0020
                      Mean entropy loss: 6.1640
                            Mean reward: 192.74
                    Mean episode length: 241.00
                        Mean action std: 1.89
--------------------------------------------------------------------------------
                         Iteration time: 6.69s
                           Time elapsed: 0:38:35
                                    ETA: 0:16:41

################################################################################
[1m                           Learning iteration 349/500                           [0m 

                               Run name: hierarchical_soccer_chase_hl
                            Total steps: 2150400 
                       Steps per second: 926 
                        Collection time: 6.530s 
                          Learning time: 0.099s 
                        Mean value loss: 0.0034
                    Mean surrogate loss: -0.0026
                      Mean entropy loss: 6.1664
                            Mean reward: 192.82
                    Mean episode length: 241.00
                        Mean action std: 1.89
--------------------------------------------------------------------------------
                         Iteration time: 6.63s
                           Time elapsed: 0:38:42
                                    ETA: 0:16:35

################################################################################
[1m                           Learning iteration 350/500                           [0m 

                               Run name: hierarchical_soccer_chase_hl
                            Total steps: 2156544 
                       Steps per second: 920 
                        Collection time: 6.573s 
                          Learning time: 0.099s 
                        Mean value loss: 0.0025
                    Mean surrogate loss: -0.0014
                      Mean entropy loss: 6.1674
                            Mean reward: 192.86
                    Mean episode length: 241.00
                        Mean action std: 1.89
--------------------------------------------------------------------------------
                         Iteration time: 6.67s
                           Time elapsed: 0:38:48
                                    ETA: 0:16:28

################################################################################
[1m                           Learning iteration 351/500                           [0m 

                               Run name: hierarchical_soccer_chase_hl
                            Total steps: 2162688 
                       Steps per second: 934 
                        Collection time: 6.479s 
                          Learning time: 0.099s 
                        Mean value loss: 0.0034
                    Mean surrogate loss: -0.0039
                      Mean entropy loss: 6.1675
                            Mean reward: 192.88
                    Mean episode length: 241.00
                        Mean action std: 1.89
--------------------------------------------------------------------------------
                         Iteration time: 6.58s
                           Time elapsed: 0:38:55
                                    ETA: 0:16:21

################################################################################
[1m                           Learning iteration 352/500                           [0m 

                               Run name: hierarchical_soccer_chase_hl
                            Total steps: 2168832 
                       Steps per second: 932 
                        Collection time: 6.495s 
                          Learning time: 0.097s 
                        Mean value loss: 0.0020
                    Mean surrogate loss: -0.0029
                      Mean entropy loss: 6.1667
                            Mean reward: 192.86
                    Mean episode length: 241.00
                        Mean action std: 1.89
--------------------------------------------------------------------------------
                         Iteration time: 6.59s
                           Time elapsed: 0:39:01
                                    ETA: 0:16:15

################################################################################
[1m                           Learning iteration 353/500                           [0m 

                               Run name: hierarchical_soccer_chase_hl
                            Total steps: 2174976 
                       Steps per second: 906 
                        Collection time: 6.680s 
                          Learning time: 0.100s 
                        Mean value loss: 0.0029
                    Mean surrogate loss: -0.0026
                      Mean entropy loss: 6.1640
                            Mean reward: 192.95
                    Mean episode length: 241.00
                        Mean action std: 1.89
--------------------------------------------------------------------------------
                         Iteration time: 6.78s
                           Time elapsed: 0:39:08
                                    ETA: 0:16:08

################################################################################
[1m                           Learning iteration 354/500                           [0m 

                               Run name: hierarchical_soccer_chase_hl
                            Total steps: 2181120 
                       Steps per second: 909 
                        Collection time: 6.658s 
                          Learning time: 0.099s 
                        Mean value loss: 0.0045
                    Mean surrogate loss: -0.0033
                      Mean entropy loss: 6.1658
                            Mean reward: 193.04
                    Mean episode length: 241.00
                        Mean action std: 1.89
--------------------------------------------------------------------------------
                         Iteration time: 6.76s
                           Time elapsed: 0:39:15
                                    ETA: 0:16:02

################################################################################
[1m                           Learning iteration 355/500                           [0m 

                               Run name: hierarchical_soccer_chase_hl
                            Total steps: 2187264 
                       Steps per second: 932 
                        Collection time: 6.487s 
                          Learning time: 0.099s 
                        Mean value loss: 0.0036
                    Mean surrogate loss: -0.0040
                      Mean entropy loss: 6.1687
                            Mean reward: 193.08
                    Mean episode length: 241.00
                        Mean action std: 1.89
--------------------------------------------------------------------------------
                         Iteration time: 6.59s
                           Time elapsed: 0:39:22
                                    ETA: 0:15:55

################################################################################
[1m                           Learning iteration 356/500                           [0m 

                               Run name: hierarchical_soccer_chase_hl
                            Total steps: 2193408 
                       Steps per second: 920 
                        Collection time: 6.572s 
                          Learning time: 0.100s 
                        Mean value loss: 0.0173
                    Mean surrogate loss: -0.0013
                      Mean entropy loss: 6.1695
                            Mean reward: 193.01
                    Mean episode length: 241.00
                        Mean action std: 1.89
--------------------------------------------------------------------------------
                         Iteration time: 6.67s
                           Time elapsed: 0:39:28
                                    ETA: 0:15:48

################################################################################
[1m                           Learning iteration 357/500                           [0m 

                               Run name: hierarchical_soccer_chase_hl
                            Total steps: 2199552 
                       Steps per second: 932 
                        Collection time: 6.489s 
                          Learning time: 0.098s 
                        Mean value loss: 0.0106
                    Mean surrogate loss: -0.0066
                      Mean entropy loss: 6.1758
                            Mean reward: 192.98
                    Mean episode length: 241.00
                        Mean action std: 1.90
--------------------------------------------------------------------------------
                         Iteration time: 6.59s
                           Time elapsed: 0:39:35
                                    ETA: 0:15:42

################################################################################
[1m                           Learning iteration 358/500                           [0m 

                               Run name: hierarchical_soccer_chase_hl
                            Total steps: 2205696 
                       Steps per second: 918 
                        Collection time: 6.599s 
                          Learning time: 0.094s 
                        Mean value loss: 0.0040
                    Mean surrogate loss: -0.0035
                      Mean entropy loss: 6.1774
                            Mean reward: 192.84
                    Mean episode length: 241.00
                        Mean action std: 1.90
--------------------------------------------------------------------------------
                         Iteration time: 6.69s
                           Time elapsed: 0:39:42
                                    ETA: 0:15:35

################################################################################
[1m                           Learning iteration 359/500                           [0m 

                               Run name: hierarchical_soccer_chase_hl
                            Total steps: 2211840 
                       Steps per second: 923 
                        Collection time: 6.555s 
                          Learning time: 0.100s 
                        Mean value loss: 0.0034
                    Mean surrogate loss: -0.0039
                      Mean entropy loss: 6.1790
                            Mean reward: 192.89
                    Mean episode length: 241.00
                        Mean action std: 1.90
--------------------------------------------------------------------------------
                         Iteration time: 6.66s
                           Time elapsed: 0:39:48
                                    ETA: 0:15:28

################################################################################
[1m                           Learning iteration 360/500                           [0m 

                               Run name: hierarchical_soccer_chase_hl
                            Total steps: 2217984 
                       Steps per second: 925 
                        Collection time: 6.540s 
                          Learning time: 0.099s 
                        Mean value loss: 0.0029
                    Mean surrogate loss: -0.0045
                      Mean entropy loss: 6.1804
                            Mean reward: 192.93
                    Mean episode length: 241.00
                        Mean action std: 1.90
--------------------------------------------------------------------------------
                         Iteration time: 6.64s
                           Time elapsed: 0:39:55
                                    ETA: 0:15:22

################################################################################
[1m                           Learning iteration 361/500                           [0m 

                               Run name: hierarchical_soccer_chase_hl
                            Total steps: 2224128 
                       Steps per second: 935 
                        Collection time: 6.466s 
                          Learning time: 0.099s 
                        Mean value loss: 0.0023
                    Mean surrogate loss: -0.0056
                      Mean entropy loss: 6.1816
                            Mean reward: 192.97
                    Mean episode length: 241.00
                        Mean action std: 1.90
--------------------------------------------------------------------------------
                         Iteration time: 6.56s
                           Time elapsed: 0:40:01
                                    ETA: 0:15:15

################################################################################
[1m                           Learning iteration 362/500                           [0m 

                               Run name: hierarchical_soccer_chase_hl
                            Total steps: 2230272 
                       Steps per second: 930 
                        Collection time: 6.508s 
                          Learning time: 0.095s 
                        Mean value loss: 0.0024
                    Mean surrogate loss: -0.0005
                      Mean entropy loss: 6.1823
                            Mean reward: 192.93
                    Mean episode length: 241.00
                        Mean action std: 1.90
--------------------------------------------------------------------------------
                         Iteration time: 6.60s
                           Time elapsed: 0:40:08
                                    ETA: 0:15:08

################################################################################
[1m                           Learning iteration 363/500                           [0m 

                               Run name: hierarchical_soccer_chase_hl
                            Total steps: 2236416 
                       Steps per second: 914 
                        Collection time: 6.622s 
                          Learning time: 0.097s 
                        Mean value loss: 0.0046
                    Mean surrogate loss: -0.0025
                      Mean entropy loss: 6.1827
                            Mean reward: 192.88
                    Mean episode length: 241.00
                        Mean action std: 1.90
--------------------------------------------------------------------------------
                         Iteration time: 6.72s
                           Time elapsed: 0:40:15
                                    ETA: 0:15:02

################################################################################
[1m                           Learning iteration 364/500                           [0m 

                               Run name: hierarchical_soccer_chase_hl
                            Total steps: 2242560 
                       Steps per second: 912 
                        Collection time: 6.638s 
                          Learning time: 0.097s 
                        Mean value loss: 0.0019
                    Mean surrogate loss: -0.0030
                      Mean entropy loss: 6.1830
                            Mean reward: 192.85
                    Mean episode length: 241.00
                        Mean action std: 1.90
--------------------------------------------------------------------------------
                         Iteration time: 6.74s
                           Time elapsed: 0:40:21
                                    ETA: 0:14:55

################################################################################
[1m                           Learning iteration 365/500                           [0m 

                               Run name: hierarchical_soccer_chase_hl
                            Total steps: 2248704 
                       Steps per second: 932 
                        Collection time: 6.492s 
                          Learning time: 0.095s 
                        Mean value loss: 0.0016
                    Mean surrogate loss: 0.0022
                      Mean entropy loss: 6.1836
                            Mean reward: 192.80
                    Mean episode length: 241.00
                        Mean action std: 1.90
--------------------------------------------------------------------------------
                         Iteration time: 6.59s
                           Time elapsed: 0:40:28
                                    ETA: 0:14:49

################################################################################
[1m                           Learning iteration 366/500                           [0m 

                               Run name: hierarchical_soccer_chase_hl
                            Total steps: 2254848 
                       Steps per second: 927 
                        Collection time: 6.528s 
                          Learning time: 0.093s 
                        Mean value loss: 0.0452
                    Mean surrogate loss: 0.0041
                      Mean entropy loss: 6.1845
                            Mean reward: 192.67
                    Mean episode length: 241.00
                        Mean action std: 1.90
--------------------------------------------------------------------------------
                         Iteration time: 6.62s
                           Time elapsed: 0:40:35
                                    ETA: 0:14:42

################################################################################
[1m                           Learning iteration 367/500                           [0m 

                               Run name: hierarchical_soccer_chase_hl
                            Total steps: 2260992 
                       Steps per second: 929 
                        Collection time: 6.518s 
                          Learning time: 0.094s 
                        Mean value loss: 0.1163
                    Mean surrogate loss: 0.0043
                      Mean entropy loss: 6.1860
                            Mean reward: 192.63
                    Mean episode length: 241.00
                        Mean action std: 1.91
--------------------------------------------------------------------------------
                         Iteration time: 6.61s
                           Time elapsed: 0:40:41
                                    ETA: 0:14:35

################################################################################
[1m                           Learning iteration 368/500                           [0m 

                               Run name: hierarchical_soccer_chase_hl
                            Total steps: 2267136 
                       Steps per second: 921 
                        Collection time: 6.571s 
                          Learning time: 0.093s 
                        Mean value loss: 0.0085
                    Mean surrogate loss: -0.0038
                      Mean entropy loss: 6.1964
                            Mean reward: 192.78
                    Mean episode length: 241.00
                        Mean action std: 1.91
--------------------------------------------------------------------------------
                         Iteration time: 6.66s
                           Time elapsed: 0:40:48
                                    ETA: 0:14:29

################################################################################
[1m                           Learning iteration 369/500                           [0m 

                               Run name: hierarchical_soccer_chase_hl
                            Total steps: 2273280 
                       Steps per second: 927 
                        Collection time: 6.533s 
                          Learning time: 0.094s 
                        Mean value loss: 0.0039
                    Mean surrogate loss: -0.0021
                      Mean entropy loss: 6.1991
                            Mean reward: 192.81
                    Mean episode length: 241.00
                        Mean action std: 1.91
--------------------------------------------------------------------------------
                         Iteration time: 6.63s
                           Time elapsed: 0:40:55
                                    ETA: 0:14:22

################################################################################
[1m                           Learning iteration 370/500                           [0m 

                               Run name: hierarchical_soccer_chase_hl
                            Total steps: 2279424 
                       Steps per second: 931 
                        Collection time: 6.493s 
                          Learning time: 0.099s 
                        Mean value loss: 0.0025
                    Mean surrogate loss: -0.0049
                      Mean entropy loss: 6.1997
                            Mean reward: 192.95
                    Mean episode length: 241.00
                        Mean action std: 1.91
--------------------------------------------------------------------------------
                         Iteration time: 6.59s
                           Time elapsed: 0:41:01
                                    ETA: 0:14:15

################################################################################
[1m                           Learning iteration 371/500                           [0m 

                               Run name: hierarchical_soccer_chase_hl
                            Total steps: 2285568 
                       Steps per second: 933 
                        Collection time: 6.488s 
                          Learning time: 0.095s 
                        Mean value loss: 0.0024
                    Mean surrogate loss: 0.0068
                      Mean entropy loss: 6.1995
                            Mean reward: 192.98
                    Mean episode length: 241.00
                        Mean action std: 1.91
--------------------------------------------------------------------------------
                         Iteration time: 6.58s
                           Time elapsed: 0:41:08
                                    ETA: 0:14:09

################################################################################
[1m                           Learning iteration 372/500                           [0m 

                               Run name: hierarchical_soccer_chase_hl
                            Total steps: 2291712 
                       Steps per second: 931 
                        Collection time: 6.501s 
                          Learning time: 0.094s 
                        Mean value loss: 0.0018
                    Mean surrogate loss: -0.0024
                      Mean entropy loss: 6.1982
                            Mean reward: 192.97
                    Mean episode length: 241.00
                        Mean action std: 1.91
--------------------------------------------------------------------------------
                         Iteration time: 6.60s
                           Time elapsed: 0:41:14
                                    ETA: 0:14:02

################################################################################
[1m                           Learning iteration 373/500                           [0m 

                               Run name: hierarchical_soccer_chase_hl
                            Total steps: 2297856 
                       Steps per second: 915 
                        Collection time: 6.614s 
                          Learning time: 0.094s 
                        Mean value loss: 0.0041
                    Mean surrogate loss: -0.0022
                      Mean entropy loss: 6.1984
                            Mean reward: 193.05
                    Mean episode length: 241.00
                        Mean action std: 1.91
--------------------------------------------------------------------------------
                         Iteration time: 6.71s
                           Time elapsed: 0:41:21
                                    ETA: 0:13:56

################################################################################
[1m                           Learning iteration 374/500                           [0m 

                               Run name: hierarchical_soccer_chase_hl
                            Total steps: 2304000 
                       Steps per second: 911 
                        Collection time: 6.649s 
                          Learning time: 0.094s 
                        Mean value loss: 0.0039
                    Mean surrogate loss: -0.0050
                      Mean entropy loss: 6.2017
                            Mean reward: 192.94
                    Mean episode length: 241.00
                        Mean action std: 1.91
--------------------------------------------------------------------------------
                         Iteration time: 6.74s
                           Time elapsed: 0:41:28
                                    ETA: 0:13:49

################################################################################
[1m                           Learning iteration 375/500                           [0m 

                               Run name: hierarchical_soccer_chase_hl
                            Total steps: 2310144 
                       Steps per second: 931 
                        Collection time: 6.498s 
                          Learning time: 0.094s 
                        Mean value loss: 0.0019
                    Mean surrogate loss: -0.0003
                      Mean entropy loss: 6.2033
                            Mean reward: 192.88
                    Mean episode length: 241.00
                        Mean action std: 1.92
--------------------------------------------------------------------------------
                         Iteration time: 6.59s
                           Time elapsed: 0:41:34
                                    ETA: 0:13:42

################################################################################
[1m                           Learning iteration 376/500                           [0m 

                               Run name: hierarchical_soccer_chase_hl
                            Total steps: 2316288 
                       Steps per second: 930 
                        Collection time: 6.507s 
                          Learning time: 0.098s 
                        Mean value loss: 0.0368
                    Mean surrogate loss: 0.0057
                      Mean entropy loss: 6.2089
                            Mean reward: 192.81
                    Mean episode length: 241.00
                        Mean action std: 1.92
--------------------------------------------------------------------------------
                         Iteration time: 6.60s
                           Time elapsed: 0:41:41
                                    ETA: 0:13:36

################################################################################
[1m                           Learning iteration 377/500                           [0m 

                               Run name: hierarchical_soccer_chase_hl
                            Total steps: 2322432 
                       Steps per second: 929 
                        Collection time: 6.516s 
                          Learning time: 0.097s 
                        Mean value loss: 0.0201
                    Mean surrogate loss: -0.0053
                      Mean entropy loss: 6.2231
                            Mean reward: 192.82
                    Mean episode length: 241.00
                        Mean action std: 1.93
--------------------------------------------------------------------------------
                         Iteration time: 6.61s
                           Time elapsed: 0:41:48
                                    ETA: 0:13:29

################################################################################
[1m                           Learning iteration 378/500                           [0m 

                               Run name: hierarchical_soccer_chase_hl
                            Total steps: 2328576 
                       Steps per second: 921 
                        Collection time: 6.571s 
                          Learning time: 0.099s 
                        Mean value loss: 0.0060
                    Mean surrogate loss: -0.0018
                      Mean entropy loss: 6.2261
                            Mean reward: 192.85
                    Mean episode length: 241.00
                        Mean action std: 1.93
--------------------------------------------------------------------------------
                         Iteration time: 6.67s
                           Time elapsed: 0:41:54
                                    ETA: 0:13:22

################################################################################
[1m                           Learning iteration 379/500                           [0m 

                               Run name: hierarchical_soccer_chase_hl
                            Total steps: 2334720 
                       Steps per second: 918 
                        Collection time: 6.588s 
                          Learning time: 0.099s 
                        Mean value loss: 0.0179
                    Mean surrogate loss: -0.0031
                      Mean entropy loss: 6.2334
                            Mean reward: 192.99
                    Mean episode length: 241.00
                        Mean action std: 1.94
--------------------------------------------------------------------------------
                         Iteration time: 6.69s
                           Time elapsed: 0:42:01
                                    ETA: 0:13:16

################################################################################
[1m                           Learning iteration 380/500                           [0m 

                               Run name: hierarchical_soccer_chase_hl
                            Total steps: 2340864 
                       Steps per second: 931 
                        Collection time: 6.499s 
                          Learning time: 0.099s 
                        Mean value loss: 0.0108
                    Mean surrogate loss: -0.0016
                      Mean entropy loss: 6.2520
                            Mean reward: 193.05
                    Mean episode length: 241.00
                        Mean action std: 1.95
--------------------------------------------------------------------------------
                         Iteration time: 6.60s
                           Time elapsed: 0:42:08
                                    ETA: 0:13:09

################################################################################
[1m                           Learning iteration 381/500                           [0m 

                               Run name: hierarchical_soccer_chase_hl
                            Total steps: 2347008 
                       Steps per second: 927 
                        Collection time: 6.524s 
                          Learning time: 0.099s 
                        Mean value loss: 0.0028
                    Mean surrogate loss: -0.0011
                      Mean entropy loss: 6.2576
                            Mean reward: 192.99
                    Mean episode length: 241.00
                        Mean action std: 1.95
--------------------------------------------------------------------------------
                         Iteration time: 6.62s
                           Time elapsed: 0:42:14
                                    ETA: 0:13:02

################################################################################
[1m                           Learning iteration 382/500                           [0m 

                               Run name: hierarchical_soccer_chase_hl
                            Total steps: 2353152 
                       Steps per second: 938 
                        Collection time: 6.449s 
                          Learning time: 0.094s 
                        Mean value loss: 0.0278
                    Mean surrogate loss: -0.0002
                      Mean entropy loss: 6.2570
                            Mean reward: 192.92
                    Mean episode length: 241.00
                        Mean action std: 1.95
--------------------------------------------------------------------------------
                         Iteration time: 6.54s
                           Time elapsed: 0:42:21
                                    ETA: 0:12:56

################################################################################
[1m                           Learning iteration 383/500                           [0m 

                               Run name: hierarchical_soccer_chase_hl
                            Total steps: 2359296 
                       Steps per second: 913 
                        Collection time: 6.623s 
                          Learning time: 0.100s 
                        Mean value loss: 0.0728
                    Mean surrogate loss: 0.0083
                      Mean entropy loss: 6.2676
                            Mean reward: 192.77
                    Mean episode length: 241.00
                        Mean action std: 1.96
--------------------------------------------------------------------------------
                         Iteration time: 6.72s
                           Time elapsed: 0:42:27
                                    ETA: 0:12:49

################################################################################
[1m                           Learning iteration 384/500                           [0m 

                               Run name: hierarchical_soccer_chase_hl
                            Total steps: 2365440 
                       Steps per second: 910 
                        Collection time: 6.652s 
                          Learning time: 0.099s 
                        Mean value loss: 0.0474
                    Mean surrogate loss: -0.0032
                      Mean entropy loss: 6.2726
                            Mean reward: 192.76
                    Mean episode length: 241.00
                        Mean action std: 1.96
--------------------------------------------------------------------------------
                         Iteration time: 6.75s
                           Time elapsed: 0:42:34
                                    ETA: 0:12:43

################################################################################
[1m                           Learning iteration 385/500                           [0m 

                               Run name: hierarchical_soccer_chase_hl
                            Total steps: 2371584 
                       Steps per second: 932 
                        Collection time: 6.491s 
                          Learning time: 0.098s 
                        Mean value loss: 0.0428
                    Mean surrogate loss: 0.0006
                      Mean entropy loss: 6.2738
                            Mean reward: 192.76
                    Mean episode length: 241.00
                        Mean action std: 1.96
--------------------------------------------------------------------------------
                         Iteration time: 6.59s
                           Time elapsed: 0:42:41
                                    ETA: 0:12:36

################################################################################
[1m                           Learning iteration 386/500                           [0m 

                               Run name: hierarchical_soccer_chase_hl
                            Total steps: 2377728 
                       Steps per second: 933 
                        Collection time: 6.480s 
                          Learning time: 0.099s 
                        Mean value loss: 0.0133
                    Mean surrogate loss: -0.0031
                      Mean entropy loss: 6.2804
                            Mean reward: 192.91
                    Mean episode length: 241.00
                        Mean action std: 1.97
--------------------------------------------------------------------------------
                         Iteration time: 6.58s
                           Time elapsed: 0:42:47
                                    ETA: 0:12:29

################################################################################
[1m                           Learning iteration 387/500                           [0m 

                               Run name: hierarchical_soccer_chase_hl
                            Total steps: 2383872 
                       Steps per second: 927 
                        Collection time: 6.528s 
                          Learning time: 0.098s 
                        Mean value loss: 0.0047
                    Mean surrogate loss: -0.0030
                      Mean entropy loss: 6.2899
                            Mean reward: 192.90
                    Mean episode length: 241.00
                        Mean action std: 1.97
--------------------------------------------------------------------------------
                         Iteration time: 6.63s
                           Time elapsed: 0:42:54
                                    ETA: 0:12:23

################################################################################
[1m                           Learning iteration 388/500                           [0m 

                               Run name: hierarchical_soccer_chase_hl
                            Total steps: 2390016 
                       Steps per second: 929 
                        Collection time: 6.516s 
                          Learning time: 0.097s 
                        Mean value loss: 0.0048
                    Mean surrogate loss: -0.0020
                      Mean entropy loss: 6.2934
                            Mean reward: 192.95
                    Mean episode length: 241.00
                        Mean action std: 1.97
--------------------------------------------------------------------------------
                         Iteration time: 6.61s
                           Time elapsed: 0:43:01
                                    ETA: 0:12:16

################################################################################
[1m                           Learning iteration 389/500                           [0m 

                               Run name: hierarchical_soccer_chase_hl
                            Total steps: 2396160 
                       Steps per second: 923 
                        Collection time: 6.552s 
                          Learning time: 0.098s 
                        Mean value loss: 0.0033
                    Mean surrogate loss: -0.0028
                      Mean entropy loss: 6.2977
                            Mean reward: 192.93
                    Mean episode length: 241.00
                        Mean action std: 1.98
--------------------------------------------------------------------------------
                         Iteration time: 6.65s
                           Time elapsed: 0:43:07
                                    ETA: 0:12:09

################################################################################
[1m                           Learning iteration 390/500                           [0m 

                               Run name: hierarchical_soccer_chase_hl
                            Total steps: 2402304 
                       Steps per second: 936 
                        Collection time: 6.462s 
                          Learning time: 0.098s 
                        Mean value loss: 0.0171
                    Mean surrogate loss: -0.0050
                      Mean entropy loss: 6.3059
                            Mean reward: 192.92
                    Mean episode length: 241.00
                        Mean action std: 1.99
--------------------------------------------------------------------------------
                         Iteration time: 6.56s
                           Time elapsed: 0:43:14
                                    ETA: 0:12:03

################################################################################
[1m                           Learning iteration 391/500                           [0m 

                               Run name: hierarchical_soccer_chase_hl
                            Total steps: 2408448 
                       Steps per second: 931 
                        Collection time: 6.506s 
                          Learning time: 0.093s 
                        Mean value loss: 0.0040
                    Mean surrogate loss: -0.0009
                      Mean entropy loss: 6.3191
                            Mean reward: 192.89
                    Mean episode length: 241.00
                        Mean action std: 1.99
--------------------------------------------------------------------------------
                         Iteration time: 6.60s
                           Time elapsed: 0:43:20
                                    ETA: 0:11:56

################################################################################
[1m                           Learning iteration 392/500                           [0m 

                               Run name: hierarchical_soccer_chase_hl
                            Total steps: 2414592 
                       Steps per second: 940 
                        Collection time: 6.435s 
                          Learning time: 0.094s 
                        Mean value loss: 0.0309
                    Mean surrogate loss: -0.0005
                      Mean entropy loss: 6.3207
                            Mean reward: 192.88
                    Mean episode length: 241.00
                        Mean action std: 1.99
--------------------------------------------------------------------------------
                         Iteration time: 6.53s
                           Time elapsed: 0:43:27
                                    ETA: 0:11:49

################################################################################
[1m                           Learning iteration 393/500                           [0m 

                               Run name: hierarchical_soccer_chase_hl
                            Total steps: 2420736 
                       Steps per second: 916 
                        Collection time: 6.612s 
                          Learning time: 0.093s 
                        Mean value loss: 0.0070
                    Mean surrogate loss: -0.0039
                      Mean entropy loss: 6.3250
                            Mean reward: 193.04
                    Mean episode length: 241.00
                        Mean action std: 2.00
--------------------------------------------------------------------------------
                         Iteration time: 6.70s
                           Time elapsed: 0:43:34
                                    ETA: 0:11:43

################################################################################
[1m                           Learning iteration 394/500                           [0m 

                               Run name: hierarchical_soccer_chase_hl
                            Total steps: 2426880 
                       Steps per second: 905 
                        Collection time: 6.684s 
                          Learning time: 0.099s 
                        Mean value loss: 0.0014
                    Mean surrogate loss: -0.0023
                      Mean entropy loss: 6.3268
                            Mean reward: 192.90
                    Mean episode length: 241.00
                        Mean action std: 2.00
--------------------------------------------------------------------------------
                         Iteration time: 6.78s
                           Time elapsed: 0:43:40
                                    ETA: 0:11:36

################################################################################
[1m                           Learning iteration 395/500                           [0m 

                               Run name: hierarchical_soccer_chase_hl
                            Total steps: 2433024 
                       Steps per second: 926 
                        Collection time: 6.536s 
                          Learning time: 0.098s 
                        Mean value loss: 0.0095
                    Mean surrogate loss: -0.0048
                      Mean entropy loss: 6.3319
                            Mean reward: 192.86
                    Mean episode length: 241.00
                        Mean action std: 2.00
--------------------------------------------------------------------------------
                         Iteration time: 6.63s
                           Time elapsed: 0:43:47
                                    ETA: 0:11:30

################################################################################
[1m                           Learning iteration 396/500                           [0m 

                               Run name: hierarchical_soccer_chase_hl
                            Total steps: 2439168 
                       Steps per second: 931 
                        Collection time: 6.497s 
                          Learning time: 0.099s 
                        Mean value loss: 0.0030
                    Mean surrogate loss: -0.0028
                      Mean entropy loss: 6.3341
                            Mean reward: 192.98
                    Mean episode length: 241.00
                        Mean action std: 2.00
--------------------------------------------------------------------------------
                         Iteration time: 6.60s
                           Time elapsed: 0:43:54
                                    ETA: 0:11:23

################################################################################
[1m                           Learning iteration 397/500                           [0m 

                               Run name: hierarchical_soccer_chase_hl
                            Total steps: 2445312 
                       Steps per second: 927 
                        Collection time: 6.525s 
                          Learning time: 0.098s 
                        Mean value loss: 0.0046
                    Mean surrogate loss: -0.0025
                      Mean entropy loss: 6.3399
                            Mean reward: 192.94
                    Mean episode length: 241.00
                        Mean action std: 2.01
--------------------------------------------------------------------------------
                         Iteration time: 6.62s
                           Time elapsed: 0:44:00
                                    ETA: 0:11:16

################################################################################
[1m                           Learning iteration 398/500                           [0m 

                               Run name: hierarchical_soccer_chase_hl
                            Total steps: 2451456 
                       Steps per second: 923 
                        Collection time: 6.552s 
                          Learning time: 0.099s 
                        Mean value loss: 0.0048
                    Mean surrogate loss: -0.0031
                      Mean entropy loss: 6.3426
                            Mean reward: 193.05
                    Mean episode length: 241.00
                        Mean action std: 2.01
--------------------------------------------------------------------------------
                         Iteration time: 6.65s
                           Time elapsed: 0:44:07
                                    ETA: 0:11:10

################################################################################
[1m                           Learning iteration 399/500                           [0m 

                               Run name: hierarchical_soccer_chase_hl
                            Total steps: 2457600 
                       Steps per second: 918 
                        Collection time: 6.589s 
                          Learning time: 0.097s 
                        Mean value loss: 0.0193
                    Mean surrogate loss: -0.0035
                      Mean entropy loss: 6.3471
                            Mean reward: 193.04
                    Mean episode length: 241.00
                        Mean action std: 2.01
--------------------------------------------------------------------------------
                         Iteration time: 6.69s
                           Time elapsed: 0:44:14
                                    ETA: 0:11:03

################################################################################
[1m                           Learning iteration 400/500                           [0m 

                               Run name: hierarchical_soccer_chase_hl
                            Total steps: 2463744 
                       Steps per second: 936 
                        Collection time: 6.469s 
                          Learning time: 0.093s 
                        Mean value loss: 0.0299
                    Mean surrogate loss: 0.0029
                      Mean entropy loss: 6.3518
                            Mean reward: 192.87
                    Mean episode length: 241.00
                        Mean action std: 2.01
--------------------------------------------------------------------------------
                         Iteration time: 6.56s
                           Time elapsed: 0:44:20
                                    ETA: 0:10:56

################################################################################
[1m                           Learning iteration 401/500                           [0m 

                               Run name: hierarchical_soccer_chase_hl
                            Total steps: 2469888 
                       Steps per second: 928 
                        Collection time: 6.525s 
                          Learning time: 0.096s 
                        Mean value loss: 0.0019
                    Mean surrogate loss: -0.0011
                      Mean entropy loss: 6.3532
                            Mean reward: 192.85
                    Mean episode length: 241.00
                        Mean action std: 2.01
--------------------------------------------------------------------------------
                         Iteration time: 6.62s
                           Time elapsed: 0:44:27
                                    ETA: 0:10:50

################################################################################
[1m                           Learning iteration 402/500                           [0m 

                               Run name: hierarchical_soccer_chase_hl
                            Total steps: 2476032 
                       Steps per second: 939 
                        Collection time: 6.444s 
                          Learning time: 0.098s 
                        Mean value loss: 0.0020
                    Mean surrogate loss: -0.0025
                      Mean entropy loss: 6.3573
                            Mean reward: 192.86
                    Mean episode length: 241.00
                        Mean action std: 2.02
--------------------------------------------------------------------------------
                         Iteration time: 6.54s
                           Time elapsed: 0:44:33
                                    ETA: 0:10:43

################################################################################
[1m                           Learning iteration 403/500                           [0m 

                               Run name: hierarchical_soccer_chase_hl
                            Total steps: 2482176 
                       Steps per second: 914 
                        Collection time: 6.621s 
                          Learning time: 0.098s 
                        Mean value loss: 0.0036
                    Mean surrogate loss: -0.0017
                      Mean entropy loss: 6.3607
                            Mean reward: 192.83
                    Mean episode length: 241.00
                        Mean action std: 2.02
--------------------------------------------------------------------------------
                         Iteration time: 6.72s
                           Time elapsed: 0:44:40
                                    ETA: 0:10:36

################################################################################
[1m                           Learning iteration 404/500                           [0m 

                               Run name: hierarchical_soccer_chase_hl
                            Total steps: 2488320 
                       Steps per second: 905 
                        Collection time: 6.688s 
                          Learning time: 0.098s 
                        Mean value loss: 0.0025
                    Mean surrogate loss: -0.0019
                      Mean entropy loss: 6.3637
                            Mean reward: 192.91
                    Mean episode length: 241.00
                        Mean action std: 2.02
--------------------------------------------------------------------------------
                         Iteration time: 6.79s
                           Time elapsed: 0:44:47
                                    ETA: 0:10:30

################################################################################
[1m                           Learning iteration 405/500                           [0m 

                               Run name: hierarchical_soccer_chase_hl
                            Total steps: 2494464 
                       Steps per second: 930 
                        Collection time: 6.504s 
                          Learning time: 0.097s 
                        Mean value loss: 0.0028
                    Mean surrogate loss: -0.0025
                      Mean entropy loss: 6.3652
                            Mean reward: 193.00
                    Mean episode length: 241.00
                        Mean action std: 2.02
--------------------------------------------------------------------------------
                         Iteration time: 6.60s
                           Time elapsed: 0:44:53
                                    ETA: 0:10:23

################################################################################
[1m                           Learning iteration 406/500                           [0m 

                               Run name: hierarchical_soccer_chase_hl
                            Total steps: 2500608 
                       Steps per second: 929 
                        Collection time: 6.513s 
                          Learning time: 0.097s 
                        Mean value loss: 0.0018
                    Mean surrogate loss: -0.0008
                      Mean entropy loss: 6.3660
                            Mean reward: 192.97
                    Mean episode length: 241.00
                        Mean action std: 2.02
--------------------------------------------------------------------------------
                         Iteration time: 6.61s
                           Time elapsed: 0:45:00
                                    ETA: 0:10:17

################################################################################
[1m                           Learning iteration 407/500                           [0m 

                               Run name: hierarchical_soccer_chase_hl
                            Total steps: 2506752 
                       Steps per second: 931 
                        Collection time: 6.501s 
                          Learning time: 0.097s 
                        Mean value loss: 0.0019
                    Mean surrogate loss: -0.0014
                      Mean entropy loss: 6.3667
                            Mean reward: 192.95
                    Mean episode length: 241.00
                        Mean action std: 2.02
--------------------------------------------------------------------------------
                         Iteration time: 6.60s
                           Time elapsed: 0:45:07
                                    ETA: 0:10:10

################################################################################
[1m                           Learning iteration 408/500                           [0m 

                               Run name: hierarchical_soccer_chase_hl
                            Total steps: 2512896 
                       Steps per second: 925 
                        Collection time: 6.541s 
                          Learning time: 0.097s 
                        Mean value loss: 0.0031
                    Mean surrogate loss: -0.0025
                      Mean entropy loss: 6.3683
                            Mean reward: 192.98
                    Mean episode length: 241.00
                        Mean action std: 2.02
--------------------------------------------------------------------------------
                         Iteration time: 6.64s
                           Time elapsed: 0:45:13
                                    ETA: 0:10:03

################################################################################
[1m                           Learning iteration 409/500                           [0m 

                               Run name: hierarchical_soccer_chase_hl
                            Total steps: 2519040 
                       Steps per second: 919 
                        Collection time: 6.581s 
                          Learning time: 0.098s 
                        Mean value loss: 0.0023
                    Mean surrogate loss: -0.0036
                      Mean entropy loss: 6.3699
                            Mean reward: 192.90
                    Mean episode length: 241.00
                        Mean action std: 2.02
--------------------------------------------------------------------------------
                         Iteration time: 6.68s
                           Time elapsed: 0:45:20
                                    ETA: 0:09:57

################################################################################
[1m                           Learning iteration 410/500                           [0m 

                               Run name: hierarchical_soccer_chase_hl
                            Total steps: 2525184 
                       Steps per second: 932 
                        Collection time: 6.490s 
                          Learning time: 0.097s 
                        Mean value loss: 0.0051
                    Mean surrogate loss: -0.0019
                      Mean entropy loss: 6.3712
                            Mean reward: 192.93
                    Mean episode length: 241.00
                        Mean action std: 2.03
--------------------------------------------------------------------------------
                         Iteration time: 6.59s
                           Time elapsed: 0:45:27
                                    ETA: 0:09:50

################################################################################
[1m                           Learning iteration 411/500                           [0m 

                               Run name: hierarchical_soccer_chase_hl
                            Total steps: 2531328 
                       Steps per second: 919 
                        Collection time: 6.584s 
                          Learning time: 0.098s 
                        Mean value loss: 0.0016
                    Mean surrogate loss: -0.0020
                      Mean entropy loss: 6.3723
                            Mean reward: 192.99
                    Mean episode length: 241.00
                        Mean action std: 2.03
--------------------------------------------------------------------------------
                         Iteration time: 6.68s
                           Time elapsed: 0:45:33
                                    ETA: 0:09:43

################################################################################
[1m                           Learning iteration 412/500                           [0m 

                               Run name: hierarchical_soccer_chase_hl
                            Total steps: 2537472 
                       Steps per second: 935 
                        Collection time: 6.469s 
                          Learning time: 0.098s 
                        Mean value loss: 0.0019
                    Mean surrogate loss: -0.0020
                      Mean entropy loss: 6.3739
                            Mean reward: 193.06
                    Mean episode length: 241.00
                        Mean action std: 2.03
--------------------------------------------------------------------------------
                         Iteration time: 6.57s
                           Time elapsed: 0:45:40
                                    ETA: 0:09:37

################################################################################
[1m                           Learning iteration 413/500                           [0m 

                               Run name: hierarchical_soccer_chase_hl
                            Total steps: 2543616 
                       Steps per second: 918 
                        Collection time: 6.593s 
                          Learning time: 0.094s 
                        Mean value loss: 0.0029
                    Mean surrogate loss: -0.0009
                      Mean entropy loss: 6.3739
                            Mean reward: 193.00
                    Mean episode length: 241.00
                        Mean action std: 2.03
--------------------------------------------------------------------------------
                         Iteration time: 6.69s
                           Time elapsed: 0:45:46
                                    ETA: 0:09:30

################################################################################
[1m                           Learning iteration 414/500                           [0m 

                               Run name: hierarchical_soccer_chase_hl
                            Total steps: 2549760 
                       Steps per second: 910 
                        Collection time: 6.656s 
                          Learning time: 0.094s 
                        Mean value loss: 0.0046
                    Mean surrogate loss: -0.0015
                      Mean entropy loss: 6.3727
                            Mean reward: 192.97
                    Mean episode length: 241.00
                        Mean action std: 2.03
--------------------------------------------------------------------------------
                         Iteration time: 6.75s
                           Time elapsed: 0:45:53
                                    ETA: 0:09:24

################################################################################
[1m                           Learning iteration 415/500                           [0m 

                               Run name: hierarchical_soccer_chase_hl
                            Total steps: 2555904 
                       Steps per second: 931 
                        Collection time: 6.498s 
                          Learning time: 0.094s 
                        Mean value loss: 0.0016
                    Mean surrogate loss: -0.0025
                      Mean entropy loss: 6.3720
                            Mean reward: 192.91
                    Mean episode length: 241.00
                        Mean action std: 2.03
--------------------------------------------------------------------------------
                         Iteration time: 6.59s
                           Time elapsed: 0:46:00
                                    ETA: 0:09:17

################################################################################
[1m                           Learning iteration 416/500                           [0m 

                               Run name: hierarchical_soccer_chase_hl
                            Total steps: 2562048 
                       Steps per second: 931 
                        Collection time: 6.502s 
                          Learning time: 0.095s 
                        Mean value loss: 0.0027
                    Mean surrogate loss: -0.0026
                      Mean entropy loss: 6.3728
                            Mean reward: 192.92
                    Mean episode length: 241.00
                        Mean action std: 2.03
--------------------------------------------------------------------------------
                         Iteration time: 6.60s
                           Time elapsed: 0:46:06
                                    ETA: 0:09:10

################################################################################
[1m                           Learning iteration 417/500                           [0m 

                               Run name: hierarchical_soccer_chase_hl
                            Total steps: 2568192 
                       Steps per second: 929 
                        Collection time: 6.517s 
                          Learning time: 0.094s 
                        Mean value loss: 0.0034
                    Mean surrogate loss: -0.0027
                      Mean entropy loss: 6.3737
                            Mean reward: 192.92
                    Mean episode length: 241.00
                        Mean action std: 2.03
--------------------------------------------------------------------------------
                         Iteration time: 6.61s
                           Time elapsed: 0:46:13
                                    ETA: 0:09:04

################################################################################
[1m                           Learning iteration 418/500                           [0m 

                               Run name: hierarchical_soccer_chase_hl
                            Total steps: 2574336 
                       Steps per second: 924 
                        Collection time: 6.550s 
                          Learning time: 0.098s 
                        Mean value loss: 0.0028
                    Mean surrogate loss: -0.0018
                      Mean entropy loss: 6.3764
                            Mean reward: 192.85
                    Mean episode length: 241.00
                        Mean action std: 2.03
--------------------------------------------------------------------------------
                         Iteration time: 6.65s
                           Time elapsed: 0:46:20
                                    ETA: 0:08:57

################################################################################
[1m                           Learning iteration 419/500                           [0m 

                               Run name: hierarchical_soccer_chase_hl
                            Total steps: 2580480 
                       Steps per second: 921 
                        Collection time: 6.570s 
                          Learning time: 0.099s 
                        Mean value loss: 0.0243
                    Mean surrogate loss: -0.0034
                      Mean entropy loss: 6.3784
                            Mean reward: 192.80
                    Mean episode length: 241.00
                        Mean action std: 2.03
--------------------------------------------------------------------------------
                         Iteration time: 6.67s
                           Time elapsed: 0:46:26
                                    ETA: 0:08:50

################################################################################
[1m                           Learning iteration 420/500                           [0m 

                               Run name: hierarchical_soccer_chase_hl
                            Total steps: 2586624 
                       Steps per second: 934 
                        Collection time: 6.480s 
                          Learning time: 0.098s 
                        Mean value loss: 0.0016
                    Mean surrogate loss: -0.0033
                      Mean entropy loss: 6.3806
                            Mean reward: 192.86
                    Mean episode length: 241.00
                        Mean action std: 2.03
--------------------------------------------------------------------------------
                         Iteration time: 6.58s
                           Time elapsed: 0:46:33
                                    ETA: 0:08:44

################################################################################
[1m                           Learning iteration 421/500                           [0m 

                               Run name: hierarchical_soccer_chase_hl
                            Total steps: 2592768 
                       Steps per second: 927 
                        Collection time: 6.532s 
                          Learning time: 0.094s 
                        Mean value loss: 0.0016
                    Mean surrogate loss: -0.0035
                      Mean entropy loss: 6.3807
                            Mean reward: 192.80
                    Mean episode length: 241.00
                        Mean action std: 2.03
--------------------------------------------------------------------------------
                         Iteration time: 6.63s
                           Time elapsed: 0:46:40
                                    ETA: 0:08:37

################################################################################
[1m                           Learning iteration 422/500                           [0m 

                               Run name: hierarchical_soccer_chase_hl
                            Total steps: 2598912 
                       Steps per second: 941 
                        Collection time: 6.430s 
                          Learning time: 0.094s 
                        Mean value loss: 0.0333
                    Mean surrogate loss: -0.0041
                      Mean entropy loss: 6.3836
                            Mean reward: 192.81
                    Mean episode length: 241.00
                        Mean action std: 2.04
--------------------------------------------------------------------------------
                         Iteration time: 6.52s
                           Time elapsed: 0:46:46
                                    ETA: 0:08:30

################################################################################
[1m                           Learning iteration 423/500                           [0m 

                               Run name: hierarchical_soccer_chase_hl
                            Total steps: 2605056 
                       Steps per second: 920 
                        Collection time: 6.575s 
                          Learning time: 0.098s 
                        Mean value loss: 0.0237
                    Mean surrogate loss: -0.0026
                      Mean entropy loss: 6.3983
                            Mean reward: 192.95
                    Mean episode length: 241.00
                        Mean action std: 2.05
--------------------------------------------------------------------------------
                         Iteration time: 6.67s
                           Time elapsed: 0:46:53
                                    ETA: 0:08:24

################################################################################
[1m                           Learning iteration 424/500                           [0m 

                               Run name: hierarchical_soccer_chase_hl
                            Total steps: 2611200 
                       Steps per second: 907 
                        Collection time: 6.674s 
                          Learning time: 0.099s 
                        Mean value loss: 0.0590
                    Mean surrogate loss: -0.0033
                      Mean entropy loss: 6.4079
                            Mean reward: 193.02
                    Mean episode length: 241.00
                        Mean action std: 2.06
--------------------------------------------------------------------------------
                         Iteration time: 6.77s
                           Time elapsed: 0:46:59
                                    ETA: 0:08:17

################################################################################
[1m                           Learning iteration 425/500                           [0m 

                               Run name: hierarchical_soccer_chase_hl
                            Total steps: 2617344 
                       Steps per second: 933 
                        Collection time: 6.485s 
                          Learning time: 0.098s 
                        Mean value loss: 0.0084
                    Mean surrogate loss: -0.0047
                      Mean entropy loss: 6.4178
                            Mean reward: 192.95
                    Mean episode length: 241.00
                        Mean action std: 2.06
--------------------------------------------------------------------------------
                         Iteration time: 6.58s
                           Time elapsed: 0:47:06
                                    ETA: 0:08:11

################################################################################
[1m                           Learning iteration 426/500                           [0m 

                               Run name: hierarchical_soccer_chase_hl
                            Total steps: 2623488 
                       Steps per second: 928 
                        Collection time: 6.518s 
                          Learning time: 0.097s 
                        Mean value loss: 0.0039
                    Mean surrogate loss: -0.0025
                      Mean entropy loss: 6.4191
                            Mean reward: 192.93
                    Mean episode length: 241.00
                        Mean action std: 2.06
--------------------------------------------------------------------------------
                         Iteration time: 6.62s
                           Time elapsed: 0:47:13
                                    ETA: 0:08:04

################################################################################
[1m                           Learning iteration 427/500                           [0m 

                               Run name: hierarchical_soccer_chase_hl
                            Total steps: 2629632 
                       Steps per second: 932 
                        Collection time: 6.487s 
                          Learning time: 0.098s 
                        Mean value loss: 0.0018
                    Mean surrogate loss: -0.0013
                      Mean entropy loss: 6.4192
                            Mean reward: 192.94
                    Mean episode length: 241.00
                        Mean action std: 2.06
--------------------------------------------------------------------------------
                         Iteration time: 6.59s
                           Time elapsed: 0:47:19
                                    ETA: 0:07:57

################################################################################
[1m                           Learning iteration 428/500                           [0m 

                               Run name: hierarchical_soccer_chase_hl
                            Total steps: 2635776 
                       Steps per second: 929 
                        Collection time: 6.516s 
                          Learning time: 0.097s 
                        Mean value loss: 0.0024
                    Mean surrogate loss: -0.0016
                      Mean entropy loss: 6.4151
                            Mean reward: 192.95
                    Mean episode length: 241.00
                        Mean action std: 2.06
--------------------------------------------------------------------------------
                         Iteration time: 6.61s
                           Time elapsed: 0:47:26
                                    ETA: 0:07:51

################################################################################
[1m                           Learning iteration 429/500                           [0m 

                               Run name: hierarchical_soccer_chase_hl
                            Total steps: 2641920 
                       Steps per second: 921 
                        Collection time: 6.567s 
                          Learning time: 0.099s 
                        Mean value loss: 0.0014
                    Mean surrogate loss: -0.0019
                      Mean entropy loss: 6.4155
                            Mean reward: 192.93
                    Mean episode length: 241.00
                        Mean action std: 2.06
--------------------------------------------------------------------------------
                         Iteration time: 6.67s
                           Time elapsed: 0:47:33
                                    ETA: 0:07:44

################################################################################
[1m                           Learning iteration 430/500                           [0m 

                               Run name: hierarchical_soccer_chase_hl
                            Total steps: 2648064 
                       Steps per second: 933 
                        Collection time: 6.484s 
                          Learning time: 0.098s 
                        Mean value loss: 0.0046
                    Mean surrogate loss: -0.0013
                      Mean entropy loss: 6.4157
                            Mean reward: 192.85
                    Mean episode length: 241.00
                        Mean action std: 2.05
--------------------------------------------------------------------------------
                         Iteration time: 6.58s
                           Time elapsed: 0:47:39
                                    ETA: 0:07:37

################################################################################
[1m                           Learning iteration 431/500                           [0m 

                               Run name: hierarchical_soccer_chase_hl
                            Total steps: 2654208 
                       Steps per second: 924 
                        Collection time: 6.550s 
                          Learning time: 0.098s 
                        Mean value loss: 0.0067
                    Mean surrogate loss: -0.0041
                      Mean entropy loss: 6.4112
                            Mean reward: 192.85
                    Mean episode length: 241.00
                        Mean action std: 2.05
--------------------------------------------------------------------------------
                         Iteration time: 6.65s
                           Time elapsed: 0:47:46
                                    ETA: 0:07:31

################################################################################
[1m                           Learning iteration 432/500                           [0m 

                               Run name: hierarchical_soccer_chase_hl
                            Total steps: 2660352 
                       Steps per second: 934 
                        Collection time: 6.479s 
                          Learning time: 0.097s 
                        Mean value loss: 0.0158
                    Mean surrogate loss: -0.0027
                      Mean entropy loss: 6.4185
                            Mean reward: 192.85
                    Mean episode length: 241.00
                        Mean action std: 2.06
--------------------------------------------------------------------------------
                         Iteration time: 6.58s
                           Time elapsed: 0:47:52
                                    ETA: 0:07:24

################################################################################
[1m                           Learning iteration 433/500                           [0m 

                               Run name: hierarchical_soccer_chase_hl
                            Total steps: 2666496 
                       Steps per second: 923 
                        Collection time: 6.552s 
                          Learning time: 0.099s 
                        Mean value loss: 0.0134
                    Mean surrogate loss: -0.0021
                      Mean entropy loss: 6.4285
                            Mean reward: 192.92
                    Mean episode length: 241.00
                        Mean action std: 2.07
--------------------------------------------------------------------------------
                         Iteration time: 6.65s
                           Time elapsed: 0:47:59
                                    ETA: 0:07:17

################################################################################
[1m                           Learning iteration 434/500                           [0m 

                               Run name: hierarchical_soccer_chase_hl
                            Total steps: 2672640 
                       Steps per second: 904 
                        Collection time: 6.692s 
                          Learning time: 0.099s 
                        Mean value loss: 0.0056
                    Mean surrogate loss: -0.0047
                      Mean entropy loss: 6.4394
                            Mean reward: 192.95
                    Mean episode length: 241.00
                        Mean action std: 2.08
--------------------------------------------------------------------------------
                         Iteration time: 6.79s
                           Time elapsed: 0:48:06
                                    ETA: 0:07:11

################################################################################
[1m                           Learning iteration 435/500                           [0m 

                               Run name: hierarchical_soccer_chase_hl
                            Total steps: 2678784 
                       Steps per second: 932 
                        Collection time: 6.497s 
                          Learning time: 0.093s 
                        Mean value loss: 0.0048
                    Mean surrogate loss: -0.0006
                      Mean entropy loss: 6.4482
                            Mean reward: 192.94
                    Mean episode length: 241.00
                        Mean action std: 2.08
--------------------------------------------------------------------------------
                         Iteration time: 6.59s
                           Time elapsed: 0:48:12
                                    ETA: 0:07:04

################################################################################
[1m                           Learning iteration 436/500                           [0m 

                               Run name: hierarchical_soccer_chase_hl
                            Total steps: 2684928 
                       Steps per second: 927 
                        Collection time: 6.529s 
                          Learning time: 0.094s 
                        Mean value loss: 0.0014
                    Mean surrogate loss: -0.0020
                      Mean entropy loss: 6.4497
                            Mean reward: 192.82
                    Mean episode length: 241.00
                        Mean action std: 2.08
--------------------------------------------------------------------------------
                         Iteration time: 6.62s
                           Time elapsed: 0:48:19
                                    ETA: 0:06:58

################################################################################
[1m                           Learning iteration 437/500                           [0m 

                               Run name: hierarchical_soccer_chase_hl
                            Total steps: 2691072 
                       Steps per second: 927 
                        Collection time: 6.528s 
                          Learning time: 0.094s 
                        Mean value loss: 0.0037
                    Mean surrogate loss: -0.0027
                      Mean entropy loss: 6.4521
                            Mean reward: 192.84
                    Mean episode length: 241.00
                        Mean action std: 2.08
--------------------------------------------------------------------------------
                         Iteration time: 6.62s
                           Time elapsed: 0:48:26
                                    ETA: 0:06:51

################################################################################
[1m                           Learning iteration 438/500                           [0m 

                               Run name: hierarchical_soccer_chase_hl
                            Total steps: 2697216 
                       Steps per second: 931 
                        Collection time: 6.499s 
                          Learning time: 0.094s 
                        Mean value loss: 0.0028
                    Mean surrogate loss: -0.0037
                      Mean entropy loss: 6.4531
                            Mean reward: 192.90
                    Mean episode length: 241.00
                        Mean action std: 2.08
--------------------------------------------------------------------------------
                         Iteration time: 6.59s
                           Time elapsed: 0:48:32
                                    ETA: 0:06:44

################################################################################
[1m                           Learning iteration 439/500                           [0m 

                               Run name: hierarchical_soccer_chase_hl
                            Total steps: 2703360 
                       Steps per second: 919 
                        Collection time: 6.583s 
                          Learning time: 0.098s 
                        Mean value loss: 0.0084
                    Mean surrogate loss: -0.0011
                      Mean entropy loss: 6.4515
                            Mean reward: 192.90
                    Mean episode length: 241.00
                        Mean action std: 2.08
--------------------------------------------------------------------------------
                         Iteration time: 6.68s
                           Time elapsed: 0:48:39
                                    ETA: 0:06:38

################################################################################
[1m                           Learning iteration 440/500                           [0m 

                               Run name: hierarchical_soccer_chase_hl
                            Total steps: 2709504 
                       Steps per second: 931 
                        Collection time: 6.498s 
                          Learning time: 0.099s 
                        Mean value loss: 0.0055
                    Mean surrogate loss: -0.0028
                      Mean entropy loss: 6.4539
                            Mean reward: 192.91
                    Mean episode length: 241.00
                        Mean action std: 2.09
--------------------------------------------------------------------------------
                         Iteration time: 6.60s
                           Time elapsed: 0:48:46
                                    ETA: 0:06:31

################################################################################
[1m                           Learning iteration 441/500                           [0m 

                               Run name: hierarchical_soccer_chase_hl
                            Total steps: 2715648 
                       Steps per second: 923 
                        Collection time: 6.558s 
                          Learning time: 0.098s 
                        Mean value loss: 0.0072
                    Mean surrogate loss: 0.0664
                      Mean entropy loss: 6.4602
                            Mean reward: 192.84
                    Mean episode length: 241.00
                        Mean action std: 2.09
--------------------------------------------------------------------------------
                         Iteration time: 6.66s
                           Time elapsed: 0:48:52
                                    ETA: 0:06:24

################################################################################
[1m                           Learning iteration 442/500                           [0m 

                               Run name: hierarchical_soccer_chase_hl
                            Total steps: 2721792 
                       Steps per second: 934 
                        Collection time: 6.474s 
                          Learning time: 0.099s 
                        Mean value loss: 0.0046
                    Mean surrogate loss: -0.0041
                      Mean entropy loss: 6.4621
                            Mean reward: 192.89
                    Mean episode length: 241.00
                        Mean action std: 2.09
--------------------------------------------------------------------------------
                         Iteration time: 6.57s
                           Time elapsed: 0:48:59
                                    ETA: 0:06:18

################################################################################
[1m                           Learning iteration 443/500                           [0m 

                               Run name: hierarchical_soccer_chase_hl
                            Total steps: 2727936 
                       Steps per second: 922 
                        Collection time: 6.561s 
                          Learning time: 0.099s 
                        Mean value loss: 0.0078
                    Mean surrogate loss: -0.0008
                      Mean entropy loss: 6.4656
                            Mean reward: 192.82
                    Mean episode length: 241.00
                        Mean action std: 2.09
--------------------------------------------------------------------------------
                         Iteration time: 6.66s
                           Time elapsed: 0:49:05
                                    ETA: 0:06:11

################################################################################
[1m                           Learning iteration 444/500                           [0m 

                               Run name: hierarchical_soccer_chase_hl
                            Total steps: 2734080 
                       Steps per second: 906 
                        Collection time: 6.687s 
                          Learning time: 0.094s 
                        Mean value loss: 0.0230
                    Mean surrogate loss: -0.0025
                      Mean entropy loss: 6.4669
                            Mean reward: 192.91
                    Mean episode length: 241.00
                        Mean action std: 2.09
--------------------------------------------------------------------------------
                         Iteration time: 6.78s
                           Time elapsed: 0:49:12
                                    ETA: 0:06:04

################################################################################
[1m                           Learning iteration 445/500                           [0m 

                               Run name: hierarchical_soccer_chase_hl
                            Total steps: 2740224 
                       Steps per second: 930 
                        Collection time: 6.505s 
                          Learning time: 0.097s 
                        Mean value loss: 0.2787
                    Mean surrogate loss: 0.0014
                      Mean entropy loss: 6.4654
                            Mean reward: 192.99
                    Mean episode length: 241.00
                        Mean action std: 2.09
--------------------------------------------------------------------------------
                         Iteration time: 6.60s
                           Time elapsed: 0:49:19
                                    ETA: 0:05:58

################################################################################
[1m                           Learning iteration 446/500                           [0m 

                               Run name: hierarchical_soccer_chase_hl
                            Total steps: 2746368 
                       Steps per second: 928 
                        Collection time: 6.522s 
                          Learning time: 0.097s 
                        Mean value loss: 0.4169
                    Mean surrogate loss: 0.0057
                      Mean entropy loss: 6.4627
                            Mean reward: 192.94
                    Mean episode length: 241.00
                        Mean action std: 2.09
--------------------------------------------------------------------------------
                         Iteration time: 6.62s
                           Time elapsed: 0:49:25
                                    ETA: 0:05:51

################################################################################
[1m                           Learning iteration 447/500                           [0m 

                               Run name: hierarchical_soccer_chase_hl
                            Total steps: 2752512 
                       Steps per second: 928 
                        Collection time: 6.521s 
                          Learning time: 0.098s 
                        Mean value loss: 0.5287
                    Mean surrogate loss: 0.0030
                      Mean entropy loss: 6.4632
                            Mean reward: 192.89
                    Mean episode length: 241.00
                        Mean action std: 2.09
--------------------------------------------------------------------------------
                         Iteration time: 6.62s
                           Time elapsed: 0:49:32
                                    ETA: 0:05:45

################################################################################
[1m                           Learning iteration 448/500                           [0m 

                               Run name: hierarchical_soccer_chase_hl
                            Total steps: 2758656 
                       Steps per second: 931 
                        Collection time: 6.496s 
                          Learning time: 0.099s 
                        Mean value loss: 0.4330
                    Mean surrogate loss: 0.0009
                      Mean entropy loss: 6.4657
                            Mean reward: 192.89
                    Mean episode length: 241.00
                        Mean action std: 2.09
--------------------------------------------------------------------------------
                         Iteration time: 6.59s
                           Time elapsed: 0:49:39
                                    ETA: 0:05:38

################################################################################
[1m                           Learning iteration 449/500                           [0m 

                               Run name: hierarchical_soccer_chase_hl
                            Total steps: 2764800 
                       Steps per second: 919 
                        Collection time: 6.581s 
                          Learning time: 0.099s 
                        Mean value loss: 0.4749
                    Mean surrogate loss: 0.0040
                      Mean entropy loss: 6.4708
                            Mean reward: 192.68
                    Mean episode length: 241.00
                        Mean action std: 2.10
--------------------------------------------------------------------------------
                         Iteration time: 6.68s
                           Time elapsed: 0:49:45
                                    ETA: 0:05:31

################################################################################
[1m                           Learning iteration 450/500                           [0m 

                               Run name: hierarchical_soccer_chase_hl
                            Total steps: 2770944 
                       Steps per second: 931 
                        Collection time: 6.500s 
                          Learning time: 0.097s 
                        Mean value loss: 0.3276
                    Mean surrogate loss: 0.0035
                      Mean entropy loss: 6.4772
                            Mean reward: 192.69
                    Mean episode length: 241.00
                        Mean action std: 2.10
--------------------------------------------------------------------------------
                         Iteration time: 6.60s
                           Time elapsed: 0:49:52
                                    ETA: 0:05:25

################################################################################
[1m                           Learning iteration 451/500                           [0m 

                               Run name: hierarchical_soccer_chase_hl
                            Total steps: 2777088 
                       Steps per second: 923 
                        Collection time: 6.553s 
                          Learning time: 0.097s 
                        Mean value loss: 0.2677
                    Mean surrogate loss: 0.0020
                      Mean entropy loss: 6.4792
                            Mean reward: 192.70
                    Mean episode length: 241.00
                        Mean action std: 2.10
--------------------------------------------------------------------------------
                         Iteration time: 6.65s
                           Time elapsed: 0:49:59
                                    ETA: 0:05:18

################################################################################
[1m                           Learning iteration 452/500                           [0m 

                               Run name: hierarchical_soccer_chase_hl
                            Total steps: 2783232 
                       Steps per second: 935 
                        Collection time: 6.472s 
                          Learning time: 0.098s 
                        Mean value loss: 0.3711
                    Mean surrogate loss: 0.0026
                      Mean entropy loss: 6.4791
                            Mean reward: 192.65
                    Mean episode length: 241.00
                        Mean action std: 2.10
--------------------------------------------------------------------------------
                         Iteration time: 6.57s
                           Time elapsed: 0:50:05
                                    ETA: 0:05:11

################################################################################
[1m                           Learning iteration 453/500                           [0m 

                               Run name: hierarchical_soccer_chase_hl
                            Total steps: 2789376 
                       Steps per second: 922 
                        Collection time: 6.561s 
                          Learning time: 0.098s 
                        Mean value loss: 0.4722
                    Mean surrogate loss: 0.0137
                      Mean entropy loss: 6.4795
                            Mean reward: 193.72
                    Mean episode length: 241.00
                        Mean action std: 2.10
--------------------------------------------------------------------------------
                         Iteration time: 6.66s
                           Time elapsed: 0:50:12
                                    ETA: 0:05:05

################################################################################
[1m                           Learning iteration 454/500                           [0m 

                               Run name: hierarchical_soccer_chase_hl
                            Total steps: 2795520 
                       Steps per second: 903 
                        Collection time: 6.702s 
                          Learning time: 0.099s 
                        Mean value loss: 0.4315
                    Mean surrogate loss: 0.0147
                      Mean entropy loss: 6.4814
                            Mean reward: 195.78
                    Mean episode length: 241.00
                        Mean action std: 2.10
--------------------------------------------------------------------------------
                         Iteration time: 6.80s
                           Time elapsed: 0:50:19
                                    ETA: 0:04:58

################################################################################
[1m                           Learning iteration 455/500                           [0m 

                               Run name: hierarchical_soccer_chase_hl
                            Total steps: 2801664 
                       Steps per second: 929 
                        Collection time: 6.510s 
                          Learning time: 0.099s 
                        Mean value loss: 0.0423
                    Mean surrogate loss: -0.0040
                      Mean entropy loss: 6.4897
                            Mean reward: 195.77
                    Mean episode length: 241.00
                        Mean action std: 2.11
--------------------------------------------------------------------------------
                         Iteration time: 6.61s
                           Time elapsed: 0:50:25
                                    ETA: 0:04:51

################################################################################
[1m                           Learning iteration 456/500                           [0m 

                               Run name: hierarchical_soccer_chase_hl
                            Total steps: 2807808 
                       Steps per second: 931 
                        Collection time: 6.497s 
                          Learning time: 0.098s 
                        Mean value loss: 0.0185
                    Mean surrogate loss: 0.0036
                      Mean entropy loss: 6.5061
                            Mean reward: 195.81
                    Mean episode length: 241.00
                        Mean action std: 2.12
--------------------------------------------------------------------------------
                         Iteration time: 6.59s
                           Time elapsed: 0:50:32
                                    ETA: 0:04:45

################################################################################
[1m                           Learning iteration 457/500                           [0m 

                               Run name: hierarchical_soccer_chase_hl
                            Total steps: 2813952 
                       Steps per second: 926 
                        Collection time: 6.535s 
                          Learning time: 0.094s 
                        Mean value loss: 0.0088
                    Mean surrogate loss: -0.0027
                      Mean entropy loss: 6.5240
                            Mean reward: 194.85
                    Mean episode length: 241.00
                        Mean action std: 2.14
--------------------------------------------------------------------------------
                         Iteration time: 6.63s
                           Time elapsed: 0:50:38
                                    ETA: 0:04:38

################################################################################
[1m                           Learning iteration 458/500                           [0m 

                               Run name: hierarchical_soccer_chase_hl
                            Total steps: 2820096 
                       Steps per second: 930 
                        Collection time: 6.506s 
                          Learning time: 0.094s 
                        Mean value loss: 0.1385
                    Mean surrogate loss: -0.0011
                      Mean entropy loss: 6.5388
                            Mean reward: 194.87
                    Mean episode length: 241.00
                        Mean action std: 2.14
--------------------------------------------------------------------------------
                         Iteration time: 6.60s
                           Time elapsed: 0:50:45
                                    ETA: 0:04:32

################################################################################
[1m                           Learning iteration 459/500                           [0m 

                               Run name: hierarchical_soccer_chase_hl
                            Total steps: 2826240 
                       Steps per second: 922 
                        Collection time: 6.564s 
                          Learning time: 0.095s 
                        Mean value loss: 0.0410
                    Mean surrogate loss: -0.0014
                      Mean entropy loss: 6.5372
                            Mean reward: 192.96
                    Mean episode length: 241.00
                        Mean action std: 2.14
--------------------------------------------------------------------------------
                         Iteration time: 6.66s
                           Time elapsed: 0:50:52
                                    ETA: 0:04:25

################################################################################
[1m                           Learning iteration 460/500                           [0m 

                               Run name: hierarchical_soccer_chase_hl
                            Total steps: 2832384 
                       Steps per second: 935 
                        Collection time: 6.476s 
                          Learning time: 0.094s 
                        Mean value loss: 0.0167
                    Mean surrogate loss: -0.0050
                      Mean entropy loss: 6.5381
                            Mean reward: 193.00
                    Mean episode length: 241.00
                        Mean action std: 2.14
--------------------------------------------------------------------------------
                         Iteration time: 6.57s
                           Time elapsed: 0:50:58
                                    ETA: 0:04:18

################################################################################
[1m                           Learning iteration 461/500                           [0m 

                               Run name: hierarchical_soccer_chase_hl
                            Total steps: 2838528 
                       Steps per second: 927 
                        Collection time: 6.527s 
                          Learning time: 0.094s 
                        Mean value loss: 0.0267
                    Mean surrogate loss: -0.0034
                      Mean entropy loss: 6.5302
                            Mean reward: 193.00
                    Mean episode length: 241.00
                        Mean action std: 2.13
--------------------------------------------------------------------------------
                         Iteration time: 6.62s
                           Time elapsed: 0:51:05
                                    ETA: 0:04:12

################################################################################
[1m                           Learning iteration 462/500                           [0m 

                               Run name: hierarchical_soccer_chase_hl
                            Total steps: 2844672 
                       Steps per second: 933 
                        Collection time: 6.484s 
                          Learning time: 0.097s 
                        Mean value loss: 0.0595
                    Mean surrogate loss: -0.0032
                      Mean entropy loss: 6.5221
                            Mean reward: 193.09
                    Mean episode length: 241.00
                        Mean action std: 2.13
--------------------------------------------------------------------------------
                         Iteration time: 6.58s
                           Time elapsed: 0:51:11
                                    ETA: 0:04:05

################################################################################
[1m                           Learning iteration 463/500                           [0m 

                               Run name: hierarchical_soccer_chase_hl
                            Total steps: 2850816 
                       Steps per second: 928 
                        Collection time: 6.523s 
                          Learning time: 0.097s 
                        Mean value loss: 0.0333
                    Mean surrogate loss: -0.0057
                      Mean entropy loss: 6.5218
                            Mean reward: 193.10
                    Mean episode length: 241.00
                        Mean action std: 2.13
--------------------------------------------------------------------------------
                         Iteration time: 6.62s
                           Time elapsed: 0:51:18
                                    ETA: 0:03:58

################################################################################
[1m                           Learning iteration 464/500                           [0m 

                               Run name: hierarchical_soccer_chase_hl
                            Total steps: 2856960 
                       Steps per second: 905 
                        Collection time: 6.686s 
                          Learning time: 0.098s 
                        Mean value loss: 0.0277
                    Mean surrogate loss: -0.0071
                      Mean entropy loss: 6.5275
                            Mean reward: 193.20
                    Mean episode length: 241.00
                        Mean action std: 2.14
--------------------------------------------------------------------------------
                         Iteration time: 6.78s
                           Time elapsed: 0:51:25
                                    ETA: 0:03:52

################################################################################
[1m                           Learning iteration 465/500                           [0m 

                               Run name: hierarchical_soccer_chase_hl
                            Total steps: 2863104 
                       Steps per second: 928 
                        Collection time: 6.518s 
                          Learning time: 0.098s 
                        Mean value loss: 0.0181
                    Mean surrogate loss: 0.0061
                      Mean entropy loss: 6.5363
                            Mean reward: 193.34
                    Mean episode length: 241.00
                        Mean action std: 2.14
--------------------------------------------------------------------------------
                         Iteration time: 6.62s
                           Time elapsed: 0:51:31
                                    ETA: 0:03:45

################################################################################
[1m                           Learning iteration 466/500                           [0m 

                               Run name: hierarchical_soccer_chase_hl
                            Total steps: 2869248 
                       Steps per second: 933 
                        Collection time: 6.481s 
                          Learning time: 0.098s 
                        Mean value loss: 0.0148
                    Mean surrogate loss: -0.0075
                      Mean entropy loss: 6.5429
                            Mean reward: 193.28
                    Mean episode length: 241.00
                        Mean action std: 2.15
--------------------------------------------------------------------------------
                         Iteration time: 6.58s
                           Time elapsed: 0:51:38
                                    ETA: 0:03:38

################################################################################
[1m                           Learning iteration 467/500                           [0m 

                               Run name: hierarchical_soccer_chase_hl
                            Total steps: 2875392 
                       Steps per second: 922 
                        Collection time: 6.565s 
                          Learning time: 0.099s 
                        Mean value loss: 0.1617
                    Mean surrogate loss: 0.0007
                      Mean entropy loss: 6.5437
                            Mean reward: 193.08
                    Mean episode length: 241.00
                        Mean action std: 2.15
--------------------------------------------------------------------------------
                         Iteration time: 6.66s
                           Time elapsed: 0:51:45
                                    ETA: 0:03:32

################################################################################
[1m                           Learning iteration 468/500                           [0m 

                               Run name: hierarchical_soccer_chase_hl
                            Total steps: 2881536 
                       Steps per second: 933 
                        Collection time: 6.486s 
                          Learning time: 0.093s 
                        Mean value loss: 0.0195
                    Mean surrogate loss: -0.0061
                      Mean entropy loss: 6.5442
                            Mean reward: 193.16
                    Mean episode length: 241.00
                        Mean action std: 2.15
--------------------------------------------------------------------------------
                         Iteration time: 6.58s
                           Time elapsed: 0:51:51
                                    ETA: 0:03:25

################################################################################
[1m                           Learning iteration 469/500                           [0m 

                               Run name: hierarchical_soccer_chase_hl
                            Total steps: 2887680 
                       Steps per second: 924 
                        Collection time: 6.555s 
                          Learning time: 0.095s 
                        Mean value loss: 0.0133
                    Mean surrogate loss: -0.0043
                      Mean entropy loss: 6.5464
                            Mean reward: 193.15
                    Mean episode length: 241.00
                        Mean action std: 2.15
--------------------------------------------------------------------------------
                         Iteration time: 6.65s
                           Time elapsed: 0:51:58
                                    ETA: 0:03:19

################################################################################
[1m                           Learning iteration 470/500                           [0m 

                               Run name: hierarchical_soccer_chase_hl
                            Total steps: 2893824 
                       Steps per second: 935 
                        Collection time: 6.470s 
                          Learning time: 0.099s 
                        Mean value loss: 0.0084
                    Mean surrogate loss: -0.0065
                      Mean entropy loss: 6.5548
                            Mean reward: 193.02
                    Mean episode length: 241.00
                        Mean action std: 2.15
--------------------------------------------------------------------------------
                         Iteration time: 6.57s
                           Time elapsed: 0:52:05
                                    ETA: 0:03:12

################################################################################
[1m                           Learning iteration 471/500                           [0m 

                               Run name: hierarchical_soccer_chase_hl
                            Total steps: 2899968 
                       Steps per second: 923 
                        Collection time: 6.557s 
                          Learning time: 0.097s 
                        Mean value loss: 0.0062
                    Mean surrogate loss: -0.0059
                      Mean entropy loss: 6.5619
                            Mean reward: 193.01
                    Mean episode length: 241.00
                        Mean action std: 2.16
--------------------------------------------------------------------------------
                         Iteration time: 6.65s
                           Time elapsed: 0:52:11
                                    ETA: 0:03:05

################################################################################
[1m                           Learning iteration 472/500                           [0m 

                               Run name: hierarchical_soccer_chase_hl
                            Total steps: 2906112 
                       Steps per second: 939 
                        Collection time: 6.442s 
                          Learning time: 0.099s 
                        Mean value loss: 0.0712
                    Mean surrogate loss: -0.0035
                      Mean entropy loss: 6.5700
                            Mean reward: 193.14
                    Mean episode length: 241.00
                        Mean action std: 2.17
--------------------------------------------------------------------------------
                         Iteration time: 6.54s
                           Time elapsed: 0:52:18
                                    ETA: 0:02:59

################################################################################
[1m                           Learning iteration 473/500                           [0m 

                               Run name: hierarchical_soccer_chase_hl
                            Total steps: 2912256 
                       Steps per second: 926 
                        Collection time: 6.538s 
                          Learning time: 0.094s 
                        Mean value loss: 0.0145
                    Mean surrogate loss: -0.0017
                      Mean entropy loss: 6.5789
                            Mean reward: 193.04
                    Mean episode length: 241.00
                        Mean action std: 2.17
--------------------------------------------------------------------------------
                         Iteration time: 6.63s
                           Time elapsed: 0:52:24
                                    ETA: 0:02:52

################################################################################
[1m                           Learning iteration 474/500                           [0m 

                               Run name: hierarchical_soccer_chase_hl
                            Total steps: 2918400 
                       Steps per second: 906 
                        Collection time: 6.683s 
                          Learning time: 0.094s 
                        Mean value loss: 0.0305
                    Mean surrogate loss: -0.0045
                      Mean entropy loss: 6.5821
                            Mean reward: 193.08
                    Mean episode length: 241.00
                        Mean action std: 2.17
--------------------------------------------------------------------------------
                         Iteration time: 6.78s
                           Time elapsed: 0:52:31
                                    ETA: 0:02:45

################################################################################
[1m                           Learning iteration 475/500                           [0m 

                               Run name: hierarchical_soccer_chase_hl
                            Total steps: 2924544 
                       Steps per second: 927 
                        Collection time: 6.525s 
                          Learning time: 0.099s 
                        Mean value loss: 0.0111
                    Mean surrogate loss: 0.0140
                      Mean entropy loss: 6.5872
                            Mean reward: 192.89
                    Mean episode length: 241.00
                        Mean action std: 2.18
--------------------------------------------------------------------------------
                         Iteration time: 6.62s
                           Time elapsed: 0:52:38
                                    ETA: 0:02:39

################################################################################
[1m                           Learning iteration 476/500                           [0m 

                               Run name: hierarchical_soccer_chase_hl
                            Total steps: 2930688 
                       Steps per second: 935 
                        Collection time: 6.466s 
                          Learning time: 0.099s 
                        Mean value loss: 0.0360
                    Mean surrogate loss: 0.0022
                      Mean entropy loss: 6.5927
                            Mean reward: 192.90
                    Mean episode length: 241.00
                        Mean action std: 2.18
--------------------------------------------------------------------------------
                         Iteration time: 6.56s
                           Time elapsed: 0:52:44
                                    ETA: 0:02:32

################################################################################
[1m                           Learning iteration 477/500                           [0m 

                               Run name: hierarchical_soccer_chase_hl
                            Total steps: 2936832 
                       Steps per second: 922 
                        Collection time: 6.563s 
                          Learning time: 0.099s 
                        Mean value loss: 0.0103
                    Mean surrogate loss: -0.0064
                      Mean entropy loss: 6.5958
                            Mean reward: 192.93
                    Mean episode length: 241.00
                        Mean action std: 2.18
--------------------------------------------------------------------------------
                         Iteration time: 6.66s
                           Time elapsed: 0:52:51
                                    ETA: 0:02:25

################################################################################
[1m                           Learning iteration 478/500                           [0m 

                               Run name: hierarchical_soccer_chase_hl
                            Total steps: 2942976 
                       Steps per second: 929 
                        Collection time: 6.515s 
                          Learning time: 0.098s 
                        Mean value loss: 0.0067
                    Mean surrogate loss: -0.0020
                      Mean entropy loss: 6.5972
                            Mean reward: 192.91
                    Mean episode length: 241.00
                        Mean action std: 2.18
--------------------------------------------------------------------------------
                         Iteration time: 6.61s
                           Time elapsed: 0:52:58
                                    ETA: 0:02:19

################################################################################
[1m                           Learning iteration 479/500                           [0m 

                               Run name: hierarchical_soccer_chase_hl
                            Total steps: 2949120 
                       Steps per second: 924 
                        Collection time: 6.550s 
                          Learning time: 0.097s 
                        Mean value loss: 0.0061
                    Mean surrogate loss: -0.0031
                      Mean entropy loss: 6.5989
                            Mean reward: 192.85
                    Mean episode length: 241.00
                        Mean action std: 2.19
--------------------------------------------------------------------------------
                         Iteration time: 6.65s
                           Time elapsed: 0:53:04
                                    ETA: 0:02:12

################################################################################
[1m                           Learning iteration 480/500                           [0m 

                               Run name: hierarchical_soccer_chase_hl
                            Total steps: 2955264 
                       Steps per second: 936 
                        Collection time: 6.463s 
                          Learning time: 0.099s 
                        Mean value loss: 0.0081
                    Mean surrogate loss: -0.0015
                      Mean entropy loss: 6.6009
                            Mean reward: 192.80
                    Mean episode length: 241.00
                        Mean action std: 2.19
--------------------------------------------------------------------------------
                         Iteration time: 6.56s
                           Time elapsed: 0:53:11
                                    ETA: 0:02:06

################################################################################
[1m                           Learning iteration 481/500                           [0m 

                               Run name: hierarchical_soccer_chase_hl
                            Total steps: 2961408 
                       Steps per second: 922 
                        Collection time: 6.564s 
                          Learning time: 0.099s 
                        Mean value loss: 0.0097
                    Mean surrogate loss: 0.0161
                      Mean entropy loss: 6.6094
                            Mean reward: 192.80
                    Mean episode length: 241.00
                        Mean action std: 2.19
--------------------------------------------------------------------------------
                         Iteration time: 6.66s
                           Time elapsed: 0:53:17
                                    ETA: 0:01:59

################################################################################
[1m                           Learning iteration 482/500                           [0m 

                               Run name: hierarchical_soccer_chase_hl
                            Total steps: 2967552 
                       Steps per second: 942 
                        Collection time: 6.421s 
                          Learning time: 0.098s 
                        Mean value loss: 0.0036
                    Mean surrogate loss: 0.0314
                      Mean entropy loss: 6.6141
                            Mean reward: 192.80
                    Mean episode length: 241.00
                        Mean action std: 2.20
--------------------------------------------------------------------------------
                         Iteration time: 6.52s
                           Time elapsed: 0:53:24
                                    ETA: 0:01:52

################################################################################
[1m                           Learning iteration 483/500                           [0m 

                               Run name: hierarchical_soccer_chase_hl
                            Total steps: 2973696 
                       Steps per second: 927 
                        Collection time: 6.523s 
                          Learning time: 0.099s 
                        Mean value loss: 0.0091
                    Mean surrogate loss: 0.0043
                      Mean entropy loss: 6.6155
                            Mean reward: 192.90
                    Mean episode length: 241.00
                        Mean action std: 2.20
--------------------------------------------------------------------------------
                         Iteration time: 6.62s
                           Time elapsed: 0:53:31
                                    ETA: 0:01:46

################################################################################
[1m                           Learning iteration 484/500                           [0m 

                               Run name: hierarchical_soccer_chase_hl
                            Total steps: 2979840 
                       Steps per second: 905 
                        Collection time: 6.683s 
                          Learning time: 0.099s 
                        Mean value loss: 0.2104
                    Mean surrogate loss: 0.0083
                      Mean entropy loss: 6.6198
                            Mean reward: 192.88
                    Mean episode length: 241.00
                        Mean action std: 2.20
--------------------------------------------------------------------------------
                         Iteration time: 6.78s
                           Time elapsed: 0:53:37
                                    ETA: 0:01:39

################################################################################
[1m                           Learning iteration 485/500                           [0m 

                               Run name: hierarchical_soccer_chase_hl
                            Total steps: 2985984 
                       Steps per second: 921 
                        Collection time: 6.573s 
                          Learning time: 0.098s 
                        Mean value loss: 0.0042
                    Mean surrogate loss: -0.0037
                      Mean entropy loss: 6.6246
                            Mean reward: 192.92
                    Mean episode length: 241.00
                        Mean action std: 2.21
--------------------------------------------------------------------------------
                         Iteration time: 6.67s
                           Time elapsed: 0:53:44
                                    ETA: 0:01:32

################################################################################
[1m                           Learning iteration 486/500                           [0m 

                               Run name: hierarchical_soccer_chase_hl
                            Total steps: 2992128 
                       Steps per second: 935 
                        Collection time: 6.469s 
                          Learning time: 0.101s 
                        Mean value loss: 0.0043
                    Mean surrogate loss: -0.0021
                      Mean entropy loss: 6.6286
                            Mean reward: 192.89
                    Mean episode length: 241.00
                        Mean action std: 2.21
--------------------------------------------------------------------------------
                         Iteration time: 6.57s
                           Time elapsed: 0:53:51
                                    ETA: 0:01:26

################################################################################
[1m                           Learning iteration 487/500                           [0m 

                               Run name: hierarchical_soccer_chase_hl
                            Total steps: 2998272 
                       Steps per second: 925 
                        Collection time: 6.543s 
                          Learning time: 0.099s 
                        Mean value loss: 0.0067
                    Mean surrogate loss: -0.0031
                      Mean entropy loss: 6.6309
                            Mean reward: 192.90
                    Mean episode length: 241.00
                        Mean action std: 2.21
--------------------------------------------------------------------------------
                         Iteration time: 6.64s
                           Time elapsed: 0:53:57
                                    ETA: 0:01:19

################################################################################
[1m                           Learning iteration 488/500                           [0m 

                               Run name: hierarchical_soccer_chase_hl
                            Total steps: 3004416 
                       Steps per second: 933 
                        Collection time: 6.482s 
                          Learning time: 0.099s 
                        Mean value loss: 0.0201
                    Mean surrogate loss: -0.0029
                      Mean entropy loss: 6.6378
                            Mean reward: 193.04
                    Mean episode length: 241.00
                        Mean action std: 2.22
--------------------------------------------------------------------------------
                         Iteration time: 6.58s
                           Time elapsed: 0:54:04
                                    ETA: 0:01:12

################################################################################
[1m                           Learning iteration 489/500                           [0m 

                               Run name: hierarchical_soccer_chase_hl
                            Total steps: 3010560 
                       Steps per second: 919 
                        Collection time: 6.582s 
                          Learning time: 0.098s 
                        Mean value loss: 0.0264
                    Mean surrogate loss: -0.0048
                      Mean entropy loss: 6.6504
                            Mean reward: 192.99
                    Mean episode length: 241.00
                        Mean action std: 2.23
--------------------------------------------------------------------------------
                         Iteration time: 6.68s
                           Time elapsed: 0:54:11
                                    ETA: 0:01:06

################################################################################
[1m                           Learning iteration 490/500                           [0m 

                               Run name: hierarchical_soccer_chase_hl
                            Total steps: 3016704 
                       Steps per second: 939 
                        Collection time: 6.440s 
                          Learning time: 0.099s 
                        Mean value loss: 0.0020
                    Mean surrogate loss: -0.0053
                      Mean entropy loss: 6.6625
                            Mean reward: 193.09
                    Mean episode length: 241.00
                        Mean action std: 2.23
--------------------------------------------------------------------------------
                         Iteration time: 6.54s
                           Time elapsed: 0:54:17
                                    ETA: 0:00:59

################################################################################
[1m                           Learning iteration 491/500                           [0m 

                               Run name: hierarchical_soccer_chase_hl
                            Total steps: 3022848 
                       Steps per second: 921 
                        Collection time: 6.571s 
                          Learning time: 0.098s 
                        Mean value loss: 0.0027
                    Mean surrogate loss: -0.0020
                      Mean entropy loss: 6.6701
                            Mean reward: 193.07
                    Mean episode length: 241.00
                        Mean action std: 2.24
--------------------------------------------------------------------------------
                         Iteration time: 6.67s
                           Time elapsed: 0:54:24
                                    ETA: 0:00:53

################################################################################
[1m                           Learning iteration 492/500                           [0m 

                               Run name: hierarchical_soccer_chase_hl
                            Total steps: 3028992 
                       Steps per second: 938 
                        Collection time: 6.451s 
                          Learning time: 0.099s 
                        Mean value loss: 0.0016
                    Mean surrogate loss: -0.0036
                      Mean entropy loss: 6.6723
                            Mean reward: 192.96
                    Mean episode length: 241.00
                        Mean action std: 2.24
--------------------------------------------------------------------------------
                         Iteration time: 6.55s
                           Time elapsed: 0:54:30
                                    ETA: 0:00:46

################################################################################
[1m                           Learning iteration 493/500                           [0m 

                               Run name: hierarchical_soccer_chase_hl
                            Total steps: 3035136 
                       Steps per second: 928 
                        Collection time: 6.517s 
                          Learning time: 0.097s 
                        Mean value loss: 0.0029
                    Mean surrogate loss: -0.0014
                      Mean entropy loss: 6.6757
                            Mean reward: 192.99
                    Mean episode length: 241.00
                        Mean action std: 2.24
--------------------------------------------------------------------------------
                         Iteration time: 6.61s
                           Time elapsed: 0:54:37
                                    ETA: 0:00:39

################################################################################
[1m                           Learning iteration 494/500                           [0m 

                               Run name: hierarchical_soccer_chase_hl
                            Total steps: 3041280 
                       Steps per second: 904 
                        Collection time: 6.691s 
                          Learning time: 0.098s 
                        Mean value loss: 0.0030
                    Mean surrogate loss: -0.0024
                      Mean entropy loss: 6.6790
                            Mean reward: 192.94
                    Mean episode length: 241.00
                        Mean action std: 2.24
--------------------------------------------------------------------------------
                         Iteration time: 6.79s
                           Time elapsed: 0:54:44
                                    ETA: 0:00:33

################################################################################
[1m                           Learning iteration 495/500                           [0m 

                               Run name: hierarchical_soccer_chase_hl
                            Total steps: 3047424 
                       Steps per second: 923 
                        Collection time: 6.554s 
                          Learning time: 0.098s 
                        Mean value loss: 0.0053
                    Mean surrogate loss: -0.0046
                      Mean entropy loss: 6.6808
                            Mean reward: 192.95
                    Mean episode length: 241.00
                        Mean action std: 2.25
--------------------------------------------------------------------------------
                         Iteration time: 6.65s
                           Time elapsed: 0:54:50
                                    ETA: 0:00:26

################################################################################
[1m                           Learning iteration 496/500                           [0m 

                               Run name: hierarchical_soccer_chase_hl
                            Total steps: 3053568 
                       Steps per second: 936 
                        Collection time: 6.460s 
                          Learning time: 0.099s 
                        Mean value loss: 0.0063
                    Mean surrogate loss: -0.0055
                      Mean entropy loss: 6.6824
                            Mean reward: 193.00
                    Mean episode length: 241.00
                        Mean action std: 2.25
--------------------------------------------------------------------------------
                         Iteration time: 6.56s
                           Time elapsed: 0:54:57
                                    ETA: 0:00:19

################################################################################
[1m                           Learning iteration 497/500                           [0m 

                               Run name: hierarchical_soccer_chase_hl
                            Total steps: 3059712 
                       Steps per second: 926 
                        Collection time: 6.535s 
                          Learning time: 0.099s 
                        Mean value loss: 0.0129
                    Mean surrogate loss: -0.0042
                      Mean entropy loss: 6.6864
                            Mean reward: 192.96
                    Mean episode length: 241.00
                        Mean action std: 2.25
--------------------------------------------------------------------------------
                         Iteration time: 6.63s
                           Time elapsed: 0:55:04
                                    ETA: 0:00:13

################################################################################
[1m                           Learning iteration 498/500                           [0m 

                               Run name: hierarchical_soccer_chase_hl
                            Total steps: 3065856 
                       Steps per second: 929 
                        Collection time: 6.510s 
                          Learning time: 0.097s 
                        Mean value loss: 0.0021
                    Mean surrogate loss: -0.0044
                      Mean entropy loss: 6.6939
                            Mean reward: 192.90
                    Mean episode length: 241.00
                        Mean action std: 2.26
--------------------------------------------------------------------------------
                         Iteration time: 6.61s
                           Time elapsed: 0:55:10
                                    ETA: 0:00:06

################################################################################
[1m                           Learning iteration 499/500                           [0m 

                               Run name: hierarchical_soccer_chase_hl
                            Total steps: 3072000 
                       Steps per second: 922 
                        Collection time: 6.562s 
                          Learning time: 0.097s 
                        Mean value loss: 0.0055
                    Mean surrogate loss: -0.0030
                      Mean entropy loss: 6.6978
                            Mean reward: 192.81
                    Mean episode length: 241.00
                        Mean action std: 2.26
--------------------------------------------------------------------------------
                         Iteration time: 6.66s
                           Time elapsed: 0:55:17
                                    ETA: 0:00:00


=== Training complete ===
  Models saved in: runs/hierarchical_soccer_chase_hl
  Best model: runs/hierarchical_soccer_chase_hl/model_500.pt
