/opt/venv/lib/python3.12/site-packages/torch/utils/_device.py:103: UserWarning: expandable_segments not supported on this platform (Triggered internally at /app/pytorch/c10/hip/HIPAllocatorConfig.h:36.)
  return func(*args, **kwargs)
[38;5;226m[Genesis] [21:52:43] [WARNING] Mesh is not watertight. Falling back to convex hull for estimating inertial properties.[0m
[38;5;226m[Genesis] [21:52:43] [WARNING] Mesh is not watertight. Falling back to convex hull for estimating inertial properties.[0m
[38;5;226m[Genesis] [21:52:43] [WARNING] Mesh is not watertight. Falling back to convex hull for estimating inertial properties.[0m
[38;5;226m[Genesis] [21:52:43] [WARNING] Mesh is not watertight. Falling back to convex hull for estimating inertial properties.[0m
[hierarchical] Walk model normalizer loaded: mean=torch.Size([1, 720])
[hierarchical] Frozen walk model loaded from /workspace/booster/booster_deploy/tasks/locomotion/models/t1_walk.pt
[hierarchical] HL obs dim=19, HL action dim=3
[hierarchical] HL dt=0.100s, decimation=5
[hierarchical] HL clip: lin=0.8 m/s, ang=1.0 rad/s
--------------------------------------------------------------------------------
Resolved observation sets: 
	 actor :  ['policy']
	 critic :  ['policy']
--------------------------------------------------------------------------------
Actor Model: MLPModel(
  (obs_normalizer): Identity()
  (distribution): GaussianDistribution()
  (mlp): MLP(
    (0): Linear(in_features=19, out_features=256, bias=True)
    (1): ELU(alpha=1.0)
    (2): Linear(in_features=256, out_features=128, bias=True)
    (3): ELU(alpha=1.0)
    (4): Linear(in_features=128, out_features=64, bias=True)
    (5): ELU(alpha=1.0)
    (6): Linear(in_features=64, out_features=3, bias=True)
  )
)
Critic Model: MLPModel(
  (obs_normalizer): Identity()
  (mlp): MLP(
    (0): Linear(in_features=19, out_features=256, bias=True)
    (1): ELU(alpha=1.0)
    (2): Linear(in_features=256, out_features=128, bias=True)
    (3): ELU(alpha=1.0)
    (4): Linear(in_features=128, out_features=64, bias=True)
    (5): ELU(alpha=1.0)
    (6): Linear(in_features=64, out_features=1, bias=True)
  )
)

============================================================
  Hierarchical Soccer Training
============================================================
  High-level obs dim:    19
  High-level action dim: 3 (vx, vy, wz)
  Low-level model:       /workspace/booster/booster_deploy/tasks/locomotion/models/t1_walk.pt
  Decimation:            5 (HL dt = 0.100s)
  Envs:                  2048
  Max iterations:        300
  Save interval:         50
  Log dir:               runs/chase_v5_2048
============================================================

Could not find git repository in /opt/venv/lib/python3.12/site-packages/rsl_rl/__init__.py. Skipping.
################################################################################
[1m                            Learning iteration 0/300                            [0m 

                               Run name: chase_v5_2048
                            Total steps: 49152 
                       Steps per second: 3746 
                        Collection time: 12.493s 
                          Learning time: 0.626s 
                        Mean value loss: 28.6966
                    Mean surrogate loss: 0.0089
                      Mean entropy loss: 4.2498
                            Mean reward: -15.60
                    Mean episode length: 21.09
                        Mean action std: 1.00
               Mean episode goals_total: 0.0000
         Mean episode mean_dist_to_ball: 3.2934
         Mean episode goal_per_1k_steps: 0.0000
--------------------------------------------------------------------------------
                         Iteration time: 13.12s
                           Time elapsed: 0:00:13
                                    ETA: 1:05:22

################################################################################
[1m                            Learning iteration 1/300                            [0m 

                               Run name: chase_v5_2048
                            Total steps: 98304 
                       Steps per second: 4751 
                        Collection time: 10.113s 
                          Learning time: 0.232s 
                        Mean value loss: 53.0514
                    Mean surrogate loss: 0.0036
                      Mean entropy loss: 4.2108
                            Mean reward: -15.66
                    Mean episode length: 29.02
                        Mean action std: 0.98
               Mean episode goals_total: 0.0000
         Mean episode mean_dist_to_ball: 3.3137
         Mean episode goal_per_1k_steps: 0.0203
--------------------------------------------------------------------------------
                         Iteration time: 10.34s
                           Time elapsed: 0:00:23
                                    ETA: 0:58:16

################################################################################
[1m                            Learning iteration 2/300                            [0m 

                               Run name: chase_v5_2048
                            Total steps: 147456 
                       Steps per second: 4702 
                        Collection time: 10.221s 
                          Learning time: 0.231s 
                        Mean value loss: 59.1578
                    Mean surrogate loss: -0.0001
                      Mean entropy loss: 4.1796
                            Mean reward: -17.10
                    Mean episode length: 29.71
                        Mean action std: 0.97
               Mean episode goals_total: 0.0000
         Mean episode mean_dist_to_ball: 3.3451
         Mean episode goal_per_1k_steps: 0.0061
--------------------------------------------------------------------------------
                         Iteration time: 10.45s
                           Time elapsed: 0:00:33
                                    ETA: 0:55:57

################################################################################
[1m                            Learning iteration 3/300                            [0m 

                               Run name: chase_v5_2048
                            Total steps: 196608 
                       Steps per second: 4707 
                        Collection time: 10.210s 
                          Learning time: 0.231s 
                        Mean value loss: 56.4354
                    Mean surrogate loss: -0.0018
                      Mean entropy loss: 4.1533
                            Mean reward: -16.11
                    Mean episode length: 37.20
                        Mean action std: 0.97
               Mean episode goals_total: 0.0000
         Mean episode mean_dist_to_ball: 3.3774
         Mean episode goal_per_1k_steps: 0.0142
--------------------------------------------------------------------------------
                         Iteration time: 10.44s
                           Time elapsed: 0:00:44
                                    ETA: 0:54:42

################################################################################
[1m                            Learning iteration 4/300                            [0m 

                               Run name: chase_v5_2048
                            Total steps: 245760 
                       Steps per second: 4746 
                        Collection time: 10.126s 
                          Learning time: 0.230s 
                        Mean value loss: 50.4540
                    Mean surrogate loss: -0.0014
                      Mean entropy loss: 4.1258
                            Mean reward: -14.64
                    Mean episode length: 33.83
                        Mean action std: 0.96
               Mean episode goals_total: 0.0000
         Mean episode mean_dist_to_ball: 3.3595
         Mean episode goal_per_1k_steps: 0.0000
--------------------------------------------------------------------------------
                         Iteration time: 10.36s
                           Time elapsed: 0:00:54
                                    ETA: 0:53:48

################################################################################
[1m                            Learning iteration 5/300                            [0m 

                               Run name: chase_v5_2048
                            Total steps: 294912 
                       Steps per second: 4752 
                        Collection time: 10.113s 
                          Learning time: 0.230s 
                        Mean value loss: 50.9796
                    Mean surrogate loss: -0.0019
                      Mean entropy loss: 4.1222
                            Mean reward: -16.18
                    Mean episode length: 35.06
                        Mean action std: 0.96
               Mean episode goals_total: 0.6250
         Mean episode mean_dist_to_ball: 3.3890
         Mean episode goal_per_1k_steps: 0.0203
--------------------------------------------------------------------------------
                         Iteration time: 10.34s
                           Time elapsed: 0:01:05
                                    ETA: 0:53:07

################################################################################
[1m                            Learning iteration 6/300                            [0m 

                               Run name: chase_v5_2048
                            Total steps: 344064 
                       Steps per second: 4783 
                        Collection time: 10.048s 
                          Learning time: 0.228s 
                        Mean value loss: 46.5079
                    Mean surrogate loss: -0.0019
                      Mean entropy loss: 4.1120
                            Mean reward: -15.34
                    Mean episode length: 34.90
                        Mean action std: 0.96
               Mean episode goals_total: 1.0000
         Mean episode mean_dist_to_ball: 3.4101
         Mean episode goal_per_1k_steps: 0.0183
--------------------------------------------------------------------------------
                         Iteration time: 10.28s
                           Time elapsed: 0:01:15
                                    ETA: 0:52:33

################################################################################
[1m                            Learning iteration 7/300                            [0m 

                               Run name: chase_v5_2048
                            Total steps: 393216 
                       Steps per second: 4758 
                        Collection time: 10.102s 
                          Learning time: 0.228s 
                        Mean value loss: 43.9763
                    Mean surrogate loss: -0.0013
                      Mean entropy loss: 4.0883
                            Mean reward: -13.27
                    Mean episode length: 35.20
                        Mean action std: 0.95
               Mean episode goals_total: 1.0000
         Mean episode mean_dist_to_ball: 3.4482
         Mean episode goal_per_1k_steps: 0.0020
--------------------------------------------------------------------------------
                         Iteration time: 10.33s
                           Time elapsed: 0:01:25
                                    ETA: 0:52:06

################################################################################
[1m                            Learning iteration 8/300                            [0m 

                               Run name: chase_v5_2048
                            Total steps: 442368 
                       Steps per second: 4774 
                        Collection time: 10.066s 
                          Learning time: 0.230s 
                        Mean value loss: 41.3391
                    Mean surrogate loss: -0.0014
                      Mean entropy loss: 4.0612
                            Mean reward: -15.44
                    Mean episode length: 39.55
                        Mean action std: 0.94
               Mean episode goals_total: 1.0000
         Mean episode mean_dist_to_ball: 3.4706
         Mean episode goal_per_1k_steps: 0.0000
--------------------------------------------------------------------------------
                         Iteration time: 10.30s
                           Time elapsed: 0:01:35
                                    ETA: 0:51:42

################################################################################
[1m                            Learning iteration 9/300                            [0m 

                               Run name: chase_v5_2048
                            Total steps: 491520 
                       Steps per second: 4754 
                        Collection time: 10.107s 
                          Learning time: 0.231s 
                        Mean value loss: 36.2501
                    Mean surrogate loss: -0.0024
                      Mean entropy loss: 4.0504
                            Mean reward: -13.76
                    Mean episode length: 42.20
                        Mean action std: 0.94
               Mean episode goals_total: 1.0000
         Mean episode mean_dist_to_ball: 3.4263
         Mean episode goal_per_1k_steps: 0.0000
--------------------------------------------------------------------------------
                         Iteration time: 10.34s
                           Time elapsed: 0:01:46
                                    ETA: 0:51:22

################################################################################
[1m                           Learning iteration 10/300                            [0m 

                               Run name: chase_v5_2048
                            Total steps: 540672 
                       Steps per second: 4770 
                        Collection time: 10.073s 
                          Learning time: 0.231s 
                        Mean value loss: 34.6896
                    Mean surrogate loss: -0.0027
                      Mean entropy loss: 4.0181
                            Mean reward: -15.97
                    Mean episode length: 38.92
                        Mean action std: 0.93
               Mean episode goals_total: 1.2083
         Mean episode mean_dist_to_ball: 3.3914
         Mean episode goal_per_1k_steps: 0.0102
--------------------------------------------------------------------------------
                         Iteration time: 10.30s
                           Time elapsed: 0:01:56
                                    ETA: 0:51:03

################################################################################
[1m                           Learning iteration 11/300                            [0m 

                               Run name: chase_v5_2048
                            Total steps: 589824 
                       Steps per second: 4815 
                        Collection time: 9.978s 
                          Learning time: 0.230s 
                        Mean value loss: 33.5275
                    Mean surrogate loss: -0.0023
                      Mean entropy loss: 3.9945
                            Mean reward: -14.20
                    Mean episode length: 39.01
                        Mean action std: 0.92
               Mean episode goals_total: 2.0000
         Mean episode mean_dist_to_ball: 3.3432
         Mean episode goal_per_1k_steps: 0.0102
--------------------------------------------------------------------------------
                         Iteration time: 10.21s
                           Time elapsed: 0:02:06
                                    ETA: 0:50:43

################################################################################
[1m                           Learning iteration 12/300                            [0m 

                               Run name: chase_v5_2048
                            Total steps: 638976 
                       Steps per second: 4783 
                        Collection time: 10.048s 
                          Learning time: 0.227s 
                        Mean value loss: 30.8905
                    Mean surrogate loss: -0.0025
                      Mean entropy loss: 4.0003
                            Mean reward: -14.00
                    Mean episode length: 42.24
                        Mean action std: 0.92
               Mean episode goals_total: 2.0000
         Mean episode mean_dist_to_ball: 3.3549
         Mean episode goal_per_1k_steps: 0.0000
--------------------------------------------------------------------------------
                         Iteration time: 10.28s
                           Time elapsed: 0:02:17
                                    ETA: 0:50:26

################################################################################
[1m                           Learning iteration 13/300                            [0m 

                               Run name: chase_v5_2048
                            Total steps: 688128 
                       Steps per second: 4801 
                        Collection time: 10.010s 
                          Learning time: 0.227s 
                        Mean value loss: 28.3552
                    Mean surrogate loss: -0.0032
                      Mean entropy loss: 3.9807
                            Mean reward: -11.81
                    Mean episode length: 38.59
                        Mean action std: 0.92
               Mean episode goals_total: 2.0000
         Mean episode mean_dist_to_ball: 3.4089
         Mean episode goal_per_1k_steps: 0.0000
--------------------------------------------------------------------------------
                         Iteration time: 10.24s
                           Time elapsed: 0:02:27
                                    ETA: 0:50:09

################################################################################
[1m                           Learning iteration 14/300                            [0m 

                               Run name: chase_v5_2048
                            Total steps: 737280 
                       Steps per second: 4775 
                        Collection time: 10.062s 
                          Learning time: 0.230s 
                        Mean value loss: 26.1422
                    Mean surrogate loss: -0.0028
                      Mean entropy loss: 3.9643
                            Mean reward: -11.57
                    Mean episode length: 37.20
                        Mean action std: 0.91
               Mean episode goals_total: 2.0417
         Mean episode mean_dist_to_ball: 3.4932
         Mean episode goal_per_1k_steps: 0.0020
--------------------------------------------------------------------------------
                         Iteration time: 10.29s
                           Time elapsed: 0:02:37
                                    ETA: 0:49:54

################################################################################
[1m                           Learning iteration 15/300                            [0m 

                               Run name: chase_v5_2048
                            Total steps: 786432 
                       Steps per second: 4784 
                        Collection time: 10.043s 
                          Learning time: 0.230s 
                        Mean value loss: 26.8891
                    Mean surrogate loss: -0.0018
                      Mean entropy loss: 3.9660
                            Mean reward: -12.02
                    Mean episode length: 42.88
                        Mean action std: 0.91
               Mean episode goals_total: 3.0000
         Mean episode mean_dist_to_ball: 3.4660
         Mean episode goal_per_1k_steps: 0.0183
--------------------------------------------------------------------------------
                         Iteration time: 10.27s
                           Time elapsed: 0:02:47
                                    ETA: 0:49:39

################################################################################
[1m                           Learning iteration 16/300                            [0m 

                               Run name: chase_v5_2048
                            Total steps: 835584 
                       Steps per second: 4777 
                        Collection time: 10.059s 
                          Learning time: 0.230s 
                        Mean value loss: 26.4594
                    Mean surrogate loss: -0.0021
                      Mean entropy loss: 3.9631
                            Mean reward: -12.20
                    Mean episode length: 47.17
                        Mean action std: 0.91
               Mean episode goals_total: 3.0000
         Mean episode mean_dist_to_ball: 3.4025
         Mean episode goal_per_1k_steps: 0.0000
--------------------------------------------------------------------------------
                         Iteration time: 10.29s
                           Time elapsed: 0:02:58
                                    ETA: 0:49:26

################################################################################
[1m                           Learning iteration 17/300                            [0m 

                               Run name: chase_v5_2048
                            Total steps: 884736 
                       Steps per second: 4774 
                        Collection time: 10.065s 
                          Learning time: 0.230s 
                        Mean value loss: 24.4393
                    Mean surrogate loss: -0.0021
                      Mean entropy loss: 3.9542
                            Mean reward: -14.05
                    Mean episode length: 45.84
                        Mean action std: 0.91
               Mean episode goals_total: 3.0000
         Mean episode mean_dist_to_ball: 3.3194
         Mean episode goal_per_1k_steps: 0.0000
--------------------------------------------------------------------------------
                         Iteration time: 10.29s
                           Time elapsed: 0:03:08
                                    ETA: 0:49:12

################################################################################
[1m                           Learning iteration 18/300                            [0m 

                               Run name: chase_v5_2048
                            Total steps: 933888 
                       Steps per second: 4791 
                        Collection time: 10.028s 
                          Learning time: 0.229s 
                        Mean value loss: 22.7525
                    Mean surrogate loss: -0.0030
                      Mean entropy loss: 3.9271
                            Mean reward: -11.38
                    Mean episode length: 40.87
                        Mean action std: 0.90
               Mean episode goals_total: 3.0000
         Mean episode mean_dist_to_ball: 3.3073
         Mean episode goal_per_1k_steps: 0.0000
--------------------------------------------------------------------------------
                         Iteration time: 10.26s
                           Time elapsed: 0:03:18
                                    ETA: 0:48:59

################################################################################
[1m                           Learning iteration 19/300                            [0m 

                               Run name: chase_v5_2048
                            Total steps: 983040 
                       Steps per second: 4801 
                        Collection time: 10.008s 
                          Learning time: 0.229s 
                        Mean value loss: 22.5909
                    Mean surrogate loss: -0.0026
                      Mean entropy loss: 3.9276
                            Mean reward: -14.59
                    Mean episode length: 46.67
                        Mean action std: 0.90
               Mean episode goals_total: 3.0000
         Mean episode mean_dist_to_ball: 3.3094
         Mean episode goal_per_1k_steps: 0.0000
--------------------------------------------------------------------------------
                         Iteration time: 10.24s
                           Time elapsed: 0:03:28
                                    ETA: 0:48:45

################################################################################
[1m                           Learning iteration 20/300                            [0m 

                               Run name: chase_v5_2048
                            Total steps: 1032192 
                       Steps per second: 4778 
                        Collection time: 10.056s 
                          Learning time: 0.229s 
                        Mean value loss: 22.2233
                    Mean surrogate loss: -0.0016
                      Mean entropy loss: 3.9260
                            Mean reward: -12.51
                    Mean episode length: 44.45
                        Mean action std: 0.90
               Mean episode goals_total: 3.0000
         Mean episode mean_dist_to_ball: 3.3320
         Mean episode goal_per_1k_steps: 0.0000
--------------------------------------------------------------------------------
                         Iteration time: 10.29s
                           Time elapsed: 0:03:39
                                    ETA: 0:48:32

################################################################################
[1m                           Learning iteration 21/300                            [0m 

                               Run name: chase_v5_2048
                            Total steps: 1081344 
                       Steps per second: 4812 
                        Collection time: 9.985s 
                          Learning time: 0.229s 
                        Mean value loss: 19.1589
                    Mean surrogate loss: -0.0011
                      Mean entropy loss: 3.9213
                            Mean reward: -12.82
                    Mean episode length: 35.27
                        Mean action std: 0.90
               Mean episode goals_total: 3.0000
         Mean episode mean_dist_to_ball: 3.3095
         Mean episode goal_per_1k_steps: 0.0183
--------------------------------------------------------------------------------
                         Iteration time: 10.21s
                           Time elapsed: 0:03:49
                                    ETA: 0:48:19

################################################################################
[1m                           Learning iteration 22/300                            [0m 

                               Run name: chase_v5_2048
                            Total steps: 1130496 
                       Steps per second: 4772 
                        Collection time: 10.070s 
                          Learning time: 0.229s 
                        Mean value loss: 19.5774
                    Mean surrogate loss: -0.0022
                      Mean entropy loss: 3.9022
                            Mean reward: -12.71
                    Mean episode length: 42.49
                        Mean action std: 0.90
               Mean episode goals_total: 3.0000
         Mean episode mean_dist_to_ball: 3.2593
         Mean episode goal_per_1k_steps: 0.0549
--------------------------------------------------------------------------------
                         Iteration time: 10.30s
                           Time elapsed: 0:03:59
                                    ETA: 0:48:07

################################################################################
[1m                           Learning iteration 23/300                            [0m 

                               Run name: chase_v5_2048
                            Total steps: 1179648 
                       Steps per second: 4784 
                        Collection time: 10.044s 
                          Learning time: 0.230s 
                        Mean value loss: 21.4591
                    Mean surrogate loss: -0.0024
                      Mean entropy loss: 3.9011
                            Mean reward: -14.41
                    Mean episode length: 50.99
                        Mean action std: 0.89
               Mean episode goals_total: 3.0000
         Mean episode mean_dist_to_ball: 3.1986
         Mean episode goal_per_1k_steps: 0.0285
--------------------------------------------------------------------------------
                         Iteration time: 10.27s
                           Time elapsed: 0:04:10
                                    ETA: 0:47:55

################################################################################
[1m                           Learning iteration 24/300                            [0m 

                               Run name: chase_v5_2048
                            Total steps: 1228800 
                       Steps per second: 4820 
                        Collection time: 9.969s 
                          Learning time: 0.227s 
                        Mean value loss: 17.1402
                    Mean surrogate loss: -0.0037
                      Mean entropy loss: 3.8792
                            Mean reward: -12.33
                    Mean episode length: 46.60
                        Mean action std: 0.89
               Mean episode goals_total: 3.0000
         Mean episode mean_dist_to_ball: 3.1887
         Mean episode goal_per_1k_steps: 0.0020
--------------------------------------------------------------------------------
                         Iteration time: 10.20s
                           Time elapsed: 0:04:20
                                    ETA: 0:47:42

################################################################################
[1m                           Learning iteration 25/300                            [0m 

                               Run name: chase_v5_2048
                            Total steps: 1277952 
                       Steps per second: 4794 
                        Collection time: 10.021s 
                          Learning time: 0.230s 
                        Mean value loss: 16.9585
                    Mean surrogate loss: -0.0034
                      Mean entropy loss: 3.8827
                            Mean reward: -11.00
                    Mean episode length: 44.63
                        Mean action std: 0.89
               Mean episode goals_total: 3.0000
         Mean episode mean_dist_to_ball: 3.2370
         Mean episode goal_per_1k_steps: 0.0183
--------------------------------------------------------------------------------
                         Iteration time: 10.25s
                           Time elapsed: 0:04:30
                                    ETA: 0:47:30

################################################################################
[1m                           Learning iteration 26/300                            [0m 

                               Run name: chase_v5_2048
                            Total steps: 1327104 
                       Steps per second: 4815 
                        Collection time: 9.979s 
                          Learning time: 0.227s 
                        Mean value loss: 17.8269
                    Mean surrogate loss: -0.0023
                      Mean entropy loss: 3.8539
                            Mean reward: -10.24
                    Mean episode length: 47.86
                        Mean action std: 0.88
               Mean episode goals_total: 3.0000
         Mean episode mean_dist_to_ball: 3.2646
         Mean episode goal_per_1k_steps: 0.0000
--------------------------------------------------------------------------------
                         Iteration time: 10.21s
                           Time elapsed: 0:04:40
                                    ETA: 0:47:18

################################################################################
[1m                           Learning iteration 27/300                            [0m 

                               Run name: chase_v5_2048
                            Total steps: 1376256 
                       Steps per second: 4799 
                        Collection time: 10.013s 
                          Learning time: 0.229s 
                        Mean value loss: 17.7684
                    Mean surrogate loss: -0.0030
                      Mean entropy loss: 3.8509
                            Mean reward: -10.59
                    Mean episode length: 54.41
                        Mean action std: 0.88
               Mean episode goals_total: 3.0000
         Mean episode mean_dist_to_ball: 3.1769
         Mean episode goal_per_1k_steps: 0.0000
--------------------------------------------------------------------------------
                         Iteration time: 10.24s
                           Time elapsed: 0:04:50
                                    ETA: 0:47:06

################################################################################
[1m                           Learning iteration 28/300                            [0m 

                               Run name: chase_v5_2048
                            Total steps: 1425408 
                       Steps per second: 4827 
                        Collection time: 9.952s 
                          Learning time: 0.229s 
                        Mean value loss: 14.3684
                    Mean surrogate loss: -0.0031
                      Mean entropy loss: 3.8493
                            Mean reward: -11.44
                    Mean episode length: 47.12
                        Mean action std: 0.88
               Mean episode goals_total: 3.7083
         Mean episode mean_dist_to_ball: 3.1370
         Mean episode goal_per_1k_steps: 0.0488
--------------------------------------------------------------------------------
                         Iteration time: 10.18s
                           Time elapsed: 0:05:01
                                    ETA: 0:46:53

################################################################################
[1m                           Learning iteration 29/300                            [0m 

                               Run name: chase_v5_2048
                            Total steps: 1474560 
                       Steps per second: 4797 
                        Collection time: 10.015s 
                          Learning time: 0.229s 
                        Mean value loss: 15.9124
                    Mean surrogate loss: -0.0029
                      Mean entropy loss: 3.8444
                            Mean reward: -11.78
                    Mean episode length: 51.40
                        Mean action std: 0.88
               Mean episode goals_total: 4.0000
         Mean episode mean_dist_to_ball: 3.1742
         Mean episode goal_per_1k_steps: 0.0732
--------------------------------------------------------------------------------
                         Iteration time: 10.24s
                           Time elapsed: 0:05:11
                                    ETA: 0:46:42

################################################################################
[1m                           Learning iteration 30/300                            [0m 

                               Run name: chase_v5_2048
                            Total steps: 1523712 
                       Steps per second: 4819 
                        Collection time: 9.969s 
                          Learning time: 0.229s 
                        Mean value loss: 13.8584
                    Mean surrogate loss: -0.0044
                      Mean entropy loss: 3.8203
                            Mean reward: -10.22
                    Mean episode length: 58.77
                        Mean action std: 0.87
               Mean episode goals_total: 4.0000
         Mean episode mean_dist_to_ball: 3.1710
         Mean episode goal_per_1k_steps: 0.0102
--------------------------------------------------------------------------------
                         Iteration time: 10.20s
                           Time elapsed: 0:05:21
                                    ETA: 0:46:30

################################################################################
[1m                           Learning iteration 31/300                            [0m 

                               Run name: chase_v5_2048
                            Total steps: 1572864 
                       Steps per second: 4833 
                        Collection time: 9.941s 
                          Learning time: 0.229s 
                        Mean value loss: 13.1410
                    Mean surrogate loss: -0.0017
                      Mean entropy loss: 3.8102
                            Mean reward: -11.06
                    Mean episode length: 55.34
                        Mean action std: 0.87
               Mean episode goals_total: 4.0000
         Mean episode mean_dist_to_ball: 3.1588
         Mean episode goal_per_1k_steps: 0.0488
--------------------------------------------------------------------------------
                         Iteration time: 10.17s
                           Time elapsed: 0:05:31
                                    ETA: 0:46:18

################################################################################
[1m                           Learning iteration 32/300                            [0m 

                               Run name: chase_v5_2048
                            Total steps: 1622016 
                       Steps per second: 4827 
                        Collection time: 9.954s 
                          Learning time: 0.229s 
                        Mean value loss: 12.2966
                    Mean surrogate loss: -0.0042
                      Mean entropy loss: 3.8068
                            Mean reward: -10.48
                    Mean episode length: 61.55
                        Mean action std: 0.86
               Mean episode goals_total: 4.0000
         Mean episode mean_dist_to_ball: 3.1316
         Mean episode goal_per_1k_steps: 0.0224
--------------------------------------------------------------------------------
                         Iteration time: 10.18s
                           Time elapsed: 0:05:41
                                    ETA: 0:46:06

################################################################################
[1m                           Learning iteration 33/300                            [0m 

                               Run name: chase_v5_2048
                            Total steps: 1671168 
                       Steps per second: 4795 
                        Collection time: 10.024s 
                          Learning time: 0.227s 
                        Mean value loss: 12.6306
                    Mean surrogate loss: -0.0048
                      Mean entropy loss: 3.7649
                            Mean reward: -12.44
                    Mean episode length: 61.90
                        Mean action std: 0.86
               Mean episode goals_total: 4.0000
         Mean episode mean_dist_to_ball: 3.0982
         Mean episode goal_per_1k_steps: 0.0203
--------------------------------------------------------------------------------
                         Iteration time: 10.25s
                           Time elapsed: 0:05:52
                                    ETA: 0:45:55

################################################################################
[1m                           Learning iteration 34/300                            [0m 

                               Run name: chase_v5_2048
                            Total steps: 1720320 
                       Steps per second: 4740 
                        Collection time: 10.142s 
                          Learning time: 0.227s 
                        Mean value loss: 11.4160
                    Mean surrogate loss: -0.0046
                      Mean entropy loss: 3.7536
                            Mean reward: -11.44
                    Mean episode length: 69.14
                        Mean action std: 0.85
               Mean episode goals_total: 4.0417
         Mean episode mean_dist_to_ball: 3.0866
         Mean episode goal_per_1k_steps: 0.0631
--------------------------------------------------------------------------------
                         Iteration time: 10.37s
                           Time elapsed: 0:06:02
                                    ETA: 0:45:44

################################################################################
[1m                           Learning iteration 35/300                            [0m 

                               Run name: chase_v5_2048
                            Total steps: 1769472 
                       Steps per second: 4844 
                        Collection time: 9.919s 
                          Learning time: 0.226s 
                        Mean value loss: 10.7448
                    Mean surrogate loss: -0.0036
                      Mean entropy loss: 3.7441
                            Mean reward: -10.47
                    Mean episode length: 66.23
                        Mean action std: 0.84
               Mean episode goals_total: 5.0000
         Mean episode mean_dist_to_ball: 3.0871
         Mean episode goal_per_1k_steps: 0.0590
--------------------------------------------------------------------------------
                         Iteration time: 10.15s
                           Time elapsed: 0:06:12
                                    ETA: 0:45:32

################################################################################
[1m                           Learning iteration 36/300                            [0m 

                               Run name: chase_v5_2048
                            Total steps: 1818624 
                       Steps per second: 4824 
                        Collection time: 9.961s 
                          Learning time: 0.227s 
                        Mean value loss: 10.1280
                    Mean surrogate loss: -0.0051
                      Mean entropy loss: 3.7035
                            Mean reward: -10.05
                    Mean episode length: 76.69
                        Mean action std: 0.83
               Mean episode goals_total: 5.0000
         Mean episode mean_dist_to_ball: 3.0571
         Mean episode goal_per_1k_steps: 0.0203
--------------------------------------------------------------------------------
                         Iteration time: 10.19s
                           Time elapsed: 0:06:22
                                    ETA: 0:45:21

################################################################################
[1m                           Learning iteration 37/300                            [0m 

                               Run name: chase_v5_2048
                            Total steps: 1867776 
                       Steps per second: 4850 
                        Collection time: 9.905s 
                          Learning time: 0.229s 
                        Mean value loss: 9.8764
                    Mean surrogate loss: -0.0047
                      Mean entropy loss: 3.6769
                            Mean reward: -9.56
                    Mean episode length: 73.78
                        Mean action std: 0.83
               Mean episode goals_total: 5.0000
         Mean episode mean_dist_to_ball: 3.0496
         Mean episode goal_per_1k_steps: 0.0000
--------------------------------------------------------------------------------
                         Iteration time: 10.13s
                           Time elapsed: 0:06:32
                                    ETA: 0:45:09

################################################################################
[1m                           Learning iteration 38/300                            [0m 

                               Run name: chase_v5_2048
                            Total steps: 1916928 
                       Steps per second: 4860 
                        Collection time: 9.885s 
                          Learning time: 0.227s 
                        Mean value loss: 9.2560
                    Mean surrogate loss: -0.0031
                      Mean entropy loss: 3.6731
                            Mean reward: -9.41
                    Mean episode length: 81.63
                        Mean action std: 0.82
               Mean episode goals_total: 5.0000
         Mean episode mean_dist_to_ball: 3.0737
         Mean episode goal_per_1k_steps: 0.0142
--------------------------------------------------------------------------------
                         Iteration time: 10.11s
                           Time elapsed: 0:06:43
                                    ETA: 0:44:57

################################################################################
[1m                           Learning iteration 39/300                            [0m 

                               Run name: chase_v5_2048
                            Total steps: 1966080 
                       Steps per second: 4852 
                        Collection time: 9.898s 
                          Learning time: 0.230s 
                        Mean value loss: 7.9482
                    Mean surrogate loss: -0.0022
                      Mean entropy loss: 3.6669
                            Mean reward: -8.89
                    Mean episode length: 73.84
                        Mean action std: 0.82
               Mean episode goals_total: 5.4583
         Mean episode mean_dist_to_ball: 3.0131
         Mean episode goal_per_1k_steps: 0.0468
--------------------------------------------------------------------------------
                         Iteration time: 10.13s
                           Time elapsed: 0:06:53
                                    ETA: 0:44:46

################################################################################
[1m                           Learning iteration 40/300                            [0m 

                               Run name: chase_v5_2048
                            Total steps: 2015232 
                       Steps per second: 4864 
                        Collection time: 9.877s 
                          Learning time: 0.227s 
                        Mean value loss: 7.4474
                    Mean surrogate loss: -0.0053
                      Mean entropy loss: 3.6205
                            Mean reward: -7.12
                    Mean episode length: 80.60
                        Mean action std: 0.80
               Mean episode goals_total: 6.0000
         Mean episode mean_dist_to_ball: 3.0007
         Mean episode goal_per_1k_steps: 0.0102
--------------------------------------------------------------------------------
                         Iteration time: 10.10s
                           Time elapsed: 0:07:03
                                    ETA: 0:44:34

################################################################################
[1m                           Learning iteration 41/300                            [0m 

                               Run name: chase_v5_2048
                            Total steps: 2064384 
                       Steps per second: 4869 
                        Collection time: 9.866s 
                          Learning time: 0.229s 
                        Mean value loss: 8.1054
                    Mean surrogate loss: -0.0057
                      Mean entropy loss: 3.5620
                            Mean reward: -6.22
                    Mean episode length: 86.59
                        Mean action std: 0.79
               Mean episode goals_total: 6.7917
         Mean episode mean_dist_to_ball: 3.0001
         Mean episode goal_per_1k_steps: 0.0488
--------------------------------------------------------------------------------
                         Iteration time: 10.09s
                           Time elapsed: 0:07:13
                                    ETA: 0:44:22

################################################################################
[1m                           Learning iteration 42/300                            [0m 

                               Run name: chase_v5_2048
                            Total steps: 2113536 
                       Steps per second: 4867 
                        Collection time: 9.868s 
                          Learning time: 0.229s 
                        Mean value loss: 7.2469
                    Mean surrogate loss: -0.0047
                      Mean entropy loss: 3.5514
                            Mean reward: -6.43
                    Mean episode length: 86.51
                        Mean action std: 0.79
               Mean episode goals_total: 7.0000
         Mean episode mean_dist_to_ball: 2.9646
         Mean episode goal_per_1k_steps: 0.0020
--------------------------------------------------------------------------------
                         Iteration time: 10.10s
                           Time elapsed: 0:07:23
                                    ETA: 0:44:10

################################################################################
[1m                           Learning iteration 43/300                            [0m 

                               Run name: chase_v5_2048
                            Total steps: 2162688 
                       Steps per second: 4878 
                        Collection time: 9.847s 
                          Learning time: 0.229s 
                        Mean value loss: 6.2493
                    Mean surrogate loss: -0.0040
                      Mean entropy loss: 3.5094
                            Mean reward: -4.27
                    Mean episode length: 93.73
                        Mean action std: 0.78
               Mean episode goals_total: 7.2917
         Mean episode mean_dist_to_ball: 2.8817
         Mean episode goal_per_1k_steps: 0.0692
--------------------------------------------------------------------------------
                         Iteration time: 10.08s
                           Time elapsed: 0:07:33
                                    ETA: 0:43:59

################################################################################
[1m                           Learning iteration 44/300                            [0m 

                               Run name: chase_v5_2048
                            Total steps: 2211840 
                       Steps per second: 4873 
                        Collection time: 9.858s 
                          Learning time: 0.229s 
                        Mean value loss: 5.5721
                    Mean surrogate loss: -0.0058
                      Mean entropy loss: 3.4542
                            Mean reward: -3.84
                    Mean episode length: 104.60
                        Mean action std: 0.77
               Mean episode goals_total: 8.0000
         Mean episode mean_dist_to_ball: 2.8654
         Mean episode goal_per_1k_steps: 0.0142
--------------------------------------------------------------------------------
                         Iteration time: 10.09s
                           Time elapsed: 0:07:43
                                    ETA: 0:43:47

################################################################################
[1m                           Learning iteration 45/300                            [0m 

                               Run name: chase_v5_2048
                            Total steps: 2260992 
                       Steps per second: 4894 
                        Collection time: 9.812s 
                          Learning time: 0.229s 
                        Mean value loss: 6.2460
                    Mean surrogate loss: -0.0040
                      Mean entropy loss: 3.4227
                            Mean reward: -3.55
                    Mean episode length: 112.36
                        Mean action std: 0.76
               Mean episode goals_total: 8.0000
         Mean episode mean_dist_to_ball: 2.8112
         Mean episode goal_per_1k_steps: 0.0285
--------------------------------------------------------------------------------
                         Iteration time: 10.04s
                           Time elapsed: 0:07:53
                                    ETA: 0:43:35

################################################################################
[1m                           Learning iteration 46/300                            [0m 

                               Run name: chase_v5_2048
                            Total steps: 2310144 
                       Steps per second: 4895 
                        Collection time: 9.811s 
                          Learning time: 0.229s 
                        Mean value loss: 4.3929
                    Mean surrogate loss: -0.0055
                      Mean entropy loss: 3.3941
                            Mean reward: 1.66
                    Mean episode length: 128.02
                        Mean action std: 0.75
               Mean episode goals_total: 8.3750
         Mean episode mean_dist_to_ball: 2.7862
         Mean episode goal_per_1k_steps: 0.0285
--------------------------------------------------------------------------------
                         Iteration time: 10.04s
                           Time elapsed: 0:08:03
                                    ETA: 0:43:24

################################################################################
[1m                           Learning iteration 47/300                            [0m 

                               Run name: chase_v5_2048
                            Total steps: 2359296 
                       Steps per second: 4882 
                        Collection time: 9.839s 
                          Learning time: 0.229s 
                        Mean value loss: 4.4542
                    Mean surrogate loss: -0.0057
                      Mean entropy loss: 3.3574
                            Mean reward: -2.49
                    Mean episode length: 128.89
                        Mean action std: 0.74
               Mean episode goals_total: 9.0000
         Mean episode mean_dist_to_ball: 2.7832
         Mean episode goal_per_1k_steps: 0.0224
--------------------------------------------------------------------------------
                         Iteration time: 10.07s
                           Time elapsed: 0:08:13
                                    ETA: 0:43:12

################################################################################
[1m                           Learning iteration 48/300                            [0m 

                               Run name: chase_v5_2048
                            Total steps: 2408448 
                       Steps per second: 4926 
                        Collection time: 9.748s 
                          Learning time: 0.229s 
                        Mean value loss: 4.3681
                    Mean surrogate loss: -0.0058
                      Mean entropy loss: 3.2963
                            Mean reward: -0.91
                    Mean episode length: 127.37
                        Mean action std: 0.73
               Mean episode goals_total: 9.0000
         Mean episode mean_dist_to_ball: 2.7905
         Mean episode goal_per_1k_steps: 0.0142
--------------------------------------------------------------------------------
                         Iteration time: 9.98s
                           Time elapsed: 0:08:23
                                    ETA: 0:43:00

################################################################################
[1m                           Learning iteration 49/300                            [0m 

                               Run name: chase_v5_2048
                            Total steps: 2457600 
                       Steps per second: 4897 
                        Collection time: 9.808s 
                          Learning time: 0.229s 
                        Mean value loss: 4.0177
                    Mean surrogate loss: -0.0049
                      Mean entropy loss: 3.2539
                            Mean reward: -0.77
                    Mean episode length: 118.18
                        Mean action std: 0.72
               Mean episode goals_total: 9.0000
         Mean episode mean_dist_to_ball: 2.7668
         Mean episode goal_per_1k_steps: 0.0264
--------------------------------------------------------------------------------
                         Iteration time: 10.04s
                           Time elapsed: 0:08:33
                                    ETA: 0:42:49

################################################################################
[1m                           Learning iteration 50/300                            [0m 

                               Run name: chase_v5_2048
                            Total steps: 2506752 
                       Steps per second: 4920 
                        Collection time: 9.763s 
                          Learning time: 0.227s 
                        Mean value loss: 3.2225
                    Mean surrogate loss: -0.0043
                      Mean entropy loss: 3.1865
                            Mean reward: -0.36
                    Mean episode length: 137.95
                        Mean action std: 0.70
               Mean episode goals_total: 9.0000
         Mean episode mean_dist_to_ball: 2.6903
         Mean episode goal_per_1k_steps: 0.0000
--------------------------------------------------------------------------------
                         Iteration time: 9.99s
                           Time elapsed: 0:08:43
                                    ETA: 0:42:37

################################################################################
[1m                           Learning iteration 51/300                            [0m 

                               Run name: chase_v5_2048
                            Total steps: 2555904 
                       Steps per second: 4920 
                        Collection time: 9.762s 
                          Learning time: 0.228s 
                        Mean value loss: 3.2015
                    Mean surrogate loss: -0.0055
                      Mean entropy loss: 3.1272
                            Mean reward: 0.75
                    Mean episode length: 150.20
                        Mean action std: 0.69
               Mean episode goals_total: 9.0000
         Mean episode mean_dist_to_ball: 2.6928
         Mean episode goal_per_1k_steps: 0.0203
--------------------------------------------------------------------------------
                         Iteration time: 9.99s
                           Time elapsed: 0:08:53
                                    ETA: 0:42:25

################################################################################
[1m                           Learning iteration 52/300                            [0m 

                               Run name: chase_v5_2048
                            Total steps: 2605056 
                       Steps per second: 4921 
                        Collection time: 9.760s 
                          Learning time: 0.227s 
                        Mean value loss: 3.0388
                    Mean surrogate loss: -0.0058
                      Mean entropy loss: 3.0820
                            Mean reward: 1.82
                    Mean episode length: 156.60
                        Mean action std: 0.68
               Mean episode goals_total: 9.0000
         Mean episode mean_dist_to_ball: 2.7080
         Mean episode goal_per_1k_steps: 0.0203
--------------------------------------------------------------------------------
                         Iteration time: 9.99s
                           Time elapsed: 0:09:03
                                    ETA: 0:42:14

################################################################################
[1m                           Learning iteration 53/300                            [0m 

                               Run name: chase_v5_2048
                            Total steps: 2654208 
                       Steps per second: 4926 
                        Collection time: 9.747s 
                          Learning time: 0.230s 
                        Mean value loss: 3.1277
                    Mean surrogate loss: -0.0056
                      Mean entropy loss: 3.0088
                            Mean reward: 3.81
                    Mean episode length: 174.00
                        Mean action std: 0.66
               Mean episode goals_total: 9.0000
         Mean episode mean_dist_to_ball: 2.6973
         Mean episode goal_per_1k_steps: 0.0142
--------------------------------------------------------------------------------
                         Iteration time: 9.98s
                           Time elapsed: 0:09:13
                                    ETA: 0:42:02

################################################################################
[1m                           Learning iteration 54/300                            [0m 

                               Run name: chase_v5_2048
                            Total steps: 2703360 
                       Steps per second: 4951 
                        Collection time: 9.699s 
                          Learning time: 0.228s 
                        Mean value loss: 2.9422
                    Mean surrogate loss: -0.0048
                      Mean entropy loss: 2.9698
                            Mean reward: 1.41
                    Mean episode length: 171.34
                        Mean action std: 0.65
               Mean episode goals_total: 9.0000
         Mean episode mean_dist_to_ball: 2.6670
         Mean episode goal_per_1k_steps: 0.0061
--------------------------------------------------------------------------------
                         Iteration time: 9.93s
                           Time elapsed: 0:09:23
                                    ETA: 0:41:51

################################################################################
[1m                           Learning iteration 55/300                            [0m 

                               Run name: chase_v5_2048
                            Total steps: 2752512 
                       Steps per second: 4939 
                        Collection time: 9.722s 
                          Learning time: 0.229s 
                        Mean value loss: 2.6635
                    Mean surrogate loss: -0.0046
                      Mean entropy loss: 2.9290
                            Mean reward: 5.66
                    Mean episode length: 195.42
                        Mean action std: 0.65
               Mean episode goals_total: 9.0000
         Mean episode mean_dist_to_ball: 2.6376
         Mean episode goal_per_1k_steps: 0.0000
--------------------------------------------------------------------------------
                         Iteration time: 9.95s
                           Time elapsed: 0:09:33
                                    ETA: 0:41:39

################################################################################
[1m                           Learning iteration 56/300                            [0m 

                               Run name: chase_v5_2048
                            Total steps: 2801664 
                       Steps per second: 4938 
                        Collection time: 9.723s 
                          Learning time: 0.229s 
                        Mean value loss: 2.4001
                    Mean surrogate loss: -0.0056
                      Mean entropy loss: 2.8847
                            Mean reward: 5.09
                    Mean episode length: 191.55
                        Mean action std: 0.64
               Mean episode goals_total: 9.0000
         Mean episode mean_dist_to_ball: 2.6134
         Mean episode goal_per_1k_steps: 0.0000
--------------------------------------------------------------------------------
                         Iteration time: 9.95s
                           Time elapsed: 0:09:43
                                    ETA: 0:41:28

################################################################################
[1m                           Learning iteration 57/300                            [0m 

                               Run name: chase_v5_2048
                            Total steps: 2850816 
                       Steps per second: 4945 
                        Collection time: 9.710s 
                          Learning time: 0.229s 
                        Mean value loss: 2.2659
                    Mean surrogate loss: -0.0031
                      Mean entropy loss: 2.8162
                            Mean reward: 3.67
                    Mean episode length: 181.63
                        Mean action std: 0.62
               Mean episode goals_total: 9.0000
         Mean episode mean_dist_to_ball: 2.5738
         Mean episode goal_per_1k_steps: 0.0203
--------------------------------------------------------------------------------
                         Iteration time: 9.94s
                           Time elapsed: 0:09:53
                                    ETA: 0:41:16

################################################################################
[1m                           Learning iteration 58/300                            [0m 

                               Run name: chase_v5_2048
                            Total steps: 2899968 
                       Steps per second: 4965 
                        Collection time: 9.670s 
                          Learning time: 0.229s 
                        Mean value loss: 1.7546
                    Mean surrogate loss: -0.0051
                      Mean entropy loss: 2.7594
                            Mean reward: 7.13
                    Mean episode length: 185.12
                        Mean action std: 0.61
               Mean episode goals_total: 9.0000
         Mean episode mean_dist_to_ball: 2.5505
         Mean episode goal_per_1k_steps: 0.0407
--------------------------------------------------------------------------------
                         Iteration time: 9.90s
                           Time elapsed: 0:10:03
                                    ETA: 0:41:05

################################################################################
[1m                           Learning iteration 59/300                            [0m 

                               Run name: chase_v5_2048
                            Total steps: 2949120 
                       Steps per second: 4961 
                        Collection time: 9.678s 
                          Learning time: 0.229s 
                        Mean value loss: 1.6638
                    Mean surrogate loss: -0.0053
                      Mean entropy loss: 2.7096
                            Mean reward: 8.23
                    Mean episode length: 201.77
                        Mean action std: 0.60
               Mean episode goals_total: 9.0000
         Mean episode mean_dist_to_ball: 2.5761
         Mean episode goal_per_1k_steps: 0.0000
--------------------------------------------------------------------------------
                         Iteration time: 9.91s
                           Time elapsed: 0:10:13
                                    ETA: 0:40:53

################################################################################
[1m                           Learning iteration 60/300                            [0m 

                               Run name: chase_v5_2048
                            Total steps: 2998272 
                       Steps per second: 4994 
                        Collection time: 9.612s 
                          Learning time: 0.229s 
                        Mean value loss: 1.5039
                    Mean surrogate loss: -0.0048
                      Mean entropy loss: 2.6444
                            Mean reward: 9.51
                    Mean episode length: 213.31
                        Mean action std: 0.59
               Mean episode goals_total: 9.0000
         Mean episode mean_dist_to_ball: 2.5977
         Mean episode goal_per_1k_steps: 0.0102
--------------------------------------------------------------------------------
                         Iteration time: 9.84s
                           Time elapsed: 0:10:23
                                    ETA: 0:40:41

################################################################################
[1m                           Learning iteration 61/300                            [0m 

                               Run name: chase_v5_2048
                            Total steps: 3047424 
                       Steps per second: 4979 
                        Collection time: 9.641s 
                          Learning time: 0.229s 
                        Mean value loss: 1.3394
                    Mean surrogate loss: -0.0048
                      Mean entropy loss: 2.6222
                            Mean reward: 9.32
                    Mean episode length: 213.01
                        Mean action std: 0.59
               Mean episode goals_total: 9.0000
         Mean episode mean_dist_to_ball: 2.6189
         Mean episode goal_per_1k_steps: 0.0305
--------------------------------------------------------------------------------
                         Iteration time: 9.87s
                           Time elapsed: 0:10:33
                                    ETA: 0:40:30

################################################################################
[1m                           Learning iteration 62/300                            [0m 

                               Run name: chase_v5_2048
                            Total steps: 3096576 
                       Steps per second: 4996 
                        Collection time: 9.607s 
                          Learning time: 0.229s 
                        Mean value loss: 1.1574
                    Mean surrogate loss: -0.0043
                      Mean entropy loss: 2.6103
                            Mean reward: 9.26
                    Mean episode length: 218.57
                        Mean action std: 0.58
               Mean episode goals_total: 9.0000
         Mean episode mean_dist_to_ball: 2.6240
         Mean episode goal_per_1k_steps: 0.0203
--------------------------------------------------------------------------------
                         Iteration time: 9.84s
                           Time elapsed: 0:10:42
                                    ETA: 0:40:18

################################################################################
[1m                           Learning iteration 63/300                            [0m 

                               Run name: chase_v5_2048
                            Total steps: 3145728 
                       Steps per second: 5002 
                        Collection time: 9.597s 
                          Learning time: 0.229s 
                        Mean value loss: 1.1657
                    Mean surrogate loss: -0.0052
                      Mean entropy loss: 2.5697
                            Mean reward: 8.65
                    Mean episode length: 213.06
                        Mean action std: 0.57
               Mean episode goals_total: 9.0000
         Mean episode mean_dist_to_ball: 2.6336
         Mean episode goal_per_1k_steps: 0.0000
--------------------------------------------------------------------------------
                         Iteration time: 9.83s
                           Time elapsed: 0:10:52
                                    ETA: 0:40:06

################################################################################
[1m                           Learning iteration 64/300                            [0m 

                               Run name: chase_v5_2048
                            Total steps: 3194880 
                       Steps per second: 5010 
                        Collection time: 9.582s 
                          Learning time: 0.227s 
                        Mean value loss: 1.1242
                    Mean surrogate loss: -0.0053
                      Mean entropy loss: 2.5214
                            Mean reward: 9.57
                    Mean episode length: 213.37
                        Mean action std: 0.57
               Mean episode goals_total: 9.0000
         Mean episode mean_dist_to_ball: 2.6420
         Mean episode goal_per_1k_steps: 0.0224
--------------------------------------------------------------------------------
                         Iteration time: 9.81s
                           Time elapsed: 0:11:02
                                    ETA: 0:39:55

################################################################################
[1m                           Learning iteration 65/300                            [0m 

                               Run name: chase_v5_2048
                            Total steps: 3244032 
                       Steps per second: 5010 
                        Collection time: 9.580s 
                          Learning time: 0.230s 
                        Mean value loss: 0.9448
                    Mean surrogate loss: -0.0036
                      Mean entropy loss: 2.5034
                            Mean reward: 11.06
                    Mean episode length: 228.65
                        Mean action std: 0.57
               Mean episode goals_total: 9.0000
         Mean episode mean_dist_to_ball: 2.5852
         Mean episode goal_per_1k_steps: 0.0285
--------------------------------------------------------------------------------
                         Iteration time: 9.81s
                           Time elapsed: 0:11:12
                                    ETA: 0:39:43

################################################################################
[1m                           Learning iteration 66/300                            [0m 

                               Run name: chase_v5_2048
                            Total steps: 3293184 
                       Steps per second: 5015 
                        Collection time: 9.574s 
                          Learning time: 0.227s 
                        Mean value loss: 0.8496
                    Mean surrogate loss: -0.0053
                      Mean entropy loss: 2.4710
                            Mean reward: 10.44
                    Mean episode length: 221.97
                        Mean action std: 0.56
               Mean episode goals_total: 9.0000
         Mean episode mean_dist_to_ball: 2.5722
         Mean episode goal_per_1k_steps: 0.0285
--------------------------------------------------------------------------------
                         Iteration time: 9.80s
                           Time elapsed: 0:11:22
                                    ETA: 0:39:32

################################################################################
[1m                           Learning iteration 67/300                            [0m 

                               Run name: chase_v5_2048
                            Total steps: 3342336 
                       Steps per second: 5018 
                        Collection time: 9.564s 
                          Learning time: 0.229s 
                        Mean value loss: 1.0827
                    Mean surrogate loss: -0.0045
                      Mean entropy loss: 2.4306
                            Mean reward: 10.53
                    Mean episode length: 222.49
                        Mean action std: 0.55
               Mean episode goals_total: 9.0000
         Mean episode mean_dist_to_ball: 2.5583
         Mean episode goal_per_1k_steps: 0.0020
--------------------------------------------------------------------------------
                         Iteration time: 9.79s
                           Time elapsed: 0:11:31
                                    ETA: 0:39:20

################################################################################
[1m                           Learning iteration 68/300                            [0m 

                               Run name: chase_v5_2048
                            Total steps: 3391488 
                       Steps per second: 5029 
                        Collection time: 9.546s 
                          Learning time: 0.227s 
                        Mean value loss: 0.6236
                    Mean surrogate loss: -0.0047
                      Mean entropy loss: 2.3965
                            Mean reward: 11.25
                    Mean episode length: 227.61
                        Mean action std: 0.54
               Mean episode goals_total: 9.0000
         Mean episode mean_dist_to_ball: 2.5465
         Mean episode goal_per_1k_steps: 0.0000
--------------------------------------------------------------------------------
                         Iteration time: 9.77s
                           Time elapsed: 0:11:41
                                    ETA: 0:39:09

################################################################################
[1m                           Learning iteration 69/300                            [0m 

                               Run name: chase_v5_2048
                            Total steps: 3440640 
                       Steps per second: 5031 
                        Collection time: 9.539s 
                          Learning time: 0.229s 
                        Mean value loss: 0.7467
                    Mean surrogate loss: -0.0043
                      Mean entropy loss: 2.3611
                            Mean reward: 10.21
                    Mean episode length: 225.13
                        Mean action std: 0.54
               Mean episode goals_total: 9.0000
         Mean episode mean_dist_to_ball: 2.5566
         Mean episode goal_per_1k_steps: 0.0407
--------------------------------------------------------------------------------
                         Iteration time: 9.77s
                           Time elapsed: 0:11:51
                                    ETA: 0:38:57

################################################################################
[1m                           Learning iteration 70/300                            [0m 

                               Run name: chase_v5_2048
                            Total steps: 3489792 
                       Steps per second: 5038 
                        Collection time: 9.527s 
                          Learning time: 0.229s 
                        Mean value loss: 0.7218
                    Mean surrogate loss: -0.0043
                      Mean entropy loss: 2.3315
                            Mean reward: 10.06
                    Mean episode length: 223.90
                        Mean action std: 0.54
               Mean episode goals_total: 9.0000
         Mean episode mean_dist_to_ball: 2.5501
         Mean episode goal_per_1k_steps: 0.0000
--------------------------------------------------------------------------------
                         Iteration time: 9.76s
                           Time elapsed: 0:12:01
                                    ETA: 0:38:46

################################################################################
[1m                           Learning iteration 71/300                            [0m 

                               Run name: chase_v5_2048
                            Total steps: 3538944 
                       Steps per second: 5039 
                        Collection time: 9.526s 
                          Learning time: 0.227s 
                        Mean value loss: 0.9779
                    Mean surrogate loss: -0.0047
                      Mean entropy loss: 2.3026
                            Mean reward: 10.17
                    Mean episode length: 230.46
                        Mean action std: 0.53
               Mean episode goals_total: 9.0000
         Mean episode mean_dist_to_ball: 2.5392
         Mean episode goal_per_1k_steps: 0.0203
--------------------------------------------------------------------------------
                         Iteration time: 9.75s
                           Time elapsed: 0:12:11
                                    ETA: 0:38:34

################################################################################
[1m                           Learning iteration 72/300                            [0m 

                               Run name: chase_v5_2048
                            Total steps: 3588096 
                       Steps per second: 5042 
                        Collection time: 9.517s 
                          Learning time: 0.230s 
                        Mean value loss: 0.9405
                    Mean surrogate loss: -0.0040
                      Mean entropy loss: 2.2749
                            Mean reward: 10.23
                    Mean episode length: 224.77
                        Mean action std: 0.53
               Mean episode goals_total: 9.0000
         Mean episode mean_dist_to_ball: 2.4884
         Mean episode goal_per_1k_steps: 0.0061
--------------------------------------------------------------------------------
                         Iteration time: 9.75s
                           Time elapsed: 0:12:20
                                    ETA: 0:38:23

################################################################################
[1m                           Learning iteration 73/300                            [0m 

                               Run name: chase_v5_2048
                            Total steps: 3637248 
                       Steps per second: 5049 
                        Collection time: 9.505s 
                          Learning time: 0.229s 
                        Mean value loss: 0.4142
                    Mean surrogate loss: -0.0042
                      Mean entropy loss: 2.2427
                            Mean reward: 10.68
                    Mean episode length: 227.60
                        Mean action std: 0.52
               Mean episode goals_total: 9.0000
         Mean episode mean_dist_to_ball: 2.4815
         Mean episode goal_per_1k_steps: 0.0142
--------------------------------------------------------------------------------
                         Iteration time: 9.73s
                           Time elapsed: 0:12:30
                                    ETA: 0:38:12

################################################################################
[1m                           Learning iteration 74/300                            [0m 

                               Run name: chase_v5_2048
                            Total steps: 3686400 
                       Steps per second: 5049 
                        Collection time: 9.504s 
                          Learning time: 0.229s 
                        Mean value loss: 0.4658
                    Mean surrogate loss: -0.0043
                      Mean entropy loss: 2.2134
                            Mean reward: 11.82
                    Mean episode length: 229.75
                        Mean action std: 0.52
               Mean episode goals_total: 9.0000
         Mean episode mean_dist_to_ball: 2.4617
         Mean episode goal_per_1k_steps: 0.0203
--------------------------------------------------------------------------------
                         Iteration time: 9.73s
                           Time elapsed: 0:12:40
                                    ETA: 0:38:00

################################################################################
[1m                           Learning iteration 75/300                            [0m 

                               Run name: chase_v5_2048
                            Total steps: 3735552 
                       Steps per second: 5037 
                        Collection time: 9.528s 
                          Learning time: 0.229s 
                        Mean value loss: 0.6534
                    Mean surrogate loss: -0.0042
                      Mean entropy loss: 2.1736
                            Mean reward: 11.09
                    Mean episode length: 234.33
                        Mean action std: 0.51
               Mean episode goals_total: 9.0000
         Mean episode mean_dist_to_ball: 2.4152
         Mean episode goal_per_1k_steps: 0.0000
--------------------------------------------------------------------------------
                         Iteration time: 9.76s
                           Time elapsed: 0:12:49
                                    ETA: 0:37:49

################################################################################
[1m                           Learning iteration 76/300                            [0m 

                               Run name: chase_v5_2048
                            Total steps: 3784704 
                       Steps per second: 5038 
                        Collection time: 9.529s 
                          Learning time: 0.227s 
                        Mean value loss: 0.4831
                    Mean surrogate loss: -0.0029
                      Mean entropy loss: 2.1680
                            Mean reward: 10.74
                    Mean episode length: 233.00
                        Mean action std: 0.51
               Mean episode goals_total: 9.0000
         Mean episode mean_dist_to_ball: 2.4009
         Mean episode goal_per_1k_steps: 0.0000
--------------------------------------------------------------------------------
                         Iteration time: 9.76s
                           Time elapsed: 0:12:59
                                    ETA: 0:37:38

################################################################################
[1m                           Learning iteration 77/300                            [0m 

                               Run name: chase_v5_2048
                            Total steps: 3833856 
                       Steps per second: 5057 
                        Collection time: 9.493s 
                          Learning time: 0.227s 
                        Mean value loss: 0.4974
                    Mean surrogate loss: -0.0040
                      Mean entropy loss: 2.1483
                            Mean reward: 10.90
                    Mean episode length: 234.28
                        Mean action std: 0.51
               Mean episode goals_total: 9.0000
         Mean episode mean_dist_to_ball: 2.3954
         Mean episode goal_per_1k_steps: 0.0000
--------------------------------------------------------------------------------
                         Iteration time: 9.72s
                           Time elapsed: 0:13:09
                                    ETA: 0:37:26

################################################################################
[1m                           Learning iteration 78/300                            [0m 

                               Run name: chase_v5_2048
                            Total steps: 3883008 
                       Steps per second: 5061 
                        Collection time: 9.484s 
                          Learning time: 0.227s 
                        Mean value loss: 0.4463
                    Mean surrogate loss: -0.0044
                      Mean entropy loss: 2.1412
                            Mean reward: 11.01
                    Mean episode length: 230.85
                        Mean action std: 0.51
               Mean episode goals_total: 9.0000
         Mean episode mean_dist_to_ball: 2.4003
         Mean episode goal_per_1k_steps: 0.0000
--------------------------------------------------------------------------------
                         Iteration time: 9.71s
                           Time elapsed: 0:13:19
                                    ETA: 0:37:15

################################################################################
[1m                           Learning iteration 79/300                            [0m 

                               Run name: chase_v5_2048
                            Total steps: 3932160 
                       Steps per second: 5060 
                        Collection time: 9.484s 
                          Learning time: 0.229s 
                        Mean value loss: 0.4236
                    Mean surrogate loss: -0.0041
                      Mean entropy loss: 2.1179
                            Mean reward: 11.48
                    Mean episode length: 236.38
                        Mean action std: 0.50
               Mean episode goals_total: 9.0000
         Mean episode mean_dist_to_ball: 2.3953
         Mean episode goal_per_1k_steps: 0.0427
--------------------------------------------------------------------------------
                         Iteration time: 9.71s
                           Time elapsed: 0:13:28
                                    ETA: 0:37:04

################################################################################
[1m                           Learning iteration 80/300                            [0m 

                               Run name: chase_v5_2048
                            Total steps: 3981312 
                       Steps per second: 5074 
                        Collection time: 9.457s 
                          Learning time: 0.229s 
                        Mean value loss: 0.6096
                    Mean surrogate loss: -0.0044
                      Mean entropy loss: 2.0770
                            Mean reward: 10.51
                    Mean episode length: 226.65
                        Mean action std: 0.50
               Mean episode goals_total: 9.0000
         Mean episode mean_dist_to_ball: 2.3935
         Mean episode goal_per_1k_steps: 0.0183
--------------------------------------------------------------------------------
                         Iteration time: 9.69s
                           Time elapsed: 0:13:38
                                    ETA: 0:36:53

################################################################################
[1m                           Learning iteration 81/300                            [0m 

                               Run name: chase_v5_2048
                            Total steps: 4030464 
                       Steps per second: 5069 
                        Collection time: 9.466s 
                          Learning time: 0.230s 
                        Mean value loss: 0.5927
                    Mean surrogate loss: -0.0050
                      Mean entropy loss: 2.0413
                            Mean reward: 9.37
                    Mean episode length: 227.36
                        Mean action std: 0.49
               Mean episode goals_total: 9.0000
         Mean episode mean_dist_to_ball: 2.4105
         Mean episode goal_per_1k_steps: 0.0387
--------------------------------------------------------------------------------
                         Iteration time: 9.70s
                           Time elapsed: 0:13:48
                                    ETA: 0:36:41

################################################################################
[1m                           Learning iteration 82/300                            [0m 

                               Run name: chase_v5_2048
                            Total steps: 4079616 
                       Steps per second: 5062 
                        Collection time: 9.479s 
                          Learning time: 0.229s 
                        Mean value loss: 0.3306
                    Mean surrogate loss: -0.0045
                      Mean entropy loss: 1.9947
                            Mean reward: 11.22
                    Mean episode length: 235.84
                        Mean action std: 0.49
               Mean episode goals_total: 9.0000
         Mean episode mean_dist_to_ball: 2.3713
         Mean episode goal_per_1k_steps: 0.0224
--------------------------------------------------------------------------------
                         Iteration time: 9.71s
                           Time elapsed: 0:13:57
                                    ETA: 0:36:30

################################################################################
[1m                           Learning iteration 83/300                            [0m 

                               Run name: chase_v5_2048
                            Total steps: 4128768 
                       Steps per second: 5080 
                        Collection time: 9.445s 
                          Learning time: 0.229s 
                        Mean value loss: 0.2264
                    Mean surrogate loss: -0.0043
                      Mean entropy loss: 1.9720
                            Mean reward: 12.12
                    Mean episode length: 236.34
                        Mean action std: 0.48
               Mean episode goals_total: 9.0000
         Mean episode mean_dist_to_ball: 2.3429
         Mean episode goal_per_1k_steps: 0.0203
--------------------------------------------------------------------------------
                         Iteration time: 9.67s
                           Time elapsed: 0:14:07
                                    ETA: 0:36:19

################################################################################
[1m                           Learning iteration 84/300                            [0m 

                               Run name: chase_v5_2048
                            Total steps: 4177920 
                       Steps per second: 5064 
                        Collection time: 9.475s 
                          Learning time: 0.229s 
                        Mean value loss: 0.2991
                    Mean surrogate loss: 0.0003
                      Mean entropy loss: 1.9579
                            Mean reward: 10.98
                    Mean episode length: 236.56
                        Mean action std: 0.48
               Mean episode goals_total: 9.0000
         Mean episode mean_dist_to_ball: 2.3290
         Mean episode goal_per_1k_steps: 0.0407
--------------------------------------------------------------------------------
                         Iteration time: 9.70s
                           Time elapsed: 0:14:17
                                    ETA: 0:36:08

################################################################################
[1m                           Learning iteration 85/300                            [0m 

                               Run name: chase_v5_2048
                            Total steps: 4227072 
                       Steps per second: 5079 
                        Collection time: 9.449s 
                          Learning time: 0.227s 
                        Mean value loss: 0.2233
                    Mean surrogate loss: -0.0015
                      Mean entropy loss: 1.9517
                            Mean reward: 10.87
                    Mean episode length: 234.10
                        Mean action std: 0.48
               Mean episode goals_total: 9.0000
         Mean episode mean_dist_to_ball: 2.2731
         Mean episode goal_per_1k_steps: 0.0203
--------------------------------------------------------------------------------
                         Iteration time: 9.68s
                           Time elapsed: 0:14:27
                                    ETA: 0:35:57

################################################################################
[1m                           Learning iteration 86/300                            [0m 

                               Run name: chase_v5_2048
                            Total steps: 4276224 
                       Steps per second: 5088 
                        Collection time: 9.430s 
                          Learning time: 0.230s 
                        Mean value loss: 0.2304
                    Mean surrogate loss: -0.0032
                      Mean entropy loss: 1.9421
                            Mean reward: 10.88
                    Mean episode length: 233.68
                        Mean action std: 0.48
               Mean episode goals_total: 9.0000
         Mean episode mean_dist_to_ball: 2.2541
         Mean episode goal_per_1k_steps: 0.0000
--------------------------------------------------------------------------------
                         Iteration time: 9.66s
                           Time elapsed: 0:14:36
                                    ETA: 0:35:46

################################################################################
[1m                           Learning iteration 87/300                            [0m 

                               Run name: chase_v5_2048
                            Total steps: 4325376 
                       Steps per second: 5089 
                        Collection time: 9.431s 
                          Learning time: 0.227s 
                        Mean value loss: 0.3558
                    Mean surrogate loss: -0.0026
                      Mean entropy loss: 1.9354
                            Mean reward: 11.49
                    Mean episode length: 235.71
                        Mean action std: 0.48
               Mean episode goals_total: 9.0000
         Mean episode mean_dist_to_ball: 2.2220
         Mean episode goal_per_1k_steps: 0.0000
--------------------------------------------------------------------------------
                         Iteration time: 9.66s
                           Time elapsed: 0:14:46
                                    ETA: 0:35:35

################################################################################
[1m                           Learning iteration 88/300                            [0m 

                               Run name: chase_v5_2048
                            Total steps: 4374528 
                       Steps per second: 5094 
                        Collection time: 9.418s 
                          Learning time: 0.230s 
                        Mean value loss: 0.4387
                    Mean surrogate loss: -0.0040
                      Mean entropy loss: 1.9355
                            Mean reward: 11.12
                    Mean episode length: 234.96
                        Mean action std: 0.48
               Mean episode goals_total: 9.0000
         Mean episode mean_dist_to_ball: 2.2047
         Mean episode goal_per_1k_steps: 0.0203
--------------------------------------------------------------------------------
                         Iteration time: 9.65s
                           Time elapsed: 0:14:55
                                    ETA: 0:35:24

################################################################################
[1m                           Learning iteration 89/300                            [0m 

                               Run name: chase_v5_2048
                            Total steps: 4423680 
                       Steps per second: 5075 
                        Collection time: 9.455s 
                          Learning time: 0.230s 
                        Mean value loss: 0.3028
                    Mean surrogate loss: -0.0041
                      Mean entropy loss: 1.9363
                            Mean reward: 11.37
                    Mean episode length: 237.57
                        Mean action std: 0.48
               Mean episode goals_total: 9.0000
         Mean episode mean_dist_to_ball: 2.1844
         Mean episode goal_per_1k_steps: 0.0203
--------------------------------------------------------------------------------
                         Iteration time: 9.68s
                           Time elapsed: 0:15:05
                                    ETA: 0:35:13

################################################################################
[1m                           Learning iteration 90/300                            [0m 

                               Run name: chase_v5_2048
                            Total steps: 4472832 
                       Steps per second: 5098 
                        Collection time: 9.411s 
                          Learning time: 0.229s 
                        Mean value loss: 0.2366
                    Mean surrogate loss: -0.0036
                      Mean entropy loss: 1.9108
                            Mean reward: 11.44
                    Mean episode length: 236.75
                        Mean action std: 0.47
               Mean episode goals_total: 9.0000
         Mean episode mean_dist_to_ball: 2.1958
         Mean episode goal_per_1k_steps: 0.0407
--------------------------------------------------------------------------------
                         Iteration time: 9.64s
                           Time elapsed: 0:15:15
                                    ETA: 0:35:02

################################################################################
[1m                           Learning iteration 91/300                            [0m 

                               Run name: chase_v5_2048
                            Total steps: 4521984 
                       Steps per second: 5091 
                        Collection time: 9.425s 
                          Learning time: 0.229s 
                        Mean value loss: 0.2482
                    Mean surrogate loss: -0.0031
                      Mean entropy loss: 1.8574
                            Mean reward: 11.68
                    Mean episode length: 237.02
                        Mean action std: 0.47
               Mean episode goals_total: 9.0000
         Mean episode mean_dist_to_ball: 2.1810
         Mean episode goal_per_1k_steps: 0.0203
--------------------------------------------------------------------------------
                         Iteration time: 9.65s
                           Time elapsed: 0:15:24
                                    ETA: 0:34:51

################################################################################
[1m                           Learning iteration 92/300                            [0m 

                               Run name: chase_v5_2048
                            Total steps: 4571136 
                       Steps per second: 5102 
                        Collection time: 9.407s 
                          Learning time: 0.227s 
                        Mean value loss: 0.5741
                    Mean surrogate loss: -0.0037
                      Mean entropy loss: 1.8366
                            Mean reward: 10.14
                    Mean episode length: 228.50
                        Mean action std: 0.46
               Mean episode goals_total: 9.0000
         Mean episode mean_dist_to_ball: 2.1529
         Mean episode goal_per_1k_steps: 0.0000
--------------------------------------------------------------------------------
                         Iteration time: 9.63s
                           Time elapsed: 0:15:34
                                    ETA: 0:34:40

################################################################################
[1m                           Learning iteration 93/300                            [0m 

                               Run name: chase_v5_2048
                            Total steps: 4620288 
                       Steps per second: 5092 
                        Collection time: 9.422s 
                          Learning time: 0.229s 
                        Mean value loss: 0.4803
                    Mean surrogate loss: -0.0033
                      Mean entropy loss: 1.8451
                            Mean reward: 10.62
                    Mean episode length: 234.17
                        Mean action std: 0.47
               Mean episode goals_total: 9.0000
         Mean episode mean_dist_to_ball: 2.1011
         Mean episode goal_per_1k_steps: 0.0000
--------------------------------------------------------------------------------
                         Iteration time: 9.65s
                           Time elapsed: 0:15:44
                                    ETA: 0:34:29

################################################################################
[1m                           Learning iteration 94/300                            [0m 

                               Run name: chase_v5_2048
                            Total steps: 4669440 
                       Steps per second: 5112 
                        Collection time: 9.388s 
                          Learning time: 0.227s 
                        Mean value loss: 0.2316
                    Mean surrogate loss: -0.0019
                      Mean entropy loss: 1.8329
                            Mean reward: 11.58
                    Mean episode length: 239.87
                        Mean action std: 0.46
               Mean episode goals_total: 9.0000
         Mean episode mean_dist_to_ball: 2.0751
         Mean episode goal_per_1k_steps: 0.0000
--------------------------------------------------------------------------------
                         Iteration time: 9.61s
                           Time elapsed: 0:15:53
                                    ETA: 0:34:18

################################################################################
[1m                           Learning iteration 95/300                            [0m 

                               Run name: chase_v5_2048
                            Total steps: 4718592 
                       Steps per second: 5109 
                        Collection time: 9.390s 
                          Learning time: 0.229s 
                        Mean value loss: 0.2024
                    Mean surrogate loss: -0.0043
                      Mean entropy loss: 1.8270
                            Mean reward: 11.44
                    Mean episode length: 234.45
                        Mean action std: 0.46
               Mean episode goals_total: 9.0000
         Mean episode mean_dist_to_ball: 2.0709
         Mean episode goal_per_1k_steps: 0.0000
--------------------------------------------------------------------------------
                         Iteration time: 9.62s
                           Time elapsed: 0:16:03
                                    ETA: 0:34:07

################################################################################
[1m                           Learning iteration 96/300                            [0m 

                               Run name: chase_v5_2048
                            Total steps: 4767744 
                       Steps per second: 5101 
                        Collection time: 9.406s 
                          Learning time: 0.229s 
                        Mean value loss: 0.2326
                    Mean surrogate loss: -0.0032
                      Mean entropy loss: 1.8038
                            Mean reward: 11.99
                    Mean episode length: 236.12
                        Mean action std: 0.46
               Mean episode goals_total: 9.0000
         Mean episode mean_dist_to_ball: 2.0526
         Mean episode goal_per_1k_steps: 0.0000
--------------------------------------------------------------------------------
                         Iteration time: 9.64s
                           Time elapsed: 0:16:13
                                    ETA: 0:33:56

################################################################################
[1m                           Learning iteration 97/300                            [0m 

                               Run name: chase_v5_2048
                            Total steps: 4816896 
                       Steps per second: 5104 
                        Collection time: 9.400s 
                          Learning time: 0.229s 
                        Mean value loss: 0.4078
                    Mean surrogate loss: -0.0030
                      Mean entropy loss: 1.8162
                            Mean reward: 11.83
                    Mean episode length: 240.69
                        Mean action std: 0.46
               Mean episode goals_total: 9.0000
         Mean episode mean_dist_to_ball: 2.0391
         Mean episode goal_per_1k_steps: 0.0000
--------------------------------------------------------------------------------
                         Iteration time: 9.63s
                           Time elapsed: 0:16:22
                                    ETA: 0:33:45

################################################################################
[1m                           Learning iteration 98/300                            [0m 

                               Run name: chase_v5_2048
                            Total steps: 4866048 
                       Steps per second: 5115 
                        Collection time: 9.382s 
                          Learning time: 0.227s 
                        Mean value loss: 0.1502
                    Mean surrogate loss: -0.0029
                      Mean entropy loss: 1.7882
                            Mean reward: 11.21
                    Mean episode length: 234.31
                        Mean action std: 0.46
               Mean episode goals_total: 9.0000
         Mean episode mean_dist_to_ball: 2.0584
         Mean episode goal_per_1k_steps: 0.0203
--------------------------------------------------------------------------------
                         Iteration time: 9.61s
                           Time elapsed: 0:16:32
                                    ETA: 0:33:34

################################################################################
[1m                           Learning iteration 99/300                            [0m 

                               Run name: chase_v5_2048
                            Total steps: 4915200 
                       Steps per second: 5103 
                        Collection time: 9.402s 
                          Learning time: 0.229s 
                        Mean value loss: 0.2797
                    Mean surrogate loss: -0.0019
                      Mean entropy loss: 1.7963
                            Mean reward: 10.76
                    Mean episode length: 230.90
                        Mean action std: 0.46
               Mean episode goals_total: 9.0000
         Mean episode mean_dist_to_ball: 2.0694
         Mean episode goal_per_1k_steps: 0.0020
--------------------------------------------------------------------------------
                         Iteration time: 9.63s
                           Time elapsed: 0:16:41
                                    ETA: 0:33:23

################################################################################
[1m                           Learning iteration 100/300                           [0m 

                               Run name: chase_v5_2048
                            Total steps: 4964352 
                       Steps per second: 5094 
                        Collection time: 9.418s 
                          Learning time: 0.229s 
                        Mean value loss: 0.4675
                    Mean surrogate loss: -0.0032
                      Mean entropy loss: 1.7996
                            Mean reward: 9.85
                    Mean episode length: 229.81
                        Mean action std: 0.46
               Mean episode goals_total: 9.0000
         Mean episode mean_dist_to_ball: 2.0776
         Mean episode goal_per_1k_steps: 0.0285
--------------------------------------------------------------------------------
                         Iteration time: 9.65s
                           Time elapsed: 0:16:51
                                    ETA: 0:33:13

################################################################################
[1m                           Learning iteration 101/300                           [0m 

                               Run name: chase_v5_2048
                            Total steps: 5013504 
                       Steps per second: 5092 
                        Collection time: 9.425s 
                          Learning time: 0.227s 
                        Mean value loss: 0.1651
                    Mean surrogate loss: -0.0030
                      Mean entropy loss: 1.7970
                            Mean reward: 11.80
                    Mean episode length: 236.82
                        Mean action std: 0.46
               Mean episode goals_total: 9.0000
         Mean episode mean_dist_to_ball: 2.0469
         Mean episode goal_per_1k_steps: 0.0488
--------------------------------------------------------------------------------
                         Iteration time: 9.65s
                           Time elapsed: 0:17:01
                                    ETA: 0:33:02

################################################################################
[1m                           Learning iteration 102/300                           [0m 

                               Run name: chase_v5_2048
                            Total steps: 5062656 
                       Steps per second: 5091 
                        Collection time: 9.424s 
                          Learning time: 0.229s 
                        Mean value loss: 0.5366
                    Mean surrogate loss: -0.0023
                      Mean entropy loss: 1.7732
                            Mean reward: 9.96
                    Mean episode length: 234.94
                        Mean action std: 0.46
               Mean episode goals_total: 9.0000
         Mean episode mean_dist_to_ball: 2.0150
         Mean episode goal_per_1k_steps: 0.0020
--------------------------------------------------------------------------------
                         Iteration time: 9.65s
                           Time elapsed: 0:17:10
                                    ETA: 0:32:51

################################################################################
[1m                           Learning iteration 103/300                           [0m 

                               Run name: chase_v5_2048
                            Total steps: 5111808 
                       Steps per second: 5103 
                        Collection time: 9.402s 
                          Learning time: 0.229s 
                        Mean value loss: 0.1884
                    Mean surrogate loss: -0.0032
                      Mean entropy loss: 1.7629
                            Mean reward: 11.45
                    Mean episode length: 237.39
                        Mean action std: 0.46
               Mean episode goals_total: 9.0000
         Mean episode mean_dist_to_ball: 1.9689
         Mean episode goal_per_1k_steps: 0.0203
--------------------------------------------------------------------------------
                         Iteration time: 9.63s
                           Time elapsed: 0:17:20
                                    ETA: 0:32:41

################################################################################
[1m                           Learning iteration 104/300                           [0m 

                               Run name: chase_v5_2048
                            Total steps: 5160960 
                       Steps per second: 5121 
                        Collection time: 9.370s 
                          Learning time: 0.227s 
                        Mean value loss: 0.2976
                    Mean surrogate loss: -0.0035
                      Mean entropy loss: 1.7551
                            Mean reward: 11.87
                    Mean episode length: 238.65
                        Mean action std: 0.46
               Mean episode goals_total: 9.0000
         Mean episode mean_dist_to_ball: 1.9413
         Mean episode goal_per_1k_steps: 0.0020
--------------------------------------------------------------------------------
                         Iteration time: 9.60s
                           Time elapsed: 0:17:30
                                    ETA: 0:32:30

################################################################################
[1m                           Learning iteration 105/300                           [0m 

                               Run name: chase_v5_2048
                            Total steps: 5210112 
                       Steps per second: 5116 
                        Collection time: 9.376s 
                          Learning time: 0.230s 
                        Mean value loss: 0.3643
                    Mean surrogate loss: -0.0041
                      Mean entropy loss: 1.7739
                            Mean reward: 10.84
                    Mean episode length: 233.36
                        Mean action std: 0.46
               Mean episode goals_total: 9.0000
         Mean episode mean_dist_to_ball: 1.9453
         Mean episode goal_per_1k_steps: 0.0183
--------------------------------------------------------------------------------
                         Iteration time: 9.61s
                           Time elapsed: 0:17:39
                                    ETA: 0:32:19

################################################################################
[1m                           Learning iteration 106/300                           [0m 

                               Run name: chase_v5_2048
                            Total steps: 5259264 
                       Steps per second: 5114 
                        Collection time: 9.381s 
                          Learning time: 0.229s 
                        Mean value loss: 0.3202
                    Mean surrogate loss: -0.0039
                      Mean entropy loss: 1.7589
                            Mean reward: 10.90
                    Mean episode length: 238.55
                        Mean action std: 0.46
               Mean episode goals_total: 9.0000
         Mean episode mean_dist_to_ball: 1.9095
         Mean episode goal_per_1k_steps: 0.0183
--------------------------------------------------------------------------------
                         Iteration time: 9.61s
                           Time elapsed: 0:17:49
                                    ETA: 0:32:08

################################################################################
[1m                           Learning iteration 107/300                           [0m 

                               Run name: chase_v5_2048
                            Total steps: 5308416 
                       Steps per second: 5092 
                        Collection time: 9.423s 
                          Learning time: 0.229s 
                        Mean value loss: 0.5195
                    Mean surrogate loss: -0.0037
                      Mean entropy loss: 1.7441
                            Mean reward: 10.25
                    Mean episode length: 232.70
                        Mean action std: 0.46
               Mean episode goals_total: 9.0000
         Mean episode mean_dist_to_ball: 1.9253
         Mean episode goal_per_1k_steps: 0.0224
--------------------------------------------------------------------------------
                         Iteration time: 9.65s
                           Time elapsed: 0:17:59
                                    ETA: 0:31:58

################################################################################
[1m                           Learning iteration 108/300                           [0m 

                               Run name: chase_v5_2048
                            Total steps: 5357568 
                       Steps per second: 5110 
                        Collection time: 9.388s 
                          Learning time: 0.229s 
                        Mean value loss: 0.4698
                    Mean surrogate loss: -0.0025
                      Mean entropy loss: 1.7546
                            Mean reward: 10.03
                    Mean episode length: 236.65
                        Mean action std: 0.46
               Mean episode goals_total: 9.0000
         Mean episode mean_dist_to_ball: 1.9368
         Mean episode goal_per_1k_steps: 0.0549
--------------------------------------------------------------------------------
                         Iteration time: 9.62s
                           Time elapsed: 0:18:08
                                    ETA: 0:31:47

################################################################################
[1m                           Learning iteration 109/300                           [0m 

                               Run name: chase_v5_2048
                            Total steps: 5406720 
                       Steps per second: 5093 
                        Collection time: 9.421s 
                          Learning time: 0.229s 
                        Mean value loss: 0.1983
                    Mean surrogate loss: -0.0034
                      Mean entropy loss: 1.7352
                            Mean reward: 11.89
                    Mean episode length: 240.82
                        Mean action std: 0.45
               Mean episode goals_total: 9.0000
         Mean episode mean_dist_to_ball: 1.9274
         Mean episode goal_per_1k_steps: 0.0061
--------------------------------------------------------------------------------
                         Iteration time: 9.65s
                           Time elapsed: 0:18:18
                                    ETA: 0:31:37

################################################################################
[1m                           Learning iteration 110/300                           [0m 

                               Run name: chase_v5_2048
                            Total steps: 5455872 
                       Steps per second: 5115 
                        Collection time: 9.379s 
                          Learning time: 0.229s 
                        Mean value loss: 0.3766
                    Mean surrogate loss: -0.0031
                      Mean entropy loss: 1.7336
                            Mean reward: 11.68
                    Mean episode length: 237.97
                        Mean action std: 0.46
               Mean episode goals_total: 9.0000
         Mean episode mean_dist_to_ball: 1.9487
         Mean episode goal_per_1k_steps: 0.0407
--------------------------------------------------------------------------------
                         Iteration time: 9.61s
                           Time elapsed: 0:18:27
                                    ETA: 0:31:26

################################################################################
[1m                           Learning iteration 111/300                           [0m 

                               Run name: chase_v5_2048
                            Total steps: 5505024 
                       Steps per second: 5120 
                        Collection time: 9.373s 
                          Learning time: 0.227s 
                        Mean value loss: 0.1316
                    Mean surrogate loss: -0.0016
                      Mean entropy loss: 1.7385
                            Mean reward: 11.80
                    Mean episode length: 240.99
                        Mean action std: 0.46
               Mean episode goals_total: 9.0000
         Mean episode mean_dist_to_ball: 1.9308
         Mean episode goal_per_1k_steps: 0.0570
--------------------------------------------------------------------------------
                         Iteration time: 9.60s
                           Time elapsed: 0:18:37
                                    ETA: 0:31:15

################################################################################
[1m                           Learning iteration 112/300                           [0m 

                               Run name: chase_v5_2048
                            Total steps: 5554176 
                       Steps per second: 5118 
                        Collection time: 9.372s 
                          Learning time: 0.230s 
                        Mean value loss: 0.1403
                    Mean surrogate loss: -0.0017
                      Mean entropy loss: 1.7394
                            Mean reward: 12.04
                    Mean episode length: 234.82
                        Mean action std: 0.46
               Mean episode goals_total: 9.0000
         Mean episode mean_dist_to_ball: 1.9149
         Mean episode goal_per_1k_steps: 0.0448
--------------------------------------------------------------------------------
                         Iteration time: 9.60s
                           Time elapsed: 0:18:47
                                    ETA: 0:31:05

################################################################################
[1m                           Learning iteration 113/300                           [0m 

                               Run name: chase_v5_2048
                            Total steps: 5603328 
                       Steps per second: 5108 
                        Collection time: 9.391s 
                          Learning time: 0.230s 
                        Mean value loss: 0.2157
                    Mean surrogate loss: -0.0029
                      Mean entropy loss: 1.7352
                            Mean reward: 11.01
                    Mean episode length: 238.40
                        Mean action std: 0.46
               Mean episode goals_total: 9.0000
         Mean episode mean_dist_to_ball: 1.8965
         Mean episode goal_per_1k_steps: 0.0000
--------------------------------------------------------------------------------
                         Iteration time: 9.62s
                           Time elapsed: 0:18:56
                                    ETA: 0:30:54

################################################################################
[1m                           Learning iteration 114/300                           [0m 

                               Run name: chase_v5_2048
                            Total steps: 5652480 
                       Steps per second: 5112 
                        Collection time: 9.385s 
                          Learning time: 0.229s 
                        Mean value loss: 0.1919
                    Mean surrogate loss: -0.0039
                      Mean entropy loss: 1.7302
                            Mean reward: 10.31
                    Mean episode length: 230.07
                        Mean action std: 0.46
               Mean episode goals_total: 9.0000
         Mean episode mean_dist_to_ball: 1.8642
         Mean episode goal_per_1k_steps: 0.0224
--------------------------------------------------------------------------------
                         Iteration time: 9.61s
                           Time elapsed: 0:19:06
                                    ETA: 0:30:44

################################################################################
[1m                           Learning iteration 115/300                           [0m 

                               Run name: chase_v5_2048
                            Total steps: 5701632 
                       Steps per second: 5120 
                        Collection time: 9.370s 
                          Learning time: 0.229s 
                        Mean value loss: 0.2479
                    Mean surrogate loss: -0.0018
                      Mean entropy loss: 1.7298
                            Mean reward: 10.63
                    Mean episode length: 229.66
                        Mean action std: 0.46
               Mean episode goals_total: 9.0000
         Mean episode mean_dist_to_ball: 1.8420
         Mean episode goal_per_1k_steps: 0.0183
--------------------------------------------------------------------------------
                         Iteration time: 9.60s
                           Time elapsed: 0:19:15
                                    ETA: 0:30:33

################################################################################
[1m                           Learning iteration 116/300                           [0m 

                               Run name: chase_v5_2048
                            Total steps: 5750784 
                       Steps per second: 5116 
                        Collection time: 9.368s 
                          Learning time: 0.237s 
                        Mean value loss: 0.1867
                    Mean surrogate loss: -0.0032
                      Mean entropy loss: 1.7319
                            Mean reward: 11.25
                    Mean episode length: 240.29
                        Mean action std: 0.46
               Mean episode goals_total: 9.0000
         Mean episode mean_dist_to_ball: 1.8217
         Mean episode goal_per_1k_steps: 0.0203
--------------------------------------------------------------------------------
                         Iteration time: 9.61s
                           Time elapsed: 0:19:25
                                    ETA: 0:30:23

################################################################################
[1m                           Learning iteration 117/300                           [0m 

                               Run name: chase_v5_2048
                            Total steps: 5799936 
                       Steps per second: 5077 
                        Collection time: 9.454s 
                          Learning time: 0.227s 
                        Mean value loss: 0.3224
                    Mean surrogate loss: -0.0031
                      Mean entropy loss: 1.7199
                            Mean reward: 10.86
                    Mean episode length: 236.47
                        Mean action std: 0.46
               Mean episode goals_total: 9.0000
         Mean episode mean_dist_to_ball: 1.8070
         Mean episode goal_per_1k_steps: 0.0000
--------------------------------------------------------------------------------
                         Iteration time: 9.68s
                           Time elapsed: 0:19:35
                                    ETA: 0:30:12

################################################################################
[1m                           Learning iteration 118/300                           [0m 

                               Run name: chase_v5_2048
                            Total steps: 5849088 
                       Steps per second: 5125 
                        Collection time: 9.363s 
                          Learning time: 0.227s 
                        Mean value loss: 0.1985
                    Mean surrogate loss: -0.0033
                      Mean entropy loss: 1.7127
                            Mean reward: 11.69
                    Mean episode length: 238.74
                        Mean action std: 0.46
               Mean episode goals_total: 9.0000
         Mean episode mean_dist_to_ball: 1.8064
         Mean episode goal_per_1k_steps: 0.0000
--------------------------------------------------------------------------------
                         Iteration time: 9.59s
                           Time elapsed: 0:19:44
                                    ETA: 0:30:02

################################################################################
[1m                           Learning iteration 119/300                           [0m 

                               Run name: chase_v5_2048
                            Total steps: 5898240 
                       Steps per second: 5115 
                        Collection time: 9.381s 
                          Learning time: 0.227s 
                        Mean value loss: 0.1918
                    Mean surrogate loss: -0.0012
                      Mean entropy loss: 1.7068
                            Mean reward: 11.35
                    Mean episode length: 238.95
                        Mean action std: 0.46
               Mean episode goals_total: 9.0000
         Mean episode mean_dist_to_ball: 1.7980
         Mean episode goal_per_1k_steps: 0.0407
--------------------------------------------------------------------------------
                         Iteration time: 9.61s
                           Time elapsed: 0:19:54
                                    ETA: 0:29:51

################################################################################
[1m                           Learning iteration 120/300                           [0m 

                               Run name: chase_v5_2048
                            Total steps: 5947392 
                       Steps per second: 5100 
                        Collection time: 9.407s 
                          Learning time: 0.229s 
                        Mean value loss: 0.0633
                    Mean surrogate loss: -0.0021
                      Mean entropy loss: 1.7022
                            Mean reward: 11.49
                    Mean episode length: 238.23
                        Mean action std: 0.46
               Mean episode goals_total: 9.0000
         Mean episode mean_dist_to_ball: 1.7802
         Mean episode goal_per_1k_steps: 0.0102
--------------------------------------------------------------------------------
                         Iteration time: 9.64s
                           Time elapsed: 0:20:04
                                    ETA: 0:29:41

################################################################################
[1m                           Learning iteration 121/300                           [0m 

                               Run name: chase_v5_2048
                            Total steps: 5996544 
                       Steps per second: 5106 
                        Collection time: 9.395s 
                          Learning time: 0.229s 
                        Mean value loss: 0.2312
                    Mean surrogate loss: -0.0032
                      Mean entropy loss: 1.7045
                            Mean reward: 11.16
                    Mean episode length: 236.46
                        Mean action std: 0.46
               Mean episode goals_total: 9.0000
         Mean episode mean_dist_to_ball: 1.7438
         Mean episode goal_per_1k_steps: 0.0102
--------------------------------------------------------------------------------
                         Iteration time: 9.62s
                           Time elapsed: 0:20:13
                                    ETA: 0:29:30

################################################################################
[1m                           Learning iteration 122/300                           [0m 

                               Run name: chase_v5_2048
                            Total steps: 6045696 
                       Steps per second: 5102 
                        Collection time: 9.403s 
                          Learning time: 0.230s 
                        Mean value loss: 0.1437
                    Mean surrogate loss: -0.0036
                      Mean entropy loss: 1.7194
                            Mean reward: 11.64
                    Mean episode length: 236.72
                        Mean action std: 0.46
               Mean episode goals_total: 9.0000
         Mean episode mean_dist_to_ball: 1.7232
         Mean episode goal_per_1k_steps: 0.0203
--------------------------------------------------------------------------------
                         Iteration time: 9.63s
                           Time elapsed: 0:20:23
                                    ETA: 0:29:20

################################################################################
[1m                           Learning iteration 123/300                           [0m 

                               Run name: chase_v5_2048
                            Total steps: 6094848 
                       Steps per second: 5105 
                        Collection time: 9.401s 
                          Learning time: 0.227s 
                        Mean value loss: 0.2088
                    Mean surrogate loss: -0.0022
                      Mean entropy loss: 1.7348
                            Mean reward: 11.51
                    Mean episode length: 238.79
                        Mean action std: 0.46
               Mean episode goals_total: 9.0000
         Mean episode mean_dist_to_ball: 1.7031
         Mean episode goal_per_1k_steps: 0.0000
--------------------------------------------------------------------------------
                         Iteration time: 9.63s
                           Time elapsed: 0:20:32
                                    ETA: 0:29:10

################################################################################
[1m                           Learning iteration 124/300                           [0m 

                               Run name: chase_v5_2048
                            Total steps: 6144000 
                       Steps per second: 5095 
                        Collection time: 9.417s 
                          Learning time: 0.229s 
                        Mean value loss: 0.3060
                    Mean surrogate loss: -0.0030
                      Mean entropy loss: 1.7490
                            Mean reward: 11.70
                    Mean episode length: 234.83
                        Mean action std: 0.47
               Mean episode goals_total: 9.0000
         Mean episode mean_dist_to_ball: 1.6802
         Mean episode goal_per_1k_steps: 0.0203
--------------------------------------------------------------------------------
                         Iteration time: 9.65s
                           Time elapsed: 0:20:42
                                    ETA: 0:28:59

################################################################################
[1m                           Learning iteration 125/300                           [0m 

                               Run name: chase_v5_2048
                            Total steps: 6193152 
                       Steps per second: 5100 
                        Collection time: 9.407s 
                          Learning time: 0.230s 
                        Mean value loss: 0.1218
                    Mean surrogate loss: -0.0028
                      Mean entropy loss: 1.7717
                            Mean reward: 12.30
                    Mean episode length: 240.17
                        Mean action std: 0.47
               Mean episode goals_total: 9.0000
         Mean episode mean_dist_to_ball: 1.6673
         Mean episode goal_per_1k_steps: 0.0102
--------------------------------------------------------------------------------
                         Iteration time: 9.64s
                           Time elapsed: 0:20:52
                                    ETA: 0:28:49

################################################################################
[1m                           Learning iteration 126/300                           [0m 

                               Run name: chase_v5_2048
                            Total steps: 6242304 
                       Steps per second: 5101 
                        Collection time: 9.405s 
                          Learning time: 0.230s 
                        Mean value loss: 0.4007
                    Mean surrogate loss: -0.0034
                      Mean entropy loss: 1.7918
                            Mean reward: 10.80
                    Mean episode length: 235.78
                        Mean action std: 0.47
               Mean episode goals_total: 9.0000
         Mean episode mean_dist_to_ball: 1.6675
         Mean episode goal_per_1k_steps: 0.0102
--------------------------------------------------------------------------------
                         Iteration time: 9.63s
                           Time elapsed: 0:21:01
                                    ETA: 0:28:38

################################################################################
[1m                           Learning iteration 127/300                           [0m 

                               Run name: chase_v5_2048
                            Total steps: 6291456 
                       Steps per second: 5106 
                        Collection time: 9.396s 
                          Learning time: 0.229s 
                        Mean value loss: 0.1463
                    Mean surrogate loss: -0.0032
                      Mean entropy loss: 1.7994
                            Mean reward: 11.43
                    Mean episode length: 234.89
                        Mean action std: 0.47
               Mean episode goals_total: 9.0000
         Mean episode mean_dist_to_ball: 1.6927
         Mean episode goal_per_1k_steps: 0.0407
--------------------------------------------------------------------------------
                         Iteration time: 9.63s
                           Time elapsed: 0:21:11
                                    ETA: 0:28:28

################################################################################
[1m                           Learning iteration 128/300                           [0m 

                               Run name: chase_v5_2048
                            Total steps: 6340608 
                       Steps per second: 5094 
                        Collection time: 9.419s 
                          Learning time: 0.229s 
                        Mean value loss: 0.5212
                    Mean surrogate loss: 0.0001
                      Mean entropy loss: 1.7884
                            Mean reward: 10.19
                    Mean episode length: 236.45
                        Mean action std: 0.47
               Mean episode goals_total: 9.0000
         Mean episode mean_dist_to_ball: 1.6928
         Mean episode goal_per_1k_steps: 0.0000
--------------------------------------------------------------------------------
                         Iteration time: 9.65s
                           Time elapsed: 0:21:21
                                    ETA: 0:28:18

################################################################################
[1m                           Learning iteration 129/300                           [0m 

                               Run name: chase_v5_2048
                            Total steps: 6389760 
                       Steps per second: 5110 
                        Collection time: 9.389s 
                          Learning time: 0.229s 
                        Mean value loss: 0.2924
                    Mean surrogate loss: -0.0028
                      Mean entropy loss: 1.7901
                            Mean reward: 11.62
                    Mean episode length: 239.27
                        Mean action std: 0.47
               Mean episode goals_total: 9.0000
         Mean episode mean_dist_to_ball: 1.6505
         Mean episode goal_per_1k_steps: 0.0000
--------------------------------------------------------------------------------
                         Iteration time: 9.62s
                           Time elapsed: 0:21:30
                                    ETA: 0:28:07

################################################################################
[1m                           Learning iteration 130/300                           [0m 

                               Run name: chase_v5_2048
                            Total steps: 6438912 
                       Steps per second: 5117 
                        Collection time: 9.376s 
                          Learning time: 0.230s 
                        Mean value loss: 0.2560
                    Mean surrogate loss: -0.0037
                      Mean entropy loss: 1.7778
                            Mean reward: 10.97
                    Mean episode length: 234.15
                        Mean action std: 0.47
               Mean episode goals_total: 9.0000
         Mean episode mean_dist_to_ball: 1.6558
         Mean episode goal_per_1k_steps: 0.0000
--------------------------------------------------------------------------------
                         Iteration time: 9.61s
                           Time elapsed: 0:21:40
                                    ETA: 0:27:57

################################################################################
[1m                           Learning iteration 131/300                           [0m 

                               Run name: chase_v5_2048
                            Total steps: 6488064 
                       Steps per second: 5102 
                        Collection time: 9.403s 
                          Learning time: 0.229s 
                        Mean value loss: 0.2032
                    Mean surrogate loss: -0.0034
                      Mean entropy loss: 1.7776
                            Mean reward: 11.15
                    Mean episode length: 238.35
                        Mean action std: 0.47
               Mean episode goals_total: 9.0000
         Mean episode mean_dist_to_ball: 1.6077
         Mean episode goal_per_1k_steps: 0.0183
--------------------------------------------------------------------------------
                         Iteration time: 9.63s
                           Time elapsed: 0:21:50
                                    ETA: 0:27:47

################################################################################
[1m                           Learning iteration 132/300                           [0m 

                               Run name: chase_v5_2048
                            Total steps: 6537216 
                       Steps per second: 5115 
                        Collection time: 9.379s 
                          Learning time: 0.229s 
                        Mean value loss: 0.6602
                    Mean surrogate loss: -0.0031
                      Mean entropy loss: 1.7887
                            Mean reward: 10.82
                    Mean episode length: 236.92
                        Mean action std: 0.48
               Mean episode goals_total: 9.0000
         Mean episode mean_dist_to_ball: 1.5513
         Mean episode goal_per_1k_steps: 0.0020
--------------------------------------------------------------------------------
                         Iteration time: 9.61s
                           Time elapsed: 0:21:59
                                    ETA: 0:27:36

################################################################################
[1m                           Learning iteration 133/300                           [0m 

                               Run name: chase_v5_2048
                            Total steps: 6586368 
                       Steps per second: 5123 
                        Collection time: 9.364s 
                          Learning time: 0.229s 
                        Mean value loss: 0.4758
                    Mean surrogate loss: -0.0034
                      Mean entropy loss: 1.8214
                            Mean reward: 10.78
                    Mean episode length: 232.88
                        Mean action std: 0.48
               Mean episode goals_total: 9.0000
         Mean episode mean_dist_to_ball: 1.5253
         Mean episode goal_per_1k_steps: 0.0000
--------------------------------------------------------------------------------
                         Iteration time: 9.59s
                           Time elapsed: 0:22:09
                                    ETA: 0:27:26

################################################################################
[1m                           Learning iteration 134/300                           [0m 

                               Run name: chase_v5_2048
                            Total steps: 6635520 
                       Steps per second: 5128 
                        Collection time: 9.357s 
                          Learning time: 0.226s 
                        Mean value loss: 0.0969
                    Mean surrogate loss: -0.0022
                      Mean entropy loss: 1.7959
                            Mean reward: 11.59
                    Mean episode length: 237.34
                        Mean action std: 0.48
               Mean episode goals_total: 9.0000
         Mean episode mean_dist_to_ball: 1.5072
         Mean episode goal_per_1k_steps: 0.0631
--------------------------------------------------------------------------------
                         Iteration time: 9.58s
                           Time elapsed: 0:22:18
                                    ETA: 0:27:16

################################################################################
[1m                           Learning iteration 135/300                           [0m 

                               Run name: chase_v5_2048
                            Total steps: 6684672 
                       Steps per second: 5132 
                        Collection time: 9.349s 
                          Learning time: 0.227s 
                        Mean value loss: 0.1192
                    Mean surrogate loss: -0.0039
                      Mean entropy loss: 1.7903
                            Mean reward: 11.49
                    Mean episode length: 237.96
                        Mean action std: 0.48
               Mean episode goals_total: 9.0000
         Mean episode mean_dist_to_ball: 1.5455
         Mean episode goal_per_1k_steps: 0.0183
--------------------------------------------------------------------------------
                         Iteration time: 9.58s
                           Time elapsed: 0:22:28
                                    ETA: 0:27:05

################################################################################
[1m                           Learning iteration 136/300                           [0m 

                               Run name: chase_v5_2048
                            Total steps: 6733824 
                       Steps per second: 5135 
                        Collection time: 9.342s 
                          Learning time: 0.229s 
                        Mean value loss: 0.1818
                    Mean surrogate loss: -0.0032
                      Mean entropy loss: 1.7998
                            Mean reward: 11.28
                    Mean episode length: 237.40
                        Mean action std: 0.48
               Mean episode goals_total: 9.0000
         Mean episode mean_dist_to_ball: 1.5790
         Mean episode goal_per_1k_steps: 0.0000
--------------------------------------------------------------------------------
                         Iteration time: 9.57s
                           Time elapsed: 0:22:37
                                    ETA: 0:26:55

################################################################################
[1m                           Learning iteration 137/300                           [0m 

                               Run name: chase_v5_2048
                            Total steps: 6782976 
                       Steps per second: 5114 
                        Collection time: 9.380s 
                          Learning time: 0.230s 
                        Mean value loss: 0.5201
                    Mean surrogate loss: -0.0040
                      Mean entropy loss: 1.8026
                            Mean reward: 11.25
                    Mean episode length: 234.50
                        Mean action std: 0.48
               Mean episode goals_total: 9.0000
         Mean episode mean_dist_to_ball: 1.6050
         Mean episode goal_per_1k_steps: 0.0203
--------------------------------------------------------------------------------
                         Iteration time: 9.61s
                           Time elapsed: 0:22:47
                                    ETA: 0:26:45

################################################################################
[1m                           Learning iteration 138/300                           [0m 

                               Run name: chase_v5_2048
                            Total steps: 6832128 
                       Steps per second: 5106 
                        Collection time: 9.395s 
                          Learning time: 0.230s 
                        Mean value loss: 0.2973
                    Mean surrogate loss: -0.0034
                      Mean entropy loss: 1.7938
                            Mean reward: 9.77
                    Mean episode length: 229.08
                        Mean action std: 0.48
               Mean episode goals_total: 9.0000
         Mean episode mean_dist_to_ball: 1.6226
         Mean episode goal_per_1k_steps: 0.0000
--------------------------------------------------------------------------------
                         Iteration time: 9.62s
                           Time elapsed: 0:22:57
                                    ETA: 0:26:35

################################################################################
[1m                           Learning iteration 139/300                           [0m 

                               Run name: chase_v5_2048
                            Total steps: 6881280 
                       Steps per second: 5114 
                        Collection time: 9.381s 
                          Learning time: 0.229s 
                        Mean value loss: 0.1722
                    Mean surrogate loss: -0.0028
                      Mean entropy loss: 1.7866
                            Mean reward: 11.27
                    Mean episode length: 234.38
                        Mean action std: 0.48
               Mean episode goals_total: 9.0000
         Mean episode mean_dist_to_ball: 1.5851
         Mean episode goal_per_1k_steps: 0.0000
--------------------------------------------------------------------------------
                         Iteration time: 9.61s
                           Time elapsed: 0:23:06
                                    ETA: 0:26:24

################################################################################
[1m                           Learning iteration 140/300                           [0m 

                               Run name: chase_v5_2048
                            Total steps: 6930432 
                       Steps per second: 5126 
                        Collection time: 9.358s 
                          Learning time: 0.230s 
                        Mean value loss: 0.2690
                    Mean surrogate loss: -0.0035
                      Mean entropy loss: 1.7781
                            Mean reward: 11.50
                    Mean episode length: 234.38
                        Mean action std: 0.47
               Mean episode goals_total: 9.0000
         Mean episode mean_dist_to_ball: 1.6083
         Mean episode goal_per_1k_steps: 0.0000
--------------------------------------------------------------------------------
                         Iteration time: 9.59s
                           Time elapsed: 0:23:16
                                    ETA: 0:26:14

################################################################################
[1m                           Learning iteration 141/300                           [0m 

                               Run name: chase_v5_2048
                            Total steps: 6979584 
                       Steps per second: 5123 
                        Collection time: 9.363s 
                          Learning time: 0.230s 
                        Mean value loss: 0.2508
                    Mean surrogate loss: -0.0012
                      Mean entropy loss: 1.7644
                            Mean reward: 10.80
                    Mean episode length: 237.95
                        Mean action std: 0.47
               Mean episode goals_total: 9.0000
         Mean episode mean_dist_to_ball: 1.6135
         Mean episode goal_per_1k_steps: 0.0203
--------------------------------------------------------------------------------
                         Iteration time: 9.59s
                           Time elapsed: 0:23:25
                                    ETA: 0:26:04

################################################################################
[1m                           Learning iteration 142/300                           [0m 

                               Run name: chase_v5_2048
                            Total steps: 7028736 
                       Steps per second: 5045 
                        Collection time: 9.384s 
                          Learning time: 0.358s 
                        Mean value loss: 0.5101
                    Mean surrogate loss: -0.0036
                      Mean entropy loss: 1.7536
                            Mean reward: 11.56
                    Mean episode length: 239.09
                        Mean action std: 0.47
               Mean episode goals_total: 9.0000
         Mean episode mean_dist_to_ball: 1.5853
         Mean episode goal_per_1k_steps: 0.0000
--------------------------------------------------------------------------------
                         Iteration time: 9.74s
                           Time elapsed: 0:23:35
                                    ETA: 0:25:54

################################################################################
[1m                           Learning iteration 143/300                           [0m 

                               Run name: chase_v5_2048
                            Total steps: 7077888 
                       Steps per second: 5108 
                        Collection time: 9.392s 
                          Learning time: 0.229s 
                        Mean value loss: 0.3676
                    Mean surrogate loss: -0.0015
                      Mean entropy loss: 1.7659
                            Mean reward: 11.27
                    Mean episode length: 239.41
                        Mean action std: 0.48
               Mean episode goals_total: 9.0000
         Mean episode mean_dist_to_ball: 1.5535
         Mean episode goal_per_1k_steps: 0.0000
--------------------------------------------------------------------------------
                         Iteration time: 9.62s
                           Time elapsed: 0:23:45
                                    ETA: 0:25:44

################################################################################
[1m                           Learning iteration 144/300                           [0m 

                               Run name: chase_v5_2048
                            Total steps: 7127040 
                       Steps per second: 5097 
                        Collection time: 9.414s 
                          Learning time: 0.229s 
                        Mean value loss: 0.2916
                    Mean surrogate loss: -0.0029
                      Mean entropy loss: 1.7767
                            Mean reward: 11.43
                    Mean episode length: 237.21
                        Mean action std: 0.48
               Mean episode goals_total: 9.0000
         Mean episode mean_dist_to_ball: 1.5205
         Mean episode goal_per_1k_steps: 0.0203
--------------------------------------------------------------------------------
                         Iteration time: 9.64s
                           Time elapsed: 0:23:54
                                    ETA: 0:25:33

################################################################################
[1m                           Learning iteration 145/300                           [0m 

                               Run name: chase_v5_2048
                            Total steps: 7176192 
                       Steps per second: 5058 
                        Collection time: 9.485s 
                          Learning time: 0.232s 
                        Mean value loss: 0.3572
                    Mean surrogate loss: -0.0038
                      Mean entropy loss: 1.8074
                            Mean reward: 10.37
                    Mean episode length: 231.64
                        Mean action std: 0.48
               Mean episode goals_total: 9.0000
         Mean episode mean_dist_to_ball: 1.5089
         Mean episode goal_per_1k_steps: 0.0000
--------------------------------------------------------------------------------
                         Iteration time: 9.72s
                           Time elapsed: 0:24:04
                                    ETA: 0:25:23

################################################################################
[1m                           Learning iteration 146/300                           [0m 

                               Run name: chase_v5_2048
                            Total steps: 7225344 
                       Steps per second: 5108 
                        Collection time: 9.395s 
                          Learning time: 0.226s 
                        Mean value loss: 0.2862
                    Mean surrogate loss: -0.0025
                      Mean entropy loss: 1.8322
                            Mean reward: 11.13
                    Mean episode length: 234.52
                        Mean action std: 0.49
               Mean episode goals_total: 9.0000
         Mean episode mean_dist_to_ball: 1.4967
         Mean episode goal_per_1k_steps: 0.0000
--------------------------------------------------------------------------------
                         Iteration time: 9.62s
                           Time elapsed: 0:24:14
                                    ETA: 0:25:13

################################################################################
[1m                           Learning iteration 147/300                           [0m 

                               Run name: chase_v5_2048
                            Total steps: 7274496 
                       Steps per second: 5129 
                        Collection time: 9.354s 
                          Learning time: 0.229s 
                        Mean value loss: 0.8429
                    Mean surrogate loss: -0.0051
                      Mean entropy loss: 1.8742
                            Mean reward: 10.74
                    Mean episode length: 235.37
                        Mean action std: 0.49
               Mean episode goals_total: 9.0000
         Mean episode mean_dist_to_ball: 1.5152
         Mean episode goal_per_1k_steps: 0.0000
--------------------------------------------------------------------------------
                         Iteration time: 9.58s
                           Time elapsed: 0:24:23
                                    ETA: 0:25:03

################################################################################
[1m                           Learning iteration 148/300                           [0m 

                               Run name: chase_v5_2048
                            Total steps: 7323648 
                       Steps per second: 5131 
                        Collection time: 9.352s 
                          Learning time: 0.227s 
                        Mean value loss: 0.6836
                    Mean surrogate loss: -0.0041
                      Mean entropy loss: 1.9039
                            Mean reward: 11.38
                    Mean episode length: 232.58
                        Mean action std: 0.50
               Mean episode goals_total: 9.0000
         Mean episode mean_dist_to_ball: 1.5600
         Mean episode goal_per_1k_steps: 0.0000
--------------------------------------------------------------------------------
                         Iteration time: 9.58s
                           Time elapsed: 0:24:33
                                    ETA: 0:24:53

################################################################################
[1m                           Learning iteration 149/300                           [0m 

                               Run name: chase_v5_2048
                            Total steps: 7372800 
                       Steps per second: 5104 
                        Collection time: 9.401s 
                          Learning time: 0.229s 
                        Mean value loss: 0.7703
                    Mean surrogate loss: -0.0034
                      Mean entropy loss: 1.9289
                            Mean reward: 9.38
                    Mean episode length: 233.19
                        Mean action std: 0.50
               Mean episode goals_total: 9.0000
         Mean episode mean_dist_to_ball: 1.5573
         Mean episode goal_per_1k_steps: 0.0203
--------------------------------------------------------------------------------
                         Iteration time: 9.63s
                           Time elapsed: 0:24:43
                                    ETA: 0:24:43

################################################################################
[1m                           Learning iteration 150/300                           [0m 

                               Run name: chase_v5_2048
                            Total steps: 7421952 
                       Steps per second: 5100 
                        Collection time: 9.407s 
                          Learning time: 0.229s 
                        Mean value loss: 0.6390
                    Mean surrogate loss: -0.0038
                      Mean entropy loss: 1.9403
                            Mean reward: 10.47
                    Mean episode length: 230.05
                        Mean action std: 0.50
               Mean episode goals_total: 9.0000
         Mean episode mean_dist_to_ball: 1.5524
         Mean episode goal_per_1k_steps: 0.0203
--------------------------------------------------------------------------------
                         Iteration time: 9.64s
                           Time elapsed: 0:24:52
                                    ETA: 0:24:32

################################################################################
[1m                           Learning iteration 151/300                           [0m 

                               Run name: chase_v5_2048
                            Total steps: 7471104 
                       Steps per second: 5122 
                        Collection time: 9.367s 
                          Learning time: 0.229s 
                        Mean value loss: 0.3210
                    Mean surrogate loss: -0.0040
                      Mean entropy loss: 1.9335
                            Mean reward: 11.01
                    Mean episode length: 234.30
                        Mean action std: 0.50
               Mean episode goals_total: 9.0000
         Mean episode mean_dist_to_ball: 1.5344
         Mean episode goal_per_1k_steps: 0.0000
--------------------------------------------------------------------------------
                         Iteration time: 9.60s
                           Time elapsed: 0:25:02
                                    ETA: 0:24:22

################################################################################
[1m                           Learning iteration 152/300                           [0m 

                               Run name: chase_v5_2048
                            Total steps: 7520256 
                       Steps per second: 5104 
                        Collection time: 9.402s 
                          Learning time: 0.228s 
                        Mean value loss: 0.3816
                    Mean surrogate loss: -0.0036
                      Mean entropy loss: 1.9234
                            Mean reward: 11.10
                    Mean episode length: 233.65
                        Mean action std: 0.50
               Mean episode goals_total: 9.0000
         Mean episode mean_dist_to_ball: 1.5177
         Mean episode goal_per_1k_steps: 0.0000
--------------------------------------------------------------------------------
                         Iteration time: 9.63s
                           Time elapsed: 0:25:11
                                    ETA: 0:24:12

################################################################################
[1m                           Learning iteration 153/300                           [0m 

                               Run name: chase_v5_2048
                            Total steps: 7569408 
                       Steps per second: 5022 
                        Collection time: 9.559s 
                          Learning time: 0.228s 
                        Mean value loss: 0.5017
                    Mean surrogate loss: -0.0033
                      Mean entropy loss: 1.9486
                            Mean reward: 11.40
                    Mean episode length: 233.11
                        Mean action std: 0.51
               Mean episode goals_total: 9.0000
         Mean episode mean_dist_to_ball: 1.5079
         Mean episode goal_per_1k_steps: 0.0203
--------------------------------------------------------------------------------
                         Iteration time: 9.79s
                           Time elapsed: 0:25:21
                                    ETA: 0:24:02

################################################################################
[1m                           Learning iteration 154/300                           [0m 

                               Run name: chase_v5_2048
                            Total steps: 7618560 
                       Steps per second: 5079 
                        Collection time: 9.446s 
                          Learning time: 0.230s 
                        Mean value loss: 0.6933
                    Mean surrogate loss: -0.0040
                      Mean entropy loss: 1.9849
                            Mean reward: 10.04
                    Mean episode length: 231.92
                        Mean action std: 0.52
               Mean episode goals_total: 9.0000
         Mean episode mean_dist_to_ball: 1.5011
         Mean episode goal_per_1k_steps: 0.0000
--------------------------------------------------------------------------------
                         Iteration time: 9.68s
                           Time elapsed: 0:25:31
                                    ETA: 0:23:52

################################################################################
[1m                           Learning iteration 155/300                           [0m 

                               Run name: chase_v5_2048
                            Total steps: 7667712 
                       Steps per second: 5058 
                        Collection time: 9.485s 
                          Learning time: 0.232s 
                        Mean value loss: 0.4210
                    Mean surrogate loss: -0.0041
                      Mean entropy loss: 1.9989
                            Mean reward: 10.82
                    Mean episode length: 235.88
                        Mean action std: 0.52
               Mean episode goals_total: 9.0000
         Mean episode mean_dist_to_ball: 1.4877
         Mean episode goal_per_1k_steps: 0.0000
--------------------------------------------------------------------------------
                         Iteration time: 9.72s
                           Time elapsed: 0:25:41
                                    ETA: 0:23:42

################################################################################
[1m                           Learning iteration 156/300                           [0m 

                               Run name: chase_v5_2048
                            Total steps: 7716864 
                       Steps per second: 5112 
                        Collection time: 9.386s 
                          Learning time: 0.227s 
                        Mean value loss: 0.5088
                    Mean surrogate loss: -0.0042
                      Mean entropy loss: 1.9913
                            Mean reward: 11.25
                    Mean episode length: 231.87
                        Mean action std: 0.51
               Mean episode goals_total: 9.0000
         Mean episode mean_dist_to_ball: 1.4731
         Mean episode goal_per_1k_steps: 0.0000
--------------------------------------------------------------------------------
                         Iteration time: 9.61s
                           Time elapsed: 0:25:50
                                    ETA: 0:23:32

################################################################################
[1m                           Learning iteration 157/300                           [0m 

                               Run name: chase_v5_2048
                            Total steps: 7766016 
                       Steps per second: 5118 
                        Collection time: 9.373s 
                          Learning time: 0.229s 
                        Mean value loss: 0.2947
                    Mean surrogate loss: -0.0033
                      Mean entropy loss: 1.9857
                            Mean reward: 10.92
                    Mean episode length: 236.91
                        Mean action std: 0.52
               Mean episode goals_total: 9.0000
         Mean episode mean_dist_to_ball: 1.4882
         Mean episode goal_per_1k_steps: 0.0000
--------------------------------------------------------------------------------
                         Iteration time: 9.60s
                           Time elapsed: 0:26:00
                                    ETA: 0:23:22

################################################################################
[1m                           Learning iteration 158/300                           [0m 

                               Run name: chase_v5_2048
                            Total steps: 7815168 
                       Steps per second: 5067 
                        Collection time: 9.470s 
                          Learning time: 0.229s 
                        Mean value loss: 0.5080
                    Mean surrogate loss: -0.0030
                      Mean entropy loss: 1.9904
                            Mean reward: 10.72
                    Mean episode length: 230.29
                        Mean action std: 0.52
               Mean episode goals_total: 9.0000
         Mean episode mean_dist_to_ball: 1.5039
         Mean episode goal_per_1k_steps: 0.0000
--------------------------------------------------------------------------------
                         Iteration time: 9.70s
                           Time elapsed: 0:26:10
                                    ETA: 0:23:12

################################################################################
[1m                           Learning iteration 159/300                           [0m 

                               Run name: chase_v5_2048
                            Total steps: 7864320 
                       Steps per second: 5124 
                        Collection time: 9.363s 
                          Learning time: 0.229s 
                        Mean value loss: 0.3498
                    Mean surrogate loss: -0.0029
                      Mean entropy loss: 1.9807
                            Mean reward: 11.87
                    Mean episode length: 236.81
                        Mean action std: 0.51
               Mean episode goals_total: 9.0000
         Mean episode mean_dist_to_ball: 1.4593
         Mean episode goal_per_1k_steps: 0.0203
--------------------------------------------------------------------------------
                         Iteration time: 9.59s
                           Time elapsed: 0:26:19
                                    ETA: 0:23:02

################################################################################
[1m                           Learning iteration 160/300                           [0m 

                               Run name: chase_v5_2048
                            Total steps: 7913472 
                       Steps per second: 5099 
                        Collection time: 9.409s 
                          Learning time: 0.229s 
                        Mean value loss: 0.8120
                    Mean surrogate loss: -0.0031
                      Mean entropy loss: 1.9717
                            Mean reward: 10.57
                    Mean episode length: 235.54
                        Mean action std: 0.51
               Mean episode goals_total: 9.0000
         Mean episode mean_dist_to_ball: 1.4717
         Mean episode goal_per_1k_steps: 0.0000
--------------------------------------------------------------------------------
                         Iteration time: 9.64s
                           Time elapsed: 0:26:29
                                    ETA: 0:22:52

################################################################################
[1m                           Learning iteration 161/300                           [0m 

                               Run name: chase_v5_2048
                            Total steps: 7962624 
                       Steps per second: 5116 
                        Collection time: 9.379s 
                          Learning time: 0.227s 
                        Mean value loss: 0.0688
                    Mean surrogate loss: -0.0010
                      Mean entropy loss: 1.9626
                            Mean reward: 11.55
                    Mean episode length: 236.68
                        Mean action std: 0.51
               Mean episode goals_total: 9.0000
         Mean episode mean_dist_to_ball: 1.4957
         Mean episode goal_per_1k_steps: 0.0203
--------------------------------------------------------------------------------
                         Iteration time: 9.61s
                           Time elapsed: 0:26:38
                                    ETA: 0:22:42

################################################################################
[1m                           Learning iteration 162/300                           [0m 

                               Run name: chase_v5_2048
                            Total steps: 8011776 
                       Steps per second: 5130 
                        Collection time: 9.351s 
                          Learning time: 0.229s 
                        Mean value loss: 0.3371
                    Mean surrogate loss: -0.0039
                      Mean entropy loss: 1.9528
                            Mean reward: 10.57
                    Mean episode length: 233.36
                        Mean action std: 0.51
               Mean episode goals_total: 9.0000
         Mean episode mean_dist_to_ball: 1.5226
         Mean episode goal_per_1k_steps: 0.0407
--------------------------------------------------------------------------------
                         Iteration time: 9.58s
                           Time elapsed: 0:26:48
                                    ETA: 0:22:31

################################################################################
[1m                           Learning iteration 163/300                           [0m 

                               Run name: chase_v5_2048
                            Total steps: 8060928 
                       Steps per second: 5121 
                        Collection time: 9.367s 
                          Learning time: 0.230s 
                        Mean value loss: 0.4269
                    Mean surrogate loss: -0.0030
                      Mean entropy loss: 1.9932
                            Mean reward: 10.77
                    Mean episode length: 231.16
                        Mean action std: 0.52
               Mean episode goals_total: 9.0000
         Mean episode mean_dist_to_ball: 1.5110
         Mean episode goal_per_1k_steps: 0.0000
--------------------------------------------------------------------------------
                         Iteration time: 9.60s
                           Time elapsed: 0:26:58
                                    ETA: 0:22:21

################################################################################
[1m                           Learning iteration 164/300                           [0m 

                               Run name: chase_v5_2048
                            Total steps: 8110080 
                       Steps per second: 5120 
                        Collection time: 9.369s 
                          Learning time: 0.230s 
                        Mean value loss: 0.2185
                    Mean surrogate loss: -0.0030
                      Mean entropy loss: 2.0040
                            Mean reward: 11.88
                    Mean episode length: 236.52
                        Mean action std: 0.52
               Mean episode goals_total: 9.0000
         Mean episode mean_dist_to_ball: 1.5057
         Mean episode goal_per_1k_steps: 0.0000
--------------------------------------------------------------------------------
                         Iteration time: 9.60s
                           Time elapsed: 0:27:07
                                    ETA: 0:22:11

################################################################################
[1m                           Learning iteration 165/300                           [0m 

                               Run name: chase_v5_2048
                            Total steps: 8159232 
                       Steps per second: 5127 
                        Collection time: 9.356s 
                          Learning time: 0.230s 
                        Mean value loss: 0.3283
                    Mean surrogate loss: -0.0026
                      Mean entropy loss: 1.9928
                            Mean reward: 11.29
                    Mean episode length: 237.26
                        Mean action std: 0.52
               Mean episode goals_total: 9.0000
         Mean episode mean_dist_to_ball: 1.5134
         Mean episode goal_per_1k_steps: 0.0000
--------------------------------------------------------------------------------
                         Iteration time: 9.59s
                           Time elapsed: 0:27:17
                                    ETA: 0:22:01

################################################################################
[1m                           Learning iteration 166/300                           [0m 

                               Run name: chase_v5_2048
                            Total steps: 8208384 
                       Steps per second: 5118 
                        Collection time: 9.376s 
                          Learning time: 0.228s 
                        Mean value loss: 0.3499
                    Mean surrogate loss: -0.0023
                      Mean entropy loss: 1.9856
                            Mean reward: 10.76
                    Mean episode length: 232.84
                        Mean action std: 0.52
               Mean episode goals_total: 9.0000
         Mean episode mean_dist_to_ball: 1.5075
         Mean episode goal_per_1k_steps: 0.0000
--------------------------------------------------------------------------------
                         Iteration time: 9.60s
                           Time elapsed: 0:27:26
                                    ETA: 0:21:51

################################################################################
[1m                           Learning iteration 167/300                           [0m 

                               Run name: chase_v5_2048
                            Total steps: 8257536 
                       Steps per second: 5118 
                        Collection time: 9.375s 
                          Learning time: 0.228s 
                        Mean value loss: 0.1408
                    Mean surrogate loss: -0.0038
                      Mean entropy loss: 1.9919
                            Mean reward: 11.17
                    Mean episode length: 234.64
                        Mean action std: 0.52
               Mean episode goals_total: 9.0000
         Mean episode mean_dist_to_ball: 1.4911
         Mean episode goal_per_1k_steps: 0.0000
--------------------------------------------------------------------------------
                         Iteration time: 9.60s
                           Time elapsed: 0:27:36
                                    ETA: 0:21:41

################################################################################
[1m                           Learning iteration 168/300                           [0m 

                               Run name: chase_v5_2048
                            Total steps: 8306688 
                       Steps per second: 5120 
                        Collection time: 9.372s 
                          Learning time: 0.228s 
                        Mean value loss: 0.3333
                    Mean surrogate loss: -0.0035
                      Mean entropy loss: 1.9955
                            Mean reward: 11.33
                    Mean episode length: 234.22
                        Mean action std: 0.52
               Mean episode goals_total: 9.0000
         Mean episode mean_dist_to_ball: 1.5143
         Mean episode goal_per_1k_steps: 0.0203
--------------------------------------------------------------------------------
                         Iteration time: 9.60s
                           Time elapsed: 0:27:46
                                    ETA: 0:21:31

################################################################################
[1m                           Learning iteration 169/300                           [0m 

                               Run name: chase_v5_2048
                            Total steps: 8355840 
                       Steps per second: 5130 
                        Collection time: 9.351s 
                          Learning time: 0.230s 
                        Mean value loss: 0.2488
                    Mean surrogate loss: -0.0016
                      Mean entropy loss: 2.0013
                            Mean reward: 11.11
                    Mean episode length: 235.36
                        Mean action std: 0.52
               Mean episode goals_total: 9.0000
         Mean episode mean_dist_to_ball: 1.4985
         Mean episode goal_per_1k_steps: 0.0000
--------------------------------------------------------------------------------
                         Iteration time: 9.58s
                           Time elapsed: 0:27:55
                                    ETA: 0:21:21

################################################################################
[1m                           Learning iteration 170/300                           [0m 

                               Run name: chase_v5_2048
                            Total steps: 8404992 
                       Steps per second: 5111 
                        Collection time: 9.386s 
                          Learning time: 0.230s 
                        Mean value loss: 0.2239
                    Mean surrogate loss: -0.0022
                      Mean entropy loss: 2.0073
                            Mean reward: 11.87
                    Mean episode length: 236.75
                        Mean action std: 0.52
               Mean episode goals_total: 9.0000
         Mean episode mean_dist_to_ball: 1.5065
         Mean episode goal_per_1k_steps: 0.0102
--------------------------------------------------------------------------------
                         Iteration time: 9.62s
                           Time elapsed: 0:28:05
                                    ETA: 0:21:11

################################################################################
[1m                           Learning iteration 171/300                           [0m 

                               Run name: chase_v5_2048
                            Total steps: 8454144 
                       Steps per second: 5113 
                        Collection time: 9.383s 
                          Learning time: 0.229s 
                        Mean value loss: 0.2840
                    Mean surrogate loss: -0.0026
                      Mean entropy loss: 2.0133
                            Mean reward: 11.11
                    Mean episode length: 237.50
                        Mean action std: 0.52
               Mean episode goals_total: 9.0000
         Mean episode mean_dist_to_ball: 1.5182
         Mean episode goal_per_1k_steps: 0.0102
--------------------------------------------------------------------------------
                         Iteration time: 9.61s
                           Time elapsed: 0:28:14
                                    ETA: 0:21:01

################################################################################
[1m                           Learning iteration 172/300                           [0m 

                               Run name: chase_v5_2048
                            Total steps: 8503296 
                       Steps per second: 5123 
                        Collection time: 9.366s 
                          Learning time: 0.227s 
                        Mean value loss: 0.2189
                    Mean surrogate loss: -0.0039
                      Mean entropy loss: 2.0182
                            Mean reward: 11.57
                    Mean episode length: 238.96
                        Mean action std: 0.52
               Mean episode goals_total: 9.0000
         Mean episode mean_dist_to_ball: 1.5552
         Mean episode goal_per_1k_steps: 0.0000
--------------------------------------------------------------------------------
                         Iteration time: 9.59s
                           Time elapsed: 0:28:24
                                    ETA: 0:20:51

################################################################################
[1m                           Learning iteration 173/300                           [0m 

                               Run name: chase_v5_2048
                            Total steps: 8552448 
                       Steps per second: 5121 
                        Collection time: 9.366s 
                          Learning time: 0.230s 
                        Mean value loss: 0.2493
                    Mean surrogate loss: -0.0028
                      Mean entropy loss: 2.0118
                            Mean reward: 11.43
                    Mean episode length: 237.50
                        Mean action std: 0.52
               Mean episode goals_total: 9.0000
         Mean episode mean_dist_to_ball: 1.5768
         Mean episode goal_per_1k_steps: 0.0000
--------------------------------------------------------------------------------
                         Iteration time: 9.60s
                           Time elapsed: 0:28:34
                                    ETA: 0:20:41

################################################################################
[1m                           Learning iteration 174/300                           [0m 

                               Run name: chase_v5_2048
                            Total steps: 8601600 
                       Steps per second: 5098 
                        Collection time: 9.413s 
                          Learning time: 0.227s 
                        Mean value loss: 0.7617
                    Mean surrogate loss: -0.0031
                      Mean entropy loss: 2.0134
                            Mean reward: 10.03
                    Mean episode length: 230.47
                        Mean action std: 0.52
               Mean episode goals_total: 9.0000
         Mean episode mean_dist_to_ball: 1.5887
         Mean episode goal_per_1k_steps: 0.0203
--------------------------------------------------------------------------------
                         Iteration time: 9.64s
                           Time elapsed: 0:28:43
                                    ETA: 0:20:31

################################################################################
[1m                           Learning iteration 175/300                           [0m 

                               Run name: chase_v5_2048
                            Total steps: 8650752 
                       Steps per second: 5106 
                        Collection time: 9.395s 
                          Learning time: 0.230s 
                        Mean value loss: 0.5756
                    Mean surrogate loss: -0.0038
                      Mean entropy loss: 2.0320
                            Mean reward: 9.92
                    Mean episode length: 228.83
                        Mean action std: 0.53
               Mean episode goals_total: 9.0000
         Mean episode mean_dist_to_ball: 1.5697
         Mean episode goal_per_1k_steps: 0.0000
--------------------------------------------------------------------------------
                         Iteration time: 9.62s
                           Time elapsed: 0:28:53
                                    ETA: 0:20:21

################################################################################
[1m                           Learning iteration 176/300                           [0m 

                               Run name: chase_v5_2048
                            Total steps: 8699904 
                       Steps per second: 5055 
                        Collection time: 9.496s 
                          Learning time: 0.227s 
                        Mean value loss: 0.9472
                    Mean surrogate loss: -0.0043
                      Mean entropy loss: 2.0527
                            Mean reward: 9.26
                    Mean episode length: 228.48
                        Mean action std: 0.53
               Mean episode goals_total: 9.0000
         Mean episode mean_dist_to_ball: 1.5304
         Mean episode goal_per_1k_steps: 0.0203
--------------------------------------------------------------------------------
                         Iteration time: 9.72s
                           Time elapsed: 0:29:03
                                    ETA: 0:20:11

################################################################################
[1m                           Learning iteration 177/300                           [0m 

                               Run name: chase_v5_2048
                            Total steps: 8749056 
                       Steps per second: 5114 
                        Collection time: 9.380s 
                          Learning time: 0.229s 
                        Mean value loss: 0.2293
                    Mean surrogate loss: -0.0043
                      Mean entropy loss: 2.0677
                            Mean reward: 11.30
                    Mean episode length: 235.33
                        Mean action std: 0.53
               Mean episode goals_total: 9.0000
         Mean episode mean_dist_to_ball: 1.5234
         Mean episode goal_per_1k_steps: 0.0000
--------------------------------------------------------------------------------
                         Iteration time: 9.61s
                           Time elapsed: 0:29:12
                                    ETA: 0:20:01

################################################################################
[1m                           Learning iteration 178/300                           [0m 

                               Run name: chase_v5_2048
                            Total steps: 8798208 
                       Steps per second: 5118 
                        Collection time: 9.374s 
                          Learning time: 0.229s 
                        Mean value loss: 0.5501
                    Mean surrogate loss: -0.0038
                      Mean entropy loss: 2.0581
                            Mean reward: 10.48
                    Mean episode length: 234.69
                        Mean action std: 0.53
               Mean episode goals_total: 9.0000
         Mean episode mean_dist_to_ball: 1.5490
         Mean episode goal_per_1k_steps: 0.0000
--------------------------------------------------------------------------------
                         Iteration time: 9.60s
                           Time elapsed: 0:29:22
                                    ETA: 0:19:51

################################################################################
[1m                           Learning iteration 179/300                           [0m 

                               Run name: chase_v5_2048
                            Total steps: 8847360 
                       Steps per second: 5118 
                        Collection time: 9.373s 
                          Learning time: 0.229s 
                        Mean value loss: 0.2280
                    Mean surrogate loss: -0.0041
                      Mean entropy loss: 2.0459
                            Mean reward: 11.18
                    Mean episode length: 233.94
                        Mean action std: 0.53
               Mean episode goals_total: 9.0000
         Mean episode mean_dist_to_ball: 1.5459
         Mean episode goal_per_1k_steps: 0.0000
--------------------------------------------------------------------------------
                         Iteration time: 9.60s
                           Time elapsed: 0:29:31
                                    ETA: 0:19:41

################################################################################
[1m                           Learning iteration 180/300                           [0m 

                               Run name: chase_v5_2048
                            Total steps: 8896512 
                       Steps per second: 5138 
                        Collection time: 9.337s 
                          Learning time: 0.229s 
                        Mean value loss: 0.5507
                    Mean surrogate loss: -0.0042
                      Mean entropy loss: 2.0412
                            Mean reward: 10.54
                    Mean episode length: 234.47
                        Mean action std: 0.53
               Mean episode goals_total: 9.0000
         Mean episode mean_dist_to_ball: 1.5806
         Mean episode goal_per_1k_steps: 0.0000
--------------------------------------------------------------------------------
                         Iteration time: 9.57s
                           Time elapsed: 0:29:41
                                    ETA: 0:19:31

################################################################################
[1m                           Learning iteration 181/300                           [0m 

                               Run name: chase_v5_2048
                            Total steps: 8945664 
                       Steps per second: 5123 
                        Collection time: 9.367s 
                          Learning time: 0.226s 
                        Mean value loss: 0.5965
                    Mean surrogate loss: -0.0024
                      Mean entropy loss: 2.0408
                            Mean reward: 11.20
                    Mean episode length: 231.43
                        Mean action std: 0.53
               Mean episode goals_total: 9.0000
         Mean episode mean_dist_to_ball: 1.5657
         Mean episode goal_per_1k_steps: 0.0203
--------------------------------------------------------------------------------
                         Iteration time: 9.59s
                           Time elapsed: 0:29:51
                                    ETA: 0:19:21

################################################################################
[1m                           Learning iteration 182/300                           [0m 

                               Run name: chase_v5_2048
                            Total steps: 8994816 
                       Steps per second: 5133 
                        Collection time: 9.346s 
                          Learning time: 0.229s 
                        Mean value loss: 0.5562
                    Mean surrogate loss: -0.0032
                      Mean entropy loss: 2.0399
                            Mean reward: 10.14
                    Mean episode length: 227.64
                        Mean action std: 0.53
               Mean episode goals_total: 9.0000
         Mean episode mean_dist_to_ball: 1.5451
         Mean episode goal_per_1k_steps: 0.0000
--------------------------------------------------------------------------------
                         Iteration time: 9.58s
                           Time elapsed: 0:30:00
                                    ETA: 0:19:11

################################################################################
[1m                           Learning iteration 183/300                           [0m 

                               Run name: chase_v5_2048
                            Total steps: 9043968 
                       Steps per second: 5125 
                        Collection time: 9.364s 
                          Learning time: 0.227s 
                        Mean value loss: 0.1816
                    Mean surrogate loss: -0.0039
                      Mean entropy loss: 2.0360
                            Mean reward: 11.83
                    Mean episode length: 238.72
                        Mean action std: 0.53
               Mean episode goals_total: 9.0000
         Mean episode mean_dist_to_ball: 1.5377
         Mean episode goal_per_1k_steps: 0.0000
--------------------------------------------------------------------------------
                         Iteration time: 9.59s
                           Time elapsed: 0:30:10
                                    ETA: 0:19:01

################################################################################
[1m                           Learning iteration 184/300                           [0m 

                               Run name: chase_v5_2048
                            Total steps: 9093120 
                       Steps per second: 5130 
                        Collection time: 9.351s 
                          Learning time: 0.229s 
                        Mean value loss: 0.1645
                    Mean surrogate loss: -0.0016
                      Mean entropy loss: 2.0109
                            Mean reward: 11.26
                    Mean episode length: 238.97
                        Mean action std: 0.53
               Mean episode goals_total: 9.0000
         Mean episode mean_dist_to_ball: 1.5599
         Mean episode goal_per_1k_steps: 0.0000
--------------------------------------------------------------------------------
                         Iteration time: 9.58s
                           Time elapsed: 0:30:19
                                    ETA: 0:18:51

################################################################################
[1m                           Learning iteration 185/300                           [0m 

                               Run name: chase_v5_2048
                            Total steps: 9142272 
                       Steps per second: 5132 
                        Collection time: 9.349s 
                          Learning time: 0.227s 
                        Mean value loss: 0.4122
                    Mean surrogate loss: -0.0018
                      Mean entropy loss: 2.0031
                            Mean reward: 9.81
                    Mean episode length: 234.47
                        Mean action std: 0.53
               Mean episode goals_total: 9.0000
         Mean episode mean_dist_to_ball: 1.5580
         Mean episode goal_per_1k_steps: 0.0000
--------------------------------------------------------------------------------
                         Iteration time: 9.58s
                           Time elapsed: 0:30:29
                                    ETA: 0:18:41

################################################################################
[1m                           Learning iteration 186/300                           [0m 

                               Run name: chase_v5_2048
                            Total steps: 9191424 
                       Steps per second: 5121 
                        Collection time: 9.371s 
                          Learning time: 0.227s 
                        Mean value loss: 0.1592
                    Mean surrogate loss: -0.0009
                      Mean entropy loss: 2.0021
                            Mean reward: 11.16
                    Mean episode length: 239.90
                        Mean action std: 0.53
               Mean episode goals_total: 9.0000
         Mean episode mean_dist_to_ball: 1.5397
         Mean episode goal_per_1k_steps: 0.0000
--------------------------------------------------------------------------------
                         Iteration time: 9.60s
                           Time elapsed: 0:30:38
                                    ETA: 0:18:31

################################################################################
[1m                           Learning iteration 187/300                           [0m 

                               Run name: chase_v5_2048
                            Total steps: 9240576 
                       Steps per second: 5127 
                        Collection time: 9.358s 
                          Learning time: 0.229s 
                        Mean value loss: 0.2237
                    Mean surrogate loss: -0.0015
                      Mean entropy loss: 2.0034
                            Mean reward: 12.02
                    Mean episode length: 240.19
                        Mean action std: 0.53
               Mean episode goals_total: 9.0000
         Mean episode mean_dist_to_ball: 1.4913
         Mean episode goal_per_1k_steps: 0.0000
--------------------------------------------------------------------------------
                         Iteration time: 9.59s
                           Time elapsed: 0:30:48
                                    ETA: 0:18:21

################################################################################
[1m                           Learning iteration 188/300                           [0m 

                               Run name: chase_v5_2048
                            Total steps: 9289728 
                       Steps per second: 5127 
                        Collection time: 9.358s 
                          Learning time: 0.228s 
                        Mean value loss: 0.2478
                    Mean surrogate loss: -0.0012
                      Mean entropy loss: 1.9812
                            Mean reward: 11.75
                    Mean episode length: 235.34
                        Mean action std: 0.53
               Mean episode goals_total: 9.0000
         Mean episode mean_dist_to_ball: 1.5166
         Mean episode goal_per_1k_steps: 0.0000
--------------------------------------------------------------------------------
                         Iteration time: 9.59s
                           Time elapsed: 0:30:58
                                    ETA: 0:18:11

################################################################################
[1m                           Learning iteration 189/300                           [0m 

                               Run name: chase_v5_2048
                            Total steps: 9338880 
                       Steps per second: 5115 
                        Collection time: 9.379s 
                          Learning time: 0.230s 
                        Mean value loss: 0.2856
                    Mean surrogate loss: -0.0037
                      Mean entropy loss: 1.9748
                            Mean reward: 11.31
                    Mean episode length: 237.57
                        Mean action std: 0.53
               Mean episode goals_total: 9.0000
         Mean episode mean_dist_to_ball: 1.5388
         Mean episode goal_per_1k_steps: 0.0020
--------------------------------------------------------------------------------
                         Iteration time: 9.61s
                           Time elapsed: 0:31:07
                                    ETA: 0:18:01

################################################################################
[1m                           Learning iteration 190/300                           [0m 

                               Run name: chase_v5_2048
                            Total steps: 9388032 
                       Steps per second: 5139 
                        Collection time: 9.333s 
                          Learning time: 0.230s 
                        Mean value loss: 0.3940
                    Mean surrogate loss: -0.0029
                      Mean entropy loss: 1.9785
                            Mean reward: 11.69
                    Mean episode length: 237.37
                        Mean action std: 0.53
               Mean episode goals_total: 9.6250
         Mean episode mean_dist_to_ball: 1.5759
         Mean episode goal_per_1k_steps: 0.0692
--------------------------------------------------------------------------------
                         Iteration time: 9.56s
                           Time elapsed: 0:31:17
                                    ETA: 0:17:51

################################################################################
[1m                           Learning iteration 191/300                           [0m 

                               Run name: chase_v5_2048
                            Total steps: 9437184 
                       Steps per second: 5124 
                        Collection time: 9.364s 
                          Learning time: 0.227s 
                        Mean value loss: 0.4751
                    Mean surrogate loss: -0.0039
                      Mean entropy loss: 1.9834
                            Mean reward: 10.68
                    Mean episode length: 233.99
                        Mean action std: 0.53
               Mean episode goals_total: 10.7917
         Mean episode mean_dist_to_ball: 1.5717
         Mean episode goal_per_1k_steps: 0.0509
--------------------------------------------------------------------------------
                         Iteration time: 9.59s
                           Time elapsed: 0:31:26
                                    ETA: 0:17:41

################################################################################
[1m                           Learning iteration 192/300                           [0m 

                               Run name: chase_v5_2048
                            Total steps: 9486336 
                       Steps per second: 5132 
                        Collection time: 9.348s 
                          Learning time: 0.229s 
                        Mean value loss: 0.1369
                    Mean surrogate loss: -0.0008
                      Mean entropy loss: 1.9765
                            Mean reward: 10.97
                    Mean episode length: 235.47
                        Mean action std: 0.53
               Mean episode goals_total: 11.0000
         Mean episode mean_dist_to_ball: 1.5672
         Mean episode goal_per_1k_steps: 0.0000
--------------------------------------------------------------------------------
                         Iteration time: 9.58s
                           Time elapsed: 0:31:36
                                    ETA: 0:17:31

################################################################################
[1m                           Learning iteration 193/300                           [0m 

                               Run name: chase_v5_2048
                            Total steps: 9535488 
                       Steps per second: 5124 
                        Collection time: 9.363s 
                          Learning time: 0.229s 
                        Mean value loss: 0.1056
                    Mean surrogate loss: -0.0031
                      Mean entropy loss: 1.9623
                            Mean reward: 11.04
                    Mean episode length: 239.08
                        Mean action std: 0.53
               Mean episode goals_total: 11.0000
         Mean episode mean_dist_to_ball: 1.5437
         Mean episode goal_per_1k_steps: 0.0203
--------------------------------------------------------------------------------
                         Iteration time: 9.59s
                           Time elapsed: 0:31:46
                                    ETA: 0:17:21

################################################################################
[1m                           Learning iteration 194/300                           [0m 

                               Run name: chase_v5_2048
                            Total steps: 9584640 
                       Steps per second: 5139 
                        Collection time: 9.335s 
                          Learning time: 0.228s 
                        Mean value loss: 0.0616
                    Mean surrogate loss: -0.0018
                      Mean entropy loss: 1.9549
                            Mean reward: 11.99
                    Mean episode length: 241.00
                        Mean action std: 0.53
               Mean episode goals_total: 11.0000
         Mean episode mean_dist_to_ball: 1.5040
         Mean episode goal_per_1k_steps: 0.0203
--------------------------------------------------------------------------------
                         Iteration time: 9.56s
                           Time elapsed: 0:31:55
                                    ETA: 0:17:11

################################################################################
[1m                           Learning iteration 195/300                           [0m 

                               Run name: chase_v5_2048
                            Total steps: 9633792 
                       Steps per second: 5140 
                        Collection time: 9.332s 
                          Learning time: 0.230s 
                        Mean value loss: 0.1547
                    Mean surrogate loss: -0.0019
                      Mean entropy loss: 1.9419
                            Mean reward: 12.24
                    Mean episode length: 240.45
                        Mean action std: 0.53
               Mean episode goals_total: 11.0000
         Mean episode mean_dist_to_ball: 1.4515
         Mean episode goal_per_1k_steps: 0.0000
--------------------------------------------------------------------------------
                         Iteration time: 9.56s
                           Time elapsed: 0:32:05
                                    ETA: 0:17:01

################################################################################
[1m                           Learning iteration 196/300                           [0m 

                               Run name: chase_v5_2048
                            Total steps: 9682944 
                       Steps per second: 5143 
                        Collection time: 9.329s 
                          Learning time: 0.227s 
                        Mean value loss: 0.1499
                    Mean surrogate loss: -0.0021
                      Mean entropy loss: 1.9310
                            Mean reward: 11.99
                    Mean episode length: 240.90
                        Mean action std: 0.52
               Mean episode goals_total: 11.0000
         Mean episode mean_dist_to_ball: 1.4250
         Mean episode goal_per_1k_steps: 0.0000
--------------------------------------------------------------------------------
                         Iteration time: 9.56s
                           Time elapsed: 0:32:14
                                    ETA: 0:16:51

################################################################################
[1m                           Learning iteration 197/300                           [0m 

                               Run name: chase_v5_2048
                            Total steps: 9732096 
                       Steps per second: 5081 
                        Collection time: 9.442s 
                          Learning time: 0.230s 
                        Mean value loss: 0.1930
                    Mean surrogate loss: -0.0028
                      Mean entropy loss: 1.9297
                            Mean reward: 11.51
                    Mean episode length: 238.81
                        Mean action std: 0.53
               Mean episode goals_total: 11.0000
         Mean episode mean_dist_to_ball: 1.4064
         Mean episode goal_per_1k_steps: 0.0000
--------------------------------------------------------------------------------
                         Iteration time: 9.67s
                           Time elapsed: 0:32:24
                                    ETA: 0:16:41

################################################################################
[1m                           Learning iteration 198/300                           [0m 

                               Run name: chase_v5_2048
                            Total steps: 9781248 
                       Steps per second: 5136 
                        Collection time: 9.340s 
                          Learning time: 0.230s 
                        Mean value loss: 0.0295
                    Mean surrogate loss: -0.0008
                      Mean entropy loss: 1.9407
                            Mean reward: 12.34
                    Mean episode length: 241.00
                        Mean action std: 0.53
               Mean episode goals_total: 11.0000
         Mean episode mean_dist_to_ball: 1.4267
         Mean episode goal_per_1k_steps: 0.0000
--------------------------------------------------------------------------------
                         Iteration time: 9.57s
                           Time elapsed: 0:32:33
                                    ETA: 0:16:31

################################################################################
[1m                           Learning iteration 199/300                           [0m 

                               Run name: chase_v5_2048
                            Total steps: 9830400 
                       Steps per second: 5140 
                        Collection time: 9.334s 
                          Learning time: 0.229s 
                        Mean value loss: 0.0941
                    Mean surrogate loss: -0.0020
                      Mean entropy loss: 1.9346
                            Mean reward: 11.64
                    Mean episode length: 237.74
                        Mean action std: 0.53
               Mean episode goals_total: 11.0000
         Mean episode mean_dist_to_ball: 1.4261
         Mean episode goal_per_1k_steps: 0.0041
--------------------------------------------------------------------------------
                         Iteration time: 9.56s
                           Time elapsed: 0:32:43
                                    ETA: 0:16:21

################################################################################
[1m                           Learning iteration 200/300                           [0m 

                               Run name: chase_v5_2048
                            Total steps: 9879552 
                       Steps per second: 5160 
                        Collection time: 9.296s 
                          Learning time: 0.229s 
                        Mean value loss: 0.3304
                    Mean surrogate loss: -0.0038
                      Mean entropy loss: 1.9377
                            Mean reward: 10.80
                    Mean episode length: 236.67
                        Mean action std: 0.53
               Mean episode goals_total: 11.0000
         Mean episode mean_dist_to_ball: 1.4388
         Mean episode goal_per_1k_steps: 0.0366
--------------------------------------------------------------------------------
                         Iteration time: 9.52s
                           Time elapsed: 0:32:53
                                    ETA: 0:16:11

################################################################################
[1m                           Learning iteration 201/300                           [0m 

                               Run name: chase_v5_2048
                            Total steps: 9928704 
                       Steps per second: 5131 
                        Collection time: 9.350s 
                          Learning time: 0.229s 
                        Mean value loss: 0.1819
                    Mean surrogate loss: -0.0037
                      Mean entropy loss: 1.9739
                            Mean reward: 11.49
                    Mean episode length: 236.89
                        Mean action std: 0.54
               Mean episode goals_total: 11.0000
         Mean episode mean_dist_to_ball: 1.4255
         Mean episode goal_per_1k_steps: 0.0000
--------------------------------------------------------------------------------
                         Iteration time: 9.58s
                           Time elapsed: 0:33:02
                                    ETA: 0:16:01

################################################################################
[1m                           Learning iteration 202/300                           [0m 

                               Run name: chase_v5_2048
                            Total steps: 9977856 
                       Steps per second: 5113 
                        Collection time: 9.386s 
                          Learning time: 0.227s 
                        Mean value loss: 0.2417
                    Mean surrogate loss: -0.0029
                      Mean entropy loss: 1.9871
                            Mean reward: 12.38
                    Mean episode length: 236.30
                        Mean action std: 0.54
               Mean episode goals_total: 11.0000
         Mean episode mean_dist_to_ball: 1.4214
         Mean episode goal_per_1k_steps: 0.0000
--------------------------------------------------------------------------------
                         Iteration time: 9.61s
                           Time elapsed: 0:33:12
                                    ETA: 0:15:51

################################################################################
[1m                           Learning iteration 203/300                           [0m 

                               Run name: chase_v5_2048
                            Total steps: 10027008 
                       Steps per second: 5138 
                        Collection time: 9.338s 
                          Learning time: 0.226s 
                        Mean value loss: 0.0723
                    Mean surrogate loss: -0.0024
                      Mean entropy loss: 1.9970
                            Mean reward: 11.90
                    Mean episode length: 240.81
                        Mean action std: 0.54
               Mean episode goals_total: 11.0000
         Mean episode mean_dist_to_ball: 1.4263
         Mean episode goal_per_1k_steps: 0.0203
--------------------------------------------------------------------------------
                         Iteration time: 9.56s
                           Time elapsed: 0:33:21
                                    ETA: 0:15:42

################################################################################
[1m                           Learning iteration 204/300                           [0m 

                               Run name: chase_v5_2048
                            Total steps: 10076160 
                       Steps per second: 5139 
                        Collection time: 9.334s 
                          Learning time: 0.229s 
                        Mean value loss: 0.2164
                    Mean surrogate loss: -0.0027
                      Mean entropy loss: 1.9801
                            Mean reward: 11.16
                    Mean episode length: 238.70
                        Mean action std: 0.54
               Mean episode goals_total: 11.0000
         Mean episode mean_dist_to_ball: 1.4401
         Mean episode goal_per_1k_steps: 0.0203
--------------------------------------------------------------------------------
                         Iteration time: 9.56s
                           Time elapsed: 0:33:31
                                    ETA: 0:15:32

################################################################################
[1m                           Learning iteration 205/300                           [0m 

                               Run name: chase_v5_2048
                            Total steps: 10125312 
                       Steps per second: 5062 
                        Collection time: 9.360s 
                          Learning time: 0.348s 
                        Mean value loss: 0.1203
                    Mean surrogate loss: -0.0031
                      Mean entropy loss: 1.9908
                            Mean reward: 10.87
                    Mean episode length: 235.94
                        Mean action std: 0.54
               Mean episode goals_total: 11.0000
         Mean episode mean_dist_to_ball: 1.3869
         Mean episode goal_per_1k_steps: 0.0203
--------------------------------------------------------------------------------
                         Iteration time: 9.71s
                           Time elapsed: 0:33:41
                                    ETA: 0:15:22

################################################################################
[1m                           Learning iteration 206/300                           [0m 

                               Run name: chase_v5_2048
                            Total steps: 10174464 
                       Steps per second: 5034 
                        Collection time: 9.534s 
                          Learning time: 0.229s 
                        Mean value loss: 0.1690
                    Mean surrogate loss: -0.0030
                      Mean entropy loss: 1.9972
                            Mean reward: 11.49
                    Mean episode length: 236.51
                        Mean action std: 0.54
               Mean episode goals_total: 11.0000
         Mean episode mean_dist_to_ball: 1.3512
         Mean episode goal_per_1k_steps: 0.0000
--------------------------------------------------------------------------------
                         Iteration time: 9.76s
                           Time elapsed: 0:33:50
                                    ETA: 0:15:12

################################################################################
[1m                           Learning iteration 207/300                           [0m 

                               Run name: chase_v5_2048
                            Total steps: 10223616 
                       Steps per second: 5036 
                        Collection time: 9.529s 
                          Learning time: 0.230s 
                        Mean value loss: 0.0378
                    Mean surrogate loss: -0.0026
                      Mean entropy loss: 2.0045
                            Mean reward: 11.89
                    Mean episode length: 241.00
                        Mean action std: 0.54
               Mean episode goals_total: 11.0000
         Mean episode mean_dist_to_ball: 1.3349
         Mean episode goal_per_1k_steps: 0.0407
--------------------------------------------------------------------------------
                         Iteration time: 9.76s
                           Time elapsed: 0:34:00
                                    ETA: 0:15:02

################################################################################
[1m                           Learning iteration 208/300                           [0m 

                               Run name: chase_v5_2048
                            Total steps: 10272768 
                       Steps per second: 5120 
                        Collection time: 9.370s 
                          Learning time: 0.229s 
                        Mean value loss: 0.4511
                    Mean surrogate loss: -0.0043
                      Mean entropy loss: 2.0043
                            Mean reward: 10.54
                    Mean episode length: 234.38
                        Mean action std: 0.54
               Mean episode goals_total: 11.0000
         Mean episode mean_dist_to_ball: 1.3717
         Mean episode goal_per_1k_steps: 0.0000
--------------------------------------------------------------------------------
                         Iteration time: 9.60s
                           Time elapsed: 0:34:10
                                    ETA: 0:14:52

################################################################################
[1m                           Learning iteration 209/300                           [0m 

                               Run name: chase_v5_2048
                            Total steps: 10321920 
                       Steps per second: 5091 
                        Collection time: 9.424s 
                          Learning time: 0.230s 
                        Mean value loss: 0.2057
                    Mean surrogate loss: -0.0035
                      Mean entropy loss: 2.0308
                            Mean reward: 11.48
                    Mean episode length: 239.25
                        Mean action std: 0.54
               Mean episode goals_total: 11.0000
         Mean episode mean_dist_to_ball: 1.3914
         Mean episode goal_per_1k_steps: 0.0000
--------------------------------------------------------------------------------
                         Iteration time: 9.65s
                           Time elapsed: 0:34:19
                                    ETA: 0:14:42

################################################################################
[1m                           Learning iteration 210/300                           [0m 

                               Run name: chase_v5_2048
                            Total steps: 10371072 
                       Steps per second: 5134 
                        Collection time: 9.344s 
                          Learning time: 0.229s 
                        Mean value loss: 0.0549
                    Mean surrogate loss: -0.0032
                      Mean entropy loss: 2.0334
                            Mean reward: 11.84
                    Mean episode length: 239.05
                        Mean action std: 0.54
               Mean episode goals_total: 11.0000
         Mean episode mean_dist_to_ball: 1.4229
         Mean episode goal_per_1k_steps: 0.0000
--------------------------------------------------------------------------------
                         Iteration time: 9.57s
                           Time elapsed: 0:34:29
                                    ETA: 0:14:32

################################################################################
[1m                           Learning iteration 211/300                           [0m 

                               Run name: chase_v5_2048
                            Total steps: 10420224 
                       Steps per second: 5007 
                        Collection time: 9.583s 
                          Learning time: 0.232s 
                        Mean value loss: 0.1233
                    Mean surrogate loss: -0.0032
                      Mean entropy loss: 2.0172
                            Mean reward: 11.26
                    Mean episode length: 236.63
                        Mean action std: 0.54
               Mean episode goals_total: 11.0000
         Mean episode mean_dist_to_ball: 1.4403
         Mean episode goal_per_1k_steps: 0.0000
--------------------------------------------------------------------------------
                         Iteration time: 9.82s
                           Time elapsed: 0:34:39
                                    ETA: 0:14:23

################################################################################
[1m                           Learning iteration 212/300                           [0m 

                               Run name: chase_v5_2048
                            Total steps: 10469376 
                       Steps per second: 5008 
                        Collection time: 9.581s 
                          Learning time: 0.233s 
                        Mean value loss: 0.1969
                    Mean surrogate loss: -0.0028
                      Mean entropy loss: 2.0147
                            Mean reward: 11.62
                    Mean episode length: 241.00
                        Mean action std: 0.54
               Mean episode goals_total: 11.0000
         Mean episode mean_dist_to_ball: 1.4483
         Mean episode goal_per_1k_steps: 0.0610
--------------------------------------------------------------------------------
                         Iteration time: 9.81s
                           Time elapsed: 0:34:49
                                    ETA: 0:14:13

################################################################################
[1m                           Learning iteration 213/300                           [0m 

                               Run name: chase_v5_2048
                            Total steps: 10518528 
                       Steps per second: 4220 
                        Collection time: 11.417s 
                          Learning time: 0.230s 
                        Mean value loss: 0.2122
                    Mean surrogate loss: -0.0028
                      Mean entropy loss: 2.0264
                            Mean reward: 10.89
                    Mean episode length: 235.83
                        Mean action std: 0.54
               Mean episode goals_total: 11.0000
         Mean episode mean_dist_to_ball: 1.4462
         Mean episode goal_per_1k_steps: 0.0000
--------------------------------------------------------------------------------
                         Iteration time: 11.65s
                           Time elapsed: 0:35:00
                                    ETA: 0:14:04

################################################################################
[1m                           Learning iteration 214/300                           [0m 

                               Run name: chase_v5_2048
                            Total steps: 10567680 
                       Steps per second: 1804 
                        Collection time: 26.674s 
                          Learning time: 0.565s 
                        Mean value loss: 0.4094
                    Mean surrogate loss: -0.0028
                      Mean entropy loss: 2.0279
                            Mean reward: 11.17
                    Mean episode length: 235.69
                        Mean action std: 0.54
               Mean episode goals_total: 11.0000
         Mean episode mean_dist_to_ball: 1.4292
         Mean episode goal_per_1k_steps: 0.0203
--------------------------------------------------------------------------------
                         Iteration time: 27.24s
                           Time elapsed: 0:35:27
                                    ETA: 0:14:01

################################################################################
[1m                           Learning iteration 215/300                           [0m 

                               Run name: chase_v5_2048
                            Total steps: 10616832 
                       Steps per second: 4064 
                        Collection time: 11.865s 
                          Learning time: 0.230s 
                        Mean value loss: 0.3272
                    Mean surrogate loss: -0.0022
                      Mean entropy loss: 2.0275
                            Mean reward: 11.13
                    Mean episode length: 232.55
                        Mean action std: 0.54
               Mean episode goals_total: 11.0000
         Mean episode mean_dist_to_ball: 1.4021
         Mean episode goal_per_1k_steps: 0.0102
--------------------------------------------------------------------------------
                         Iteration time: 12.09s
                           Time elapsed: 0:35:40
                                    ETA: 0:13:52

################################################################################
[1m                           Learning iteration 216/300                           [0m 

                               Run name: chase_v5_2048
                            Total steps: 10665984 
                       Steps per second: 5129 
                        Collection time: 9.352s 
                          Learning time: 0.230s 
                        Mean value loss: 0.1533
                    Mean surrogate loss: -0.0033
                      Mean entropy loss: 2.0245
                            Mean reward: 11.19
                    Mean episode length: 236.89
                        Mean action std: 0.54
               Mean episode goals_total: 11.0000
         Mean episode mean_dist_to_ball: 1.4275
         Mean episode goal_per_1k_steps: 0.0102
--------------------------------------------------------------------------------
                         Iteration time: 9.58s
                           Time elapsed: 0:35:49
                                    ETA: 0:13:42

################################################################################
[1m                           Learning iteration 217/300                           [0m 

                               Run name: chase_v5_2048
                            Total steps: 10715136 
                       Steps per second: 5137 
                        Collection time: 9.339s 
                          Learning time: 0.229s 
                        Mean value loss: 0.1620
                    Mean surrogate loss: -0.0025
                      Mean entropy loss: 2.0390
                            Mean reward: 10.95
                    Mean episode length: 235.71
                        Mean action std: 0.55
               Mean episode goals_total: 11.0000
         Mean episode mean_dist_to_ball: 1.4433
         Mean episode goal_per_1k_steps: 0.0203
--------------------------------------------------------------------------------
                         Iteration time: 9.57s
                           Time elapsed: 0:35:59
                                    ETA: 0:13:32

################################################################################
[1m                           Learning iteration 218/300                           [0m 

                               Run name: chase_v5_2048
                            Total steps: 10764288 
                       Steps per second: 5118 
                        Collection time: 9.373s 
                          Learning time: 0.229s 
                        Mean value loss: 0.4906
                    Mean surrogate loss: -0.0036
                      Mean entropy loss: 2.0401
                            Mean reward: 10.36
                    Mean episode length: 233.95
                        Mean action std: 0.55
               Mean episode goals_total: 11.0000
         Mean episode mean_dist_to_ball: 1.4819
         Mean episode goal_per_1k_steps: 0.0142
--------------------------------------------------------------------------------
                         Iteration time: 9.60s
                           Time elapsed: 0:36:08
                                    ETA: 0:13:22

################################################################################
[1m                           Learning iteration 219/300                           [0m 

                               Run name: chase_v5_2048
                            Total steps: 10813440 
                       Steps per second: 5127 
                        Collection time: 9.358s 
                          Learning time: 0.229s 
                        Mean value loss: 0.1599
                    Mean surrogate loss: -0.0013
                      Mean entropy loss: 2.0416
                            Mean reward: 11.65
                    Mean episode length: 238.93
                        Mean action std: 0.55
               Mean episode goals_total: 11.0000
         Mean episode mean_dist_to_ball: 1.4940
         Mean episode goal_per_1k_steps: 0.0061
--------------------------------------------------------------------------------
                         Iteration time: 9.59s
                           Time elapsed: 0:36:18
                                    ETA: 0:13:12

################################################################################
[1m                           Learning iteration 220/300                           [0m 

                               Run name: chase_v5_2048
                            Total steps: 10862592 
                       Steps per second: 5122 
                        Collection time: 9.367s 
                          Learning time: 0.228s 
                        Mean value loss: 0.2632
                    Mean surrogate loss: -0.0031
                      Mean entropy loss: 2.0411
                            Mean reward: 10.65
                    Mean episode length: 232.60
                        Mean action std: 0.55
               Mean episode goals_total: 11.0000
         Mean episode mean_dist_to_ball: 1.5176
         Mean episode goal_per_1k_steps: 0.0000
--------------------------------------------------------------------------------
                         Iteration time: 9.59s
                           Time elapsed: 0:36:27
                                    ETA: 0:13:02

################################################################################
[1m                           Learning iteration 221/300                           [0m 

                               Run name: chase_v5_2048
                            Total steps: 10911744 
                       Steps per second: 4999 
                        Collection time: 9.601s 
                          Learning time: 0.230s 
                        Mean value loss: 0.3863
                    Mean surrogate loss: -0.0028
                      Mean entropy loss: 2.0566
                            Mean reward: 10.29
                    Mean episode length: 235.74
                        Mean action std: 0.55
               Mean episode goals_total: 11.0000
         Mean episode mean_dist_to_ball: 1.4758
         Mean episode goal_per_1k_steps: 0.0000
--------------------------------------------------------------------------------
                         Iteration time: 9.83s
                           Time elapsed: 0:36:37
                                    ETA: 0:12:52

################################################################################
[1m                           Learning iteration 222/300                           [0m 

                               Run name: chase_v5_2048
                            Total steps: 10960896 
                       Steps per second: 5004 
                        Collection time: 9.586s 
                          Learning time: 0.236s 
                        Mean value loss: 0.2098
                    Mean surrogate loss: -0.0027
                      Mean entropy loss: 2.0492
                            Mean reward: 11.20
                    Mean episode length: 239.39
                        Mean action std: 0.55
               Mean episode goals_total: 11.0000
         Mean episode mean_dist_to_ball: 1.4304
         Mean episode goal_per_1k_steps: 0.0061
--------------------------------------------------------------------------------
                         Iteration time: 9.82s
                           Time elapsed: 0:36:47
                                    ETA: 0:12:42

################################################################################
[1m                           Learning iteration 223/300                           [0m 

                               Run name: chase_v5_2048
                            Total steps: 11010048 
                       Steps per second: 2992 
                        Collection time: 15.841s 
                          Learning time: 0.584s 
                        Mean value loss: 0.5361
                    Mean surrogate loss: -0.0028
                      Mean entropy loss: 2.0409
                            Mean reward: 11.04
                    Mean episode length: 234.32
                        Mean action std: 0.55
               Mean episode goals_total: 11.0000
         Mean episode mean_dist_to_ball: 1.3898
         Mean episode goal_per_1k_steps: 0.0142
--------------------------------------------------------------------------------
                         Iteration time: 16.43s
                           Time elapsed: 0:37:04
                                    ETA: 0:12:34

################################################################################
[1m                           Learning iteration 224/300                           [0m 

                               Run name: chase_v5_2048
                            Total steps: 11059200 
                       Steps per second: 1788 
                        Collection time: 26.941s 
                          Learning time: 0.548s 
                        Mean value loss: 0.6240
                    Mean surrogate loss: -0.0031
                      Mean entropy loss: 2.0680
                            Mean reward: 10.24
                    Mean episode length: 233.57
                        Mean action std: 0.56
               Mean episode goals_total: 11.0000
         Mean episode mean_dist_to_ball: 1.3744
         Mean episode goal_per_1k_steps: 0.0000
--------------------------------------------------------------------------------
                         Iteration time: 27.49s
                           Time elapsed: 0:37:31
                                    ETA: 0:12:30

################################################################################
[1m                           Learning iteration 225/300                           [0m 

                               Run name: chase_v5_2048
                            Total steps: 11108352 
                       Steps per second: 1771 
                        Collection time: 27.325s 
                          Learning time: 0.418s 
                        Mean value loss: 0.4052
                    Mean surrogate loss: -0.0028
                      Mean entropy loss: 2.0835
                            Mean reward: 11.35
                    Mean episode length: 236.86
                        Mean action std: 0.56
               Mean episode goals_total: 11.0000
         Mean episode mean_dist_to_ball: 1.3558
         Mean episode goal_per_1k_steps: 0.0000
--------------------------------------------------------------------------------
                         Iteration time: 27.74s
                           Time elapsed: 0:37:59
                                    ETA: 0:12:26

################################################################################
[1m                           Learning iteration 226/300                           [0m 

                               Run name: chase_v5_2048
                            Total steps: 11157504 
                       Steps per second: 1767 
                        Collection time: 27.203s 
                          Learning time: 0.601s 
                        Mean value loss: 0.1434
                    Mean surrogate loss: -0.0029
                      Mean entropy loss: 2.1104
                            Mean reward: 11.39
                    Mean episode length: 237.12
                        Mean action std: 0.56
               Mean episode goals_total: 11.0000
         Mean episode mean_dist_to_ball: 1.3684
         Mean episode goal_per_1k_steps: 0.0183
--------------------------------------------------------------------------------
                         Iteration time: 27.80s
                           Time elapsed: 0:38:27
                                    ETA: 0:12:21

################################################################################
[1m                           Learning iteration 227/300                           [0m 

                               Run name: chase_v5_2048
                            Total steps: 11206656 
                       Steps per second: 1789 
                        Collection time: 27.019s 
                          Learning time: 0.447s 
                        Mean value loss: 0.2277
                    Mean surrogate loss: -0.0033
                      Mean entropy loss: 2.1075
                            Mean reward: 11.39
                    Mean episode length: 237.11
                        Mean action std: 0.56
               Mean episode goals_total: 11.0000
         Mean episode mean_dist_to_ball: 1.3726
         Mean episode goal_per_1k_steps: 0.0020
--------------------------------------------------------------------------------
                         Iteration time: 27.47s
                           Time elapsed: 0:38:54
                                    ETA: 0:12:17

################################################################################
[1m                           Learning iteration 228/300                           [0m 

                               Run name: chase_v5_2048
                            Total steps: 11255808 
                       Steps per second: 1764 
                        Collection time: 27.302s 
                          Learning time: 0.560s 
                        Mean value loss: 0.5446
                    Mean surrogate loss: -0.0034
                      Mean entropy loss: 2.1153
                            Mean reward: 11.35
                    Mean episode length: 234.20
                        Mean action std: 0.56
               Mean episode goals_total: 11.0000
         Mean episode mean_dist_to_ball: 1.4184
         Mean episode goal_per_1k_steps: 0.0203
--------------------------------------------------------------------------------
                         Iteration time: 27.86s
                           Time elapsed: 0:39:22
                                    ETA: 0:12:12

################################################################################
[1m                           Learning iteration 229/300                           [0m 

                               Run name: chase_v5_2048
                            Total steps: 11304960 
                       Steps per second: 1794 
                        Collection time: 26.847s 
                          Learning time: 0.538s 
                        Mean value loss: 0.0902
                    Mean surrogate loss: -0.0024
                      Mean entropy loss: 2.1057
                            Mean reward: 11.83
                    Mean episode length: 241.00
                        Mean action std: 0.56
               Mean episode goals_total: 11.0000
         Mean episode mean_dist_to_ball: 1.4648
         Mean episode goal_per_1k_steps: 0.0203
--------------------------------------------------------------------------------
                         Iteration time: 27.39s
                           Time elapsed: 0:39:49
                                    ETA: 0:12:07

################################################################################
[1m                           Learning iteration 230/300                           [0m 

                               Run name: chase_v5_2048
                            Total steps: 11354112 
                       Steps per second: 1768 
                        Collection time: 27.273s 
                          Learning time: 0.523s 
                        Mean value loss: 0.3804
                    Mean surrogate loss: -0.0026
                      Mean entropy loss: 2.0913
                            Mean reward: 11.17
                    Mean episode length: 234.76
                        Mean action std: 0.56
               Mean episode goals_total: 11.0000
         Mean episode mean_dist_to_ball: 1.4843
         Mean episode goal_per_1k_steps: 0.0000
--------------------------------------------------------------------------------
                         Iteration time: 27.80s
                           Time elapsed: 0:40:17
                                    ETA: 0:12:02

################################################################################
[1m                           Learning iteration 231/300                           [0m 

                               Run name: chase_v5_2048
                            Total steps: 11403264 
                       Steps per second: 1774 
                        Collection time: 27.136s 
                          Learning time: 0.561s 
                        Mean value loss: 0.0625
                    Mean surrogate loss: -0.0014
                      Mean entropy loss: 2.0912
                            Mean reward: 12.18
                    Mean episode length: 241.00
                        Mean action std: 0.56
               Mean episode goals_total: 11.0000
         Mean episode mean_dist_to_ball: 1.4601
         Mean episode goal_per_1k_steps: 0.0000
--------------------------------------------------------------------------------
                         Iteration time: 27.70s
                           Time elapsed: 0:40:45
                                    ETA: 0:11:56

################################################################################
[1m                           Learning iteration 232/300                           [0m 

                               Run name: chase_v5_2048
                            Total steps: 11452416 
                       Steps per second: 1779 
                        Collection time: 27.138s 
                          Learning time: 0.476s 
                        Mean value loss: 0.2431
                    Mean surrogate loss: -0.0030
                      Mean entropy loss: 2.0765
                            Mean reward: 11.59
                    Mean episode length: 240.03
                        Mean action std: 0.56
               Mean episode goals_total: 11.0000
         Mean episode mean_dist_to_ball: 1.4691
         Mean episode goal_per_1k_steps: 0.0061
--------------------------------------------------------------------------------
                         Iteration time: 27.61s
                           Time elapsed: 0:41:12
                                    ETA: 0:11:51

################################################################################
[1m                           Learning iteration 233/300                           [0m 

                               Run name: chase_v5_2048
                            Total steps: 11501568 
                       Steps per second: 1767 
                        Collection time: 27.254s 
                          Learning time: 0.558s 
                        Mean value loss: 0.2329
                    Mean surrogate loss: -0.0031
                      Mean entropy loss: 2.0682
                            Mean reward: 11.47
                    Mean episode length: 239.59
                        Mean action std: 0.56
               Mean episode goals_total: 11.0000
         Mean episode mean_dist_to_ball: 1.4517
         Mean episode goal_per_1k_steps: 0.0346
--------------------------------------------------------------------------------
                         Iteration time: 27.81s
                           Time elapsed: 0:41:40
                                    ETA: 0:11:45

################################################################################
[1m                           Learning iteration 234/300                           [0m 

                               Run name: chase_v5_2048
                            Total steps: 11550720 
                       Steps per second: 1771 
                        Collection time: 27.163s 
                          Learning time: 0.584s 
                        Mean value loss: 0.3883
                    Mean surrogate loss: -0.0035
                      Mean entropy loss: 2.0827
                            Mean reward: 9.97
                    Mean episode length: 229.53
                        Mean action std: 0.56
               Mean episode goals_total: 11.0000
         Mean episode mean_dist_to_ball: 1.4272
         Mean episode goal_per_1k_steps: 0.0000
--------------------------------------------------------------------------------
                         Iteration time: 27.75s
                           Time elapsed: 0:42:08
                                    ETA: 0:11:39

################################################################################
[1m                           Learning iteration 235/300                           [0m 

                               Run name: chase_v5_2048
                            Total steps: 11599872 
                       Steps per second: 1784 
                        Collection time: 27.070s 
                          Learning time: 0.470s 
                        Mean value loss: 0.2903
                    Mean surrogate loss: -0.0035
                      Mean entropy loss: 2.0790
                            Mean reward: 11.14
                    Mean episode length: 234.28
                        Mean action std: 0.56
               Mean episode goals_total: 11.0000
         Mean episode mean_dist_to_ball: 1.3421
         Mean episode goal_per_1k_steps: 0.0000
--------------------------------------------------------------------------------
                         Iteration time: 27.54s
                           Time elapsed: 0:42:35
                                    ETA: 0:11:33

################################################################################
[1m                           Learning iteration 236/300                           [0m 

                               Run name: chase_v5_2048
                            Total steps: 11649024 
                       Steps per second: 1761 
                        Collection time: 27.377s 
                          Learning time: 0.529s 
                        Mean value loss: 0.1170
                    Mean surrogate loss: -0.0032
                      Mean entropy loss: 2.0925
                            Mean reward: 11.35
                    Mean episode length: 236.40
                        Mean action std: 0.56
               Mean episode goals_total: 11.0000
         Mean episode mean_dist_to_ball: 1.3411
         Mean episode goal_per_1k_steps: 0.0183
--------------------------------------------------------------------------------
                         Iteration time: 27.91s
                           Time elapsed: 0:43:03
                                    ETA: 0:11:26

################################################################################
[1m                           Learning iteration 237/300                           [0m 

                               Run name: chase_v5_2048
                            Total steps: 11698176 
                       Steps per second: 1768 
                        Collection time: 27.283s 
                          Learning time: 0.507s 
                        Mean value loss: 0.0617
                    Mean surrogate loss: -0.0020
                      Mean entropy loss: 2.1033
                            Mean reward: 11.86
                    Mean episode length: 241.00
                        Mean action std: 0.56
               Mean episode goals_total: 11.0000
         Mean episode mean_dist_to_ball: 1.3356
         Mean episode goal_per_1k_steps: 0.0020
--------------------------------------------------------------------------------
                         Iteration time: 27.79s
                           Time elapsed: 0:43:31
                                    ETA: 0:11:20

################################################################################
[1m                           Learning iteration 238/300                           [0m 

                               Run name: chase_v5_2048
                            Total steps: 11747328 
                       Steps per second: 1779 
                        Collection time: 27.077s 
                          Learning time: 0.549s 
                        Mean value loss: 0.0982
                    Mean surrogate loss: -0.0022
                      Mean entropy loss: 2.0934
                            Mean reward: 11.87
                    Mean episode length: 238.87
                        Mean action std: 0.56
               Mean episode goals_total: 11.0000
         Mean episode mean_dist_to_ball: 1.3552
         Mean episode goal_per_1k_steps: 0.0000
--------------------------------------------------------------------------------
                         Iteration time: 27.63s
                           Time elapsed: 0:43:59
                                    ETA: 0:11:13

################################################################################
[1m                           Learning iteration 239/300                           [0m 

                               Run name: chase_v5_2048
                            Total steps: 11796480 
                       Steps per second: 1772 
                        Collection time: 27.155s 
                          Learning time: 0.574s 
                        Mean value loss: 0.1207
                    Mean surrogate loss: -0.0037
                      Mean entropy loss: 2.0912
                            Mean reward: 11.42
                    Mean episode length: 238.44
                        Mean action std: 0.56
               Mean episode goals_total: 11.0000
         Mean episode mean_dist_to_ball: 1.3699
         Mean episode goal_per_1k_steps: 0.0020
--------------------------------------------------------------------------------
                         Iteration time: 27.73s
                           Time elapsed: 0:44:27
                                    ETA: 0:11:06

################################################################################
[1m                           Learning iteration 240/300                           [0m 

                               Run name: chase_v5_2048
                            Total steps: 11845632 
                       Steps per second: 1766 
                        Collection time: 27.360s 
                          Learning time: 0.457s 
                        Mean value loss: 0.2835
                    Mean surrogate loss: -0.0034
                      Mean entropy loss: 2.0685
                            Mean reward: 11.14
                    Mean episode length: 233.10
                        Mean action std: 0.56
               Mean episode goals_total: 11.0000
         Mean episode mean_dist_to_ball: 1.3464
         Mean episode goal_per_1k_steps: 0.0387
--------------------------------------------------------------------------------
                         Iteration time: 27.82s
                           Time elapsed: 0:44:54
                                    ETA: 0:10:59

################################################################################
[1m                           Learning iteration 241/300                           [0m 

                               Run name: chase_v5_2048
                            Total steps: 11894784 
                       Steps per second: 1771 
                        Collection time: 27.137s 
                          Learning time: 0.605s 
                        Mean value loss: 0.0656
                    Mean surrogate loss: -0.0029
                      Mean entropy loss: 2.0702
                            Mean reward: 11.17
                    Mean episode length: 237.24
                        Mean action std: 0.56
               Mean episode goals_total: 11.0000
         Mean episode mean_dist_to_ball: 1.3382
         Mean episode goal_per_1k_steps: 0.0183
--------------------------------------------------------------------------------
                         Iteration time: 27.74s
                           Time elapsed: 0:45:22
                                    ETA: 0:10:52

################################################################################
[1m                           Learning iteration 242/300                           [0m 

                               Run name: chase_v5_2048
                            Total steps: 11943936 
                       Steps per second: 1795 
                        Collection time: 26.886s 
                          Learning time: 0.493s 
                        Mean value loss: 0.1530
                    Mean surrogate loss: -0.0024
                      Mean entropy loss: 2.0638
                            Mean reward: 11.34
                    Mean episode length: 234.84
                        Mean action std: 0.56
               Mean episode goals_total: 11.0000
         Mean episode mean_dist_to_ball: 1.3544
         Mean episode goal_per_1k_steps: 0.0224
--------------------------------------------------------------------------------
                         Iteration time: 27.38s
                           Time elapsed: 0:45:49
                                    ETA: 0:10:45

################################################################################
[1m                           Learning iteration 243/300                           [0m 

                               Run name: chase_v5_2048
                            Total steps: 11993088 
                       Steps per second: 1763 
                        Collection time: 27.319s 
                          Learning time: 0.559s 
                        Mean value loss: 0.1024
                    Mean surrogate loss: -0.0036
                      Mean entropy loss: 2.0676
                            Mean reward: 11.36
                    Mean episode length: 236.15
                        Mean action std: 0.56
               Mean episode goals_total: 11.0000
         Mean episode mean_dist_to_ball: 1.3529
         Mean episode goal_per_1k_steps: 0.0000
--------------------------------------------------------------------------------
                         Iteration time: 27.88s
                           Time elapsed: 0:46:17
                                    ETA: 0:10:37

################################################################################
[1m                           Learning iteration 244/300                           [0m 

                               Run name: chase_v5_2048
                            Total steps: 12042240 
                       Steps per second: 1771 
                        Collection time: 27.129s 
                          Learning time: 0.610s 
                        Mean value loss: 0.1817
                    Mean surrogate loss: -0.0032
                      Mean entropy loss: 2.0614
                            Mean reward: 11.30
                    Mean episode length: 234.28
                        Mean action std: 0.56
               Mean episode goals_total: 11.0000
         Mean episode mean_dist_to_ball: 1.3767
         Mean episode goal_per_1k_steps: 0.0203
--------------------------------------------------------------------------------
                         Iteration time: 27.74s
                           Time elapsed: 0:46:45
                                    ETA: 0:10:29

################################################################################
[1m                           Learning iteration 245/300                           [0m 

                               Run name: chase_v5_2048
                            Total steps: 12091392 
                       Steps per second: 1772 
                        Collection time: 27.193s 
                          Learning time: 0.537s 
                        Mean value loss: 0.1365
                    Mean surrogate loss: -0.0031
                      Mean entropy loss: 2.0598
                            Mean reward: 10.60
                    Mean episode length: 236.38
                        Mean action std: 0.56
               Mean episode goals_total: 11.0000
         Mean episode mean_dist_to_ball: 1.3528
         Mean episode goal_per_1k_steps: 0.0000
--------------------------------------------------------------------------------
                         Iteration time: 27.73s
                           Time elapsed: 0:47:13
                                    ETA: 0:10:21

################################################################################
[1m                           Learning iteration 246/300                           [0m 

                               Run name: chase_v5_2048
                            Total steps: 12140544 
                       Steps per second: 1790 
                        Collection time: 26.863s 
                          Learning time: 0.595s 
                        Mean value loss: 0.1317
                    Mean surrogate loss: -0.0027
                      Mean entropy loss: 2.0800
                            Mean reward: 11.30
                    Mean episode length: 236.69
                        Mean action std: 0.56
               Mean episode goals_total: 11.0000
         Mean episode mean_dist_to_ball: 1.3432
         Mean episode goal_per_1k_steps: 0.0000
--------------------------------------------------------------------------------
                         Iteration time: 27.46s
                           Time elapsed: 0:47:40
                                    ETA: 0:10:13

################################################################################
[1m                           Learning iteration 247/300                           [0m 

                               Run name: chase_v5_2048
                            Total steps: 12189696 
                       Steps per second: 1777 
                        Collection time: 27.170s 
                          Learning time: 0.483s 
                        Mean value loss: 0.2215
                    Mean surrogate loss: -0.0035
                      Mean entropy loss: 2.0941
                            Mean reward: 11.03
                    Mean episode length: 234.11
                        Mean action std: 0.56
               Mean episode goals_total: 11.0000
         Mean episode mean_dist_to_ball: 1.3248
         Mean episode goal_per_1k_steps: 0.0407
--------------------------------------------------------------------------------
                         Iteration time: 27.65s
                           Time elapsed: 0:48:08
                                    ETA: 0:10:05

################################################################################
[1m                           Learning iteration 248/300                           [0m 

                               Run name: chase_v5_2048
                            Total steps: 12238848 
                       Steps per second: 1759 
                        Collection time: 27.319s 
                          Learning time: 0.615s 
                        Mean value loss: 0.2346
                    Mean surrogate loss: -0.0037
                      Mean entropy loss: 2.1013
                            Mean reward: 10.16
                    Mean episode length: 234.47
                        Mean action std: 0.57
               Mean episode goals_total: 11.0000
         Mean episode mean_dist_to_ball: 1.3413
         Mean episode goal_per_1k_steps: 0.0000
--------------------------------------------------------------------------------
                         Iteration time: 27.93s
                           Time elapsed: 0:48:36
                                    ETA: 0:09:57

################################################################################
[1m                           Learning iteration 249/300                           [0m 

                               Run name: chase_v5_2048
                            Total steps: 12288000 
                       Steps per second: 1762 
                        Collection time: 27.335s 
                          Learning time: 0.550s 
                        Mean value loss: 0.3232
                    Mean surrogate loss: -0.0032
                      Mean entropy loss: 2.1086
                            Mean reward: 11.49
                    Mean episode length: 236.46
                        Mean action std: 0.57
               Mean episode goals_total: 11.0000
         Mean episode mean_dist_to_ball: 1.3316
         Mean episode goal_per_1k_steps: 0.0000
--------------------------------------------------------------------------------
                         Iteration time: 27.88s
                           Time elapsed: 0:49:04
                                    ETA: 0:09:48

################################################################################
[1m                           Learning iteration 250/300                           [0m 

                               Run name: chase_v5_2048
                            Total steps: 12337152 
                       Steps per second: 1770 
                        Collection time: 27.212s 
                          Learning time: 0.546s 
                        Mean value loss: 0.0978
                    Mean surrogate loss: -0.0026
                      Mean entropy loss: 2.1101
                            Mean reward: 11.29
                    Mean episode length: 237.99
                        Mean action std: 0.57
               Mean episode goals_total: 11.0000
         Mean episode mean_dist_to_ball: 1.3429
         Mean episode goal_per_1k_steps: 0.0102
--------------------------------------------------------------------------------
                         Iteration time: 27.76s
                           Time elapsed: 0:49:32
                                    ETA: 0:09:40

################################################################################
[1m                           Learning iteration 251/300                           [0m 

                               Run name: chase_v5_2048
                            Total steps: 12386304 
                       Steps per second: 1767 
                        Collection time: 27.224s 
                          Learning time: 0.591s 
                        Mean value loss: 0.1393
                    Mean surrogate loss: -0.0027
                      Mean entropy loss: 2.1172
                            Mean reward: 11.51
                    Mean episode length: 240.21
                        Mean action std: 0.57
               Mean episode goals_total: 11.0000
         Mean episode mean_dist_to_ball: 1.3539
         Mean episode goal_per_1k_steps: 0.0102
--------------------------------------------------------------------------------
                         Iteration time: 27.81s
                           Time elapsed: 0:49:59
                                    ETA: 0:09:31

################################################################################
[1m                           Learning iteration 252/300                           [0m 

                               Run name: chase_v5_2048
                            Total steps: 12435456 
                       Steps per second: 1785 
                        Collection time: 27.071s 
                          Learning time: 0.463s 
                        Mean value loss: 0.0828
                    Mean surrogate loss: -0.0029
                      Mean entropy loss: 2.1303
                            Mean reward: 11.42
                    Mean episode length: 240.03
                        Mean action std: 0.57
               Mean episode goals_total: 11.0000
         Mean episode mean_dist_to_ball: 1.3555
         Mean episode goal_per_1k_steps: 0.0203
--------------------------------------------------------------------------------
                         Iteration time: 27.53s
                           Time elapsed: 0:50:27
                                    ETA: 0:09:22

################################################################################
[1m                           Learning iteration 253/300                           [0m 

                               Run name: chase_v5_2048
                            Total steps: 12484608 
                       Steps per second: 1790 
                        Collection time: 26.907s 
                          Learning time: 0.550s 
                        Mean value loss: 0.4751
                    Mean surrogate loss: -0.0035
                      Mean entropy loss: 2.1566
                            Mean reward: 10.07
                    Mean episode length: 232.29
                        Mean action std: 0.58
               Mean episode goals_total: 11.0000
         Mean episode mean_dist_to_ball: 1.3375
         Mean episode goal_per_1k_steps: 0.0000
--------------------------------------------------------------------------------
                         Iteration time: 27.46s
                           Time elapsed: 0:50:54
                                    ETA: 0:09:13

################################################################################
[1m                           Learning iteration 254/300                           [0m 

                               Run name: chase_v5_2048
                            Total steps: 12533760 
                       Steps per second: 1775 
                        Collection time: 27.083s 
                          Learning time: 0.597s 
                        Mean value loss: 0.3902
                    Mean surrogate loss: -0.0034
                      Mean entropy loss: 2.1981
                            Mean reward: 11.14
                    Mean episode length: 237.44
                        Mean action std: 0.58
               Mean episode goals_total: 11.0000
         Mean episode mean_dist_to_ball: 1.3334
         Mean episode goal_per_1k_steps: 0.0407
--------------------------------------------------------------------------------
                         Iteration time: 27.68s
                           Time elapsed: 0:51:22
                                    ETA: 0:09:03

################################################################################
[1m                           Learning iteration 255/300                           [0m 

                               Run name: chase_v5_2048
                            Total steps: 12582912 
                       Steps per second: 1774 
                        Collection time: 27.138s 
                          Learning time: 0.563s 
                        Mean value loss: 0.2931
                    Mean surrogate loss: -0.0040
                      Mean entropy loss: 2.2019
                            Mean reward: 11.06
                    Mean episode length: 234.22
                        Mean action std: 0.58
               Mean episode goals_total: 11.0000
         Mean episode mean_dist_to_ball: 1.3094
         Mean episode goal_per_1k_steps: 0.0000
--------------------------------------------------------------------------------
                         Iteration time: 27.70s
                           Time elapsed: 0:51:50
                                    ETA: 0:08:54

################################################################################
[1m                           Learning iteration 256/300                           [0m 

                               Run name: chase_v5_2048
                            Total steps: 12632064 
                       Steps per second: 1772 
                        Collection time: 27.129s 
                          Learning time: 0.596s 
                        Mean value loss: 0.2328
                    Mean surrogate loss: -0.0037
                      Mean entropy loss: 2.2031
                            Mean reward: 10.97
                    Mean episode length: 235.48
                        Mean action std: 0.58
               Mean episode goals_total: 11.0000
         Mean episode mean_dist_to_ball: 1.3171
         Mean episode goal_per_1k_steps: 0.0183
--------------------------------------------------------------------------------
                         Iteration time: 27.72s
                           Time elapsed: 0:52:17
                                    ETA: 0:08:45

################################################################################
[1m                           Learning iteration 257/300                           [0m 

                               Run name: chase_v5_2048
                            Total steps: 12681216 
                       Steps per second: 1779 
                        Collection time: 27.135s 
                          Learning time: 0.485s 
                        Mean value loss: 0.2382
                    Mean surrogate loss: -0.0044
                      Mean entropy loss: 2.1848
                            Mean reward: 11.37
                    Mean episode length: 237.19
                        Mean action std: 0.58
               Mean episode goals_total: 11.0000
         Mean episode mean_dist_to_ball: 1.3049
         Mean episode goal_per_1k_steps: 0.0020
--------------------------------------------------------------------------------
                         Iteration time: 27.62s
                           Time elapsed: 0:52:45
                                    ETA: 0:08:35

################################################################################
[1m                           Learning iteration 258/300                           [0m 

                               Run name: chase_v5_2048
                            Total steps: 12730368 
                       Steps per second: 1762 
                        Collection time: 27.340s 
                          Learning time: 0.541s 
                        Mean value loss: 0.2556
                    Mean surrogate loss: -0.0027
                      Mean entropy loss: 2.1821
                            Mean reward: 11.35
                    Mean episode length: 236.66
                        Mean action std: 0.58
               Mean episode goals_total: 11.0000
         Mean episode mean_dist_to_ball: 1.3075
         Mean episode goal_per_1k_steps: 0.0000
--------------------------------------------------------------------------------
                         Iteration time: 27.88s
                           Time elapsed: 0:53:13
                                    ETA: 0:08:25

################################################################################
[1m                           Learning iteration 259/300                           [0m 

                               Run name: chase_v5_2048
                            Total steps: 12779520 
                       Steps per second: 1824 
                        Collection time: 26.359s 
                          Learning time: 0.587s 
                        Mean value loss: 0.4386
                    Mean surrogate loss: -0.0026
                      Mean entropy loss: 2.1780
                            Mean reward: 11.99
                    Mean episode length: 241.00
                        Mean action std: 0.58
               Mean episode goals_total: 11.0000
         Mean episode mean_dist_to_ball: 1.3057
         Mean episode goal_per_1k_steps: 0.0203
--------------------------------------------------------------------------------
                         Iteration time: 26.95s
                           Time elapsed: 0:53:40
                                    ETA: 0:08:15

################################################################################
[1m                           Learning iteration 260/300                           [0m 

                               Run name: chase_v5_2048
                            Total steps: 12828672 
                       Steps per second: 1788 
                        Collection time: 26.998s 
                          Learning time: 0.484s 
                        Mean value loss: 0.4428
                    Mean surrogate loss: -0.0036
                      Mean entropy loss: 2.1914
                            Mean reward: 11.31
                    Mean episode length: 236.33
                        Mean action std: 0.58
               Mean episode goals_total: 11.0000
         Mean episode mean_dist_to_ball: 1.3197
         Mean episode goal_per_1k_steps: 0.0000
--------------------------------------------------------------------------------
                         Iteration time: 27.48s
                           Time elapsed: 0:54:07
                                    ETA: 0:08:05

################################################################################
[1m                           Learning iteration 261/300                           [0m 

                               Run name: chase_v5_2048
                            Total steps: 12877824 
                       Steps per second: 1759 
                        Collection time: 27.343s 
                          Learning time: 0.591s 
                        Mean value loss: 0.4563
                    Mean surrogate loss: -0.0025
                      Mean entropy loss: 2.1798
                            Mean reward: 11.06
                    Mean episode length: 238.03
                        Mean action std: 0.58
               Mean episode goals_total: 11.0000
         Mean episode mean_dist_to_ball: 1.3323
         Mean episode goal_per_1k_steps: 0.0000
--------------------------------------------------------------------------------
                         Iteration time: 27.93s
                           Time elapsed: 0:54:35
                                    ETA: 0:07:55

################################################################################
[1m                           Learning iteration 262/300                           [0m 

                               Run name: chase_v5_2048
                            Total steps: 12926976 
                       Steps per second: 1760 
                        Collection time: 27.345s 
                          Learning time: 0.576s 
                        Mean value loss: 0.4528
                    Mean surrogate loss: -0.0032
                      Mean entropy loss: 2.1710
                            Mean reward: 11.62
                    Mean episode length: 235.61
                        Mean action std: 0.58
               Mean episode goals_total: 11.1250
         Mean episode mean_dist_to_ball: 1.3271
         Mean episode goal_per_1k_steps: 0.0122
--------------------------------------------------------------------------------
                         Iteration time: 27.92s
                           Time elapsed: 0:55:03
                                    ETA: 0:07:44

################################################################################
[1m                           Learning iteration 263/300                           [0m 

                               Run name: chase_v5_2048
                            Total steps: 12976128 
                       Steps per second: 1793 
                        Collection time: 26.920s 
                          Learning time: 0.490s 
                        Mean value loss: 0.3723
                    Mean surrogate loss: -0.0020
                      Mean entropy loss: 2.1690
                            Mean reward: 10.90
                    Mean episode length: 240.12
                        Mean action std: 0.58
               Mean episode goals_total: 12.0000
         Mean episode mean_dist_to_ball: 1.3242
         Mean episode goal_per_1k_steps: 0.0427
--------------------------------------------------------------------------------
                         Iteration time: 27.41s
                           Time elapsed: 0:55:31
                                    ETA: 0:07:34

################################################################################
[1m                           Learning iteration 264/300                           [0m 

                               Run name: chase_v5_2048
                            Total steps: 13025280 
                       Steps per second: 1753 
                        Collection time: 27.431s 
                          Learning time: 0.603s 
                        Mean value loss: 0.0751
                    Mean surrogate loss: -0.0022
                      Mean entropy loss: 2.1549
                            Mean reward: 11.57
                    Mean episode length: 240.20
                        Mean action std: 0.58
               Mean episode goals_total: 12.0000
         Mean episode mean_dist_to_ball: 1.3077
         Mean episode goal_per_1k_steps: 0.0061
--------------------------------------------------------------------------------
                         Iteration time: 28.03s
                           Time elapsed: 0:55:59
                                    ETA: 0:07:23

################################################################################
[1m                           Learning iteration 265/300                           [0m 

                               Run name: chase_v5_2048
                            Total steps: 13074432 
                       Steps per second: 1779 
                        Collection time: 27.038s 
                          Learning time: 0.586s 
                        Mean value loss: 0.1540
                    Mean surrogate loss: -0.0027
                      Mean entropy loss: 2.1502
                            Mean reward: 10.97
                    Mean episode length: 235.48
                        Mean action std: 0.58
               Mean episode goals_total: 12.0000
         Mean episode mean_dist_to_ball: 1.2884
         Mean episode goal_per_1k_steps: 0.0000
--------------------------------------------------------------------------------
                         Iteration time: 27.62s
                           Time elapsed: 0:56:26
                                    ETA: 0:07:12

################################################################################
[1m                           Learning iteration 266/300                           [0m 

                               Run name: chase_v5_2048
                            Total steps: 13123584 
                       Steps per second: 1766 
                        Collection time: 27.343s 
                          Learning time: 0.481s 
                        Mean value loss: 0.4253
                    Mean surrogate loss: -0.0021
                      Mean entropy loss: 2.1501
                            Mean reward: 10.89
                    Mean episode length: 235.90
                        Mean action std: 0.58
               Mean episode goals_total: 12.0000
         Mean episode mean_dist_to_ball: 1.2760
         Mean episode goal_per_1k_steps: 0.0000
--------------------------------------------------------------------------------
                         Iteration time: 27.82s
                           Time elapsed: 0:56:54
                                    ETA: 0:07:02

################################################################################
[1m                           Learning iteration 267/300                           [0m 

                               Run name: chase_v5_2048
                            Total steps: 13172736 
                       Steps per second: 1779 
                        Collection time: 27.042s 
                          Learning time: 0.574s 
                        Mean value loss: 0.5013
                    Mean surrogate loss: -0.0043
                      Mean entropy loss: 2.1659
                            Mean reward: 10.49
                    Mean episode length: 230.47
                        Mean action std: 0.59
               Mean episode goals_total: 12.0000
         Mean episode mean_dist_to_ball: 1.2416
         Mean episode goal_per_1k_steps: 0.0000
--------------------------------------------------------------------------------
                         Iteration time: 27.62s
                           Time elapsed: 0:57:22
                                    ETA: 0:06:51

################################################################################
[1m                           Learning iteration 268/300                           [0m 

                               Run name: chase_v5_2048
                            Total steps: 13221888 
                       Steps per second: 1777 
                        Collection time: 27.160s 
                          Learning time: 0.493s 
                        Mean value loss: 0.5881
                    Mean surrogate loss: -0.0037
                      Mean entropy loss: 2.1580
                            Mean reward: 10.73
                    Mean episode length: 230.34
                        Mean action std: 0.59
               Mean episode goals_total: 12.0000
         Mean episode mean_dist_to_ball: 1.2382
         Mean episode goal_per_1k_steps: 0.0000
--------------------------------------------------------------------------------
                         Iteration time: 27.65s
                           Time elapsed: 0:57:49
                                    ETA: 0:06:39

################################################################################
[1m                           Learning iteration 269/300                           [0m 

                               Run name: chase_v5_2048
                            Total steps: 13271040 
                       Steps per second: 1769 
                        Collection time: 27.209s 
                          Learning time: 0.563s 
                        Mean value loss: 0.3911
                    Mean surrogate loss: -0.0038
                      Mean entropy loss: 2.1821
                            Mean reward: 11.61
                    Mean episode length: 238.84
                        Mean action std: 0.59
               Mean episode goals_total: 12.0000
         Mean episode mean_dist_to_ball: 1.2433
         Mean episode goal_per_1k_steps: 0.0000
--------------------------------------------------------------------------------
                         Iteration time: 27.77s
                           Time elapsed: 0:58:17
                                    ETA: 0:06:28

################################################################################
[1m                           Learning iteration 270/300                           [0m 

                               Run name: chase_v5_2048
                            Total steps: 13320192 
                       Steps per second: 1781 
                        Collection time: 26.970s 
                          Learning time: 0.626s 
                        Mean value loss: 0.2935
                    Mean surrogate loss: -0.0037
                      Mean entropy loss: 2.1955
                            Mean reward: 10.43
                    Mean episode length: 231.20
                        Mean action std: 0.59
               Mean episode goals_total: 12.0000
         Mean episode mean_dist_to_ball: 1.2415
         Mean episode goal_per_1k_steps: 0.0305
--------------------------------------------------------------------------------
                         Iteration time: 27.60s
                           Time elapsed: 0:58:45
                                    ETA: 0:06:17

################################################################################
[1m                           Learning iteration 271/300                           [0m 

                               Run name: chase_v5_2048
                            Total steps: 13369344 
                       Steps per second: 1801 
                        Collection time: 26.832s 
                          Learning time: 0.448s 
                        Mean value loss: 0.3994
                    Mean surrogate loss: -0.0029
                      Mean entropy loss: 2.1970
                            Mean reward: 10.97
                    Mean episode length: 237.54
                        Mean action std: 0.59
               Mean episode goals_total: 12.0000
         Mean episode mean_dist_to_ball: 1.2440
         Mean episode goal_per_1k_steps: 0.0102
--------------------------------------------------------------------------------
                         Iteration time: 27.28s
                           Time elapsed: 0:59:12
                                    ETA: 0:06:05

################################################################################
[1m                           Learning iteration 272/300                           [0m 

                               Run name: chase_v5_2048
                            Total steps: 13418496 
                       Steps per second: 1776 
                        Collection time: 27.118s 
                          Learning time: 0.555s 
                        Mean value loss: 0.2553
                    Mean surrogate loss: -0.0030
                      Mean entropy loss: 2.2054
                            Mean reward: 11.40
                    Mean episode length: 237.56
                        Mean action std: 0.59
               Mean episode goals_total: 12.0000
         Mean episode mean_dist_to_ball: 1.2696
         Mean episode goal_per_1k_steps: 0.0000
--------------------------------------------------------------------------------
                         Iteration time: 27.67s
                           Time elapsed: 0:59:40
                                    ETA: 0:05:54

################################################################################
[1m                           Learning iteration 273/300                           [0m 

                               Run name: chase_v5_2048
                            Total steps: 13467648 
                       Steps per second: 1793 
                        Collection time: 26.921s 
                          Learning time: 0.487s 
                        Mean value loss: 0.1374
                    Mean surrogate loss: -0.0016
                      Mean entropy loss: 2.1988
                            Mean reward: 11.81
                    Mean episode length: 237.08
                        Mean action std: 0.59
               Mean episode goals_total: 12.0000
         Mean episode mean_dist_to_ball: 1.2900
         Mean episode goal_per_1k_steps: 0.0407
--------------------------------------------------------------------------------
                         Iteration time: 27.41s
                           Time elapsed: 1:00:07
                                    ETA: 0:05:42

################################################################################
[1m                           Learning iteration 274/300                           [0m 

                               Run name: chase_v5_2048
                            Total steps: 13516800 
                       Steps per second: 1775 
                        Collection time: 27.135s 
                          Learning time: 0.556s 
                        Mean value loss: 0.4017
                    Mean surrogate loss: -0.0019
                      Mean entropy loss: 2.1933
                            Mean reward: 11.57
                    Mean episode length: 237.13
                        Mean action std: 0.59
               Mean episode goals_total: 12.0000
         Mean episode mean_dist_to_ball: 1.3076
         Mean episode goal_per_1k_steps: 0.0000
--------------------------------------------------------------------------------
                         Iteration time: 27.69s
                           Time elapsed: 1:00:35
                                    ETA: 0:05:30

################################################################################
[1m                           Learning iteration 275/300                           [0m 

                               Run name: chase_v5_2048
                            Total steps: 13565952 
                       Steps per second: 1763 
                        Collection time: 27.306s 
                          Learning time: 0.558s 
                        Mean value loss: 0.2233
                    Mean surrogate loss: -0.0025
                      Mean entropy loss: 2.1952
                            Mean reward: 11.28
                    Mean episode length: 239.52
                        Mean action std: 0.59
               Mean episode goals_total: 12.0000
         Mean episode mean_dist_to_ball: 1.2933
         Mean episode goal_per_1k_steps: 0.0203
--------------------------------------------------------------------------------
                         Iteration time: 27.86s
                           Time elapsed: 1:01:03
                                    ETA: 0:05:18

################################################################################
[1m                           Learning iteration 276/300                           [0m 

                               Run name: chase_v5_2048
                            Total steps: 13615104 
                       Steps per second: 1783 
                        Collection time: 27.111s 
                          Learning time: 0.451s 
                        Mean value loss: 0.2505
                    Mean surrogate loss: -0.0031
                      Mean entropy loss: 2.1930
                            Mean reward: 10.32
                    Mean episode length: 230.25
                        Mean action std: 0.59
               Mean episode goals_total: 12.0000
         Mean episode mean_dist_to_ball: 1.2695
         Mean episode goal_per_1k_steps: 0.0000
--------------------------------------------------------------------------------
                         Iteration time: 27.56s
                           Time elapsed: 1:01:30
                                    ETA: 0:05:06

################################################################################
[1m                           Learning iteration 277/300                           [0m 

                               Run name: chase_v5_2048
                            Total steps: 13664256 
                       Steps per second: 1765 
                        Collection time: 27.255s 
                          Learning time: 0.587s 
                        Mean value loss: 0.1178
                    Mean surrogate loss: -0.0033
                      Mean entropy loss: 2.2006
                            Mean reward: 11.47
                    Mean episode length: 236.55
                        Mean action std: 0.59
               Mean episode goals_total: 12.0000
         Mean episode mean_dist_to_ball: 1.2643
         Mean episode goal_per_1k_steps: 0.0000
--------------------------------------------------------------------------------
                         Iteration time: 27.84s
                           Time elapsed: 1:01:58
                                    ETA: 0:04:54

################################################################################
[1m                           Learning iteration 278/300                           [0m 

                               Run name: chase_v5_2048
                            Total steps: 13713408 
                       Steps per second: 1781 
                        Collection time: 27.093s 
                          Learning time: 0.501s 
                        Mean value loss: 0.2611
                    Mean surrogate loss: -0.0037
                      Mean entropy loss: 2.1907
                            Mean reward: 10.95
                    Mean episode length: 237.82
                        Mean action std: 0.59
               Mean episode goals_total: 12.0000
         Mean episode mean_dist_to_ball: 1.2657
         Mean episode goal_per_1k_steps: 0.0000
--------------------------------------------------------------------------------
                         Iteration time: 27.59s
                           Time elapsed: 1:02:26
                                    ETA: 0:04:41

################################################################################
[1m                           Learning iteration 279/300                           [0m 

                               Run name: chase_v5_2048
                            Total steps: 13762560 
                       Steps per second: 1783 
                        Collection time: 27.052s 
                          Learning time: 0.505s 
                        Mean value loss: 0.1136
                    Mean surrogate loss: -0.0021
                      Mean entropy loss: 2.1812
                            Mean reward: 11.68
                    Mean episode length: 241.00
                        Mean action std: 0.59
               Mean episode goals_total: 12.0000
         Mean episode mean_dist_to_ball: 1.3002
         Mean episode goal_per_1k_steps: 0.0000
--------------------------------------------------------------------------------
                         Iteration time: 27.56s
                           Time elapsed: 1:02:53
                                    ETA: 0:04:29

################################################################################
[1m                           Learning iteration 280/300                           [0m 

                               Run name: chase_v5_2048
                            Total steps: 13811712 
                       Steps per second: 1773 
                        Collection time: 27.141s 
                          Learning time: 0.579s 
                        Mean value loss: 0.3105
                    Mean surrogate loss: -0.0031
                      Mean entropy loss: 2.1778
                            Mean reward: 10.99
                    Mean episode length: 236.31
                        Mean action std: 0.59
               Mean episode goals_total: 12.0000
         Mean episode mean_dist_to_ball: 1.3142
         Mean episode goal_per_1k_steps: 0.0203
--------------------------------------------------------------------------------
                         Iteration time: 27.72s
                           Time elapsed: 1:03:21
                                    ETA: 0:04:17

################################################################################
[1m                           Learning iteration 281/300                           [0m 

                               Run name: chase_v5_2048
                            Total steps: 13860864 
                       Steps per second: 1776 
                        Collection time: 27.186s 
                          Learning time: 0.483s 
                        Mean value loss: 0.1912
                    Mean surrogate loss: -0.0020
                      Mean entropy loss: 2.1814
                            Mean reward: 11.55
                    Mean episode length: 234.75
                        Mean action std: 0.59
               Mean episode goals_total: 12.0000
         Mean episode mean_dist_to_ball: 1.3074
         Mean episode goal_per_1k_steps: 0.0570
--------------------------------------------------------------------------------
                         Iteration time: 27.67s
                           Time elapsed: 1:03:49
                                    ETA: 0:04:04

################################################################################
[1m                           Learning iteration 282/300                           [0m 

                               Run name: chase_v5_2048
                            Total steps: 13910016 
                       Steps per second: 1768 
                        Collection time: 27.246s 
                          Learning time: 0.551s 
                        Mean value loss: 0.2495
                    Mean surrogate loss: -0.0034
                      Mean entropy loss: 2.1619
                            Mean reward: 10.78
                    Mean episode length: 234.84
                        Mean action std: 0.59
               Mean episode goals_total: 12.9583
         Mean episode mean_dist_to_ball: 1.2977
         Mean episode goal_per_1k_steps: 0.0366
--------------------------------------------------------------------------------
                         Iteration time: 27.80s
                           Time elapsed: 1:04:16
                                    ETA: 0:03:51

################################################################################
[1m                           Learning iteration 283/300                           [0m 

                               Run name: chase_v5_2048
                            Total steps: 13959168 
                       Steps per second: 1776 
                        Collection time: 27.094s 
                          Learning time: 0.572s 
                        Mean value loss: 0.2812
                    Mean surrogate loss: -0.0029
                      Mean entropy loss: 2.1775
                            Mean reward: 10.90
                    Mean episode length: 239.04
                        Mean action std: 0.59
               Mean episode goals_total: 13.0000
         Mean episode mean_dist_to_ball: 1.2896
         Mean episode goal_per_1k_steps: 0.0285
--------------------------------------------------------------------------------
                         Iteration time: 27.67s
                           Time elapsed: 1:04:44
                                    ETA: 0:03:38

################################################################################
[1m                           Learning iteration 284/300                           [0m 

                               Run name: chase_v5_2048
                            Total steps: 14008320 
                       Steps per second: 1779 
                        Collection time: 27.155s 
                          Learning time: 0.467s 
                        Mean value loss: 0.2586
                    Mean surrogate loss: -0.0030
                      Mean entropy loss: 2.2044
                            Mean reward: 11.36
                    Mean episode length: 237.20
                        Mean action std: 0.60
               Mean episode goals_total: 13.0000
         Mean episode mean_dist_to_ball: 1.2862
         Mean episode goal_per_1k_steps: 0.0000
--------------------------------------------------------------------------------
                         Iteration time: 27.62s
                           Time elapsed: 1:05:12
                                    ETA: 0:03:25

################################################################################
[1m                           Learning iteration 285/300                           [0m 

                               Run name: chase_v5_2048
                            Total steps: 14057472 
                       Steps per second: 1769 
                        Collection time: 27.241s 
                          Learning time: 0.540s 
                        Mean value loss: 0.1143
                    Mean surrogate loss: -0.0029
                      Mean entropy loss: 2.2193
                            Mean reward: 11.63
                    Mean episode length: 237.05
                        Mean action std: 0.60
               Mean episode goals_total: 13.0000
         Mean episode mean_dist_to_ball: 1.2563
         Mean episode goal_per_1k_steps: 0.0203
--------------------------------------------------------------------------------
                         Iteration time: 27.78s
                           Time elapsed: 1:05:39
                                    ETA: 0:03:12

################################################################################
[1m                           Learning iteration 286/300                           [0m 

                               Run name: chase_v5_2048
                            Total steps: 14106624 
                       Steps per second: 1779 
                        Collection time: 27.132s 
                          Learning time: 0.486s 
                        Mean value loss: 0.2579
                    Mean surrogate loss: -0.0038
                      Mean entropy loss: 2.2480
                            Mean reward: 10.89
                    Mean episode length: 235.17
                        Mean action std: 0.61
               Mean episode goals_total: 13.0000
         Mean episode mean_dist_to_ball: 1.2416
         Mean episode goal_per_1k_steps: 0.0000
--------------------------------------------------------------------------------
                         Iteration time: 27.62s
                           Time elapsed: 1:06:07
                                    ETA: 0:02:59

################################################################################
[1m                           Learning iteration 287/300                           [0m 

                               Run name: chase_v5_2048
                            Total steps: 14155776 
                       Steps per second: 1751 
                        Collection time: 27.464s 
                          Learning time: 0.595s 
                        Mean value loss: 0.4411
                    Mean surrogate loss: -0.0035
                      Mean entropy loss: 2.2849
                            Mean reward: 10.59
                    Mean episode length: 234.88
                        Mean action std: 0.61
               Mean episode goals_total: 13.0000
         Mean episode mean_dist_to_ball: 1.2305
         Mean episode goal_per_1k_steps: 0.0000
--------------------------------------------------------------------------------
                         Iteration time: 28.06s
                           Time elapsed: 1:06:35
                                    ETA: 0:02:46

################################################################################
[1m                           Learning iteration 288/300                           [0m 

                               Run name: chase_v5_2048
                            Total steps: 14204928 
                       Steps per second: 1790 
                        Collection time: 26.906s 
                          Learning time: 0.544s 
                        Mean value loss: 0.2909
                    Mean surrogate loss: -0.0028
                      Mean entropy loss: 2.3193
                            Mean reward: 11.90
                    Mean episode length: 238.98
                        Mean action std: 0.61
               Mean episode goals_total: 13.0000
         Mean episode mean_dist_to_ball: 1.2020
         Mean episode goal_per_1k_steps: 0.0000
--------------------------------------------------------------------------------
                         Iteration time: 27.45s
                           Time elapsed: 1:07:03
                                    ETA: 0:02:33

################################################################################
[1m                           Learning iteration 289/300                           [0m 

                               Run name: chase_v5_2048
                            Total steps: 14254080 
                       Steps per second: 1757 
                        Collection time: 27.397s 
                          Learning time: 0.564s 
                        Mean value loss: 0.0753
                    Mean surrogate loss: -0.0023
                      Mean entropy loss: 2.2956
                            Mean reward: 11.67
                    Mean episode length: 239.81
                        Mean action std: 0.61
               Mean episode goals_total: 13.8750
         Mean episode mean_dist_to_ball: 1.2092
         Mean episode goal_per_1k_steps: 0.0203
--------------------------------------------------------------------------------
                         Iteration time: 27.96s
                           Time elapsed: 1:07:31
                                    ETA: 0:02:19

################################################################################
[1m                           Learning iteration 290/300                           [0m 

                               Run name: chase_v5_2048
                            Total steps: 14303232 
                       Steps per second: 1766 
                        Collection time: 27.272s 
                          Learning time: 0.548s 
                        Mean value loss: 0.1371
                    Mean surrogate loss: -0.0016
                      Mean entropy loss: 2.2634
                            Mean reward: 11.19
                    Mean episode length: 236.49
                        Mean action std: 0.61
               Mean episode goals_total: 14.0000
         Mean episode mean_dist_to_ball: 1.2086
         Mean episode goal_per_1k_steps: 0.0000
--------------------------------------------------------------------------------
                         Iteration time: 27.82s
                           Time elapsed: 1:07:58
                                    ETA: 0:02:06

################################################################################
[1m                           Learning iteration 291/300                           [0m 

                               Run name: chase_v5_2048
                            Total steps: 14352384 
                       Steps per second: 1793 
                        Collection time: 26.992s 
                          Learning time: 0.413s 
                        Mean value loss: 0.3026
                    Mean surrogate loss: -0.0026
                      Mean entropy loss: 2.2704
                            Mean reward: 11.07
                    Mean episode length: 236.84
                        Mean action std: 0.61
               Mean episode goals_total: 14.0000
         Mean episode mean_dist_to_ball: 1.2560
         Mean episode goal_per_1k_steps: 0.0000
--------------------------------------------------------------------------------
                         Iteration time: 27.41s
                           Time elapsed: 1:08:26
                                    ETA: 0:01:52

################################################################################
[1m                           Learning iteration 292/300                           [0m 

                               Run name: chase_v5_2048
                            Total steps: 14401536 
                       Steps per second: 1754 
                        Collection time: 27.451s 
                          Learning time: 0.560s 
                        Mean value loss: 0.1521
                    Mean surrogate loss: -0.0040
                      Mean entropy loss: 2.2956
                            Mean reward: 11.24
                    Mean episode length: 237.92
                        Mean action std: 0.62
               Mean episode goals_total: 14.0000
         Mean episode mean_dist_to_ball: 1.2738
         Mean episode goal_per_1k_steps: 0.0203
--------------------------------------------------------------------------------
                         Iteration time: 28.01s
                           Time elapsed: 1:08:54
                                    ETA: 0:01:38

################################################################################
[1m                           Learning iteration 293/300                           [0m 

                               Run name: chase_v5_2048
                            Total steps: 14450688 
                       Steps per second: 1763 
                        Collection time: 27.287s 
                          Learning time: 0.590s 
                        Mean value loss: 0.3858
                    Mean surrogate loss: -0.0032
                      Mean entropy loss: 2.3231
                            Mean reward: 11.97
                    Mean episode length: 238.42
                        Mean action std: 0.62
               Mean episode goals_total: 14.0000
         Mean episode mean_dist_to_ball: 1.2649
         Mean episode goal_per_1k_steps: 0.0346
--------------------------------------------------------------------------------
                         Iteration time: 27.88s
                           Time elapsed: 1:09:22
                                    ETA: 0:01:24

################################################################################
[1m                           Learning iteration 294/300                           [0m 

                               Run name: chase_v5_2048
                            Total steps: 14499840 
                       Steps per second: 1779 
                        Collection time: 27.144s 
                          Learning time: 0.482s 
                        Mean value loss: 0.2660
                    Mean surrogate loss: -0.0018
                      Mean entropy loss: 2.3323
                            Mean reward: 10.70
                    Mean episode length: 236.89
                        Mean action std: 0.62
               Mean episode goals_total: 14.0000
         Mean episode mean_dist_to_ball: 1.2761
         Mean episode goal_per_1k_steps: 0.0285
--------------------------------------------------------------------------------
                         Iteration time: 27.63s
                           Time elapsed: 1:09:49
                                    ETA: 0:01:11

################################################################################
[1m                           Learning iteration 295/300                           [0m 

                               Run name: chase_v5_2048
                            Total steps: 14548992 
                       Steps per second: 1746 
                        Collection time: 27.547s 
                          Learning time: 0.589s 
                        Mean value loss: 1.0633
                    Mean surrogate loss: -0.0034
                      Mean entropy loss: 2.3402
                            Mean reward: 10.71
                    Mean episode length: 233.77
                        Mean action std: 0.62
               Mean episode goals_total: 14.0000
         Mean episode mean_dist_to_ball: 1.2512
         Mean episode goal_per_1k_steps: 0.0387
--------------------------------------------------------------------------------
                         Iteration time: 28.14s
                           Time elapsed: 1:10:17
                                    ETA: 0:00:56

################################################################################
[1m                           Learning iteration 296/300                           [0m 

                               Run name: chase_v5_2048
                            Total steps: 14598144 
                       Steps per second: 1755 
                        Collection time: 27.432s 
                          Learning time: 0.563s 
                        Mean value loss: 0.6147
                    Mean surrogate loss: -0.0029
                      Mean entropy loss: 2.3404
                            Mean reward: 10.33
                    Mean episode length: 233.75
                        Mean action std: 0.63
               Mean episode goals_total: 14.0000
         Mean episode mean_dist_to_ball: 1.2137
         Mean episode goal_per_1k_steps: 0.0570
--------------------------------------------------------------------------------
                         Iteration time: 28.00s
                           Time elapsed: 1:10:45
                                    ETA: 0:00:42

################################################################################
[1m                           Learning iteration 297/300                           [0m 

                               Run name: chase_v5_2048
                            Total steps: 14647296 
                       Steps per second: 1781 
                        Collection time: 27.109s 
                          Learning time: 0.474s 
                        Mean value loss: 0.2600
                    Mean surrogate loss: -0.0034
                      Mean entropy loss: 2.3501
                            Mean reward: 11.42
                    Mean episode length: 237.90
                        Mean action std: 0.63
               Mean episode goals_total: 14.0000
         Mean episode mean_dist_to_ball: 1.2090
         Mean episode goal_per_1k_steps: 0.0102
--------------------------------------------------------------------------------
                         Iteration time: 27.58s
                           Time elapsed: 1:11:13
                                    ETA: 0:00:28

################################################################################
[1m                           Learning iteration 298/300                           [0m 

                               Run name: chase_v5_2048
                            Total steps: 14696448 
                       Steps per second: 1748 
                        Collection time: 27.535s 
                          Learning time: 0.574s 
                        Mean value loss: 0.1054
                    Mean surrogate loss: -0.0018
                      Mean entropy loss: 2.3384
                            Mean reward: 11.48
                    Mean episode length: 239.67
                        Mean action std: 0.63
               Mean episode goals_total: 14.0000
         Mean episode mean_dist_to_ball: 1.2158
         Mean episode goal_per_1k_steps: 0.0346
--------------------------------------------------------------------------------
                         Iteration time: 28.11s
                           Time elapsed: 1:11:41
                                    ETA: 0:00:14

################################################################################
[1m                           Learning iteration 299/300                           [0m 

                               Run name: chase_v5_2048
                            Total steps: 14745600 
                       Steps per second: 1768 
                        Collection time: 27.185s 
                          Learning time: 0.610s 
                        Mean value loss: 0.3170
                    Mean surrogate loss: -0.0040
                      Mean entropy loss: 2.3397
                            Mean reward: 11.73
                    Mean episode length: 238.82
                        Mean action std: 0.63
               Mean episode goals_total: 14.0000
         Mean episode mean_dist_to_ball: 1.2494
         Mean episode goal_per_1k_steps: 0.0203
--------------------------------------------------------------------------------
                         Iteration time: 27.80s
                           Time elapsed: 1:12:09
                                    ETA: 0:00:00


=== Training complete ===
  Models saved in: runs/chase_v5_2048
  Best model: runs/chase_v5_2048/model_300.pt
[W727 23:05:20.572451020 AllocatorConfig.cpp:29] Warning: PYTORCH_HIP_ALLOC_CONF is deprecated, use PYTORCH_ALLOC_CONF instead (function operator())
