[38;5;226m[Genesis] [19:36:14] [WARNING] Mesh is not watertight. Falling back to convex hull for estimating inertial properties.[0m
[38;5;226m[Genesis] [19:36:14] [WARNING] Mesh is not watertight. Falling back to convex hull for estimating inertial properties.[0m
[38;5;226m[Genesis] [19:36:14] [WARNING] Mesh is not watertight. Falling back to convex hull for estimating inertial properties.[0m
[38;5;226m[Genesis] [19:36:14] [WARNING] Mesh is not watertight. Falling back to convex hull for estimating inertial properties.[0m
[hierarchical] Walk model normalizer loaded: mean=torch.Size([1, 720])
[hierarchical] Frozen walk model loaded from /workspace/booster/booster_deploy/tasks/locomotion/models/t1_walk.pt
[hierarchical] HL obs dim=19, HL action dim=3
[hierarchical] HL dt=0.100s, decimation=5
--------------------------------------------------------------------------------
Resolved observation sets: 
	 actor :  ['policy']
	 critic :  ['policy']
--------------------------------------------------------------------------------
Actor Model: MLPModel(
  (obs_normalizer): Identity()
  (distribution): GaussianDistribution()
  (mlp): MLP(
    (0): Linear(in_features=19, out_features=256, bias=True)
    (1): ELU(alpha=1.0)
    (2): Linear(in_features=256, out_features=128, bias=True)
    (3): ELU(alpha=1.0)
    (4): Linear(in_features=128, out_features=64, bias=True)
    (5): ELU(alpha=1.0)
    (6): Linear(in_features=64, out_features=3, bias=True)
  )
)
Critic Model: MLPModel(
  (obs_normalizer): Identity()
  (mlp): MLP(
    (0): Linear(in_features=19, out_features=256, bias=True)
    (1): ELU(alpha=1.0)
    (2): Linear(in_features=256, out_features=128, bias=True)
    (3): ELU(alpha=1.0)
    (4): Linear(in_features=128, out_features=64, bias=True)
    (5): ELU(alpha=1.0)
    (6): Linear(in_features=64, out_features=1, bias=True)
  )
)

============================================================
  Hierarchical Soccer Training
============================================================
  High-level obs dim:    19
  High-level action dim: 3 (vx, vy, wz)
  Low-level model:       /workspace/booster/booster_deploy/tasks/locomotion/models/t1_walk.pt
  Decimation:            5 (HL dt = 0.100s)
  Envs:                  1024
  Max iterations:        500
  Save interval:         50
  Log dir:               runs/chase_v4_1024
============================================================

Could not find git repository in /opt/venv/lib/python3.12/site-packages/rsl_rl/__init__.py. Skipping.
################################################################################
[1m                            Learning iteration 0/500                            [0m 

                               Run name: chase_v4_1024
                            Total steps: 24576 
                       Steps per second: 1623 
                        Collection time: 14.357s 
                          Learning time: 0.781s 
                        Mean value loss: 27.5242
                    Mean surrogate loss: 0.0094
                      Mean entropy loss: 4.2527
                            Mean reward: -15.26
                    Mean episode length: 20.37
                        Mean action std: 1.00
--------------------------------------------------------------------------------
                         Iteration time: 15.14s
                           Time elapsed: 0:00:15
                                    ETA: 2:05:53

################################################################################
[1m                            Learning iteration 1/500                            [0m 

                               Run name: chase_v4_1024
                            Total steps: 49152 
                       Steps per second: 2571 
                        Collection time: 9.440s 
                          Learning time: 0.118s 
                        Mean value loss: 55.0503
                    Mean surrogate loss: 0.0004
                      Mean entropy loss: 4.2215
                            Mean reward: -16.84
                    Mean episode length: 27.20
                        Mean action std: 0.98
--------------------------------------------------------------------------------
                         Iteration time: 9.56s
                           Time elapsed: 0:00:24
                                    ETA: 1:42:28

################################################################################
[1m                            Learning iteration 2/500                            [0m 

                               Run name: chase_v4_1024
                            Total steps: 73728 
                       Steps per second: 2585 
                        Collection time: 9.389s 
                          Learning time: 0.117s 
                        Mean value loss: 53.5859
                    Mean surrogate loss: 0.0016
                      Mean entropy loss: 4.1832
                            Mean reward: -15.39
                    Mean episode length: 29.94
                        Mean action std: 0.97
--------------------------------------------------------------------------------
                         Iteration time: 9.51s
                           Time elapsed: 0:00:34
                                    ETA: 1:34:25

################################################################################
[1m                            Learning iteration 3/500                            [0m 

                               Run name: chase_v4_1024
                            Total steps: 98304 
                       Steps per second: 2559 
                        Collection time: 9.483s 
                          Learning time: 0.117s 
                        Mean value loss: 50.6928
                    Mean surrogate loss: -0.0003
                      Mean entropy loss: 4.1454
                            Mean reward: -15.54
                    Mean episode length: 28.92
                        Mean action std: 0.96
--------------------------------------------------------------------------------
                         Iteration time: 9.60s
                           Time elapsed: 0:00:43
                                    ETA: 1:30:31

################################################################################
[1m                            Learning iteration 4/500                            [0m 

                               Run name: chase_v4_1024
                            Total steps: 122880 
                       Steps per second: 2589 
                        Collection time: 9.374s 
                          Learning time: 0.116s 
                        Mean value loss: 44.7189
                    Mean surrogate loss: -0.0006
                      Mean entropy loss: 4.1329
                            Mean reward: -12.92
                    Mean episode length: 36.12
                        Mean action std: 0.96
--------------------------------------------------------------------------------
                         Iteration time: 9.49s
                           Time elapsed: 0:00:53
                                    ETA: 1:27:55

################################################################################
[1m                            Learning iteration 5/500                            [0m 

                               Run name: chase_v4_1024
                            Total steps: 147456 
                       Steps per second: 2591 
                        Collection time: 9.365s 
                          Learning time: 0.117s 
                        Mean value loss: 44.3599
                    Mean surrogate loss: -0.0025
                      Mean entropy loss: 4.1035
                            Mean reward: -15.27
                    Mean episode length: 36.66
                        Mean action std: 0.95
--------------------------------------------------------------------------------
                         Iteration time: 9.48s
                           Time elapsed: 0:01:02
                                    ETA: 1:26:08

################################################################################
[1m                            Learning iteration 6/500                            [0m 

                               Run name: chase_v4_1024
                            Total steps: 172032 
                       Steps per second: 2577 
                        Collection time: 9.418s 
                          Learning time: 0.117s 
                        Mean value loss: 41.8269
                    Mean surrogate loss: -0.0028
                      Mean entropy loss: 4.0852
                            Mean reward: -14.22
                    Mean episode length: 37.48
                        Mean action std: 0.94
--------------------------------------------------------------------------------
                         Iteration time: 9.54s
                           Time elapsed: 0:01:12
                                    ETA: 1:24:52

################################################################################
[1m                            Learning iteration 7/500                            [0m 

                               Run name: chase_v4_1024
                            Total steps: 196608 
                       Steps per second: 2588 
                        Collection time: 9.380s 
                          Learning time: 0.115s 
                        Mean value loss: 38.0101
                    Mean surrogate loss: -0.0026
                      Mean entropy loss: 4.0549
                            Mean reward: -13.24
                    Mean episode length: 37.81
                        Mean action std: 0.94
--------------------------------------------------------------------------------
                         Iteration time: 9.49s
                           Time elapsed: 0:01:21
                                    ETA: 1:23:50

################################################################################
[1m                            Learning iteration 8/500                            [0m 

                               Run name: chase_v4_1024
                            Total steps: 221184 
                       Steps per second: 2591 
                        Collection time: 9.367s 
                          Learning time: 0.114s 
                        Mean value loss: 36.4444
                    Mean surrogate loss: -0.0020
                      Mean entropy loss: 4.0481
                            Mean reward: -12.68
                    Mean episode length: 33.09
                        Mean action std: 0.93
--------------------------------------------------------------------------------
                         Iteration time: 9.48s
                           Time elapsed: 0:01:31
                                    ETA: 1:23:00

################################################################################
[1m                            Learning iteration 9/500                            [0m 

                               Run name: chase_v4_1024
                            Total steps: 245760 
                       Steps per second: 2591 
                        Collection time: 9.367s 
                          Learning time: 0.117s 
                        Mean value loss: 36.1210
                    Mean surrogate loss: -0.0025
                      Mean entropy loss: 4.0111
                            Mean reward: -14.73
                    Mean episode length: 30.82
                        Mean action std: 0.92
--------------------------------------------------------------------------------
                         Iteration time: 9.48s
                           Time elapsed: 0:01:40
                                    ETA: 1:22:17

################################################################################
[1m                           Learning iteration 10/500                            [0m 

                               Run name: chase_v4_1024
                            Total steps: 270336 
                       Steps per second: 2556 
                        Collection time: 9.496s 
                          Learning time: 0.117s 
                        Mean value loss: 33.6798
                    Mean surrogate loss: -0.0035
                      Mean entropy loss: 4.0148
                            Mean reward: -12.60
                    Mean episode length: 35.21
                        Mean action std: 0.93
--------------------------------------------------------------------------------
                         Iteration time: 9.61s
                           Time elapsed: 0:01:50
                                    ETA: 1:21:46

################################################################################
[1m                           Learning iteration 11/500                            [0m 

                               Run name: chase_v4_1024
                            Total steps: 294912 
                       Steps per second: 2588 
                        Collection time: 9.375s 
                          Learning time: 0.118s 
                        Mean value loss: 32.5770
                    Mean surrogate loss: -0.0038
                      Mean entropy loss: 4.0082
                            Mean reward: -13.12
                    Mean episode length: 37.72
                        Mean action std: 0.93
--------------------------------------------------------------------------------
                         Iteration time: 9.49s
                           Time elapsed: 0:01:59
                                    ETA: 1:21:14

################################################################################
[1m                           Learning iteration 12/500                            [0m 

                               Run name: chase_v4_1024
                            Total steps: 319488 
                       Steps per second: 2579 
                        Collection time: 9.408s 
                          Learning time: 0.118s 
                        Mean value loss: 31.4302
                    Mean surrogate loss: -0.0028
                      Mean entropy loss: 3.9822
                            Mean reward: -15.41
                    Mean episode length: 38.61
                        Mean action std: 0.92
--------------------------------------------------------------------------------
                         Iteration time: 9.53s
                           Time elapsed: 0:02:09
                                    ETA: 1:20:47

################################################################################
[1m                           Learning iteration 13/500                            [0m 

                               Run name: chase_v4_1024
                            Total steps: 344064 
                       Steps per second: 2568 
                        Collection time: 9.450s 
                          Learning time: 0.118s 
                        Mean value loss: 35.4742
                    Mean surrogate loss: -0.0038
                      Mean entropy loss: 3.9555
                            Mean reward: -13.34
                    Mean episode length: 41.45
                        Mean action std: 0.91
--------------------------------------------------------------------------------
                         Iteration time: 9.57s
                           Time elapsed: 0:02:18
                                    ETA: 1:20:24

################################################################################
[1m                           Learning iteration 14/500                            [0m 

                               Run name: chase_v4_1024
                            Total steps: 368640 
                       Steps per second: 2593 
                        Collection time: 9.361s 
                          Learning time: 0.116s 
                        Mean value loss: 29.9821
                    Mean surrogate loss: -0.0044
                      Mean entropy loss: 3.9452
                            Mean reward: -14.48
                    Mean episode length: 45.17
                        Mean action std: 0.90
--------------------------------------------------------------------------------
                         Iteration time: 9.48s
                           Time elapsed: 0:02:28
                                    ETA: 1:19:59

################################################################################
[1m                           Learning iteration 15/500                            [0m 

                               Run name: chase_v4_1024
                            Total steps: 393216 
                       Steps per second: 2589 
                        Collection time: 9.376s 
                          Learning time: 0.116s 
                        Mean value loss: 25.6392
                    Mean surrogate loss: -0.0030
                      Mean entropy loss: 3.9293
                            Mean reward: -13.88
                    Mean episode length: 32.61
                        Mean action std: 0.90
--------------------------------------------------------------------------------
                         Iteration time: 9.49s
                           Time elapsed: 0:02:37
                                    ETA: 1:19:37

################################################################################
[1m                           Learning iteration 16/500                            [0m 

                               Run name: chase_v4_1024
                            Total steps: 417792 
                       Steps per second: 2594 
                        Collection time: 9.356s 
                          Learning time: 0.116s 
                        Mean value loss: 28.5967
                    Mean surrogate loss: -0.0039
                      Mean entropy loss: 3.9236
                            Mean reward: -14.11
                    Mean episode length: 35.53
                        Mean action std: 0.90
--------------------------------------------------------------------------------
                         Iteration time: 9.47s
                           Time elapsed: 0:02:47
                                    ETA: 1:19:16

################################################################################
[1m                           Learning iteration 17/500                            [0m 

                               Run name: chase_v4_1024
                            Total steps: 442368 
                       Steps per second: 2589 
                        Collection time: 9.374s 
                          Learning time: 0.116s 
                        Mean value loss: 27.7670
                    Mean surrogate loss: -0.0038
                      Mean entropy loss: 3.9070
                            Mean reward: -14.26
                    Mean episode length: 34.73
                        Mean action std: 0.90
--------------------------------------------------------------------------------
                         Iteration time: 9.49s
                           Time elapsed: 0:02:56
                                    ETA: 1:18:56

################################################################################
[1m                           Learning iteration 18/500                            [0m 

                               Run name: chase_v4_1024
                            Total steps: 466944 
                       Steps per second: 2588 
                        Collection time: 9.379s 
                          Learning time: 0.117s 
                        Mean value loss: 24.6334
                    Mean surrogate loss: -0.0017
                      Mean entropy loss: 3.9241
                            Mean reward: -10.33
                    Mean episode length: 35.09
                        Mean action std: 0.90
--------------------------------------------------------------------------------
                         Iteration time: 9.50s
                           Time elapsed: 0:03:06
                                    ETA: 1:18:38

################################################################################
[1m                           Learning iteration 19/500                            [0m 

                               Run name: chase_v4_1024
                            Total steps: 491520 
                       Steps per second: 2577 
                        Collection time: 9.417s 
                          Learning time: 0.116s 
                        Mean value loss: 25.0948
                    Mean surrogate loss: -0.0032
                      Mean entropy loss: 3.9082
                            Mean reward: -12.76
                    Mean episode length: 36.79
                        Mean action std: 0.90
--------------------------------------------------------------------------------
                         Iteration time: 9.53s
                           Time elapsed: 0:03:15
                                    ETA: 1:18:22

################################################################################
[1m                           Learning iteration 20/500                            [0m 

                               Run name: chase_v4_1024
                            Total steps: 516096 
                       Steps per second: 2595 
                        Collection time: 9.353s 
                          Learning time: 0.116s 
                        Mean value loss: 23.3954
                    Mean surrogate loss: -0.0038
                      Mean entropy loss: 3.9173
                            Mean reward: -11.81
                    Mean episode length: 43.90
                        Mean action std: 0.90
--------------------------------------------------------------------------------
                         Iteration time: 9.47s
                           Time elapsed: 0:03:25
                                    ETA: 1:18:05

################################################################################
[1m                           Learning iteration 21/500                            [0m 

                               Run name: chase_v4_1024
                            Total steps: 540672 
                       Steps per second: 2596 
                        Collection time: 9.350s 
                          Learning time: 0.116s 
                        Mean value loss: 20.6464
                    Mean surrogate loss: -0.0012
                      Mean entropy loss: 3.9013
                            Mean reward: -10.49
                    Mean episode length: 35.69
                        Mean action std: 0.90
--------------------------------------------------------------------------------
                         Iteration time: 9.47s
                           Time elapsed: 0:03:34
                                    ETA: 1:17:48

################################################################################
[1m                           Learning iteration 22/500                            [0m 

                               Run name: chase_v4_1024
                            Total steps: 565248 
                       Steps per second: 2582 
                        Collection time: 9.399s 
                          Learning time: 0.116s 
                        Mean value loss: 22.0790
                    Mean surrogate loss: -0.0052
                      Mean entropy loss: 3.9228
                            Mean reward: -11.81
                    Mean episode length: 38.42
                        Mean action std: 0.90
--------------------------------------------------------------------------------
                         Iteration time: 9.51s
                           Time elapsed: 0:03:44
                                    ETA: 1:17:33

################################################################################
[1m                           Learning iteration 23/500                            [0m 

                               Run name: chase_v4_1024
                            Total steps: 589824 
                       Steps per second: 2587 
                        Collection time: 9.385s 
                          Learning time: 0.115s 
                        Mean value loss: 21.0770
                    Mean surrogate loss: -0.0033
                      Mean entropy loss: 3.9045
                            Mean reward: -11.89
                    Mean episode length: 44.33
                        Mean action std: 0.90
--------------------------------------------------------------------------------
                         Iteration time: 9.50s
                           Time elapsed: 0:03:53
                                    ETA: 1:17:18

################################################################################
[1m                           Learning iteration 24/500                            [0m 

                               Run name: chase_v4_1024
                            Total steps: 614400 
                       Steps per second: 2540 
                        Collection time: 9.555s 
                          Learning time: 0.119s 
                        Mean value loss: 21.2832
                    Mean surrogate loss: -0.0065
                      Mean entropy loss: 3.8958
                            Mean reward: -12.67
                    Mean episode length: 40.97
                        Mean action std: 0.89
--------------------------------------------------------------------------------
                         Iteration time: 9.67s
                           Time elapsed: 0:04:03
                                    ETA: 1:17:07

################################################################################
[1m                           Learning iteration 25/500                            [0m 

                               Run name: chase_v4_1024
                            Total steps: 638976 
                       Steps per second: 2580 
                        Collection time: 9.408s 
                          Learning time: 0.116s 
                        Mean value loss: 22.8206
                    Mean surrogate loss: -0.0049
                      Mean entropy loss: 3.8905
                            Mean reward: -13.92
                    Mean episode length: 37.67
                        Mean action std: 0.89
--------------------------------------------------------------------------------
                         Iteration time: 9.52s
                           Time elapsed: 0:04:13
                                    ETA: 1:16:53

################################################################################
[1m                           Learning iteration 26/500                            [0m 

                               Run name: chase_v4_1024
                            Total steps: 663552 
                       Steps per second: 2584 
                        Collection time: 9.392s 
                          Learning time: 0.116s 
                        Mean value loss: 20.5526
                    Mean surrogate loss: -0.0053
                      Mean entropy loss: 3.9107
                            Mean reward: -13.13
                    Mean episode length: 38.91
                        Mean action std: 0.90
--------------------------------------------------------------------------------
                         Iteration time: 9.51s
                           Time elapsed: 0:04:22
                                    ETA: 1:16:40

################################################################################
[1m                           Learning iteration 27/500                            [0m 

                               Run name: chase_v4_1024
                            Total steps: 688128 
                       Steps per second: 2605 
                        Collection time: 9.317s 
                          Learning time: 0.116s 
                        Mean value loss: 19.0582
                    Mean surrogate loss: -0.0054
                      Mean entropy loss: 3.8915
                            Mean reward: -12.11
                    Mean episode length: 40.25
                        Mean action std: 0.89
--------------------------------------------------------------------------------
                         Iteration time: 9.43s
                           Time elapsed: 0:04:32
                                    ETA: 1:16:25

################################################################################
[1m                           Learning iteration 28/500                            [0m 

                               Run name: chase_v4_1024
                            Total steps: 712704 
                       Steps per second: 2605 
                        Collection time: 9.318s 
                          Learning time: 0.116s 
                        Mean value loss: 19.3564
                    Mean surrogate loss: -0.0046
                      Mean entropy loss: 3.8834
                            Mean reward: -12.23
                    Mean episode length: 41.78
                        Mean action std: 0.89
--------------------------------------------------------------------------------
                         Iteration time: 9.43s
                           Time elapsed: 0:04:41
                                    ETA: 1:16:11

################################################################################
[1m                           Learning iteration 29/500                            [0m 

                               Run name: chase_v4_1024
                            Total steps: 737280 
                       Steps per second: 2602 
                        Collection time: 9.325s 
                          Learning time: 0.118s 
                        Mean value loss: 17.7869
                    Mean surrogate loss: -0.0074
                      Mean entropy loss: 3.8809
                            Mean reward: -13.26
                    Mean episode length: 28.47
                        Mean action std: 0.89
--------------------------------------------------------------------------------
                         Iteration time: 9.44s
                           Time elapsed: 0:04:50
                                    ETA: 1:15:57

################################################################################
[1m                           Learning iteration 30/500                            [0m 

                               Run name: chase_v4_1024
                            Total steps: 761856 
                       Steps per second: 2599 
                        Collection time: 9.339s 
                          Learning time: 0.114s 
                        Mean value loss: 16.6707
                    Mean surrogate loss: -0.0053
                      Mean entropy loss: 3.8807
                            Mean reward: -10.84
                    Mean episode length: 46.30
                        Mean action std: 0.89
--------------------------------------------------------------------------------
                         Iteration time: 9.45s
                           Time elapsed: 0:05:00
                                    ETA: 1:15:43

################################################################################
[1m                           Learning iteration 31/500                            [0m 

                               Run name: chase_v4_1024
                            Total steps: 786432 
                       Steps per second: 2605 
                        Collection time: 9.317s 
                          Learning time: 0.116s 
                        Mean value loss: 13.9909
                    Mean surrogate loss: -0.0072
                      Mean entropy loss: 3.8881
                            Mean reward: -12.53
                    Mean episode length: 41.44
                        Mean action std: 0.89
--------------------------------------------------------------------------------
                         Iteration time: 9.43s
                           Time elapsed: 0:05:09
                                    ETA: 1:15:30

################################################################################
[1m                           Learning iteration 32/500                            [0m 

                               Run name: chase_v4_1024
                            Total steps: 811008 
                       Steps per second: 2609 
                        Collection time: 9.301s 
                          Learning time: 0.117s 
                        Mean value loss: 16.4396
                    Mean surrogate loss: -0.0059
                      Mean entropy loss: 3.8893
                            Mean reward: -11.26
                    Mean episode length: 57.35
                        Mean action std: 0.89
--------------------------------------------------------------------------------
                         Iteration time: 9.42s
                           Time elapsed: 0:05:19
                                    ETA: 1:15:17

################################################################################
[1m                           Learning iteration 33/500                            [0m 

                               Run name: chase_v4_1024
                            Total steps: 835584 
                       Steps per second: 2597 
                        Collection time: 9.345s 
                          Learning time: 0.116s 
                        Mean value loss: 17.6047
                    Mean surrogate loss: -0.0061
                      Mean entropy loss: 3.8910
                            Mean reward: -11.67
                    Mean episode length: 54.62
                        Mean action std: 0.89
--------------------------------------------------------------------------------
                         Iteration time: 9.46s
                           Time elapsed: 0:05:28
                                    ETA: 1:15:04

################################################################################
[1m                           Learning iteration 34/500                            [0m 

                               Run name: chase_v4_1024
                            Total steps: 860160 
                       Steps per second: 2580 
                        Collection time: 9.406s 
                          Learning time: 0.117s 
                        Mean value loss: 14.9452
                    Mean surrogate loss: -0.0073
                      Mean entropy loss: 3.8567
                            Mean reward: -12.09
                    Mean episode length: 53.40
                        Mean action std: 0.88
--------------------------------------------------------------------------------
                         Iteration time: 9.52s
                           Time elapsed: 0:05:38
                                    ETA: 1:14:52

################################################################################
[1m                           Learning iteration 35/500                            [0m 

                               Run name: chase_v4_1024
                            Total steps: 884736 
                       Steps per second: 2604 
                        Collection time: 9.319s 
                          Learning time: 0.117s 
                        Mean value loss: 14.1675
                    Mean surrogate loss: -0.0069
                      Mean entropy loss: 3.8489
                            Mean reward: -10.97
                    Mean episode length: 49.30
                        Mean action std: 0.88
--------------------------------------------------------------------------------
                         Iteration time: 9.44s
                           Time elapsed: 0:05:47
                                    ETA: 1:14:40

################################################################################
[1m                           Learning iteration 36/500                            [0m 

                               Run name: chase_v4_1024
                            Total steps: 909312 
                       Steps per second: 2608 
                        Collection time: 9.304s 
                          Learning time: 0.117s 
                        Mean value loss: 13.2421
                    Mean surrogate loss: -0.0075
                      Mean entropy loss: 3.8411
                            Mean reward: -8.53
                    Mean episode length: 62.21
                        Mean action std: 0.87
--------------------------------------------------------------------------------
                         Iteration time: 9.42s
                           Time elapsed: 0:05:57
                                    ETA: 1:14:27

################################################################################
[1m                           Learning iteration 37/500                            [0m 

                               Run name: chase_v4_1024
                            Total steps: 933888 
                       Steps per second: 2611 
                        Collection time: 9.297s 
                          Learning time: 0.114s 
                        Mean value loss: 13.6197
                    Mean surrogate loss: -0.0078
                      Mean entropy loss: 3.8348
                            Mean reward: -10.89
                    Mean episode length: 51.77
                        Mean action std: 0.87
--------------------------------------------------------------------------------
                         Iteration time: 9.41s
                           Time elapsed: 0:06:06
                                    ETA: 1:14:15

################################################################################
[1m                           Learning iteration 38/500                            [0m 

                               Run name: chase_v4_1024
                            Total steps: 958464 
                       Steps per second: 2602 
                        Collection time: 9.327s 
                          Learning time: 0.117s 
                        Mean value loss: 12.0695
                    Mean surrogate loss: -0.0083
                      Mean entropy loss: 3.8029
                            Mean reward: -11.69
                    Mean episode length: 50.28
                        Mean action std: 0.86
--------------------------------------------------------------------------------
                         Iteration time: 9.44s
                           Time elapsed: 0:06:15
                                    ETA: 1:14:03

################################################################################
[1m                           Learning iteration 39/500                            [0m 

                               Run name: chase_v4_1024
                            Total steps: 983040 
                       Steps per second: 2606 
                        Collection time: 9.315s 
                          Learning time: 0.114s 
                        Mean value loss: 10.4861
                    Mean surrogate loss: -0.0078
                      Mean entropy loss: 3.7825
                            Mean reward: -8.50
                    Mean episode length: 47.42
                        Mean action std: 0.86
--------------------------------------------------------------------------------
                         Iteration time: 9.43s
                           Time elapsed: 0:06:25
                                    ETA: 1:13:51

################################################################################
[1m                           Learning iteration 40/500                            [0m 

                               Run name: chase_v4_1024
                            Total steps: 1007616 
                       Steps per second: 2602 
                        Collection time: 9.328s 
                          Learning time: 0.116s 
                        Mean value loss: 11.7962
                    Mean surrogate loss: -0.0093
                      Mean entropy loss: 3.7730
                            Mean reward: -9.04
                    Mean episode length: 53.54
                        Mean action std: 0.86
--------------------------------------------------------------------------------
                         Iteration time: 9.44s
                           Time elapsed: 0:06:34
                                    ETA: 1:13:39

################################################################################
[1m                           Learning iteration 41/500                            [0m 

                               Run name: chase_v4_1024
                            Total steps: 1032192 
                       Steps per second: 2610 
                        Collection time: 9.298s 
                          Learning time: 0.116s 
                        Mean value loss: 10.1943
                    Mean surrogate loss: -0.0060
                      Mean entropy loss: 3.7778
                            Mean reward: -7.57
                    Mean episode length: 59.47
                        Mean action std: 0.86
--------------------------------------------------------------------------------
                         Iteration time: 9.41s
                           Time elapsed: 0:06:44
                                    ETA: 1:13:27

################################################################################
[1m                           Learning iteration 42/500                            [0m 

                               Run name: chase_v4_1024
                            Total steps: 1056768 
                       Steps per second: 2593 
                        Collection time: 9.361s 
                          Learning time: 0.116s 
                        Mean value loss: 8.9661
                    Mean surrogate loss: -0.0075
                      Mean entropy loss: 3.7693
                            Mean reward: -9.44
                    Mean episode length: 54.77
                        Mean action std: 0.85
--------------------------------------------------------------------------------
                         Iteration time: 9.48s
                           Time elapsed: 0:06:53
                                    ETA: 1:13:16

################################################################################
[1m                           Learning iteration 43/500                            [0m 

                               Run name: chase_v4_1024
                            Total steps: 1081344 
                       Steps per second: 2620 
                        Collection time: 9.261s 
                          Learning time: 0.116s 
                        Mean value loss: 10.5480
                    Mean surrogate loss: -0.0070
                      Mean entropy loss: 3.7493
                            Mean reward: -8.92
                    Mean episode length: 60.37
                        Mean action std: 0.85
--------------------------------------------------------------------------------
                         Iteration time: 9.38s
                           Time elapsed: 0:07:03
                                    ETA: 1:13:04

################################################################################
[1m                           Learning iteration 44/500                            [0m 

                               Run name: chase_v4_1024
                            Total steps: 1105920 
                       Steps per second: 2623 
                        Collection time: 9.251s 
                          Learning time: 0.117s 
                        Mean value loss: 9.6267
                    Mean surrogate loss: -0.0071
                      Mean entropy loss: 3.7024
                            Mean reward: -9.72
                    Mean episode length: 61.25
                        Mean action std: 0.83
--------------------------------------------------------------------------------
                         Iteration time: 9.37s
                           Time elapsed: 0:07:12
                                    ETA: 1:12:52

################################################################################
[1m                           Learning iteration 45/500                            [0m 

                               Run name: chase_v4_1024
                            Total steps: 1130496 
                       Steps per second: 2618 
                        Collection time: 9.267s 
                          Learning time: 0.117s 
                        Mean value loss: 10.3917
                    Mean surrogate loss: -0.0074
                      Mean entropy loss: 3.6689
                            Mean reward: -10.12
                    Mean episode length: 59.61
                        Mean action std: 0.83
--------------------------------------------------------------------------------
                         Iteration time: 9.38s
                           Time elapsed: 0:07:21
                                    ETA: 1:12:40

################################################################################
[1m                           Learning iteration 46/500                            [0m 

                               Run name: chase_v4_1024
                            Total steps: 1155072 
                       Steps per second: 2617 
                        Collection time: 9.274s 
                          Learning time: 0.117s 
                        Mean value loss: 8.1686
                    Mean surrogate loss: -0.0067
                      Mean entropy loss: 3.6478
                            Mean reward: -6.47
                    Mean episode length: 67.98
                        Mean action std: 0.82
--------------------------------------------------------------------------------
                         Iteration time: 9.39s
                           Time elapsed: 0:07:31
                                    ETA: 1:12:28

################################################################################
[1m                           Learning iteration 47/500                            [0m 

                               Run name: chase_v4_1024
                            Total steps: 1179648 
                       Steps per second: 2619 
                        Collection time: 9.265s 
                          Learning time: 0.117s 
                        Mean value loss: 8.4705
                    Mean surrogate loss: -0.0080
                      Mean entropy loss: 3.6265
                            Mean reward: -6.66
                    Mean episode length: 79.38
                        Mean action std: 0.82
--------------------------------------------------------------------------------
                         Iteration time: 9.38s
                           Time elapsed: 0:07:40
                                    ETA: 1:12:16

################################################################################
[1m                           Learning iteration 48/500                            [0m 

                               Run name: chase_v4_1024
                            Total steps: 1204224 
                       Steps per second: 2626 
                        Collection time: 9.244s 
                          Learning time: 0.114s 
                        Mean value loss: 6.7962
                    Mean surrogate loss: -0.0088
                      Mean entropy loss: 3.6015
                            Mean reward: -8.47
                    Mean episode length: 71.05
                        Mean action std: 0.81
--------------------------------------------------------------------------------
                         Iteration time: 9.36s
                           Time elapsed: 0:07:49
                                    ETA: 1:12:05

################################################################################
[1m                           Learning iteration 49/500                            [0m 

                               Run name: chase_v4_1024
                            Total steps: 1228800 
                       Steps per second: 2624 
                        Collection time: 9.247s 
                          Learning time: 0.116s 
                        Mean value loss: 6.5001
                    Mean surrogate loss: -0.0059
                      Mean entropy loss: 3.5724
                            Mean reward: -7.39
                    Mean episode length: 80.12
                        Mean action std: 0.80
--------------------------------------------------------------------------------
                         Iteration time: 9.36s
                           Time elapsed: 0:07:59
                                    ETA: 1:11:53

################################################################################
[1m                           Learning iteration 50/500                            [0m 

                               Run name: chase_v4_1024
                            Total steps: 1253376 
                       Steps per second: 2629 
                        Collection time: 9.227s 
                          Learning time: 0.118s 
                        Mean value loss: 6.7322
                    Mean surrogate loss: -0.0083
                      Mean entropy loss: 3.5424
                            Mean reward: -6.59
                    Mean episode length: 91.33
                        Mean action std: 0.79
--------------------------------------------------------------------------------
                         Iteration time: 9.35s
                           Time elapsed: 0:08:08
                                    ETA: 1:11:41

################################################################################
[1m                           Learning iteration 51/500                            [0m 

                               Run name: chase_v4_1024
                            Total steps: 1277952 
                       Steps per second: 2638 
                        Collection time: 9.196s 
                          Learning time: 0.117s 
                        Mean value loss: 6.0482
                    Mean surrogate loss: -0.0073
                      Mean entropy loss: 3.5201
                            Mean reward: -5.86
                    Mean episode length: 109.64
                        Mean action std: 0.79
--------------------------------------------------------------------------------
                         Iteration time: 9.31s
                           Time elapsed: 0:08:17
                                    ETA: 1:11:29

################################################################################
[1m                           Learning iteration 52/500                            [0m 

                               Run name: chase_v4_1024
                            Total steps: 1302528 
                       Steps per second: 2634 
                        Collection time: 9.212s 
                          Learning time: 0.117s 
                        Mean value loss: 5.6186
                    Mean surrogate loss: -0.0080
                      Mean entropy loss: 3.4971
                            Mean reward: -5.04
                    Mean episode length: 98.78
                        Mean action std: 0.78
--------------------------------------------------------------------------------
                         Iteration time: 9.33s
                           Time elapsed: 0:08:27
                                    ETA: 1:11:18

################################################################################
[1m                           Learning iteration 53/500                            [0m 

                               Run name: chase_v4_1024
                            Total steps: 1327104 
                       Steps per second: 2629 
                        Collection time: 9.233s 
                          Learning time: 0.114s 
                        Mean value loss: 6.5190
                    Mean surrogate loss: -0.0069
                      Mean entropy loss: 3.4569
                            Mean reward: -5.00
                    Mean episode length: 114.55
                        Mean action std: 0.77
--------------------------------------------------------------------------------
                         Iteration time: 9.35s
                           Time elapsed: 0:08:36
                                    ETA: 1:11:06

################################################################################
[1m                           Learning iteration 54/500                            [0m 

                               Run name: chase_v4_1024
                            Total steps: 1351680 
                       Steps per second: 2631 
                        Collection time: 9.226s 
                          Learning time: 0.114s 
                        Mean value loss: 6.2140
                    Mean surrogate loss: -0.0093
                      Mean entropy loss: 3.4060
                            Mean reward: -4.92
                    Mean episode length: 107.19
                        Mean action std: 0.76
--------------------------------------------------------------------------------
                         Iteration time: 9.34s
                           Time elapsed: 0:08:45
                                    ETA: 1:10:55

################################################################################
[1m                           Learning iteration 55/500                            [0m 

                               Run name: chase_v4_1024
                            Total steps: 1376256 
                       Steps per second: 2643 
                        Collection time: 9.181s 
                          Learning time: 0.116s 
                        Mean value loss: 4.3111
                    Mean surrogate loss: -0.0072
                      Mean entropy loss: 3.3689
                            Mean reward: 0.49
                    Mean episode length: 141.83
                        Mean action std: 0.75
--------------------------------------------------------------------------------
                         Iteration time: 9.30s
                           Time elapsed: 0:08:55
                                    ETA: 1:10:43

################################################################################
[1m                           Learning iteration 56/500                            [0m 

                               Run name: chase_v4_1024
                            Total steps: 1400832 
                       Steps per second: 2641 
                        Collection time: 9.189s 
                          Learning time: 0.116s 
                        Mean value loss: 4.4255
                    Mean surrogate loss: -0.0069
                      Mean entropy loss: 3.3465
                            Mean reward: -0.42
                    Mean episode length: 144.67
                        Mean action std: 0.75
--------------------------------------------------------------------------------
                         Iteration time: 9.30s
                           Time elapsed: 0:09:04
                                    ETA: 1:10:32

################################################################################
[1m                           Learning iteration 57/500                            [0m 

                               Run name: chase_v4_1024
                            Total steps: 1425408 
                       Steps per second: 2641 
                        Collection time: 9.189s 
                          Learning time: 0.117s 
                        Mean value loss: 4.2204
                    Mean surrogate loss: -0.0081
                      Mean entropy loss: 3.2874
                            Mean reward: 0.41
                    Mean episode length: 138.42
                        Mean action std: 0.73
--------------------------------------------------------------------------------
                         Iteration time: 9.31s
                           Time elapsed: 0:09:13
                                    ETA: 1:10:20

################################################################################
[1m                           Learning iteration 58/500                            [0m 

                               Run name: chase_v4_1024
                            Total steps: 1449984 
                       Steps per second: 2639 
                        Collection time: 9.194s 
                          Learning time: 0.116s 
                        Mean value loss: 5.0262
                    Mean surrogate loss: -0.0072
                      Mean entropy loss: 3.2168
                            Mean reward: -1.73
                    Mean episode length: 136.53
                        Mean action std: 0.71
--------------------------------------------------------------------------------
                         Iteration time: 9.31s
                           Time elapsed: 0:09:23
                                    ETA: 1:10:09

################################################################################
[1m                           Learning iteration 59/500                            [0m 

                               Run name: chase_v4_1024
                            Total steps: 1474560 
                       Steps per second: 2651 
                        Collection time: 9.152s 
                          Learning time: 0.117s 
                        Mean value loss: 4.6782
                    Mean surrogate loss: -0.0078
                      Mean entropy loss: 3.1790
                            Mean reward: -0.53
                    Mean episode length: 148.84
                        Mean action std: 0.71
--------------------------------------------------------------------------------
                         Iteration time: 9.27s
                           Time elapsed: 0:09:32
                                    ETA: 1:09:57

################################################################################
[1m                           Learning iteration 60/500                            [0m 

                               Run name: chase_v4_1024
                            Total steps: 1499136 
                       Steps per second: 2660 
                        Collection time: 9.123s 
                          Learning time: 0.114s 
                        Mean value loss: 4.4643
                    Mean surrogate loss: -0.0075
                      Mean entropy loss: 3.1488
                            Mean reward: 0.73
                    Mean episode length: 147.13
                        Mean action std: 0.70
--------------------------------------------------------------------------------
                         Iteration time: 9.24s
                           Time elapsed: 0:09:41
                                    ETA: 1:09:46

################################################################################
[1m                           Learning iteration 61/500                            [0m 

                               Run name: chase_v4_1024
                            Total steps: 1523712 
                       Steps per second: 2621 
                        Collection time: 9.258s 
                          Learning time: 0.115s 
                        Mean value loss: 3.5776
                    Mean surrogate loss: -0.0100
                      Mean entropy loss: 3.1046
                            Mean reward: 1.77
                    Mean episode length: 165.66
                        Mean action std: 0.69
--------------------------------------------------------------------------------
                         Iteration time: 9.37s
                           Time elapsed: 0:09:51
                                    ETA: 1:09:35

################################################################################
[1m                           Learning iteration 62/500                            [0m 

                               Run name: chase_v4_1024
                            Total steps: 1548288 
                       Steps per second: 2678 
                        Collection time: 9.060s 
                          Learning time: 0.115s 
                        Mean value loss: 4.7704
                    Mean surrogate loss: -0.0081
                      Mean entropy loss: 3.0533
                            Mean reward: 3.61
                    Mean episode length: 167.65
                        Mean action std: 0.68
--------------------------------------------------------------------------------
                         Iteration time: 9.17s
                           Time elapsed: 0:10:00
                                    ETA: 1:09:23

################################################################################
[1m                           Learning iteration 63/500                            [0m 

                               Run name: chase_v4_1024
                            Total steps: 1572864 
                       Steps per second: 2706 
                        Collection time: 8.965s 
                          Learning time: 0.116s 
                        Mean value loss: 3.5782
                    Mean surrogate loss: -0.0070
                      Mean entropy loss: 3.0260
                            Mean reward: 2.98
                    Mean episode length: 175.24
                        Mean action std: 0.67
--------------------------------------------------------------------------------
                         Iteration time: 9.08s
                           Time elapsed: 0:10:09
                                    ETA: 1:09:10

################################################################################
[1m                           Learning iteration 64/500                            [0m 

                               Run name: chase_v4_1024
                            Total steps: 1597440 
                       Steps per second: 2512 
                        Collection time: 9.666s 
                          Learning time: 0.117s 
                        Mean value loss: 3.2943
                    Mean surrogate loss: -0.0082
                      Mean entropy loss: 3.0057
                            Mean reward: 2.46
                    Mean episode length: 157.78
                        Mean action std: 0.67
--------------------------------------------------------------------------------
                         Iteration time: 9.78s
                           Time elapsed: 0:10:19
                                    ETA: 1:09:03

################################################################################
[1m                           Learning iteration 65/500                            [0m 

                               Run name: chase_v4_1024
                            Total steps: 1622016 
                       Steps per second: 2503 
                        Collection time: 9.702s 
                          Learning time: 0.117s 
                        Mean value loss: 2.9789
                    Mean surrogate loss: -0.0074
                      Mean entropy loss: 2.9663
                            Mean reward: 7.30
                    Mean episode length: 201.40
                        Mean action std: 0.66
--------------------------------------------------------------------------------
                         Iteration time: 9.82s
                           Time elapsed: 0:10:28
                                    ETA: 1:08:55

################################################################################
[1m                           Learning iteration 66/500                            [0m 

                               Run name: chase_v4_1024
                            Total steps: 1646592 
                       Steps per second: 2517 
                        Collection time: 9.644s 
                          Learning time: 0.118s 
                        Mean value loss: 2.5001
                    Mean surrogate loss: -0.0077
                      Mean entropy loss: 2.9276
                            Mean reward: 5.60
                    Mean episode length: 193.99
                        Mean action std: 0.65
--------------------------------------------------------------------------------
                         Iteration time: 9.76s
                           Time elapsed: 0:10:38
                                    ETA: 1:08:47

################################################################################
[1m                           Learning iteration 67/500                            [0m 

                               Run name: chase_v4_1024
                            Total steps: 1671168 
                       Steps per second: 2516 
                        Collection time: 9.648s 
                          Learning time: 0.116s 
                        Mean value loss: 2.5467
                    Mean surrogate loss: -0.0079
                      Mean entropy loss: 2.8903
                            Mean reward: 4.46
                    Mean episode length: 189.24
                        Mean action std: 0.64
--------------------------------------------------------------------------------
                         Iteration time: 9.76s
                           Time elapsed: 0:10:48
                                    ETA: 1:08:39

################################################################################
[1m                           Learning iteration 68/500                            [0m 

                               Run name: chase_v4_1024
                            Total steps: 1695744 
                       Steps per second: 2528 
                        Collection time: 9.604s 
                          Learning time: 0.116s 
                        Mean value loss: 3.3172
                    Mean surrogate loss: -0.0084
                      Mean entropy loss: 2.8494
                            Mean reward: 5.29
                    Mean episode length: 186.83
                        Mean action std: 0.64
--------------------------------------------------------------------------------
                         Iteration time: 9.72s
                           Time elapsed: 0:10:58
                                    ETA: 1:08:31

################################################################################
[1m                           Learning iteration 69/500                            [0m 

                               Run name: chase_v4_1024
                            Total steps: 1720320 
                       Steps per second: 2541 
                        Collection time: 9.553s 
                          Learning time: 0.116s 
                        Mean value loss: 2.2763
                    Mean surrogate loss: -0.0089
                      Mean entropy loss: 2.8268
                            Mean reward: 5.47
                    Mean episode length: 188.41
                        Mean action std: 0.63
--------------------------------------------------------------------------------
                         Iteration time: 9.67s
                           Time elapsed: 0:11:07
                                    ETA: 1:08:22

################################################################################
[1m                           Learning iteration 70/500                            [0m 

                               Run name: chase_v4_1024
                            Total steps: 1744896 
                       Steps per second: 2541 
                        Collection time: 9.553s 
                          Learning time: 0.119s 
                        Mean value loss: 2.2654
                    Mean surrogate loss: -0.0064
                      Mean entropy loss: 2.7795
                            Mean reward: 4.56
                    Mean episode length: 186.12
                        Mean action std: 0.63
--------------------------------------------------------------------------------
                         Iteration time: 9.67s
                           Time elapsed: 0:11:17
                                    ETA: 1:08:13

################################################################################
[1m                           Learning iteration 71/500                            [0m 

                               Run name: chase_v4_1024
                            Total steps: 1769472 
                       Steps per second: 2536 
                        Collection time: 9.568s 
                          Learning time: 0.119s 
                        Mean value loss: 2.5302
                    Mean surrogate loss: -0.0075
                      Mean entropy loss: 2.7445
                            Mean reward: 5.27
                    Mean episode length: 193.72
                        Mean action std: 0.62
--------------------------------------------------------------------------------
                         Iteration time: 9.69s
                           Time elapsed: 0:11:27
                                    ETA: 1:08:04

################################################################################
[1m                           Learning iteration 72/500                            [0m 

                               Run name: chase_v4_1024
                            Total steps: 1794048 
                       Steps per second: 2551 
                        Collection time: 9.510s 
                          Learning time: 0.121s 
                        Mean value loss: 2.1001
                    Mean surrogate loss: -0.0069
                      Mean entropy loss: 2.7016
                            Mean reward: 6.64
                    Mean episode length: 190.91
                        Mean action std: 0.61
--------------------------------------------------------------------------------
                         Iteration time: 9.63s
                           Time elapsed: 0:11:36
                                    ETA: 1:07:55

################################################################################
[1m                           Learning iteration 73/500                            [0m 

                               Run name: chase_v4_1024
                            Total steps: 1818624 
                       Steps per second: 2556 
                        Collection time: 9.495s 
                          Learning time: 0.117s 
                        Mean value loss: 2.2892
                    Mean surrogate loss: -0.0075
                      Mean entropy loss: 2.6641
                            Mean reward: 6.12
                    Mean episode length: 201.50
                        Mean action std: 0.60
--------------------------------------------------------------------------------
                         Iteration time: 9.61s
                           Time elapsed: 0:11:46
                                    ETA: 1:07:46

################################################################################
[1m                           Learning iteration 74/500                            [0m 

                               Run name: chase_v4_1024
                            Total steps: 1843200 
                       Steps per second: 2558 
                        Collection time: 9.489s 
                          Learning time: 0.118s 
                        Mean value loss: 1.0110
                    Mean surrogate loss: -0.0077
                      Mean entropy loss: 2.6171
                            Mean reward: 8.81
                    Mean episode length: 212.64
                        Mean action std: 0.59
--------------------------------------------------------------------------------
                         Iteration time: 9.61s
                           Time elapsed: 0:11:56
                                    ETA: 1:07:37

################################################################################
[1m                           Learning iteration 75/500                            [0m 

                               Run name: chase_v4_1024
                            Total steps: 1867776 
                       Steps per second: 2557 
                        Collection time: 9.491s 
                          Learning time: 0.118s 
                        Mean value loss: 1.2642
                    Mean surrogate loss: -0.0076
                      Mean entropy loss: 2.5696
                            Mean reward: 9.46
                    Mean episode length: 211.97
                        Mean action std: 0.59
--------------------------------------------------------------------------------
                         Iteration time: 9.61s
                           Time elapsed: 0:12:05
                                    ETA: 1:07:28

################################################################################
[1m                           Learning iteration 76/500                            [0m 

                               Run name: chase_v4_1024
                            Total steps: 1892352 
                       Steps per second: 2564 
                        Collection time: 9.465s 
                          Learning time: 0.118s 
                        Mean value loss: 0.9812
                    Mean surrogate loss: -0.0062
                      Mean entropy loss: 2.5429
                            Mean reward: 10.20
                    Mean episode length: 218.51
                        Mean action std: 0.59
--------------------------------------------------------------------------------
                         Iteration time: 9.58s
                           Time elapsed: 0:12:15
                                    ETA: 1:07:18

################################################################################
[1m                           Learning iteration 77/500                            [0m 

                               Run name: chase_v4_1024
                            Total steps: 1916928 
                       Steps per second: 2571 
                        Collection time: 9.439s 
                          Learning time: 0.118s 
                        Mean value loss: 0.9436
                    Mean surrogate loss: -0.0056
                      Mean entropy loss: 2.5096
                            Mean reward: 9.34
                    Mean episode length: 225.41
                        Mean action std: 0.58
--------------------------------------------------------------------------------
                         Iteration time: 9.56s
                           Time elapsed: 0:12:24
                                    ETA: 1:07:09

################################################################################
[1m                           Learning iteration 78/500                            [0m 

                               Run name: chase_v4_1024
                            Total steps: 1941504 
                       Steps per second: 2575 
                        Collection time: 9.425s 
                          Learning time: 0.115s 
                        Mean value loss: 0.7754
                    Mean surrogate loss: -0.0054
                      Mean entropy loss: 2.4621
                            Mean reward: 9.53
                    Mean episode length: 218.32
                        Mean action std: 0.57
--------------------------------------------------------------------------------
                         Iteration time: 9.54s
                           Time elapsed: 0:12:34
                                    ETA: 1:06:59

################################################################################
[1m                           Learning iteration 79/500                            [0m 

                               Run name: chase_v4_1024
                            Total steps: 1966080 
                       Steps per second: 2587 
                        Collection time: 9.381s 
                          Learning time: 0.117s 
                        Mean value loss: 0.8291
                    Mean surrogate loss: -0.0059
                      Mean entropy loss: 2.4583
                            Mean reward: 10.32
                    Mean episode length: 226.79
                        Mean action std: 0.57
--------------------------------------------------------------------------------
                         Iteration time: 9.50s
                           Time elapsed: 0:12:43
                                    ETA: 1:06:50

################################################################################
[1m                           Learning iteration 80/500                            [0m 

                               Run name: chase_v4_1024
                            Total steps: 1990656 
                       Steps per second: 2589 
                        Collection time: 9.367s 
                          Learning time: 0.124s 
                        Mean value loss: 0.6035
                    Mean surrogate loss: -0.0056
                      Mean entropy loss: 2.4141
                            Mean reward: 11.02
                    Mean episode length: 229.86
                        Mean action std: 0.56
--------------------------------------------------------------------------------
                         Iteration time: 9.49s
                           Time elapsed: 0:12:53
                                    ETA: 1:06:40

################################################################################
[1m                           Learning iteration 81/500                            [0m 

                               Run name: chase_v4_1024
                            Total steps: 2015232 
                       Steps per second: 2591 
                        Collection time: 9.367s 
                          Learning time: 0.118s 
                        Mean value loss: 0.5538
                    Mean surrogate loss: -0.0056
                      Mean entropy loss: 2.3538
                            Mean reward: 11.81
                    Mean episode length: 236.03
                        Mean action std: 0.55
--------------------------------------------------------------------------------
                         Iteration time: 9.48s
                           Time elapsed: 0:13:02
                                    ETA: 1:06:30

################################################################################
[1m                           Learning iteration 82/500                            [0m 

                               Run name: chase_v4_1024
                            Total steps: 2039808 
                       Steps per second: 2588 
                        Collection time: 9.375s 
                          Learning time: 0.118s 
                        Mean value loss: 0.7854
                    Mean surrogate loss: -0.0067
                      Mean entropy loss: 2.3242
                            Mean reward: 11.42
                    Mean episode length: 230.11
                        Mean action std: 0.55
--------------------------------------------------------------------------------
                         Iteration time: 9.49s
                           Time elapsed: 0:13:12
                                    ETA: 1:06:20

################################################################################
[1m                           Learning iteration 83/500                            [0m 

                               Run name: chase_v4_1024
                            Total steps: 2064384 
                       Steps per second: 2594 
                        Collection time: 9.354s 
                          Learning time: 0.118s 
                        Mean value loss: 0.4437
                    Mean surrogate loss: -0.0058
                      Mean entropy loss: 2.2818
                            Mean reward: 11.14
                    Mean episode length: 226.80
                        Mean action std: 0.54
--------------------------------------------------------------------------------
                         Iteration time: 9.47s
                           Time elapsed: 0:13:21
                                    ETA: 1:06:10

################################################################################
[1m                           Learning iteration 84/500                            [0m 

                               Run name: chase_v4_1024
                            Total steps: 2088960 
                       Steps per second: 2594 
                        Collection time: 9.355s 
                          Learning time: 0.117s 
                        Mean value loss: 0.5320
                    Mean surrogate loss: -0.0050
                      Mean entropy loss: 2.2430
                            Mean reward: 11.21
                    Mean episode length: 229.82
                        Mean action std: 0.53
--------------------------------------------------------------------------------
                         Iteration time: 9.47s
                           Time elapsed: 0:13:31
                                    ETA: 1:06:00

################################################################################
[1m                           Learning iteration 85/500                            [0m 

                               Run name: chase_v4_1024
                            Total steps: 2113536 
                       Steps per second: 2595 
                        Collection time: 9.350s 
                          Learning time: 0.118s 
                        Mean value loss: 0.5312
                    Mean surrogate loss: -0.0057
                      Mean entropy loss: 2.2212
                            Mean reward: 10.79
                    Mean episode length: 230.54
                        Mean action std: 0.53
--------------------------------------------------------------------------------
                         Iteration time: 9.47s
                           Time elapsed: 0:13:40
                                    ETA: 1:05:50

################################################################################
[1m                           Learning iteration 86/500                            [0m 

                               Run name: chase_v4_1024
                            Total steps: 2138112 
                       Steps per second: 2590 
                        Collection time: 9.369s 
                          Learning time: 0.118s 
                        Mean value loss: 0.3590
                    Mean surrogate loss: -0.0024
                      Mean entropy loss: 2.2151
                            Mean reward: 10.54
                    Mean episode length: 232.13
                        Mean action std: 0.53
--------------------------------------------------------------------------------
                         Iteration time: 9.49s
                           Time elapsed: 0:13:50
                                    ETA: 1:05:41

################################################################################
[1m                           Learning iteration 87/500                            [0m 

                               Run name: chase_v4_1024
                            Total steps: 2162688 
                       Steps per second: 2597 
                        Collection time: 9.345s 
                          Learning time: 0.118s 
                        Mean value loss: 0.3640
                    Mean surrogate loss: -0.0036
                      Mean entropy loss: 2.2053
                            Mean reward: 12.20
                    Mean episode length: 237.43
                        Mean action std: 0.53
--------------------------------------------------------------------------------
                         Iteration time: 9.46s
                           Time elapsed: 0:13:59
                                    ETA: 1:05:31

################################################################################
[1m                           Learning iteration 88/500                            [0m 

                               Run name: chase_v4_1024
                            Total steps: 2187264 
                       Steps per second: 2600 
                        Collection time: 9.333s 
                          Learning time: 0.117s 
                        Mean value loss: 0.2798
                    Mean surrogate loss: -0.0047
                      Mean entropy loss: 2.1951
                            Mean reward: 11.53
                    Mean episode length: 236.39
                        Mean action std: 0.53
--------------------------------------------------------------------------------
                         Iteration time: 9.45s
                           Time elapsed: 0:14:09
                                    ETA: 1:05:21

################################################################################
[1m                           Learning iteration 89/500                            [0m 

                               Run name: chase_v4_1024
                            Total steps: 2211840 
                       Steps per second: 2601 
                        Collection time: 9.330s 
                          Learning time: 0.116s 
                        Mean value loss: 0.1978
                    Mean surrogate loss: -0.0055
                      Mean entropy loss: 2.1634
                            Mean reward: 12.35
                    Mean episode length: 237.84
                        Mean action std: 0.52
--------------------------------------------------------------------------------
                         Iteration time: 9.45s
                           Time elapsed: 0:14:18
                                    ETA: 1:05:11

################################################################################
[1m                           Learning iteration 90/500                            [0m 

                               Run name: chase_v4_1024
                            Total steps: 2236416 
                       Steps per second: 2590 
                        Collection time: 9.369s 
                          Learning time: 0.117s 
                        Mean value loss: 0.5462
                    Mean surrogate loss: -0.0043
                      Mean entropy loss: 2.1280
                            Mean reward: 10.10
                    Mean episode length: 230.97
                        Mean action std: 0.52
--------------------------------------------------------------------------------
                         Iteration time: 9.49s
                           Time elapsed: 0:14:28
                                    ETA: 1:05:01

################################################################################
[1m                           Learning iteration 91/500                            [0m 

                               Run name: chase_v4_1024
                            Total steps: 2260992 
                       Steps per second: 2601 
                        Collection time: 9.331s 
                          Learning time: 0.115s 
                        Mean value loss: 0.2550
                    Mean surrogate loss: -0.0053
                      Mean entropy loss: 2.1210
                            Mean reward: 10.95
                    Mean episode length: 237.44
                        Mean action std: 0.52
--------------------------------------------------------------------------------
                         Iteration time: 9.45s
                           Time elapsed: 0:14:37
                                    ETA: 1:04:51

################################################################################
[1m                           Learning iteration 92/500                            [0m 

                               Run name: chase_v4_1024
                            Total steps: 2285568 
                       Steps per second: 2599 
                        Collection time: 9.336s 
                          Learning time: 0.116s 
                        Mean value loss: 0.3508
                    Mean surrogate loss: -0.0052
                      Mean entropy loss: 2.1146
                            Mean reward: 10.56
                    Mean episode length: 233.74
                        Mean action std: 0.52
--------------------------------------------------------------------------------
                         Iteration time: 9.45s
                           Time elapsed: 0:14:46
                                    ETA: 1:04:41

################################################################################
[1m                           Learning iteration 93/500                            [0m 

                               Run name: chase_v4_1024
                            Total steps: 2310144 
                       Steps per second: 2603 
                        Collection time: 9.324s 
                          Learning time: 0.117s 
                        Mean value loss: 0.2484
                    Mean surrogate loss: -0.0038
                      Mean entropy loss: 2.1190
                            Mean reward: 10.91
                    Mean episode length: 234.65
                        Mean action std: 0.52
--------------------------------------------------------------------------------
                         Iteration time: 9.44s
                           Time elapsed: 0:14:56
                                    ETA: 1:04:31

################################################################################
[1m                           Learning iteration 94/500                            [0m 

                               Run name: chase_v4_1024
                            Total steps: 2334720 
                       Steps per second: 2609 
                        Collection time: 9.300s 
                          Learning time: 0.117s 
                        Mean value loss: 0.2091
                    Mean surrogate loss: -0.0049
                      Mean entropy loss: 2.1146
                            Mean reward: 11.41
                    Mean episode length: 237.69
                        Mean action std: 0.52
--------------------------------------------------------------------------------
                         Iteration time: 9.42s
                           Time elapsed: 0:15:05
                                    ETA: 1:04:21

################################################################################
[1m                           Learning iteration 95/500                            [0m 

                               Run name: chase_v4_1024
                            Total steps: 2359296 
                       Steps per second: 2612 
                        Collection time: 9.289s 
                          Learning time: 0.117s 
                        Mean value loss: 0.4990
                    Mean surrogate loss: -0.0048
                      Mean entropy loss: 2.0915
                            Mean reward: 11.49
                    Mean episode length: 236.59
                        Mean action std: 0.51
--------------------------------------------------------------------------------
                         Iteration time: 9.41s
                           Time elapsed: 0:15:15
                                    ETA: 1:04:11

################################################################################
[1m                           Learning iteration 96/500                            [0m 

                               Run name: chase_v4_1024
                            Total steps: 2383872 
                       Steps per second: 2597 
                        Collection time: 9.344s 
                          Learning time: 0.119s 
                        Mean value loss: 0.7800
                    Mean surrogate loss: -0.0050
                      Mean entropy loss: 2.0962
                            Mean reward: 10.48
                    Mean episode length: 230.22
                        Mean action std: 0.52
--------------------------------------------------------------------------------
                         Iteration time: 9.46s
                           Time elapsed: 0:15:24
                                    ETA: 1:04:01

################################################################################
[1m                           Learning iteration 97/500                            [0m 

                               Run name: chase_v4_1024
                            Total steps: 2408448 
                       Steps per second: 2597 
                        Collection time: 9.343s 
                          Learning time: 0.118s 
                        Mean value loss: 0.6688
                    Mean surrogate loss: -0.0057
                      Mean entropy loss: 2.1117
                            Mean reward: 9.43
                    Mean episode length: 225.03
                        Mean action std: 0.52
--------------------------------------------------------------------------------
                         Iteration time: 9.46s
                           Time elapsed: 0:15:34
                                    ETA: 1:03:51

################################################################################
[1m                           Learning iteration 98/500                            [0m 

                               Run name: chase_v4_1024
                            Total steps: 2433024 
                       Steps per second: 2614 
                        Collection time: 9.281s 
                          Learning time: 0.118s 
                        Mean value loss: 0.4326
                    Mean surrogate loss: -0.0047
                      Mean entropy loss: 2.1050
                            Mean reward: 11.19
                    Mean episode length: 237.01
                        Mean action std: 0.52
--------------------------------------------------------------------------------
                         Iteration time: 9.40s
                           Time elapsed: 0:15:43
                                    ETA: 1:03:41

################################################################################
[1m                           Learning iteration 99/500                            [0m 

                               Run name: chase_v4_1024
                            Total steps: 2457600 
                       Steps per second: 2615 
                        Collection time: 9.277s 
                          Learning time: 0.118s 
                        Mean value loss: 0.2246
                    Mean surrogate loss: -0.0045
                      Mean entropy loss: 2.0884
                            Mean reward: 11.48
                    Mean episode length: 234.96
                        Mean action std: 0.51
--------------------------------------------------------------------------------
                         Iteration time: 9.40s
                           Time elapsed: 0:15:52
                                    ETA: 1:03:31

################################################################################
[1m                           Learning iteration 100/500                           [0m 

                               Run name: chase_v4_1024
                            Total steps: 2482176 
                       Steps per second: 2617 
                        Collection time: 9.270s 
                          Learning time: 0.119s 
                        Mean value loss: 0.1532
                    Mean surrogate loss: -0.0059
                      Mean entropy loss: 2.0687
                            Mean reward: 12.34
                    Mean episode length: 237.04
                        Mean action std: 0.51
--------------------------------------------------------------------------------
                         Iteration time: 9.39s
                           Time elapsed: 0:16:02
                                    ETA: 1:03:21

################################################################################
[1m                           Learning iteration 101/500                           [0m 

                               Run name: chase_v4_1024
                            Total steps: 2506752 
                       Steps per second: 2600 
                        Collection time: 9.333s 
                          Learning time: 0.118s 
                        Mean value loss: 0.4183
                    Mean surrogate loss: -0.0046
                      Mean entropy loss: 2.0596
                            Mean reward: 11.16
                    Mean episode length: 236.16
                        Mean action std: 0.51
--------------------------------------------------------------------------------
                         Iteration time: 9.45s
                           Time elapsed: 0:16:11
                                    ETA: 1:03:11

################################################################################
[1m                           Learning iteration 102/500                           [0m 

                               Run name: chase_v4_1024
                            Total steps: 2531328 
                       Steps per second: 2607 
                        Collection time: 9.308s 
                          Learning time: 0.118s 
                        Mean value loss: 0.4215
                    Mean surrogate loss: -0.0037
                      Mean entropy loss: 2.0626
                            Mean reward: 11.00
                    Mean episode length: 230.60
                        Mean action std: 0.51
--------------------------------------------------------------------------------
                         Iteration time: 9.43s
                           Time elapsed: 0:16:21
                                    ETA: 1:03:01

################################################################################
[1m                           Learning iteration 103/500                           [0m 

                               Run name: chase_v4_1024
                            Total steps: 2555904 
                       Steps per second: 2587 
                        Collection time: 9.375s 
                          Learning time: 0.121s 
                        Mean value loss: 0.3003
                    Mean surrogate loss: -0.0042
                      Mean entropy loss: 2.0564
                            Mean reward: 11.82
                    Mean episode length: 239.54
                        Mean action std: 0.51
--------------------------------------------------------------------------------
                         Iteration time: 9.50s
                           Time elapsed: 0:16:30
                                    ETA: 1:02:52

################################################################################
[1m                           Learning iteration 104/500                           [0m 

                               Run name: chase_v4_1024
                            Total steps: 2580480 
                       Steps per second: 2598 
                        Collection time: 9.339s 
                          Learning time: 0.118s 
                        Mean value loss: 0.2301
                    Mean surrogate loss: -0.0057
                      Mean entropy loss: 2.0499
                            Mean reward: 11.04
                    Mean episode length: 234.46
                        Mean action std: 0.50
--------------------------------------------------------------------------------
                         Iteration time: 9.46s
                           Time elapsed: 0:16:40
                                    ETA: 1:02:42

################################################################################
[1m                           Learning iteration 105/500                           [0m 

                               Run name: chase_v4_1024
                            Total steps: 2605056 
                       Steps per second: 2597 
                        Collection time: 9.342s 
                          Learning time: 0.119s 
                        Mean value loss: 0.3842
                    Mean surrogate loss: -0.0051
                      Mean entropy loss: 2.0331
                            Mean reward: 10.49
                    Mean episode length: 231.33
                        Mean action std: 0.50
--------------------------------------------------------------------------------
                         Iteration time: 9.46s
                           Time elapsed: 0:16:49
                                    ETA: 1:02:32

################################################################################
[1m                           Learning iteration 106/500                           [0m 

                               Run name: chase_v4_1024
                            Total steps: 2629632 
                       Steps per second: 2580 
                        Collection time: 9.408s 
                          Learning time: 0.116s 
                        Mean value loss: 0.2745
                    Mean surrogate loss: -0.0045
                      Mean entropy loss: 2.0329
                            Mean reward: 10.84
                    Mean episode length: 229.52
                        Mean action std: 0.50
--------------------------------------------------------------------------------
                         Iteration time: 9.52s
                           Time elapsed: 0:16:59
                                    ETA: 1:02:23

################################################################################
[1m                           Learning iteration 107/500                           [0m 

                               Run name: chase_v4_1024
                            Total steps: 2654208 
                       Steps per second: 2614 
                        Collection time: 9.283s 
                          Learning time: 0.118s 
                        Mean value loss: 0.3515
                    Mean surrogate loss: -0.0052
                      Mean entropy loss: 2.0420
                            Mean reward: 10.69
                    Mean episode length: 228.32
                        Mean action std: 0.50
--------------------------------------------------------------------------------
                         Iteration time: 9.40s
                           Time elapsed: 0:17:08
                                    ETA: 1:02:13

################################################################################
[1m                           Learning iteration 108/500                           [0m 

                               Run name: chase_v4_1024
                            Total steps: 2678784 
                       Steps per second: 2611 
                        Collection time: 9.294s 
                          Learning time: 0.116s 
                        Mean value loss: 0.4379
                    Mean surrogate loss: -0.0054
                      Mean entropy loss: 2.0641
                            Mean reward: 11.42
                    Mean episode length: 233.70
                        Mean action std: 0.51
--------------------------------------------------------------------------------
                         Iteration time: 9.41s
                           Time elapsed: 0:17:17
                                    ETA: 1:02:03

################################################################################
[1m                           Learning iteration 109/500                           [0m 

                               Run name: chase_v4_1024
                            Total steps: 2703360 
                       Steps per second: 2598 
                        Collection time: 9.334s 
                          Learning time: 0.123s 
                        Mean value loss: 0.4664
                    Mean surrogate loss: -0.0048
                      Mean entropy loss: 2.0670
                            Mean reward: 9.94
                    Mean episode length: 226.09
                        Mean action std: 0.51
--------------------------------------------------------------------------------
                         Iteration time: 9.46s
                           Time elapsed: 0:17:27
                                    ETA: 1:01:53

################################################################################
[1m                           Learning iteration 110/500                           [0m 

                               Run name: chase_v4_1024
                            Total steps: 2727936 
                       Steps per second: 2589 
                        Collection time: 9.376s 
                          Learning time: 0.116s 
                        Mean value loss: 0.3368
                    Mean surrogate loss: -0.0051
                      Mean entropy loss: 2.0461
                            Mean reward: 10.76
                    Mean episode length: 237.10
                        Mean action std: 0.50
--------------------------------------------------------------------------------
                         Iteration time: 9.49s
                           Time elapsed: 0:17:36
                                    ETA: 1:01:43

################################################################################
[1m                           Learning iteration 111/500                           [0m 

                               Run name: chase_v4_1024
                            Total steps: 2752512 
                       Steps per second: 2598 
                        Collection time: 9.338s 
                          Learning time: 0.119s 
                        Mean value loss: 0.3040
                    Mean surrogate loss: -0.0036
                      Mean entropy loss: 2.0381
                            Mean reward: 10.77
                    Mean episode length: 236.30
                        Mean action std: 0.50
--------------------------------------------------------------------------------
                         Iteration time: 9.46s
                           Time elapsed: 0:17:46
                                    ETA: 1:01:34

################################################################################
[1m                           Learning iteration 112/500                           [0m 

                               Run name: chase_v4_1024
                            Total steps: 2777088 
                       Steps per second: 2605 
                        Collection time: 9.313s 
                          Learning time: 0.119s 
                        Mean value loss: 0.3613
                    Mean surrogate loss: -0.0031
                      Mean entropy loss: 2.0175
                            Mean reward: 11.94
                    Mean episode length: 237.40
                        Mean action std: 0.50
--------------------------------------------------------------------------------
                         Iteration time: 9.43s
                           Time elapsed: 0:17:55
                                    ETA: 1:01:24

################################################################################
[1m                           Learning iteration 113/500                           [0m 

                               Run name: chase_v4_1024
                            Total steps: 2801664 
                       Steps per second: 2603 
                        Collection time: 9.323s 
                          Learning time: 0.117s 
                        Mean value loss: 0.3376
                    Mean surrogate loss: -0.0045
                      Mean entropy loss: 2.0180
                            Mean reward: 11.12
                    Mean episode length: 234.01
                        Mean action std: 0.50
--------------------------------------------------------------------------------
                         Iteration time: 9.44s
                           Time elapsed: 0:18:05
                                    ETA: 1:01:14

################################################################################
[1m                           Learning iteration 114/500                           [0m 

                               Run name: chase_v4_1024
                            Total steps: 2826240 
                       Steps per second: 2586 
                        Collection time: 9.388s 
                          Learning time: 0.115s 
                        Mean value loss: 0.5662
                    Mean surrogate loss: -0.0046
                      Mean entropy loss: 2.0353
                            Mean reward: 10.48
                    Mean episode length: 224.67
                        Mean action std: 0.50
--------------------------------------------------------------------------------
                         Iteration time: 9.50s
                           Time elapsed: 0:18:14
                                    ETA: 1:01:04

################################################################################
[1m                           Learning iteration 115/500                           [0m 

                               Run name: chase_v4_1024
                            Total steps: 2850816 
                       Steps per second: 2596 
                        Collection time: 9.342s 
                          Learning time: 0.122s 
                        Mean value loss: 0.3224
                    Mean surrogate loss: -0.0048
                      Mean entropy loss: 2.0348
                            Mean reward: 10.74
                    Mean episode length: 231.69
                        Mean action std: 0.50
--------------------------------------------------------------------------------
                         Iteration time: 9.46s
                           Time elapsed: 0:18:24
                                    ETA: 1:00:55

################################################################################
[1m                           Learning iteration 116/500                           [0m 

                               Run name: chase_v4_1024
                            Total steps: 2875392 
                       Steps per second: 2606 
                        Collection time: 9.311s 
                          Learning time: 0.118s 
                        Mean value loss: 1.2401
                    Mean surrogate loss: -0.0059
                      Mean entropy loss: 2.0382
                            Mean reward: 9.05
                    Mean episode length: 217.84
                        Mean action std: 0.50
--------------------------------------------------------------------------------
                         Iteration time: 9.43s
                           Time elapsed: 0:18:33
                                    ETA: 1:00:45

################################################################################
[1m                           Learning iteration 117/500                           [0m 

                               Run name: chase_v4_1024
                            Total steps: 2899968 
                       Steps per second: 2591 
                        Collection time: 9.365s 
                          Learning time: 0.118s 
                        Mean value loss: 0.5510
                    Mean surrogate loss: -0.0042
                      Mean entropy loss: 2.0466
                            Mean reward: 10.99
                    Mean episode length: 230.54
                        Mean action std: 0.50
--------------------------------------------------------------------------------
                         Iteration time: 9.48s
                           Time elapsed: 0:18:43
                                    ETA: 1:00:35

################################################################################
[1m                           Learning iteration 118/500                           [0m 

                               Run name: chase_v4_1024
                            Total steps: 2924544 
                       Steps per second: 2602 
                        Collection time: 9.326s 
                          Learning time: 0.117s 
                        Mean value loss: 0.3966
                    Mean surrogate loss: -0.0057
                      Mean entropy loss: 2.0421
                            Mean reward: 9.75
                    Mean episode length: 225.68
                        Mean action std: 0.50
--------------------------------------------------------------------------------
                         Iteration time: 9.44s
                           Time elapsed: 0:18:52
                                    ETA: 1:00:26

################################################################################
[1m                           Learning iteration 119/500                           [0m 

                               Run name: chase_v4_1024
                            Total steps: 2949120 
                       Steps per second: 2609 
                        Collection time: 9.299s 
                          Learning time: 0.118s 
                        Mean value loss: 0.4603
                    Mean surrogate loss: -0.0052
                      Mean entropy loss: 2.0183
                            Mean reward: 11.16
                    Mean episode length: 230.11
                        Mean action std: 0.50
--------------------------------------------------------------------------------
                         Iteration time: 9.42s
                           Time elapsed: 0:19:01
                                    ETA: 1:00:16

################################################################################
[1m                           Learning iteration 120/500                           [0m 

                               Run name: chase_v4_1024
                            Total steps: 2973696 
                       Steps per second: 2599 
                        Collection time: 9.336s 
                          Learning time: 0.119s 
                        Mean value loss: 0.8342
                    Mean surrogate loss: -0.0038
                      Mean entropy loss: 2.0081
                            Mean reward: 11.61
                    Mean episode length: 238.07
                        Mean action std: 0.50
--------------------------------------------------------------------------------
                         Iteration time: 9.45s
                           Time elapsed: 0:19:11
                                    ETA: 1:00:06

################################################################################
[1m                           Learning iteration 121/500                           [0m 

                               Run name: chase_v4_1024
                            Total steps: 2998272 
                       Steps per second: 2603 
                        Collection time: 9.320s 
                          Learning time: 0.118s 
                        Mean value loss: 0.1704
                    Mean surrogate loss: -0.0025
                      Mean entropy loss: 2.0092
                            Mean reward: 11.94
                    Mean episode length: 239.45
                        Mean action std: 0.50
--------------------------------------------------------------------------------
                         Iteration time: 9.44s
                           Time elapsed: 0:19:20
                                    ETA: 0:59:56

################################################################################
[1m                           Learning iteration 122/500                           [0m 

                               Run name: chase_v4_1024
                            Total steps: 3022848 
                       Steps per second: 2575 
                        Collection time: 9.421s 
                          Learning time: 0.122s 
                        Mean value loss: 0.3987
                    Mean surrogate loss: -0.0043
                      Mean entropy loss: 2.0036
                            Mean reward: 10.27
                    Mean episode length: 231.91
                        Mean action std: 0.50
--------------------------------------------------------------------------------
                         Iteration time: 9.54s
                           Time elapsed: 0:19:30
                                    ETA: 0:59:47

################################################################################
[1m                           Learning iteration 123/500                           [0m 

                               Run name: chase_v4_1024
                            Total steps: 3047424 
                       Steps per second: 2552 
                        Collection time: 9.509s 
                          Learning time: 0.118s 
                        Mean value loss: 0.7459
                    Mean surrogate loss: -0.0038
                      Mean entropy loss: 2.0056
                            Mean reward: 10.27
                    Mean episode length: 229.58
                        Mean action std: 0.50
--------------------------------------------------------------------------------
                         Iteration time: 9.63s
                           Time elapsed: 0:19:40
                                    ETA: 0:59:38

################################################################################
[1m                           Learning iteration 124/500                           [0m 

                               Run name: chase_v4_1024
                            Total steps: 3072000 
                       Steps per second: 2576 
                        Collection time: 9.417s 
                          Learning time: 0.121s 
                        Mean value loss: 0.2635
                    Mean surrogate loss: -0.0050
                      Mean entropy loss: 2.0018
                            Mean reward: 10.08
                    Mean episode length: 226.97
                        Mean action std: 0.50
--------------------------------------------------------------------------------
                         Iteration time: 9.54s
                           Time elapsed: 0:19:49
                                    ETA: 0:59:28

################################################################################
[1m                           Learning iteration 125/500                           [0m 

                               Run name: chase_v4_1024
                            Total steps: 3096576 
                       Steps per second: 2564 
                        Collection time: 9.465s 
                          Learning time: 0.119s 
                        Mean value loss: 0.6837
                    Mean surrogate loss: -0.0054
                      Mean entropy loss: 1.9963
                            Mean reward: 10.49
                    Mean episode length: 227.82
                        Mean action std: 0.50
--------------------------------------------------------------------------------
                         Iteration time: 9.58s
                           Time elapsed: 0:19:59
                                    ETA: 0:59:19

################################################################################
[1m                           Learning iteration 126/500                           [0m 

                               Run name: chase_v4_1024
                            Total steps: 3121152 
                       Steps per second: 2616 
                        Collection time: 9.275s 
                          Learning time: 0.116s 
                        Mean value loss: 0.3286
                    Mean surrogate loss: -0.0044
                      Mean entropy loss: 1.9846
                            Mean reward: 11.86
                    Mean episode length: 234.20
                        Mean action std: 0.49
--------------------------------------------------------------------------------
                         Iteration time: 9.39s
                           Time elapsed: 0:20:08
                                    ETA: 0:59:09

################################################################################
[1m                           Learning iteration 127/500                           [0m 

                               Run name: chase_v4_1024
                            Total steps: 3145728 
                       Steps per second: 2617 
                        Collection time: 9.270s 
                          Learning time: 0.119s 
                        Mean value loss: 0.3090
                    Mean surrogate loss: -0.0037
                      Mean entropy loss: 1.9755
                            Mean reward: 11.02
                    Mean episode length: 239.53
                        Mean action std: 0.49
--------------------------------------------------------------------------------
                         Iteration time: 9.39s
                           Time elapsed: 0:20:17
                                    ETA: 0:58:59

################################################################################
[1m                           Learning iteration 128/500                           [0m 

                               Run name: chase_v4_1024
                            Total steps: 3170304 
                       Steps per second: 2623 
                        Collection time: 9.251s 
                          Learning time: 0.118s 
                        Mean value loss: 0.1614
                    Mean surrogate loss: -0.0033
                      Mean entropy loss: 1.9757
                            Mean reward: 11.98
                    Mean episode length: 234.20
                        Mean action std: 0.49
--------------------------------------------------------------------------------
                         Iteration time: 9.37s
                           Time elapsed: 0:20:27
                                    ETA: 0:58:49

################################################################################
[1m                           Learning iteration 129/500                           [0m 

                               Run name: chase_v4_1024
                            Total steps: 3194880 
                       Steps per second: 2624 
                        Collection time: 9.245s 
                          Learning time: 0.118s 
                        Mean value loss: 0.0700
                    Mean surrogate loss: -0.0044
                      Mean entropy loss: 1.9639
                            Mean reward: 11.94
                    Mean episode length: 239.46
                        Mean action std: 0.49
--------------------------------------------------------------------------------
                         Iteration time: 9.36s
                           Time elapsed: 0:20:36
                                    ETA: 0:58:39

################################################################################
[1m                           Learning iteration 130/500                           [0m 

                               Run name: chase_v4_1024
                            Total steps: 3219456 
                       Steps per second: 2615 
                        Collection time: 9.278s 
                          Learning time: 0.119s 
                        Mean value loss: 0.3047
                    Mean surrogate loss: -0.0060
                      Mean entropy loss: 1.9545
                            Mean reward: 10.23
                    Mean episode length: 228.01
                        Mean action std: 0.49
--------------------------------------------------------------------------------
                         Iteration time: 9.40s
                           Time elapsed: 0:20:46
                                    ETA: 0:58:29

################################################################################
[1m                           Learning iteration 131/500                           [0m 

                               Run name: chase_v4_1024
                            Total steps: 3244032 
                       Steps per second: 2619 
                        Collection time: 9.261s 
                          Learning time: 0.122s 
                        Mean value loss: 0.4435
                    Mean surrogate loss: -0.0042
                      Mean entropy loss: 1.9514
                            Mean reward: 10.62
                    Mean episode length: 233.81
                        Mean action std: 0.49
--------------------------------------------------------------------------------
                         Iteration time: 9.38s
                           Time elapsed: 0:20:55
                                    ETA: 0:58:19

################################################################################
[1m                           Learning iteration 132/500                           [0m 

                               Run name: chase_v4_1024
                            Total steps: 3268608 
                       Steps per second: 2623 
                        Collection time: 9.250s 
                          Learning time: 0.116s 
                        Mean value loss: 0.2294
                    Mean surrogate loss: -0.0024
                      Mean entropy loss: 1.9525
                            Mean reward: 11.60
                    Mean episode length: 237.67
                        Mean action std: 0.49
--------------------------------------------------------------------------------
                         Iteration time: 9.37s
                           Time elapsed: 0:21:04
                                    ETA: 0:58:10

################################################################################
[1m                           Learning iteration 133/500                           [0m 

                               Run name: chase_v4_1024
                            Total steps: 3293184 
                       Steps per second: 2609 
                        Collection time: 9.302s 
                          Learning time: 0.118s 
                        Mean value loss: 0.2746
                    Mean surrogate loss: -0.0041
                      Mean entropy loss: 1.9718
                            Mean reward: 11.37
                    Mean episode length: 237.13
                        Mean action std: 0.50
--------------------------------------------------------------------------------
                         Iteration time: 9.42s
                           Time elapsed: 0:21:14
                                    ETA: 0:58:00

################################################################################
[1m                           Learning iteration 134/500                           [0m 

                               Run name: chase_v4_1024
                            Total steps: 3317760 
                       Steps per second: 2615 
                        Collection time: 9.277s 
                          Learning time: 0.118s 
                        Mean value loss: 0.1855
                    Mean surrogate loss: -0.0043
                      Mean entropy loss: 1.9961
                            Mean reward: 11.31
                    Mean episode length: 234.38
                        Mean action std: 0.50
--------------------------------------------------------------------------------
                         Iteration time: 9.40s
                           Time elapsed: 0:21:23
                                    ETA: 0:57:50

################################################################################
[1m                           Learning iteration 135/500                           [0m 

                               Run name: chase_v4_1024
                            Total steps: 3342336 
                       Steps per second: 2612 
                        Collection time: 9.289s 
                          Learning time: 0.118s 
                        Mean value loss: 0.5298
                    Mean surrogate loss: -0.0029
                      Mean entropy loss: 2.0350
                            Mean reward: 10.44
                    Mean episode length: 232.48
                        Mean action std: 0.51
--------------------------------------------------------------------------------
                         Iteration time: 9.41s
                           Time elapsed: 0:21:33
                                    ETA: 0:57:40

################################################################################
[1m                           Learning iteration 136/500                           [0m 

                               Run name: chase_v4_1024
                            Total steps: 3366912 
                       Steps per second: 2612 
                        Collection time: 9.290s 
                          Learning time: 0.117s 
                        Mean value loss: 0.3087
                    Mean surrogate loss: -0.0035
                      Mean entropy loss: 2.0365
                            Mean reward: 10.93
                    Mean episode length: 236.81
                        Mean action std: 0.50
--------------------------------------------------------------------------------
                         Iteration time: 9.41s
                           Time elapsed: 0:21:42
                                    ETA: 0:57:30

################################################################################
[1m                           Learning iteration 137/500                           [0m 

                               Run name: chase_v4_1024
                            Total steps: 3391488 
                       Steps per second: 2615 
                        Collection time: 9.277s 
                          Learning time: 0.118s 
                        Mean value loss: 0.2256
                    Mean surrogate loss: -0.0047
                      Mean entropy loss: 2.0238
                            Mean reward: 11.61
                    Mean episode length: 241.00
                        Mean action std: 0.50
--------------------------------------------------------------------------------
                         Iteration time: 9.39s
                           Time elapsed: 0:21:51
                                    ETA: 0:57:21

################################################################################
[1m                           Learning iteration 138/500                           [0m 

                               Run name: chase_v4_1024
                            Total steps: 3416064 
                       Steps per second: 2619 
                        Collection time: 9.265s 
                          Learning time: 0.115s 
                        Mean value loss: 0.5017
                    Mean surrogate loss: -0.0052
                      Mean entropy loss: 2.0117
                            Mean reward: 10.24
                    Mean episode length: 232.96
                        Mean action std: 0.50
--------------------------------------------------------------------------------
                         Iteration time: 9.38s
                           Time elapsed: 0:22:01
                                    ETA: 0:57:11

################################################################################
[1m                           Learning iteration 139/500                           [0m 

                               Run name: chase_v4_1024
                            Total steps: 3440640 
                       Steps per second: 2628 
                        Collection time: 9.232s 
                          Learning time: 0.118s 
                        Mean value loss: 0.3387
                    Mean surrogate loss: -0.0045
                      Mean entropy loss: 1.9986
                            Mean reward: 10.42
                    Mean episode length: 233.51
                        Mean action std: 0.50
--------------------------------------------------------------------------------
                         Iteration time: 9.35s
                           Time elapsed: 0:22:10
                                    ETA: 0:57:01

################################################################################
[1m                           Learning iteration 140/500                           [0m 

                               Run name: chase_v4_1024
                            Total steps: 3465216 
                       Steps per second: 2610 
                        Collection time: 9.297s 
                          Learning time: 0.116s 
                        Mean value loss: 0.2861
                    Mean surrogate loss: -0.0035
                      Mean entropy loss: 1.9984
                            Mean reward: 10.48
                    Mean episode length: 235.11
                        Mean action std: 0.50
--------------------------------------------------------------------------------
                         Iteration time: 9.41s
                           Time elapsed: 0:22:19
                                    ETA: 0:56:51

################################################################################
[1m                           Learning iteration 141/500                           [0m 

                               Run name: chase_v4_1024
                            Total steps: 3489792 
                       Steps per second: 2613 
                        Collection time: 9.290s 
                          Learning time: 0.115s 
                        Mean value loss: 0.3302
                    Mean surrogate loss: -0.0033
                      Mean entropy loss: 1.9955
                            Mean reward: 11.04
                    Mean episode length: 237.20
                        Mean action std: 0.50
--------------------------------------------------------------------------------
                         Iteration time: 9.41s
                           Time elapsed: 0:22:29
                                    ETA: 0:56:41

################################################################################
[1m                           Learning iteration 142/500                           [0m 

                               Run name: chase_v4_1024
                            Total steps: 3514368 
                       Steps per second: 2611 
                        Collection time: 9.297s 
                          Learning time: 0.113s 
                        Mean value loss: 0.6429
                    Mean surrogate loss: -0.0043
                      Mean entropy loss: 1.9915
                            Mean reward: 9.04
                    Mean episode length: 226.72
                        Mean action std: 0.50
--------------------------------------------------------------------------------
                         Iteration time: 9.41s
                           Time elapsed: 0:22:38
                                    ETA: 0:56:32

################################################################################
[1m                           Learning iteration 143/500                           [0m 

                               Run name: chase_v4_1024
                            Total steps: 3538944 
                       Steps per second: 2620 
                        Collection time: 9.261s 
                          Learning time: 0.118s 
                        Mean value loss: 0.1334
                    Mean surrogate loss: -0.0039
                      Mean entropy loss: 1.9997
                            Mean reward: 11.73
                    Mean episode length: 238.82
                        Mean action std: 0.50
--------------------------------------------------------------------------------
                         Iteration time: 9.38s
                           Time elapsed: 0:22:48
                                    ETA: 0:56:22

################################################################################
[1m                           Learning iteration 144/500                           [0m 

                               Run name: chase_v4_1024
                            Total steps: 3563520 
                       Steps per second: 2617 
                        Collection time: 9.274s 
                          Learning time: 0.115s 
                        Mean value loss: 0.5479
                    Mean surrogate loss: -0.0026
                      Mean entropy loss: 2.0132
                            Mean reward: 9.57
                    Mean episode length: 228.01
                        Mean action std: 0.51
--------------------------------------------------------------------------------
                         Iteration time: 9.39s
                           Time elapsed: 0:22:57
                                    ETA: 0:56:12

################################################################################
[1m                           Learning iteration 145/500                           [0m 

                               Run name: chase_v4_1024
                            Total steps: 3588096 
                       Steps per second: 2614 
                        Collection time: 9.281s 
                          Learning time: 0.119s 
                        Mean value loss: 0.5193
                    Mean surrogate loss: -0.0032
                      Mean entropy loss: 2.0145
                            Mean reward: 10.20
                    Mean episode length: 228.21
                        Mean action std: 0.51
--------------------------------------------------------------------------------
                         Iteration time: 9.40s
                           Time elapsed: 0:23:06
                                    ETA: 0:56:02

################################################################################
[1m                           Learning iteration 146/500                           [0m 

                               Run name: chase_v4_1024
                            Total steps: 3612672 
                       Steps per second: 2605 
                        Collection time: 9.316s 
                          Learning time: 0.117s 
                        Mean value loss: 0.3081
                    Mean surrogate loss: -0.0042
                      Mean entropy loss: 2.0272
                            Mean reward: 10.76
                    Mean episode length: 228.72
                        Mean action std: 0.51
--------------------------------------------------------------------------------
                         Iteration time: 9.43s
                           Time elapsed: 0:23:16
                                    ETA: 0:55:53

################################################################################
[1m                           Learning iteration 147/500                           [0m 

                               Run name: chase_v4_1024
                            Total steps: 3637248 
                       Steps per second: 2603 
                        Collection time: 9.323s 
                          Learning time: 0.117s 
                        Mean value loss: 0.1946
                    Mean surrogate loss: -0.0002
                      Mean entropy loss: 2.0391
                            Mean reward: 10.86
                    Mean episode length: 237.24
                        Mean action std: 0.51
--------------------------------------------------------------------------------
                         Iteration time: 9.44s
                           Time elapsed: 0:23:25
                                    ETA: 0:55:43

################################################################################
[1m                           Learning iteration 148/500                           [0m 

                               Run name: chase_v4_1024
                            Total steps: 3661824 
                       Steps per second: 2613 
                        Collection time: 9.286s 
                          Learning time: 0.117s 
                        Mean value loss: 0.0611
                    Mean surrogate loss: -0.0030
                      Mean entropy loss: 2.0344
                            Mean reward: 12.16
                    Mean episode length: 241.00
                        Mean action std: 0.51
--------------------------------------------------------------------------------
                         Iteration time: 9.40s
                           Time elapsed: 0:23:35
                                    ETA: 0:55:33

################################################################################
[1m                           Learning iteration 149/500                           [0m 

                               Run name: chase_v4_1024
                            Total steps: 3686400 
                       Steps per second: 2616 
                        Collection time: 9.275s 
                          Learning time: 0.117s 
                        Mean value loss: 0.1523
                    Mean surrogate loss: -0.0048
                      Mean entropy loss: 2.0025
                            Mean reward: 10.90
                    Mean episode length: 233.22
                        Mean action std: 0.50
--------------------------------------------------------------------------------
                         Iteration time: 9.39s
                           Time elapsed: 0:23:44
                                    ETA: 0:55:24

################################################################################
[1m                           Learning iteration 150/500                           [0m 

                               Run name: chase_v4_1024
                            Total steps: 3710976 
                       Steps per second: 2615 
                        Collection time: 9.280s 
                          Learning time: 0.118s 
                        Mean value loss: 0.4358
                    Mean surrogate loss: -0.0040
                      Mean entropy loss: 1.9873
                            Mean reward: 11.35
                    Mean episode length: 231.45
                        Mean action std: 0.50
--------------------------------------------------------------------------------
                         Iteration time: 9.40s
                           Time elapsed: 0:23:54
                                    ETA: 0:55:14

################################################################################
[1m                           Learning iteration 151/500                           [0m 

                               Run name: chase_v4_1024
                            Total steps: 3735552 
                       Steps per second: 2615 
                        Collection time: 9.280s 
                          Learning time: 0.117s 
                        Mean value loss: 0.0578
                    Mean surrogate loss: -0.0030
                      Mean entropy loss: 1.9874
                            Mean reward: 11.94
                    Mean episode length: 239.25
                        Mean action std: 0.50
--------------------------------------------------------------------------------
                         Iteration time: 9.40s
                           Time elapsed: 0:24:03
                                    ETA: 0:55:04

################################################################################
[1m                           Learning iteration 152/500                           [0m 

                               Run name: chase_v4_1024
                            Total steps: 3760128 
                       Steps per second: 2611 
                        Collection time: 9.284s 
                          Learning time: 0.126s 
                        Mean value loss: 0.1756
                    Mean surrogate loss: -0.0047
                      Mean entropy loss: 1.9791
                            Mean reward: 12.07
                    Mean episode length: 235.90
                        Mean action std: 0.50
--------------------------------------------------------------------------------
                         Iteration time: 9.41s
                           Time elapsed: 0:24:12
                                    ETA: 0:54:54

################################################################################
[1m                           Learning iteration 153/500                           [0m 

                               Run name: chase_v4_1024
                            Total steps: 3784704 
                       Steps per second: 2605 
                        Collection time: 9.315s 
                          Learning time: 0.118s 
                        Mean value loss: 0.4654
                    Mean surrogate loss: -0.0038
                      Mean entropy loss: 1.9661
                            Mean reward: 10.55
                    Mean episode length: 230.21
                        Mean action std: 0.50
--------------------------------------------------------------------------------
                         Iteration time: 9.43s
                           Time elapsed: 0:24:22
                                    ETA: 0:54:45

################################################################################
[1m                           Learning iteration 154/500                           [0m 

                               Run name: chase_v4_1024
                            Total steps: 3809280 
                       Steps per second: 2613 
                        Collection time: 9.284s 
                          Learning time: 0.119s 
                        Mean value loss: 0.3448
                    Mean surrogate loss: -0.0034
                      Mean entropy loss: 1.9655
                            Mean reward: 11.98
                    Mean episode length: 237.22
                        Mean action std: 0.50
--------------------------------------------------------------------------------
                         Iteration time: 9.40s
                           Time elapsed: 0:24:31
                                    ETA: 0:54:35

################################################################################
[1m                           Learning iteration 155/500                           [0m 

                               Run name: chase_v4_1024
                            Total steps: 3833856 
                       Steps per second: 2611 
                        Collection time: 9.291s 
                          Learning time: 0.118s 
                        Mean value loss: 0.5829
                    Mean surrogate loss: -0.0038
                      Mean entropy loss: 1.9648
                            Mean reward: 11.57
                    Mean episode length: 239.02
                        Mean action std: 0.50
--------------------------------------------------------------------------------
                         Iteration time: 9.41s
                           Time elapsed: 0:24:41
                                    ETA: 0:54:25

################################################################################
[1m                           Learning iteration 156/500                           [0m 

                               Run name: chase_v4_1024
                            Total steps: 3858432 
                       Steps per second: 2606 
                        Collection time: 9.312s 
                          Learning time: 0.117s 
                        Mean value loss: 0.2928
                    Mean surrogate loss: -0.0028
                      Mean entropy loss: 1.9657
                            Mean reward: 10.48
                    Mean episode length: 234.33
                        Mean action std: 0.50
--------------------------------------------------------------------------------
                         Iteration time: 9.43s
                           Time elapsed: 0:24:50
                                    ETA: 0:54:16

################################################################################
[1m                           Learning iteration 157/500                           [0m 

                               Run name: chase_v4_1024
                            Total steps: 3883008 
                       Steps per second: 2610 
                        Collection time: 9.297s 
                          Learning time: 0.118s 
                        Mean value loss: 0.4245
                    Mean surrogate loss: -0.0044
                      Mean entropy loss: 1.9717
                            Mean reward: 11.44
                    Mean episode length: 234.52
                        Mean action std: 0.50
--------------------------------------------------------------------------------
                         Iteration time: 9.41s
                           Time elapsed: 0:24:59
                                    ETA: 0:54:06

################################################################################
[1m                           Learning iteration 158/500                           [0m 

                               Run name: chase_v4_1024
                            Total steps: 3907584 
                       Steps per second: 2616 
                        Collection time: 9.275s 
                          Learning time: 0.118s 
                        Mean value loss: 0.4339
                    Mean surrogate loss: -0.0043
                      Mean entropy loss: 1.9847
                            Mean reward: 11.15
                    Mean episode length: 235.20
                        Mean action std: 0.51
--------------------------------------------------------------------------------
                         Iteration time: 9.39s
                           Time elapsed: 0:25:09
                                    ETA: 0:53:56

################################################################################
[1m                           Learning iteration 159/500                           [0m 

                               Run name: chase_v4_1024
                            Total steps: 3932160 
                       Steps per second: 2613 
                        Collection time: 9.287s 
                          Learning time: 0.115s 
                        Mean value loss: 0.2381
                    Mean surrogate loss: -0.0035
                      Mean entropy loss: 1.9639
                            Mean reward: 11.04
                    Mean episode length: 235.06
                        Mean action std: 0.50
--------------------------------------------------------------------------------
                         Iteration time: 9.40s
                           Time elapsed: 0:25:18
                                    ETA: 0:53:47

################################################################################
[1m                           Learning iteration 160/500                           [0m 

                               Run name: chase_v4_1024
                            Total steps: 3956736 
                       Steps per second: 2615 
                        Collection time: 9.281s 
                          Learning time: 0.115s 
                        Mean value loss: 0.2841
                    Mean surrogate loss: -0.0030
                      Mean entropy loss: 1.9488
                            Mean reward: 11.09
                    Mean episode length: 234.89
                        Mean action std: 0.50
--------------------------------------------------------------------------------
                         Iteration time: 9.40s
                           Time elapsed: 0:25:28
                                    ETA: 0:53:37

################################################################################
[1m                           Learning iteration 161/500                           [0m 

                               Run name: chase_v4_1024
                            Total steps: 3981312 
                       Steps per second: 2615 
                        Collection time: 9.279s 
                          Learning time: 0.116s 
                        Mean value loss: 0.3703
                    Mean surrogate loss: -0.0036
                      Mean entropy loss: 1.9501
                            Mean reward: 10.56
                    Mean episode length: 229.00
                        Mean action std: 0.50
--------------------------------------------------------------------------------
                         Iteration time: 9.39s
                           Time elapsed: 0:25:37
                                    ETA: 0:53:27

################################################################################
[1m                           Learning iteration 162/500                           [0m 

                               Run name: chase_v4_1024
                            Total steps: 4005888 
                       Steps per second: 2600 
                        Collection time: 9.328s 
                          Learning time: 0.122s 
                        Mean value loss: 0.7453
                    Mean surrogate loss: -0.0043
                      Mean entropy loss: 1.9719
                            Mean reward: 10.54
                    Mean episode length: 232.94
                        Mean action std: 0.51
--------------------------------------------------------------------------------
                         Iteration time: 9.45s
                           Time elapsed: 0:25:46
                                    ETA: 0:53:18

################################################################################
[1m                           Learning iteration 163/500                           [0m 

                               Run name: chase_v4_1024
                            Total steps: 4030464 
                       Steps per second: 2612 
                        Collection time: 9.291s 
                          Learning time: 0.116s 
                        Mean value loss: 0.1525
                    Mean surrogate loss: -0.0035
                      Mean entropy loss: 1.9697
                            Mean reward: 11.17
                    Mean episode length: 236.40
                        Mean action std: 0.51
--------------------------------------------------------------------------------
                         Iteration time: 9.41s
                           Time elapsed: 0:25:56
                                    ETA: 0:53:08

################################################################################
[1m                           Learning iteration 164/500                           [0m 

                               Run name: chase_v4_1024
                            Total steps: 4055040 
                       Steps per second: 2599 
                        Collection time: 9.337s 
                          Learning time: 0.116s 
                        Mean value loss: 0.1633
                    Mean surrogate loss: -0.0037
                      Mean entropy loss: 1.9534
                            Mean reward: 11.13
                    Mean episode length: 238.39
                        Mean action std: 0.51
--------------------------------------------------------------------------------
                         Iteration time: 9.45s
                           Time elapsed: 0:26:05
                                    ETA: 0:52:59

################################################################################
[1m                           Learning iteration 165/500                           [0m 

                               Run name: chase_v4_1024
                            Total steps: 4079616 
                       Steps per second: 2611 
                        Collection time: 9.294s 
                          Learning time: 0.118s 
                        Mean value loss: 0.4701
                    Mean surrogate loss: -0.0021
                      Mean entropy loss: 1.9489
                            Mean reward: 11.49
                    Mean episode length: 237.73
                        Mean action std: 0.51
--------------------------------------------------------------------------------
                         Iteration time: 9.41s
                           Time elapsed: 0:26:15
                                    ETA: 0:52:49

################################################################################
[1m                           Learning iteration 166/500                           [0m 

                               Run name: chase_v4_1024
                            Total steps: 4104192 
                       Steps per second: 2603 
                        Collection time: 9.321s 
                          Learning time: 0.118s 
                        Mean value loss: 0.3226
                    Mean surrogate loss: -0.0052
                      Mean entropy loss: 1.9401
                            Mean reward: 11.38
                    Mean episode length: 236.86
                        Mean action std: 0.50
--------------------------------------------------------------------------------
                         Iteration time: 9.44s
                           Time elapsed: 0:26:24
                                    ETA: 0:52:39

################################################################################
[1m                           Learning iteration 167/500                           [0m 

                               Run name: chase_v4_1024
                            Total steps: 4128768 
                       Steps per second: 2606 
                        Collection time: 9.310s 
                          Learning time: 0.118s 
                        Mean value loss: 0.4403
                    Mean surrogate loss: -0.0046
                      Mean entropy loss: 1.9342
                            Mean reward: 10.84
                    Mean episode length: 233.37
                        Mean action std: 0.50
--------------------------------------------------------------------------------
                         Iteration time: 9.43s
                           Time elapsed: 0:26:34
                                    ETA: 0:52:30

################################################################################
[1m                           Learning iteration 168/500                           [0m 

                               Run name: chase_v4_1024
                            Total steps: 4153344 
                       Steps per second: 2610 
                        Collection time: 9.298s 
                          Learning time: 0.118s 
                        Mean value loss: 0.5951
                    Mean surrogate loss: -0.0039
                      Mean entropy loss: 1.9374
                            Mean reward: 11.04
                    Mean episode length: 235.39
                        Mean action std: 0.50
--------------------------------------------------------------------------------
                         Iteration time: 9.42s
                           Time elapsed: 0:26:43
                                    ETA: 0:52:20

################################################################################
[1m                           Learning iteration 169/500                           [0m 

                               Run name: chase_v4_1024
                            Total steps: 4177920 
                       Steps per second: 2607 
                        Collection time: 9.306s 
                          Learning time: 0.118s 
                        Mean value loss: 0.1338
                    Mean surrogate loss: -0.0039
                      Mean entropy loss: 1.9426
                            Mean reward: 11.54
                    Mean episode length: 236.99
                        Mean action std: 0.50
--------------------------------------------------------------------------------
                         Iteration time: 9.42s
                           Time elapsed: 0:26:52
                                    ETA: 0:52:10

################################################################################
[1m                           Learning iteration 170/500                           [0m 

                               Run name: chase_v4_1024
                            Total steps: 4202496 
                       Steps per second: 2610 
                        Collection time: 9.300s 
                          Learning time: 0.113s 
                        Mean value loss: 0.7358
                    Mean surrogate loss: -0.0061
                      Mean entropy loss: 1.9337
                            Mean reward: 9.79
                    Mean episode length: 229.86
                        Mean action std: 0.50
--------------------------------------------------------------------------------
                         Iteration time: 9.41s
                           Time elapsed: 0:27:02
                                    ETA: 0:52:01

################################################################################
[1m                           Learning iteration 171/500                           [0m 

                               Run name: chase_v4_1024
                            Total steps: 4227072 
                       Steps per second: 2612 
                        Collection time: 9.288s 
                          Learning time: 0.117s 
                        Mean value loss: 1.2183
                    Mean surrogate loss: -0.0049
                      Mean entropy loss: 1.9275
                            Mean reward: 9.61
                    Mean episode length: 230.35
                        Mean action std: 0.50
--------------------------------------------------------------------------------
                         Iteration time: 9.41s
                           Time elapsed: 0:27:11
                                    ETA: 0:51:51

################################################################################
[1m                           Learning iteration 172/500                           [0m 

                               Run name: chase_v4_1024
                            Total steps: 4251648 
                       Steps per second: 2606 
                        Collection time: 9.311s 
                          Learning time: 0.118s 
                        Mean value loss: 0.3039
                    Mean surrogate loss: -0.0040
                      Mean entropy loss: 1.9415
                            Mean reward: 10.67
                    Mean episode length: 234.28
                        Mean action std: 0.51
--------------------------------------------------------------------------------
                         Iteration time: 9.43s
                           Time elapsed: 0:27:21
                                    ETA: 0:51:42

################################################################################
[1m                           Learning iteration 173/500                           [0m 

                               Run name: chase_v4_1024
                            Total steps: 4276224 
                       Steps per second: 2587 
                        Collection time: 9.383s 
                          Learning time: 0.115s 
                        Mean value loss: 0.2264
                    Mean surrogate loss: -0.0049
                      Mean entropy loss: 1.9712
                            Mean reward: 10.54
                    Mean episode length: 230.99
                        Mean action std: 0.51
--------------------------------------------------------------------------------
                         Iteration time: 9.50s
                           Time elapsed: 0:27:30
                                    ETA: 0:51:32

################################################################################
[1m                           Learning iteration 174/500                           [0m 

                               Run name: chase_v4_1024
                            Total steps: 4300800 
                       Steps per second: 2610 
                        Collection time: 9.297s 
                          Learning time: 0.118s 
                        Mean value loss: 0.8423
                    Mean surrogate loss: -0.0038
                      Mean entropy loss: 1.9756
                            Mean reward: 9.32
                    Mean episode length: 221.17
                        Mean action std: 0.51
--------------------------------------------------------------------------------
                         Iteration time: 9.42s
                           Time elapsed: 0:27:40
                                    ETA: 0:51:23

################################################################################
[1m                           Learning iteration 175/500                           [0m 

                               Run name: chase_v4_1024
                            Total steps: 4325376 
                       Steps per second: 2616 
                        Collection time: 9.275s 
                          Learning time: 0.118s 
                        Mean value loss: 0.7811
                    Mean surrogate loss: -0.0043
                      Mean entropy loss: 1.9681
                            Mean reward: 10.06
                    Mean episode length: 226.07
                        Mean action std: 0.51
--------------------------------------------------------------------------------
                         Iteration time: 9.39s
                           Time elapsed: 0:27:49
                                    ETA: 0:51:13

################################################################################
[1m                           Learning iteration 176/500                           [0m 

                               Run name: chase_v4_1024
                            Total steps: 4349952 
                       Steps per second: 2607 
                        Collection time: 9.308s 
                          Learning time: 0.118s 
                        Mean value loss: 0.2631
                    Mean surrogate loss: -0.0046
                      Mean entropy loss: 1.9720
                            Mean reward: 11.21
                    Mean episode length: 235.25
                        Mean action std: 0.51
--------------------------------------------------------------------------------
                         Iteration time: 9.43s
                           Time elapsed: 0:27:58
                                    ETA: 0:51:03

################################################################################
[1m                           Learning iteration 177/500                           [0m 

                               Run name: chase_v4_1024
                            Total steps: 4374528 
                       Steps per second: 2608 
                        Collection time: 9.303s 
                          Learning time: 0.119s 
                        Mean value loss: 0.5475
                    Mean surrogate loss: -0.0053
                      Mean entropy loss: 1.9918
                            Mean reward: 10.92
                    Mean episode length: 232.12
                        Mean action std: 0.51
--------------------------------------------------------------------------------
                         Iteration time: 9.42s
                           Time elapsed: 0:28:08
                                    ETA: 0:50:54

################################################################################
[1m                           Learning iteration 178/500                           [0m 

                               Run name: chase_v4_1024
                            Total steps: 4399104 
                       Steps per second: 2599 
                        Collection time: 9.337s 
                          Learning time: 0.118s 
                        Mean value loss: 0.4609
                    Mean surrogate loss: -0.0059
                      Mean entropy loss: 2.0079
                            Mean reward: 9.25
                    Mean episode length: 220.52
                        Mean action std: 0.52
--------------------------------------------------------------------------------
                         Iteration time: 9.46s
                           Time elapsed: 0:28:17
                                    ETA: 0:50:44

################################################################################
[1m                           Learning iteration 179/500                           [0m 

                               Run name: chase_v4_1024
                            Total steps: 4423680 
                       Steps per second: 2606 
                        Collection time: 9.311s 
                          Learning time: 0.118s 
                        Mean value loss: 0.2160
                    Mean surrogate loss: -0.0045
                      Mean entropy loss: 2.0153
                            Mean reward: 9.93
                    Mean episode length: 232.08
                        Mean action std: 0.52
--------------------------------------------------------------------------------
                         Iteration time: 9.43s
                           Time elapsed: 0:28:27
                                    ETA: 0:50:35

################################################################################
[1m                           Learning iteration 180/500                           [0m 

                               Run name: chase_v4_1024
                            Total steps: 4448256 
                       Steps per second: 2596 
                        Collection time: 9.349s 
                          Learning time: 0.118s 
                        Mean value loss: 0.2657
                    Mean surrogate loss: -0.0044
                      Mean entropy loss: 2.0103
                            Mean reward: 11.22
                    Mean episode length: 235.34
                        Mean action std: 0.52
--------------------------------------------------------------------------------
                         Iteration time: 9.47s
                           Time elapsed: 0:28:36
                                    ETA: 0:50:25

################################################################################
[1m                           Learning iteration 181/500                           [0m 

                               Run name: chase_v4_1024
                            Total steps: 4472832 
                       Steps per second: 2603 
                        Collection time: 9.320s 
                          Learning time: 0.120s 
                        Mean value loss: 0.6581
                    Mean surrogate loss: -0.0041
                      Mean entropy loss: 2.0051
                            Mean reward: 10.55
                    Mean episode length: 225.00
                        Mean action std: 0.52
--------------------------------------------------------------------------------
                         Iteration time: 9.44s
                           Time elapsed: 0:28:46
                                    ETA: 0:50:15

################################################################################
[1m                           Learning iteration 182/500                           [0m 

                               Run name: chase_v4_1024
                            Total steps: 4497408 
                       Steps per second: 2604 
                        Collection time: 9.319s 
                          Learning time: 0.118s 
                        Mean value loss: 0.6733
                    Mean surrogate loss: -0.0056
                      Mean entropy loss: 1.9993
                            Mean reward: 9.33
                    Mean episode length: 223.53
                        Mean action std: 0.51
--------------------------------------------------------------------------------
                         Iteration time: 9.44s
                           Time elapsed: 0:28:55
                                    ETA: 0:50:06

################################################################################
[1m                           Learning iteration 183/500                           [0m 

                               Run name: chase_v4_1024
                            Total steps: 4521984 
                       Steps per second: 2599 
                        Collection time: 9.339s 
                          Learning time: 0.117s 
                        Mean value loss: 0.5695
                    Mean surrogate loss: -0.0043
                      Mean entropy loss: 1.9974
                            Mean reward: 10.02
                    Mean episode length: 227.96
                        Mean action std: 0.52
--------------------------------------------------------------------------------
                         Iteration time: 9.46s
                           Time elapsed: 0:29:05
                                    ETA: 0:49:56

################################################################################
[1m                           Learning iteration 184/500                           [0m 

                               Run name: chase_v4_1024
                            Total steps: 4546560 
                       Steps per second: 2615 
                        Collection time: 9.281s 
                          Learning time: 0.116s 
                        Mean value loss: 0.4784
                    Mean surrogate loss: -0.0033
                      Mean entropy loss: 2.0194
                            Mean reward: 10.63
                    Mean episode length: 234.27
                        Mean action std: 0.52
--------------------------------------------------------------------------------
                         Iteration time: 9.40s
                           Time elapsed: 0:29:14
                                    ETA: 0:49:47

################################################################################
[1m                           Learning iteration 185/500                           [0m 

                               Run name: chase_v4_1024
                            Total steps: 4571136 
                       Steps per second: 2618 
                        Collection time: 9.267s 
                          Learning time: 0.118s 
                        Mean value loss: 0.3423
                    Mean surrogate loss: -0.0025
                      Mean entropy loss: 2.0177
                            Mean reward: 11.36
                    Mean episode length: 237.64
                        Mean action std: 0.52
--------------------------------------------------------------------------------
                         Iteration time: 9.38s
                           Time elapsed: 0:29:23
                                    ETA: 0:49:37

################################################################################
[1m                           Learning iteration 186/500                           [0m 

                               Run name: chase_v4_1024
                            Total steps: 4595712 
                       Steps per second: 2605 
                        Collection time: 9.314s 
                          Learning time: 0.118s 
                        Mean value loss: 0.6171
                    Mean surrogate loss: -0.0068
                      Mean entropy loss: 2.0155
                            Mean reward: 10.55
                    Mean episode length: 231.39
                        Mean action std: 0.52
--------------------------------------------------------------------------------
                         Iteration time: 9.43s
                           Time elapsed: 0:29:33
                                    ETA: 0:49:28

################################################################################
[1m                           Learning iteration 187/500                           [0m 

                               Run name: chase_v4_1024
                            Total steps: 4620288 
                       Steps per second: 2604 
                        Collection time: 9.318s 
                          Learning time: 0.119s 
                        Mean value loss: 1.4411
                    Mean surrogate loss: -0.0046
                      Mean entropy loss: 2.0323
                            Mean reward: 9.55
                    Mean episode length: 228.41
                        Mean action std: 0.52
--------------------------------------------------------------------------------
                         Iteration time: 9.44s
                           Time elapsed: 0:29:42
                                    ETA: 0:49:18

################################################################################
[1m                           Learning iteration 188/500                           [0m 

                               Run name: chase_v4_1024
                            Total steps: 4644864 
                       Steps per second: 2565 
                        Collection time: 9.462s 
                          Learning time: 0.116s 
                        Mean value loss: 0.1910
                    Mean surrogate loss: -0.0047
                      Mean entropy loss: 2.0490
                            Mean reward: 11.26
                    Mean episode length: 235.31
                        Mean action std: 0.52
--------------------------------------------------------------------------------
                         Iteration time: 9.58s
                           Time elapsed: 0:29:52
                                    ETA: 0:49:09

################################################################################
[1m                           Learning iteration 189/500                           [0m 

                               Run name: chase_v4_1024
                            Total steps: 4669440 
                       Steps per second: 2600 
                        Collection time: 9.334s 
                          Learning time: 0.116s 
                        Mean value loss: 0.2619
                    Mean surrogate loss: -0.0047
                      Mean entropy loss: 2.0264
                            Mean reward: 11.57
                    Mean episode length: 234.00
                        Mean action std: 0.52
--------------------------------------------------------------------------------
                         Iteration time: 9.45s
                           Time elapsed: 0:30:01
                                    ETA: 0:48:59

################################################################################
[1m                           Learning iteration 190/500                           [0m 

                               Run name: chase_v4_1024
                            Total steps: 4694016 
                       Steps per second: 2608 
                        Collection time: 9.304s 
                          Learning time: 0.116s 
                        Mean value loss: 0.2576
                    Mean surrogate loss: -0.0043
                      Mean entropy loss: 2.0144
                            Mean reward: 10.78
                    Mean episode length: 233.68
                        Mean action std: 0.52
--------------------------------------------------------------------------------
                         Iteration time: 9.42s
                           Time elapsed: 0:30:11
                                    ETA: 0:48:50

################################################################################
[1m                           Learning iteration 191/500                           [0m 

                               Run name: chase_v4_1024
                            Total steps: 4718592 
                       Steps per second: 2615 
                        Collection time: 9.276s 
                          Learning time: 0.119s 
                        Mean value loss: 0.2690
                    Mean surrogate loss: -0.0052
                      Mean entropy loss: 2.0061
                            Mean reward: 11.05
                    Mean episode length: 233.25
                        Mean action std: 0.52
--------------------------------------------------------------------------------
                         Iteration time: 9.39s
                           Time elapsed: 0:30:20
                                    ETA: 0:48:40

################################################################################
[1m                           Learning iteration 192/500                           [0m 

                               Run name: chase_v4_1024
                            Total steps: 4743168 
                       Steps per second: 2616 
                        Collection time: 9.274s 
                          Learning time: 0.117s 
                        Mean value loss: 0.5590
                    Mean surrogate loss: -0.0047
                      Mean entropy loss: 2.0000
                            Mean reward: 11.29
                    Mean episode length: 237.33
                        Mean action std: 0.52
--------------------------------------------------------------------------------
                         Iteration time: 9.39s
                           Time elapsed: 0:30:29
                                    ETA: 0:48:30

################################################################################
[1m                           Learning iteration 193/500                           [0m 

                               Run name: chase_v4_1024
                            Total steps: 4767744 
                       Steps per second: 2617 
                        Collection time: 9.272s 
                          Learning time: 0.118s 
                        Mean value loss: 0.1599
                    Mean surrogate loss: -0.0039
                      Mean entropy loss: 1.9794
                            Mean reward: 11.56
                    Mean episode length: 237.00
                        Mean action std: 0.51
--------------------------------------------------------------------------------
                         Iteration time: 9.39s
                           Time elapsed: 0:30:39
                                    ETA: 0:48:21

################################################################################
[1m                           Learning iteration 194/500                           [0m 

                               Run name: chase_v4_1024
                            Total steps: 4792320 
                       Steps per second: 2581 
                        Collection time: 9.403s 
                          Learning time: 0.118s 
                        Mean value loss: 0.9869
                    Mean surrogate loss: -0.0041
                      Mean entropy loss: 1.9775
                            Mean reward: 9.03
                    Mean episode length: 225.25
                        Mean action std: 0.52
--------------------------------------------------------------------------------
                         Iteration time: 9.52s
                           Time elapsed: 0:30:48
                                    ETA: 0:48:11

################################################################################
[1m                           Learning iteration 195/500                           [0m 

                               Run name: chase_v4_1024
                            Total steps: 4816896 
                       Steps per second: 2619 
                        Collection time: 9.263s 
                          Learning time: 0.119s 
                        Mean value loss: 0.0869
                    Mean surrogate loss: -0.0029
                      Mean entropy loss: 1.9828
                            Mean reward: 11.38
                    Mean episode length: 237.07
                        Mean action std: 0.52
--------------------------------------------------------------------------------
                         Iteration time: 9.38s
                           Time elapsed: 0:30:58
                                    ETA: 0:48:02

################################################################################
[1m                           Learning iteration 196/500                           [0m 

                               Run name: chase_v4_1024
                            Total steps: 4841472 
                       Steps per second: 2618 
                        Collection time: 9.269s 
                          Learning time: 0.118s 
                        Mean value loss: 0.3014
                    Mean surrogate loss: -0.0044
                      Mean entropy loss: 1.9866
                            Mean reward: 10.69
                    Mean episode length: 230.27
                        Mean action std: 0.52
--------------------------------------------------------------------------------
                         Iteration time: 9.39s
                           Time elapsed: 0:31:07
                                    ETA: 0:47:52

################################################################################
[1m                           Learning iteration 197/500                           [0m 

                               Run name: chase_v4_1024
                            Total steps: 4866048 
                       Steps per second: 2567 
                        Collection time: 9.455s 
                          Learning time: 0.118s 
                        Mean value loss: 0.4078
                    Mean surrogate loss: -0.0047
                      Mean entropy loss: 1.9970
                            Mean reward: 10.77
                    Mean episode length: 236.87
                        Mean action std: 0.52
--------------------------------------------------------------------------------
                         Iteration time: 9.57s
                           Time elapsed: 0:31:17
                                    ETA: 0:47:43

################################################################################
[1m                           Learning iteration 198/500                           [0m 

                               Run name: chase_v4_1024
                            Total steps: 4890624 
                       Steps per second: 2564 
                        Collection time: 9.463s 
                          Learning time: 0.121s 
                        Mean value loss: 0.7178
                    Mean surrogate loss: -0.0068
                      Mean entropy loss: 2.0312
                            Mean reward: 9.94
                    Mean episode length: 230.84
                        Mean action std: 0.53
--------------------------------------------------------------------------------
                         Iteration time: 9.58s
                           Time elapsed: 0:31:26
                                    ETA: 0:47:33

################################################################################
[1m                           Learning iteration 199/500                           [0m 

                               Run name: chase_v4_1024
                            Total steps: 4915200 
                       Steps per second: 2570 
                        Collection time: 9.439s 
                          Learning time: 0.122s 
                        Mean value loss: 0.4495
                    Mean surrogate loss: -0.0040
                      Mean entropy loss: 2.0485
                            Mean reward: 9.68
                    Mean episode length: 224.64
                        Mean action std: 0.53
--------------------------------------------------------------------------------
                         Iteration time: 9.56s
                           Time elapsed: 0:31:36
                                    ETA: 0:47:24

################################################################################
[1m                           Learning iteration 200/500                           [0m 

                               Run name: chase_v4_1024
                            Total steps: 4939776 
                       Steps per second: 2576 
                        Collection time: 9.422s 
                          Learning time: 0.118s 
                        Mean value loss: 0.3498
                    Mean surrogate loss: -0.0044
                      Mean entropy loss: 2.0508
                            Mean reward: 10.43
                    Mean episode length: 230.87
                        Mean action std: 0.53
--------------------------------------------------------------------------------
                         Iteration time: 9.54s
                           Time elapsed: 0:31:45
                                    ETA: 0:47:15

################################################################################
[1m                           Learning iteration 201/500                           [0m 

                               Run name: chase_v4_1024
                            Total steps: 4964352 
                       Steps per second: 2560 
                        Collection time: 9.481s 
                          Learning time: 0.119s 
                        Mean value loss: 0.4440
                    Mean surrogate loss: -0.0043
                      Mean entropy loss: 2.0490
                            Mean reward: 10.51
                    Mean episode length: 233.79
                        Mean action std: 0.53
--------------------------------------------------------------------------------
                         Iteration time: 9.60s
                           Time elapsed: 0:31:55
                                    ETA: 0:47:05

################################################################################
[1m                           Learning iteration 202/500                           [0m 

                               Run name: chase_v4_1024
                            Total steps: 4988928 
                       Steps per second: 2563 
                        Collection time: 9.469s 
                          Learning time: 0.117s 
                        Mean value loss: 0.4760
                    Mean surrogate loss: -0.0038
                      Mean entropy loss: 2.0431
                            Mean reward: 10.62
                    Mean episode length: 233.27
                        Mean action std: 0.53
--------------------------------------------------------------------------------
                         Iteration time: 9.59s
                           Time elapsed: 0:32:05
                                    ETA: 0:46:56

################################################################################
[1m                           Learning iteration 203/500                           [0m 

                               Run name: chase_v4_1024
                            Total steps: 5013504 
                       Steps per second: 2565 
                        Collection time: 9.459s 
                          Learning time: 0.120s 
                        Mean value loss: 0.4522
                    Mean surrogate loss: -0.0038
                      Mean entropy loss: 2.0527
                            Mean reward: 10.77
                    Mean episode length: 233.59
                        Mean action std: 0.53
--------------------------------------------------------------------------------
                         Iteration time: 9.58s
                           Time elapsed: 0:32:14
                                    ETA: 0:46:47

################################################################################
[1m                           Learning iteration 204/500                           [0m 

                               Run name: chase_v4_1024
                            Total steps: 5038080 
                       Steps per second: 2564 
                        Collection time: 9.464s 
                          Learning time: 0.121s 
                        Mean value loss: 0.4138
                    Mean surrogate loss: -0.0048
                      Mean entropy loss: 2.0547
                            Mean reward: 10.99
                    Mean episode length: 230.08
                        Mean action std: 0.53
--------------------------------------------------------------------------------
                         Iteration time: 9.58s
                           Time elapsed: 0:32:24
                                    ETA: 0:46:37

################################################################################
[1m                           Learning iteration 205/500                           [0m 

                               Run name: chase_v4_1024
                            Total steps: 5062656 
                       Steps per second: 2573 
                        Collection time: 9.431s 
                          Learning time: 0.120s 
                        Mean value loss: 0.2053
                    Mean surrogate loss: -0.0034
                      Mean entropy loss: 2.0465
                            Mean reward: 10.57
                    Mean episode length: 237.10
                        Mean action std: 0.53
--------------------------------------------------------------------------------
                         Iteration time: 9.55s
                           Time elapsed: 0:32:33
                                    ETA: 0:46:28

################################################################################
[1m                           Learning iteration 206/500                           [0m 

                               Run name: chase_v4_1024
                            Total steps: 5087232 
                       Steps per second: 2565 
                        Collection time: 9.461s 
                          Learning time: 0.120s 
                        Mean value loss: 0.3555
                    Mean surrogate loss: -0.0041
                      Mean entropy loss: 2.0332
                            Mean reward: 11.16
                    Mean episode length: 236.05
                        Mean action std: 0.52
--------------------------------------------------------------------------------
                         Iteration time: 9.58s
                           Time elapsed: 0:32:43
                                    ETA: 0:46:18

################################################################################
[1m                           Learning iteration 207/500                           [0m 

                               Run name: chase_v4_1024
                            Total steps: 5111808 
                       Steps per second: 2566 
                        Collection time: 9.457s 
                          Learning time: 0.118s 
                        Mean value loss: 0.1762
                    Mean surrogate loss: -0.0041
                      Mean entropy loss: 2.0259
                            Mean reward: 10.79
                    Mean episode length: 230.29
                        Mean action std: 0.53
--------------------------------------------------------------------------------
                         Iteration time: 9.57s
                           Time elapsed: 0:32:52
                                    ETA: 0:46:09

################################################################################
[1m                           Learning iteration 208/500                           [0m 

                               Run name: chase_v4_1024
                            Total steps: 5136384 
                       Steps per second: 2566 
                        Collection time: 9.459s 
                          Learning time: 0.118s 
                        Mean value loss: 0.3871
                    Mean surrogate loss: -0.0054
                      Mean entropy loss: 2.0386
                            Mean reward: 9.82
                    Mean episode length: 227.79
                        Mean action std: 0.53
--------------------------------------------------------------------------------
                         Iteration time: 9.58s
                           Time elapsed: 0:33:02
                                    ETA: 0:46:00

################################################################################
[1m                           Learning iteration 209/500                           [0m 

                               Run name: chase_v4_1024
                            Total steps: 5160960 
                       Steps per second: 2558 
                        Collection time: 9.484s 
                          Learning time: 0.121s 
                        Mean value loss: 0.1941
                    Mean surrogate loss: -0.0035
                      Mean entropy loss: 2.0459
                            Mean reward: 10.62
                    Mean episode length: 228.79
                        Mean action std: 0.53
--------------------------------------------------------------------------------
                         Iteration time: 9.60s
                           Time elapsed: 0:33:12
                                    ETA: 0:45:50

################################################################################
[1m                           Learning iteration 210/500                           [0m 

                               Run name: chase_v4_1024
                            Total steps: 5185536 
                       Steps per second: 2590 
                        Collection time: 9.368s 
                          Learning time: 0.119s 
                        Mean value loss: 0.1750
                    Mean surrogate loss: -0.0030
                      Mean entropy loss: 2.0471
                            Mean reward: 11.75
                    Mean episode length: 239.21
                        Mean action std: 0.53
--------------------------------------------------------------------------------
                         Iteration time: 9.49s
                           Time elapsed: 0:33:21
                                    ETA: 0:45:41

################################################################################
[1m                           Learning iteration 211/500                           [0m 

                               Run name: chase_v4_1024
                            Total steps: 5210112 
                       Steps per second: 2601 
                        Collection time: 9.331s 
                          Learning time: 0.116s 
                        Mean value loss: 0.1983
                    Mean surrogate loss: -0.0044
                      Mean entropy loss: 2.0415
                            Mean reward: 11.93
                    Mean episode length: 239.22
                        Mean action std: 0.53
--------------------------------------------------------------------------------
                         Iteration time: 9.45s
                           Time elapsed: 0:33:30
                                    ETA: 0:45:31

################################################################################
[1m                           Learning iteration 212/500                           [0m 

                               Run name: chase_v4_1024
                            Total steps: 5234688 
                       Steps per second: 2600 
                        Collection time: 9.336s 
                          Learning time: 0.116s 
                        Mean value loss: 0.3084
                    Mean surrogate loss: -0.0035
                      Mean entropy loss: 2.0577
                            Mean reward: 11.08
                    Mean episode length: 234.40
                        Mean action std: 0.53
--------------------------------------------------------------------------------
                         Iteration time: 9.45s
                           Time elapsed: 0:33:40
                                    ETA: 0:45:22

################################################################################
[1m                           Learning iteration 213/500                           [0m 

                               Run name: chase_v4_1024
                            Total steps: 5259264 
                       Steps per second: 2608 
                        Collection time: 9.305s 
                          Learning time: 0.118s 
                        Mean value loss: 0.2626
                    Mean surrogate loss: -0.0030
                      Mean entropy loss: 2.0538
                            Mean reward: 10.82
                    Mean episode length: 232.59
                        Mean action std: 0.53
--------------------------------------------------------------------------------
                         Iteration time: 9.42s
                           Time elapsed: 0:33:49
                                    ETA: 0:45:12

################################################################################
[1m                           Learning iteration 214/500                           [0m 

                               Run name: chase_v4_1024
                            Total steps: 5283840 
                       Steps per second: 2603 
                        Collection time: 9.323s 
                          Learning time: 0.116s 
                        Mean value loss: 0.2785
                    Mean surrogate loss: -0.0046
                      Mean entropy loss: 2.0423
                            Mean reward: 10.86
                    Mean episode length: 230.49
                        Mean action std: 0.53
--------------------------------------------------------------------------------
                         Iteration time: 9.44s
                           Time elapsed: 0:33:59
                                    ETA: 0:45:03

################################################################################
[1m                           Learning iteration 215/500                           [0m 

                               Run name: chase_v4_1024
                            Total steps: 5308416 
                       Steps per second: 2594 
                        Collection time: 9.356s 
                          Learning time: 0.116s 
                        Mean value loss: 0.4976
                    Mean surrogate loss: -0.0014
                      Mean entropy loss: 2.0533
                            Mean reward: 10.32
                    Mean episode length: 229.00
                        Mean action std: 0.53
--------------------------------------------------------------------------------
                         Iteration time: 9.47s
                           Time elapsed: 0:34:08
                                    ETA: 0:44:53

################################################################################
[1m                           Learning iteration 216/500                           [0m 

                               Run name: chase_v4_1024
                            Total steps: 5332992 
                       Steps per second: 2598 
                        Collection time: 9.341s 
                          Learning time: 0.117s 
                        Mean value loss: 0.5228
                    Mean surrogate loss: -0.0023
                      Mean entropy loss: 2.0539
                            Mean reward: 11.54
                    Mean episode length: 237.32
                        Mean action std: 0.53
--------------------------------------------------------------------------------
                         Iteration time: 9.46s
                           Time elapsed: 0:34:18
                                    ETA: 0:44:44

################################################################################
[1m                           Learning iteration 217/500                           [0m 

                               Run name: chase_v4_1024
                            Total steps: 5357568 
                       Steps per second: 2594 
                        Collection time: 9.353s 
                          Learning time: 0.118s 
                        Mean value loss: 0.2169
                    Mean surrogate loss: -0.0039
                      Mean entropy loss: 2.0512
                            Mean reward: 10.67
                    Mean episode length: 235.23
                        Mean action std: 0.53
--------------------------------------------------------------------------------
                         Iteration time: 9.47s
                           Time elapsed: 0:34:27
                                    ETA: 0:44:34

################################################################################
[1m                           Learning iteration 218/500                           [0m 

                               Run name: chase_v4_1024
                            Total steps: 5382144 
                       Steps per second: 2595 
                        Collection time: 9.352s 
                          Learning time: 0.118s 
                        Mean value loss: 0.4411
                    Mean surrogate loss: -0.0041
                      Mean entropy loss: 2.0694
                            Mean reward: 11.02
                    Mean episode length: 234.85
                        Mean action std: 0.53
--------------------------------------------------------------------------------
                         Iteration time: 9.47s
                           Time elapsed: 0:34:37
                                    ETA: 0:44:25

################################################################################
[1m                           Learning iteration 219/500                           [0m 

                               Run name: chase_v4_1024
                            Total steps: 5406720 
                       Steps per second: 2610 
                        Collection time: 9.298s 
                          Learning time: 0.118s 
                        Mean value loss: 0.1007
                    Mean surrogate loss: -0.0025
                      Mean entropy loss: 2.0950
                            Mean reward: 11.64
                    Mean episode length: 238.08
                        Mean action std: 0.53
--------------------------------------------------------------------------------
                         Iteration time: 9.42s
                           Time elapsed: 0:34:46
                                    ETA: 0:44:15

################################################################################
[1m                           Learning iteration 220/500                           [0m 

                               Run name: chase_v4_1024
                            Total steps: 5431296 
                       Steps per second: 2589 
                        Collection time: 9.369s 
                          Learning time: 0.121s 
                        Mean value loss: 0.1823
                    Mean surrogate loss: -0.0053
                      Mean entropy loss: 2.0859
                            Mean reward: 10.86
                    Mean episode length: 233.32
                        Mean action std: 0.53
--------------------------------------------------------------------------------
                         Iteration time: 9.49s
                           Time elapsed: 0:34:56
                                    ETA: 0:44:06

################################################################################
[1m                           Learning iteration 221/500                           [0m 

                               Run name: chase_v4_1024
                            Total steps: 5455872 
                       Steps per second: 2584 
                        Collection time: 9.392s 
                          Learning time: 0.115s 
                        Mean value loss: 0.3301
                    Mean surrogate loss: -0.0029
                      Mean entropy loss: 2.0906
                            Mean reward: 10.12
                    Mean episode length: 232.38
                        Mean action std: 0.53
--------------------------------------------------------------------------------
                         Iteration time: 9.51s
                           Time elapsed: 0:35:05
                                    ETA: 0:43:56

################################################################################
[1m                           Learning iteration 222/500                           [0m 

                               Run name: chase_v4_1024
                            Total steps: 5480448 
                       Steps per second: 2593 
                        Collection time: 9.356s 
                          Learning time: 0.119s 
                        Mean value loss: 0.5705
                    Mean surrogate loss: -0.0039
                      Mean entropy loss: 2.0992
                            Mean reward: 11.02
                    Mean episode length: 232.52
                        Mean action std: 0.54
--------------------------------------------------------------------------------
                         Iteration time: 9.47s
                           Time elapsed: 0:35:15
                                    ETA: 0:43:47

################################################################################
[1m                           Learning iteration 223/500                           [0m 

                               Run name: chase_v4_1024
                            Total steps: 5505024 
                       Steps per second: 2578 
                        Collection time: 9.414s 
                          Learning time: 0.119s 
                        Mean value loss: 0.4225
                    Mean surrogate loss: -0.0039
                      Mean entropy loss: 2.1186
                            Mean reward: 9.75
                    Mean episode length: 228.03
                        Mean action std: 0.54
--------------------------------------------------------------------------------
                         Iteration time: 9.53s
                           Time elapsed: 0:35:24
                                    ETA: 0:43:37

################################################################################
[1m                           Learning iteration 224/500                           [0m 

                               Run name: chase_v4_1024
                            Total steps: 5529600 
                       Steps per second: 2598 
                        Collection time: 9.340s 
                          Learning time: 0.119s 
                        Mean value loss: 0.4526
                    Mean surrogate loss: -0.0051
                      Mean entropy loss: 2.1184
                            Mean reward: 11.12
                    Mean episode length: 237.60
                        Mean action std: 0.54
--------------------------------------------------------------------------------
                         Iteration time: 9.46s
                           Time elapsed: 0:35:34
                                    ETA: 0:43:28

################################################################################
[1m                           Learning iteration 225/500                           [0m 

                               Run name: chase_v4_1024
                            Total steps: 5554176 
                       Steps per second: 2598 
                        Collection time: 9.341s 
                          Learning time: 0.117s 
                        Mean value loss: 0.1825
                    Mean surrogate loss: -0.0038
                      Mean entropy loss: 2.1260
                            Mean reward: 11.92
                    Mean episode length: 239.47
                        Mean action std: 0.54
--------------------------------------------------------------------------------
                         Iteration time: 9.46s
                           Time elapsed: 0:35:43
                                    ETA: 0:43:18

################################################################################
[1m                           Learning iteration 226/500                           [0m 

                               Run name: chase_v4_1024
                            Total steps: 5578752 
                       Steps per second: 2597 
                        Collection time: 9.344s 
                          Learning time: 0.118s 
                        Mean value loss: 0.4774
                    Mean surrogate loss: -0.0055
                      Mean entropy loss: 2.1331
                            Mean reward: 10.80
                    Mean episode length: 232.87
                        Mean action std: 0.54
--------------------------------------------------------------------------------
                         Iteration time: 9.46s
                           Time elapsed: 0:35:52
                                    ETA: 0:43:09

################################################################################
[1m                           Learning iteration 227/500                           [0m 

                               Run name: chase_v4_1024
                            Total steps: 5603328 
                       Steps per second: 2608 
                        Collection time: 9.304s 
                          Learning time: 0.118s 
                        Mean value loss: 0.3535
                    Mean surrogate loss: -0.0049
                      Mean entropy loss: 2.1652
                            Mean reward: 10.93
                    Mean episode length: 233.87
                        Mean action std: 0.55
--------------------------------------------------------------------------------
                         Iteration time: 9.42s
                           Time elapsed: 0:36:02
                                    ETA: 0:42:59

################################################################################
[1m                           Learning iteration 228/500                           [0m 

                               Run name: chase_v4_1024
                            Total steps: 5627904 
                       Steps per second: 2598 
                        Collection time: 9.341s 
                          Learning time: 0.117s 
                        Mean value loss: 0.2281
                    Mean surrogate loss: -0.0036
                      Mean entropy loss: 2.1955
                            Mean reward: 11.07
                    Mean episode length: 237.17
                        Mean action std: 0.55
--------------------------------------------------------------------------------
                         Iteration time: 9.46s
                           Time elapsed: 0:36:11
                                    ETA: 0:42:50

################################################################################
[1m                           Learning iteration 229/500                           [0m 

                               Run name: chase_v4_1024
                            Total steps: 5652480 
                       Steps per second: 2595 
                        Collection time: 9.353s 
                          Learning time: 0.117s 
                        Mean value loss: 0.1899
                    Mean surrogate loss: -0.0037
                      Mean entropy loss: 2.1904
                            Mean reward: 11.15
                    Mean episode length: 237.45
                        Mean action std: 0.55
--------------------------------------------------------------------------------
                         Iteration time: 9.47s
                           Time elapsed: 0:36:21
                                    ETA: 0:42:40

################################################################################
[1m                           Learning iteration 230/500                           [0m 

                               Run name: chase_v4_1024
                            Total steps: 5677056 
                       Steps per second: 2599 
                        Collection time: 9.336s 
                          Learning time: 0.119s 
                        Mean value loss: 0.1256
                    Mean surrogate loss: -0.0038
                      Mean entropy loss: 2.1807
                            Mean reward: 11.30
                    Mean episode length: 237.68
                        Mean action std: 0.55
--------------------------------------------------------------------------------
                         Iteration time: 9.45s
                           Time elapsed: 0:36:30
                                    ETA: 0:42:31

################################################################################
[1m                           Learning iteration 231/500                           [0m 

                               Run name: chase_v4_1024
                            Total steps: 5701632 
                       Steps per second: 2593 
                        Collection time: 9.358s 
                          Learning time: 0.118s 
                        Mean value loss: 0.6891
                    Mean surrogate loss: -0.0044
                      Mean entropy loss: 2.1776
                            Mean reward: 11.35
                    Mean episode length: 234.00
                        Mean action std: 0.55
--------------------------------------------------------------------------------
                         Iteration time: 9.48s
                           Time elapsed: 0:36:40
                                    ETA: 0:42:21

################################################################################
[1m                           Learning iteration 232/500                           [0m 

                               Run name: chase_v4_1024
                            Total steps: 5726208 
                       Steps per second: 2585 
                        Collection time: 9.386s 
                          Learning time: 0.118s 
                        Mean value loss: 0.4681
                    Mean surrogate loss: -0.0057
                      Mean entropy loss: 2.1773
                            Mean reward: 10.15
                    Mean episode length: 230.72
                        Mean action std: 0.55
--------------------------------------------------------------------------------
                         Iteration time: 9.50s
                           Time elapsed: 0:36:49
                                    ETA: 0:42:12

################################################################################
[1m                           Learning iteration 233/500                           [0m 

                               Run name: chase_v4_1024
                            Total steps: 5750784 
                       Steps per second: 2587 
                        Collection time: 9.379s 
                          Learning time: 0.118s 
                        Mean value loss: 0.8458
                    Mean surrogate loss: -0.0046
                      Mean entropy loss: 2.1755
                            Mean reward: 9.77
                    Mean episode length: 226.96
                        Mean action std: 0.55
--------------------------------------------------------------------------------
                         Iteration time: 9.50s
                           Time elapsed: 0:36:59
                                    ETA: 0:42:02

################################################################################
[1m                           Learning iteration 234/500                           [0m 

                               Run name: chase_v4_1024
                            Total steps: 5775360 
                       Steps per second: 2590 
                        Collection time: 9.370s 
                          Learning time: 0.118s 
                        Mean value loss: 0.1661
                    Mean surrogate loss: -0.0050
                      Mean entropy loss: 2.1724
                            Mean reward: 11.33
                    Mean episode length: 236.62
                        Mean action std: 0.55
--------------------------------------------------------------------------------
                         Iteration time: 9.49s
                           Time elapsed: 0:37:08
                                    ETA: 0:41:53

################################################################################
[1m                           Learning iteration 235/500                           [0m 

                               Run name: chase_v4_1024
                            Total steps: 5799936 
                       Steps per second: 2600 
                        Collection time: 9.332s 
                          Learning time: 0.117s 
                        Mean value loss: 0.3979
                    Mean surrogate loss: -0.0028
                      Mean entropy loss: 2.1688
                            Mean reward: 10.75
                    Mean episode length: 234.92
                        Mean action std: 0.54
--------------------------------------------------------------------------------
                         Iteration time: 9.45s
                           Time elapsed: 0:37:18
                                    ETA: 0:41:43

################################################################################
[1m                           Learning iteration 236/500                           [0m 

                               Run name: chase_v4_1024
                            Total steps: 5824512 
                       Steps per second: 2595 
                        Collection time: 9.349s 
                          Learning time: 0.118s 
                        Mean value loss: 0.5822
                    Mean surrogate loss: -0.0026
                      Mean entropy loss: 2.1689
                            Mean reward: 10.72
                    Mean episode length: 236.42
                        Mean action std: 0.54
--------------------------------------------------------------------------------
                         Iteration time: 9.47s
                           Time elapsed: 0:37:27
                                    ETA: 0:41:34

################################################################################
[1m                           Learning iteration 237/500                           [0m 

                               Run name: chase_v4_1024
                            Total steps: 5849088 
                       Steps per second: 2597 
                        Collection time: 9.341s 
                          Learning time: 0.121s 
                        Mean value loss: 0.1976
                    Mean surrogate loss: -0.0034
                      Mean entropy loss: 2.1704
                            Mean reward: 11.23
                    Mean episode length: 235.82
                        Mean action std: 0.54
--------------------------------------------------------------------------------
                         Iteration time: 9.46s
                           Time elapsed: 0:37:37
                                    ETA: 0:41:24

################################################################################
[1m                           Learning iteration 238/500                           [0m 

                               Run name: chase_v4_1024
                            Total steps: 5873664 
                       Steps per second: 2599 
                        Collection time: 9.336s 
                          Learning time: 0.118s 
                        Mean value loss: 0.4221
                    Mean surrogate loss: -0.0034
                      Mean entropy loss: 2.1682
                            Mean reward: 11.19
                    Mean episode length: 235.17
                        Mean action std: 0.54
--------------------------------------------------------------------------------
                         Iteration time: 9.45s
                           Time elapsed: 0:37:46
                                    ETA: 0:41:15

################################################################################
[1m                           Learning iteration 239/500                           [0m 

                               Run name: chase_v4_1024
                            Total steps: 5898240 
                       Steps per second: 2596 
                        Collection time: 9.347s 
                          Learning time: 0.117s 
                        Mean value loss: 0.2751
                    Mean surrogate loss: -0.0036
                      Mean entropy loss: 2.1712
                            Mean reward: 11.32
                    Mean episode length: 235.50
                        Mean action std: 0.55
--------------------------------------------------------------------------------
                         Iteration time: 9.46s
                           Time elapsed: 0:37:56
                                    ETA: 0:41:05

################################################################################
[1m                           Learning iteration 240/500                           [0m 

                               Run name: chase_v4_1024
                            Total steps: 5922816 
                       Steps per second: 2604 
                        Collection time: 9.318s 
                          Learning time: 0.118s 
                        Mean value loss: 0.1483
                    Mean surrogate loss: -0.0037
                      Mean entropy loss: 2.1800
                            Mean reward: 10.97
                    Mean episode length: 233.43
                        Mean action std: 0.55
--------------------------------------------------------------------------------
                         Iteration time: 9.44s
                           Time elapsed: 0:38:05
                                    ETA: 0:40:56

################################################################################
[1m                           Learning iteration 241/500                           [0m 

                               Run name: chase_v4_1024
                            Total steps: 5947392 
                       Steps per second: 2598 
                        Collection time: 9.342s 
                          Learning time: 0.116s 
                        Mean value loss: 0.2782
                    Mean surrogate loss: -0.0035
                      Mean entropy loss: 2.1759
                            Mean reward: 11.23
                    Mean episode length: 233.45
                        Mean action std: 0.55
--------------------------------------------------------------------------------
                         Iteration time: 9.46s
                           Time elapsed: 0:38:14
                                    ETA: 0:40:46

################################################################################
[1m                           Learning iteration 242/500                           [0m 

                               Run name: chase_v4_1024
                            Total steps: 5971968 
                       Steps per second: 2605 
                        Collection time: 9.316s 
                          Learning time: 0.118s 
                        Mean value loss: 0.2039
                    Mean surrogate loss: -0.0048
                      Mean entropy loss: 2.1617
                            Mean reward: 11.43
                    Mean episode length: 236.24
                        Mean action std: 0.55
--------------------------------------------------------------------------------
                         Iteration time: 9.43s
                           Time elapsed: 0:38:24
                                    ETA: 0:40:37

################################################################################
[1m                           Learning iteration 243/500                           [0m 

                               Run name: chase_v4_1024
                            Total steps: 5996544 
                       Steps per second: 2607 
                        Collection time: 9.310s 
                          Learning time: 0.115s 
                        Mean value loss: 0.9400
                    Mean surrogate loss: -0.0047
                      Mean entropy loss: 2.1515
                            Mean reward: 10.12
                    Mean episode length: 229.10
                        Mean action std: 0.54
--------------------------------------------------------------------------------
                         Iteration time: 9.43s
                           Time elapsed: 0:38:33
                                    ETA: 0:40:27

################################################################################
[1m                           Learning iteration 244/500                           [0m 

                               Run name: chase_v4_1024
                            Total steps: 6021120 
                       Steps per second: 2610 
                        Collection time: 9.296s 
                          Learning time: 0.117s 
                        Mean value loss: 0.4997
                    Mean surrogate loss: -0.0042
                      Mean entropy loss: 2.1586
                            Mean reward: 10.83
                    Mean episode length: 235.38
                        Mean action std: 0.55
--------------------------------------------------------------------------------
                         Iteration time: 9.41s
                           Time elapsed: 0:38:43
                                    ETA: 0:40:18

################################################################################
[1m                           Learning iteration 245/500                           [0m 

                               Run name: chase_v4_1024
                            Total steps: 6045696 
                       Steps per second: 2600 
                        Collection time: 9.334s 
                          Learning time: 0.118s 
                        Mean value loss: 0.5880
                    Mean surrogate loss: -0.0050
                      Mean entropy loss: 2.1773
                            Mean reward: 9.43
                    Mean episode length: 222.40
                        Mean action std: 0.55
--------------------------------------------------------------------------------
                         Iteration time: 9.45s
                           Time elapsed: 0:38:52
                                    ETA: 0:40:08

################################################################################
[1m                           Learning iteration 246/500                           [0m 

                               Run name: chase_v4_1024
                            Total steps: 6070272 
                       Steps per second: 2603 
                        Collection time: 9.323s 
                          Learning time: 0.118s 
                        Mean value loss: 0.5901
                    Mean surrogate loss: -0.0053
                      Mean entropy loss: 2.1688
                            Mean reward: 10.03
                    Mean episode length: 227.57
                        Mean action std: 0.55
--------------------------------------------------------------------------------
                         Iteration time: 9.44s
                           Time elapsed: 0:39:02
                                    ETA: 0:39:59

################################################################################
[1m                           Learning iteration 247/500                           [0m 

                               Run name: chase_v4_1024
                            Total steps: 6094848 
                       Steps per second: 2595 
                        Collection time: 9.350s 
                          Learning time: 0.118s 
                        Mean value loss: 0.5600
                    Mean surrogate loss: -0.0055
                      Mean entropy loss: 2.1604
                            Mean reward: 9.81
                    Mean episode length: 224.77
                        Mean action std: 0.55
--------------------------------------------------------------------------------
                         Iteration time: 9.47s
                           Time elapsed: 0:39:11
                                    ETA: 0:39:49

################################################################################
[1m                           Learning iteration 248/500                           [0m 

                               Run name: chase_v4_1024
                            Total steps: 6119424 
                       Steps per second: 2605 
                        Collection time: 9.315s 
                          Learning time: 0.118s 
                        Mean value loss: 0.3421
                    Mean surrogate loss: -0.0053
                      Mean entropy loss: 2.1642
                            Mean reward: 10.93
                    Mean episode length: 233.20
                        Mean action std: 0.55
--------------------------------------------------------------------------------
                         Iteration time: 9.43s
                           Time elapsed: 0:39:21
                                    ETA: 0:39:39

################################################################################
[1m                           Learning iteration 249/500                           [0m 

                               Run name: chase_v4_1024
                            Total steps: 6144000 
                       Steps per second: 2587 
                        Collection time: 9.379s 
                          Learning time: 0.118s 
                        Mean value loss: 0.6383
                    Mean surrogate loss: -0.0032
                      Mean entropy loss: 2.1658
                            Mean reward: 10.50
                    Mean episode length: 231.30
                        Mean action std: 0.55
--------------------------------------------------------------------------------
                         Iteration time: 9.50s
                           Time elapsed: 0:39:30
                                    ETA: 0:39:30

################################################################################
[1m                           Learning iteration 250/500                           [0m 

                               Run name: chase_v4_1024
                            Total steps: 6168576 
                       Steps per second: 2602 
                        Collection time: 9.324s 
                          Learning time: 0.118s 
                        Mean value loss: 0.6137
                    Mean surrogate loss: -0.0052
                      Mean entropy loss: 2.1803
                            Mean reward: 9.04
                    Mean episode length: 218.90
                        Mean action std: 0.56
--------------------------------------------------------------------------------
                         Iteration time: 9.44s
                           Time elapsed: 0:39:39
                                    ETA: 0:39:20

################################################################################
[1m                           Learning iteration 251/500                           [0m 

                               Run name: chase_v4_1024
                            Total steps: 6193152 
                       Steps per second: 2609 
                        Collection time: 9.301s 
                          Learning time: 0.118s 
                        Mean value loss: 0.4191
                    Mean surrogate loss: -0.0041
                      Mean entropy loss: 2.1983
                            Mean reward: 11.90
                    Mean episode length: 238.70
                        Mean action std: 0.56
--------------------------------------------------------------------------------
                         Iteration time: 9.42s
                           Time elapsed: 0:39:49
                                    ETA: 0:39:11

################################################################################
[1m                           Learning iteration 252/500                           [0m 

                               Run name: chase_v4_1024
                            Total steps: 6217728 
                       Steps per second: 2601 
                        Collection time: 9.329s 
                          Learning time: 0.117s 
                        Mean value loss: 0.4919
                    Mean surrogate loss: -0.0037
                      Mean entropy loss: 2.1967
                            Mean reward: 10.61
                    Mean episode length: 235.10
                        Mean action std: 0.56
--------------------------------------------------------------------------------
                         Iteration time: 9.45s
                           Time elapsed: 0:39:58
                                    ETA: 0:39:01

################################################################################
[1m                           Learning iteration 253/500                           [0m 

                               Run name: chase_v4_1024
                            Total steps: 6242304 
                       Steps per second: 2611 
                        Collection time: 9.292s 
                          Learning time: 0.118s 
                        Mean value loss: 0.2589
                    Mean surrogate loss: -0.0048
                      Mean entropy loss: 2.1970
                            Mean reward: 10.80
                    Mean episode length: 230.88
                        Mean action std: 0.56
--------------------------------------------------------------------------------
                         Iteration time: 9.41s
                           Time elapsed: 0:40:08
                                    ETA: 0:38:52

################################################################################
[1m                           Learning iteration 254/500                           [0m 

                               Run name: chase_v4_1024
                            Total steps: 6266880 
                       Steps per second: 2581 
                        Collection time: 9.397s 
                          Learning time: 0.122s 
                        Mean value loss: 0.0811
                    Mean surrogate loss: -0.0061
                      Mean entropy loss: 2.1844
                            Mean reward: 11.90
                    Mean episode length: 238.64
                        Mean action std: 0.56
--------------------------------------------------------------------------------
                         Iteration time: 9.52s
                           Time elapsed: 0:40:17
                                    ETA: 0:38:42

################################################################################
[1m                           Learning iteration 255/500                           [0m 

                               Run name: chase_v4_1024
                            Total steps: 6291456 
                       Steps per second: 2585 
                        Collection time: 9.383s 
                          Learning time: 0.121s 
                        Mean value loss: 0.2574
                    Mean surrogate loss: -0.0042
                      Mean entropy loss: 2.1664
                            Mean reward: 11.52
                    Mean episode length: 236.68
                        Mean action std: 0.56
--------------------------------------------------------------------------------
                         Iteration time: 9.50s
                           Time elapsed: 0:40:27
                                    ETA: 0:38:33

################################################################################
[1m                           Learning iteration 256/500                           [0m 

                               Run name: chase_v4_1024
                            Total steps: 6316032 
                       Steps per second: 2597 
                        Collection time: 9.343s 
                          Learning time: 0.119s 
                        Mean value loss: 0.2002
                    Mean surrogate loss: -0.0029
                      Mean entropy loss: 2.1675
                            Mean reward: 11.32
                    Mean episode length: 233.85
                        Mean action std: 0.56
--------------------------------------------------------------------------------
                         Iteration time: 9.46s
                           Time elapsed: 0:40:36
                                    ETA: 0:38:23

################################################################################
[1m                           Learning iteration 257/500                           [0m 

                               Run name: chase_v4_1024
                            Total steps: 6340608 
                       Steps per second: 2594 
                        Collection time: 9.350s 
                          Learning time: 0.122s 
                        Mean value loss: 0.7096
                    Mean surrogate loss: -0.0057
                      Mean entropy loss: 2.1736
                            Mean reward: 10.03
                    Mean episode length: 228.07
                        Mean action std: 0.56
--------------------------------------------------------------------------------
                         Iteration time: 9.47s
                           Time elapsed: 0:40:46
                                    ETA: 0:38:14

################################################################################
[1m                           Learning iteration 258/500                           [0m 

                               Run name: chase_v4_1024
                            Total steps: 6365184 
                       Steps per second: 2604 
                        Collection time: 9.314s 
                          Learning time: 0.122s 
                        Mean value loss: 0.3719
                    Mean surrogate loss: -0.0043
                      Mean entropy loss: 2.1979
                            Mean reward: 10.56
                    Mean episode length: 232.13
                        Mean action std: 0.56
--------------------------------------------------------------------------------
                         Iteration time: 9.44s
                           Time elapsed: 0:40:55
                                    ETA: 0:38:04

################################################################################
[1m                           Learning iteration 259/500                           [0m 

                               Run name: chase_v4_1024
                            Total steps: 6389760 
                       Steps per second: 2599 
                        Collection time: 9.334s 
                          Learning time: 0.120s 
                        Mean value loss: 0.5606
                    Mean surrogate loss: -0.0038
                      Mean entropy loss: 2.1985
                            Mean reward: 10.60
                    Mean episode length: 233.31
                        Mean action std: 0.56
--------------------------------------------------------------------------------
                         Iteration time: 9.45s
                           Time elapsed: 0:41:05
                                    ETA: 0:37:55

################################################################################
[1m                           Learning iteration 260/500                           [0m 

                               Run name: chase_v4_1024
                            Total steps: 6414336 
                       Steps per second: 2614 
                        Collection time: 9.286s 
                          Learning time: 0.116s 
                        Mean value loss: 0.3104
                    Mean surrogate loss: -0.0039
                      Mean entropy loss: 2.1967
                            Mean reward: 10.65
                    Mean episode length: 230.85
                        Mean action std: 0.56
--------------------------------------------------------------------------------
                         Iteration time: 9.40s
                           Time elapsed: 0:41:14
                                    ETA: 0:37:45

################################################################################
[1m                           Learning iteration 261/500                           [0m 

                               Run name: chase_v4_1024
                            Total steps: 6438912 
                       Steps per second: 2600 
                        Collection time: 9.334s 
                          Learning time: 0.116s 
                        Mean value loss: 0.2275
                    Mean surrogate loss: -0.0049
                      Mean entropy loss: 2.2021
                            Mean reward: 10.14
                    Mean episode length: 231.22
                        Mean action std: 0.56
--------------------------------------------------------------------------------
                         Iteration time: 9.45s
                           Time elapsed: 0:41:23
                                    ETA: 0:37:36

################################################################################
[1m                           Learning iteration 262/500                           [0m 

                               Run name: chase_v4_1024
                            Total steps: 6463488 
                       Steps per second: 2610 
                        Collection time: 9.297s 
                          Learning time: 0.118s 
                        Mean value loss: 0.2338
                    Mean surrogate loss: -0.0016
                      Mean entropy loss: 2.1938
                            Mean reward: 10.93
                    Mean episode length: 234.46
                        Mean action std: 0.56
--------------------------------------------------------------------------------
                         Iteration time: 9.42s
                           Time elapsed: 0:41:33
                                    ETA: 0:37:26

################################################################################
[1m                           Learning iteration 263/500                           [0m 

                               Run name: chase_v4_1024
                            Total steps: 6488064 
                       Steps per second: 2610 
                        Collection time: 9.295s 
                          Learning time: 0.119s 
                        Mean value loss: 0.1956
                    Mean surrogate loss: -0.0030
                      Mean entropy loss: 2.2018
                            Mean reward: 11.56
                    Mean episode length: 237.06
                        Mean action std: 0.56
--------------------------------------------------------------------------------
                         Iteration time: 9.41s
                           Time elapsed: 0:41:42
                                    ETA: 0:37:17

################################################################################
[1m                           Learning iteration 264/500                           [0m 

                               Run name: chase_v4_1024
                            Total steps: 6512640 
                       Steps per second: 2609 
                        Collection time: 9.302s 
                          Learning time: 0.117s 
                        Mean value loss: 0.3059
                    Mean surrogate loss: -0.0055
                      Mean entropy loss: 2.2091
                            Mean reward: 10.38
                    Mean episode length: 232.21
                        Mean action std: 0.57
--------------------------------------------------------------------------------
                         Iteration time: 9.42s
                           Time elapsed: 0:41:52
                                    ETA: 0:37:07

################################################################################
[1m                           Learning iteration 265/500                           [0m 

                               Run name: chase_v4_1024
                            Total steps: 6537216 
                       Steps per second: 2607 
                        Collection time: 9.304s 
                          Learning time: 0.121s 
                        Mean value loss: 0.4938
                    Mean surrogate loss: -0.0011
                      Mean entropy loss: 2.2242
                            Mean reward: 11.10
                    Mean episode length: 237.61
                        Mean action std: 0.57
--------------------------------------------------------------------------------
                         Iteration time: 9.42s
                           Time elapsed: 0:42:01
                                    ETA: 0:36:58

################################################################################
[1m                           Learning iteration 266/500                           [0m 

                               Run name: chase_v4_1024
                            Total steps: 6561792 
                       Steps per second: 2605 
                        Collection time: 9.315s 
                          Learning time: 0.117s 
                        Mean value loss: 0.5697
                    Mean surrogate loss: -0.0041
                      Mean entropy loss: 2.2304
                            Mean reward: 10.36
                    Mean episode length: 232.17
                        Mean action std: 0.57
--------------------------------------------------------------------------------
                         Iteration time: 9.43s
                           Time elapsed: 0:42:11
                                    ETA: 0:36:48

################################################################################
[1m                           Learning iteration 267/500                           [0m 

                               Run name: chase_v4_1024
                            Total steps: 6586368 
                       Steps per second: 2609 
                        Collection time: 9.304s 
                          Learning time: 0.116s 
                        Mean value loss: 0.2121
                    Mean surrogate loss: -0.0043
                      Mean entropy loss: 2.2335
                            Mean reward: 10.79
                    Mean episode length: 231.13
                        Mean action std: 0.57
--------------------------------------------------------------------------------
                         Iteration time: 9.42s
                           Time elapsed: 0:42:20
                                    ETA: 0:36:39

################################################################################
[1m                           Learning iteration 268/500                           [0m 

                               Run name: chase_v4_1024
                            Total steps: 6610944 
                       Steps per second: 2597 
                        Collection time: 9.345s 
                          Learning time: 0.116s 
                        Mean value loss: 0.6300
                    Mean surrogate loss: -0.0041
                      Mean entropy loss: 2.2415
                            Mean reward: 10.09
                    Mean episode length: 232.03
                        Mean action std: 0.58
--------------------------------------------------------------------------------
                         Iteration time: 9.46s
                           Time elapsed: 0:42:29
                                    ETA: 0:36:29

################################################################################
[1m                           Learning iteration 269/500                           [0m 

                               Run name: chase_v4_1024
                            Total steps: 6635520 
                       Steps per second: 2605 
                        Collection time: 9.316s 
                          Learning time: 0.116s 
                        Mean value loss: 1.2509
                    Mean surrogate loss: -0.0038
                      Mean entropy loss: 2.2621
                            Mean reward: 10.17
                    Mean episode length: 230.93
                        Mean action std: 0.58
--------------------------------------------------------------------------------
                         Iteration time: 9.43s
                           Time elapsed: 0:42:39
                                    ETA: 0:36:20

################################################################################
[1m                           Learning iteration 270/500                           [0m 

                               Run name: chase_v4_1024
                            Total steps: 6660096 
                       Steps per second: 2591 
                        Collection time: 9.361s 
                          Learning time: 0.120s 
                        Mean value loss: 0.2590
                    Mean surrogate loss: -0.0043
                      Mean entropy loss: 2.2811
                            Mean reward: 10.47
                    Mean episode length: 228.61
                        Mean action std: 0.58
--------------------------------------------------------------------------------
                         Iteration time: 9.48s
                           Time elapsed: 0:42:48
                                    ETA: 0:36:10

################################################################################
[1m                           Learning iteration 271/500                           [0m 

                               Run name: chase_v4_1024
                            Total steps: 6684672 
                       Steps per second: 2607 
                        Collection time: 9.307s 
                          Learning time: 0.118s 
                        Mean value loss: 0.3598
                    Mean surrogate loss: -0.0034
                      Mean entropy loss: 2.2608
                            Mean reward: 10.84
                    Mean episode length: 228.35
                        Mean action std: 0.58
--------------------------------------------------------------------------------
                         Iteration time: 9.43s
                           Time elapsed: 0:42:58
                                    ETA: 0:36:01

################################################################################
[1m                           Learning iteration 272/500                           [0m 

                               Run name: chase_v4_1024
                            Total steps: 6709248 
                       Steps per second: 2588 
                        Collection time: 9.372s 
                          Learning time: 0.121s 
                        Mean value loss: 0.1952
                    Mean surrogate loss: -0.0045
                      Mean entropy loss: 2.2564
                            Mean reward: 11.28
                    Mean episode length: 238.00
                        Mean action std: 0.58
--------------------------------------------------------------------------------
                         Iteration time: 9.49s
                           Time elapsed: 0:43:07
                                    ETA: 0:35:51

################################################################################
[1m                           Learning iteration 273/500                           [0m 

                               Run name: chase_v4_1024
                            Total steps: 6733824 
                       Steps per second: 2595 
                        Collection time: 9.353s 
                          Learning time: 0.117s 
                        Mean value loss: 0.1287
                    Mean surrogate loss: -0.0034
                      Mean entropy loss: 2.2520
                            Mean reward: 11.25
                    Mean episode length: 236.57
                        Mean action std: 0.58
--------------------------------------------------------------------------------
                         Iteration time: 9.47s
                           Time elapsed: 0:43:17
                                    ETA: 0:35:42

################################################################################
[1m                           Learning iteration 274/500                           [0m 

                               Run name: chase_v4_1024
                            Total steps: 6758400 
                       Steps per second: 2599 
                        Collection time: 9.330s 
                          Learning time: 0.122s 
                        Mean value loss: 0.3303
                    Mean surrogate loss: -0.0041
                      Mean entropy loss: 2.2642
                            Mean reward: 10.46
                    Mean episode length: 226.87
                        Mean action std: 0.58
--------------------------------------------------------------------------------
                         Iteration time: 9.45s
                           Time elapsed: 0:43:26
                                    ETA: 0:35:32

################################################################################
[1m                           Learning iteration 275/500                           [0m 

                               Run name: chase_v4_1024
                            Total steps: 6782976 
                       Steps per second: 2593 
                        Collection time: 9.358s 
                          Learning time: 0.117s 
                        Mean value loss: 0.9220
                    Mean surrogate loss: -0.0032
                      Mean entropy loss: 2.2707
                            Mean reward: 11.50
                    Mean episode length: 237.66
                        Mean action std: 0.58
--------------------------------------------------------------------------------
                         Iteration time: 9.48s
                           Time elapsed: 0:43:36
                                    ETA: 0:35:23

################################################################################
[1m                           Learning iteration 276/500                           [0m 

                               Run name: chase_v4_1024
                            Total steps: 6807552 
                       Steps per second: 2604 
                        Collection time: 9.319s 
                          Learning time: 0.118s 
                        Mean value loss: 0.6789
                    Mean surrogate loss: -0.0027
                      Mean entropy loss: 2.2761
                            Mean reward: 10.15
                    Mean episode length: 232.81
                        Mean action std: 0.58
--------------------------------------------------------------------------------
                         Iteration time: 9.44s
                           Time elapsed: 0:43:45
                                    ETA: 0:35:13

################################################################################
[1m                           Learning iteration 277/500                           [0m 

                               Run name: chase_v4_1024
                            Total steps: 6832128 
                       Steps per second: 2595 
                        Collection time: 9.351s 
                          Learning time: 0.118s 
                        Mean value loss: 0.6274
                    Mean surrogate loss: -0.0029
                      Mean entropy loss: 2.2767
                            Mean reward: 9.79
                    Mean episode length: 226.82
                        Mean action std: 0.58
--------------------------------------------------------------------------------
                         Iteration time: 9.47s
                           Time elapsed: 0:43:55
                                    ETA: 0:35:04

################################################################################
[1m                           Learning iteration 278/500                           [0m 

                               Run name: chase_v4_1024
                            Total steps: 6856704 
                       Steps per second: 2601 
                        Collection time: 9.328s 
                          Learning time: 0.118s 
                        Mean value loss: 0.4434
                    Mean surrogate loss: -0.0045
                      Mean entropy loss: 2.2735
                            Mean reward: 10.73
                    Mean episode length: 226.16
                        Mean action std: 0.58
--------------------------------------------------------------------------------
                         Iteration time: 9.45s
                           Time elapsed: 0:44:04
                                    ETA: 0:34:54

################################################################################
[1m                           Learning iteration 279/500                           [0m 

                               Run name: chase_v4_1024
                            Total steps: 6881280 
                       Steps per second: 2604 
                        Collection time: 9.317s 
                          Learning time: 0.118s 
                        Mean value loss: 0.3712
                    Mean surrogate loss: -0.0045
                      Mean entropy loss: 2.2723
                            Mean reward: 10.70
                    Mean episode length: 233.11
                        Mean action std: 0.58
--------------------------------------------------------------------------------
                         Iteration time: 9.43s
                           Time elapsed: 0:44:13
                                    ETA: 0:34:45

################################################################################
[1m                           Learning iteration 280/500                           [0m 

                               Run name: chase_v4_1024
                            Total steps: 6905856 
                       Steps per second: 2607 
                        Collection time: 9.308s 
                          Learning time: 0.118s 
                        Mean value loss: 0.3202
                    Mean surrogate loss: -0.0037
                      Mean entropy loss: 2.2727
                            Mean reward: 10.38
                    Mean episode length: 231.35
                        Mean action std: 0.58
--------------------------------------------------------------------------------
                         Iteration time: 9.43s
                           Time elapsed: 0:44:23
                                    ETA: 0:34:35

################################################################################
[1m                           Learning iteration 281/500                           [0m 

                               Run name: chase_v4_1024
                            Total steps: 6930432 
                       Steps per second: 2606 
                        Collection time: 9.311s 
                          Learning time: 0.118s 
                        Mean value loss: 0.3048
                    Mean surrogate loss: -0.0045
                      Mean entropy loss: 2.2764
                            Mean reward: 11.13
                    Mean episode length: 236.73
                        Mean action std: 0.58
--------------------------------------------------------------------------------
                         Iteration time: 9.43s
                           Time elapsed: 0:44:32
                                    ETA: 0:34:26

################################################################################
[1m                           Learning iteration 282/500                           [0m 

                               Run name: chase_v4_1024
                            Total steps: 6955008 
                       Steps per second: 2603 
                        Collection time: 9.322s 
                          Learning time: 0.118s 
                        Mean value loss: 0.5855
                    Mean surrogate loss: -0.0034
                      Mean entropy loss: 2.2697
                            Mean reward: 10.42
                    Mean episode length: 235.86
                        Mean action std: 0.58
--------------------------------------------------------------------------------
                         Iteration time: 9.44s
                           Time elapsed: 0:44:42
                                    ETA: 0:34:16

################################################################################
[1m                           Learning iteration 283/500                           [0m 

                               Run name: chase_v4_1024
                            Total steps: 6979584 
                       Steps per second: 2595 
                        Collection time: 9.351s 
                          Learning time: 0.118s 
                        Mean value loss: 0.5703
                    Mean surrogate loss: -0.0030
                      Mean entropy loss: 2.2689
                            Mean reward: 9.98
                    Mean episode length: 227.95
                        Mean action std: 0.58
--------------------------------------------------------------------------------
                         Iteration time: 9.47s
                           Time elapsed: 0:44:51
                                    ETA: 0:34:07

################################################################################
[1m                           Learning iteration 284/500                           [0m 

                               Run name: chase_v4_1024
                            Total steps: 7004160 
                       Steps per second: 2602 
                        Collection time: 9.324s 
                          Learning time: 0.118s 
                        Mean value loss: 0.5444
                    Mean surrogate loss: -0.0017
                      Mean entropy loss: 2.2680
                            Mean reward: 10.88
                    Mean episode length: 235.51
                        Mean action std: 0.58
--------------------------------------------------------------------------------
                         Iteration time: 9.44s
                           Time elapsed: 0:45:01
                                    ETA: 0:33:57

################################################################################
[1m                           Learning iteration 285/500                           [0m 

                               Run name: chase_v4_1024
                            Total steps: 7028736 
                       Steps per second: 2604 
                        Collection time: 9.317s 
                          Learning time: 0.117s 
                        Mean value loss: 0.1315
                    Mean surrogate loss: -0.0025
                      Mean entropy loss: 2.2629
                            Mean reward: 11.00
                    Mean episode length: 237.39
                        Mean action std: 0.58
--------------------------------------------------------------------------------
                         Iteration time: 9.43s
                           Time elapsed: 0:45:10
                                    ETA: 0:33:48

################################################################################
[1m                           Learning iteration 286/500                           [0m 

                               Run name: chase_v4_1024
                            Total steps: 7053312 
                       Steps per second: 2540 
                        Collection time: 9.554s 
                          Learning time: 0.118s 
                        Mean value loss: 0.4792
                    Mean surrogate loss: -0.0028
                      Mean entropy loss: 2.2539
                            Mean reward: 9.94
                    Mean episode length: 228.41
                        Mean action std: 0.58
--------------------------------------------------------------------------------
                         Iteration time: 9.67s
                           Time elapsed: 0:45:20
                                    ETA: 0:33:38

################################################################################
[1m                           Learning iteration 287/500                           [0m 

                               Run name: chase_v4_1024
                            Total steps: 7077888 
                       Steps per second: 2607 
                        Collection time: 9.305s 
                          Learning time: 0.118s 
                        Mean value loss: 0.6218
                    Mean surrogate loss: -0.0028
                      Mean entropy loss: 2.2626
                            Mean reward: 11.43
                    Mean episode length: 236.60
                        Mean action std: 0.58
--------------------------------------------------------------------------------
                         Iteration time: 9.42s
                           Time elapsed: 0:45:29
                                    ETA: 0:33:29

################################################################################
[1m                           Learning iteration 288/500                           [0m 

                               Run name: chase_v4_1024
                            Total steps: 7102464 
                       Steps per second: 2602 
                        Collection time: 9.323s 
                          Learning time: 0.119s 
                        Mean value loss: 0.2890
                    Mean surrogate loss: -0.0034
                      Mean entropy loss: 2.2777
                            Mean reward: 11.17
                    Mean episode length: 237.21
                        Mean action std: 0.58
--------------------------------------------------------------------------------
                         Iteration time: 9.44s
                           Time elapsed: 0:45:39
                                    ETA: 0:33:19

################################################################################
[1m                           Learning iteration 289/500                           [0m 

                               Run name: chase_v4_1024
                            Total steps: 7127040 
                       Steps per second: 2601 
                        Collection time: 9.330s 
                          Learning time: 0.117s 
                        Mean value loss: 0.2753
                    Mean surrogate loss: -0.0047
                      Mean entropy loss: 2.2891
                            Mean reward: 11.08
                    Mean episode length: 235.52
                        Mean action std: 0.58
--------------------------------------------------------------------------------
                         Iteration time: 9.45s
                           Time elapsed: 0:45:48
                                    ETA: 0:33:10

################################################################################
[1m                           Learning iteration 290/500                           [0m 

                               Run name: chase_v4_1024
                            Total steps: 7151616 
                       Steps per second: 2605 
                        Collection time: 9.316s 
                          Learning time: 0.117s 
                        Mean value loss: 0.2962
                    Mean surrogate loss: -0.0040
                      Mean entropy loss: 2.2914
                            Mean reward: 10.61
                    Mean episode length: 232.98
                        Mean action std: 0.58
--------------------------------------------------------------------------------
                         Iteration time: 9.43s
                           Time elapsed: 0:45:57
                                    ETA: 0:33:00

################################################################################
[1m                           Learning iteration 291/500                           [0m 

                               Run name: chase_v4_1024
                            Total steps: 7176192 
                       Steps per second: 2580 
                        Collection time: 9.404s 
                          Learning time: 0.118s 
                        Mean value loss: 0.4029
                    Mean surrogate loss: -0.0039
                      Mean entropy loss: 2.3000
                            Mean reward: 10.99
                    Mean episode length: 233.82
                        Mean action std: 0.58
--------------------------------------------------------------------------------
                         Iteration time: 9.52s
                           Time elapsed: 0:46:07
                                    ETA: 0:32:51

################################################################################
[1m                           Learning iteration 292/500                           [0m 

                               Run name: chase_v4_1024
                            Total steps: 7200768 
                       Steps per second: 2596 
                        Collection time: 9.346s 
                          Learning time: 0.120s 
                        Mean value loss: 0.6980
                    Mean surrogate loss: -0.0057
                      Mean entropy loss: 2.3263
                            Mean reward: 11.23
                    Mean episode length: 236.93
                        Mean action std: 0.59
--------------------------------------------------------------------------------
                         Iteration time: 9.47s
                           Time elapsed: 0:46:16
                                    ETA: 0:32:41

################################################################################
[1m                           Learning iteration 293/500                           [0m 

                               Run name: chase_v4_1024
                            Total steps: 7225344 
                       Steps per second: 2587 
                        Collection time: 9.378s 
                          Learning time: 0.119s 
                        Mean value loss: 0.5489
                    Mean surrogate loss: -0.0044
                      Mean entropy loss: 2.3324
                            Mean reward: 9.64
                    Mean episode length: 229.22
                        Mean action std: 0.59
--------------------------------------------------------------------------------
                         Iteration time: 9.50s
                           Time elapsed: 0:46:26
                                    ETA: 0:32:32

################################################################################
[1m                           Learning iteration 294/500                           [0m 

                               Run name: chase_v4_1024
                            Total steps: 7249920 
                       Steps per second: 2585 
                        Collection time: 9.387s 
                          Learning time: 0.117s 
                        Mean value loss: 0.3860
                    Mean surrogate loss: -0.0044
                      Mean entropy loss: 2.3355
                            Mean reward: 10.59
                    Mean episode length: 231.95
                        Mean action std: 0.59
--------------------------------------------------------------------------------
                         Iteration time: 9.50s
                           Time elapsed: 0:46:35
                                    ETA: 0:32:22

################################################################################
[1m                           Learning iteration 295/500                           [0m 

                               Run name: chase_v4_1024
                            Total steps: 7274496 
                       Steps per second: 2592 
                        Collection time: 9.362s 
                          Learning time: 0.118s 
                        Mean value loss: 0.4077
                    Mean surrogate loss: -0.0032
                      Mean entropy loss: 2.3448
                            Mean reward: 10.70
                    Mean episode length: 234.77
                        Mean action std: 0.59
--------------------------------------------------------------------------------
                         Iteration time: 9.48s
                           Time elapsed: 0:46:45
                                    ETA: 0:32:13

################################################################################
[1m                           Learning iteration 296/500                           [0m 

                               Run name: chase_v4_1024
                            Total steps: 7299072 
                       Steps per second: 2597 
                        Collection time: 9.340s 
                          Learning time: 0.120s 
                        Mean value loss: 0.2023
                    Mean surrogate loss: -0.0040
                      Mean entropy loss: 2.3487
                            Mean reward: 11.64
                    Mean episode length: 239.76
                        Mean action std: 0.59
--------------------------------------------------------------------------------
                         Iteration time: 9.46s
                           Time elapsed: 0:46:54
                                    ETA: 0:32:03

################################################################################
[1m                           Learning iteration 297/500                           [0m 

                               Run name: chase_v4_1024
                            Total steps: 7323648 
                       Steps per second: 2588 
                        Collection time: 9.375s 
                          Learning time: 0.118s 
                        Mean value loss: 0.4199
                    Mean surrogate loss: -0.0046
                      Mean entropy loss: 2.3536
                            Mean reward: 10.91
                    Mean episode length: 233.43
                        Mean action std: 0.59
--------------------------------------------------------------------------------
                         Iteration time: 9.49s
                           Time elapsed: 0:47:04
                                    ETA: 0:31:54

################################################################################
[1m                           Learning iteration 298/500                           [0m 

                               Run name: chase_v4_1024
                            Total steps: 7348224 
                       Steps per second: 2591 
                        Collection time: 9.366s 
                          Learning time: 0.119s 
                        Mean value loss: 0.3585
                    Mean surrogate loss: -0.0027
                      Mean entropy loss: 2.3752
                            Mean reward: 10.70
                    Mean episode length: 233.22
                        Mean action std: 0.59
--------------------------------------------------------------------------------
                         Iteration time: 9.48s
                           Time elapsed: 0:47:13
                                    ETA: 0:31:45

################################################################################
[1m                           Learning iteration 299/500                           [0m 

                               Run name: chase_v4_1024
                            Total steps: 7372800 
                       Steps per second: 2593 
                        Collection time: 9.361s 
                          Learning time: 0.116s 
                        Mean value loss: 0.1178
                    Mean surrogate loss: -0.0037
                      Mean entropy loss: 2.3838
                            Mean reward: 11.26
                    Mean episode length: 234.39
                        Mean action std: 0.59
--------------------------------------------------------------------------------
                         Iteration time: 9.48s
                           Time elapsed: 0:47:23
                                    ETA: 0:31:35

################################################################################
[1m                           Learning iteration 300/500                           [0m 

                               Run name: chase_v4_1024
                            Total steps: 7397376 
                       Steps per second: 2595 
                        Collection time: 9.353s 
                          Learning time: 0.118s 
                        Mean value loss: 0.2487
                    Mean surrogate loss: -0.0023
                      Mean entropy loss: 2.3735
                            Mean reward: 11.35
                    Mean episode length: 237.70
                        Mean action std: 0.59
--------------------------------------------------------------------------------
                         Iteration time: 9.47s
                           Time elapsed: 0:47:32
                                    ETA: 0:31:26

################################################################################
[1m                           Learning iteration 301/500                           [0m 

                               Run name: chase_v4_1024
                            Total steps: 7421952 
                       Steps per second: 2589 
                        Collection time: 9.371s 
                          Learning time: 0.119s 
                        Mean value loss: 0.2027
                    Mean surrogate loss: -0.0043
                      Mean entropy loss: 2.3721
                            Mean reward: 10.46
                    Mean episode length: 234.36
                        Mean action std: 0.59
--------------------------------------------------------------------------------
                         Iteration time: 9.49s
                           Time elapsed: 0:47:42
                                    ETA: 0:31:16

################################################################################
[1m                           Learning iteration 302/500                           [0m 

                               Run name: chase_v4_1024
                            Total steps: 7446528 
                       Steps per second: 2601 
                        Collection time: 9.333s 
                          Learning time: 0.115s 
                        Mean value loss: 0.4743
                    Mean surrogate loss: -0.0037
                      Mean entropy loss: 2.3787
                            Mean reward: 11.67
                    Mean episode length: 239.22
                        Mean action std: 0.59
--------------------------------------------------------------------------------
                         Iteration time: 9.45s
                           Time elapsed: 0:47:51
                                    ETA: 0:31:07

################################################################################
[1m                           Learning iteration 303/500                           [0m 

                               Run name: chase_v4_1024
                            Total steps: 7471104 
                       Steps per second: 2592 
                        Collection time: 9.361s 
                          Learning time: 0.118s 
                        Mean value loss: 0.1573
                    Mean surrogate loss: -0.0040
                      Mean entropy loss: 2.3881
                            Mean reward: 11.51
                    Mean episode length: 237.04
                        Mean action std: 0.59
--------------------------------------------------------------------------------
                         Iteration time: 9.48s
                           Time elapsed: 0:48:01
                                    ETA: 0:30:57

################################################################################
[1m                           Learning iteration 304/500                           [0m 

                               Run name: chase_v4_1024
                            Total steps: 7495680 
                       Steps per second: 2591 
                        Collection time: 9.365s 
                          Learning time: 0.118s 
                        Mean value loss: 0.7384
                    Mean surrogate loss: -0.0052
                      Mean entropy loss: 2.3912
                            Mean reward: 10.64
                    Mean episode length: 231.00
                        Mean action std: 0.59
--------------------------------------------------------------------------------
                         Iteration time: 9.48s
                           Time elapsed: 0:48:10
                                    ETA: 0:30:48

################################################################################
[1m                           Learning iteration 305/500                           [0m 

                               Run name: chase_v4_1024
                            Total steps: 7520256 
                       Steps per second: 2587 
                        Collection time: 9.380s 
                          Learning time: 0.118s 
                        Mean value loss: 0.2774
                    Mean surrogate loss: -0.0047
                      Mean entropy loss: 2.3938
                            Mean reward: 9.54
                    Mean episode length: 225.72
                        Mean action std: 0.59
--------------------------------------------------------------------------------
                         Iteration time: 9.50s
                           Time elapsed: 0:48:20
                                    ETA: 0:30:38

################################################################################
[1m                           Learning iteration 306/500                           [0m 

                               Run name: chase_v4_1024
                            Total steps: 7544832 
                       Steps per second: 2600 
                        Collection time: 9.332s 
                          Learning time: 0.118s 
                        Mean value loss: 0.2658
                    Mean surrogate loss: -0.0040
                      Mean entropy loss: 2.3964
                            Mean reward: 11.09
                    Mean episode length: 235.79
                        Mean action std: 0.59
--------------------------------------------------------------------------------
                         Iteration time: 9.45s
                           Time elapsed: 0:48:29
                                    ETA: 0:30:29

################################################################################
[1m                           Learning iteration 307/500                           [0m 

                               Run name: chase_v4_1024
                            Total steps: 7569408 
                       Steps per second: 2596 
                        Collection time: 9.346s 
                          Learning time: 0.118s 
                        Mean value loss: 0.9828
                    Mean surrogate loss: -0.0036
                      Mean entropy loss: 2.4059
                            Mean reward: 10.44
                    Mean episode length: 231.17
                        Mean action std: 0.60
--------------------------------------------------------------------------------
                         Iteration time: 9.46s
                           Time elapsed: 0:48:39
                                    ETA: 0:30:19

################################################################################
[1m                           Learning iteration 308/500                           [0m 

                               Run name: chase_v4_1024
                            Total steps: 7593984 
                       Steps per second: 2600 
                        Collection time: 9.333s 
                          Learning time: 0.118s 
                        Mean value loss: 0.2607
                    Mean surrogate loss: -0.0034
                      Mean entropy loss: 2.4009
                            Mean reward: 11.54
                    Mean episode length: 238.48
                        Mean action std: 0.59
--------------------------------------------------------------------------------
                         Iteration time: 9.45s
                           Time elapsed: 0:48:48
                                    ETA: 0:30:10

################################################################################
[1m                           Learning iteration 309/500                           [0m 

                               Run name: chase_v4_1024
                            Total steps: 7618560 
                       Steps per second: 2591 
                        Collection time: 9.364s 
                          Learning time: 0.117s 
                        Mean value loss: 0.1581
                    Mean surrogate loss: -0.0033
                      Mean entropy loss: 2.3640
                            Mean reward: 11.06
                    Mean episode length: 233.53
                        Mean action std: 0.59
--------------------------------------------------------------------------------
                         Iteration time: 9.48s
                           Time elapsed: 0:48:58
                                    ETA: 0:30:00

################################################################################
[1m                           Learning iteration 310/500                           [0m 

                               Run name: chase_v4_1024
                            Total steps: 7643136 
                       Steps per second: 2600 
                        Collection time: 9.334s 
                          Learning time: 0.118s 
                        Mean value loss: 0.4814
                    Mean surrogate loss: -0.0037
                      Mean entropy loss: 2.3427
                            Mean reward: 10.39
                    Mean episode length: 233.83
                        Mean action std: 0.59
--------------------------------------------------------------------------------
                         Iteration time: 9.45s
                           Time elapsed: 0:49:07
                                    ETA: 0:29:51

################################################################################
[1m                           Learning iteration 311/500                           [0m 

                               Run name: chase_v4_1024
                            Total steps: 7667712 
                       Steps per second: 2600 
                        Collection time: 9.335s 
                          Learning time: 0.117s 
                        Mean value loss: 0.6108
                    Mean surrogate loss: -0.0046
                      Mean entropy loss: 2.3424
                            Mean reward: 9.82
                    Mean episode length: 227.51
                        Mean action std: 0.59
--------------------------------------------------------------------------------
                         Iteration time: 9.45s
                           Time elapsed: 0:49:16
                                    ETA: 0:29:41

################################################################################
[1m                           Learning iteration 312/500                           [0m 

                               Run name: chase_v4_1024
                            Total steps: 7692288 
                       Steps per second: 2601 
                        Collection time: 9.331s 
                          Learning time: 0.116s 
                        Mean value loss: 0.1383
                    Mean surrogate loss: -0.0030
                      Mean entropy loss: 2.3619
                            Mean reward: 11.44
                    Mean episode length: 237.48
                        Mean action std: 0.59
--------------------------------------------------------------------------------
                         Iteration time: 9.45s
                           Time elapsed: 0:49:26
                                    ETA: 0:29:32

################################################################################
[1m                           Learning iteration 313/500                           [0m 

                               Run name: chase_v4_1024
                            Total steps: 7716864 
                       Steps per second: 2598 
                        Collection time: 9.340s 
                          Learning time: 0.117s 
                        Mean value loss: 0.0392
                    Mean surrogate loss: -0.0036
                      Mean entropy loss: 2.3781
                            Mean reward: 11.89
                    Mean episode length: 241.00
                        Mean action std: 0.59
--------------------------------------------------------------------------------
                         Iteration time: 9.46s
                           Time elapsed: 0:49:35
                                    ETA: 0:29:22

################################################################################
[1m                           Learning iteration 314/500                           [0m 

                               Run name: chase_v4_1024
                            Total steps: 7741440 
                       Steps per second: 2595 
                        Collection time: 9.349s 
                          Learning time: 0.119s 
                        Mean value loss: 0.4911
                    Mean surrogate loss: -0.0045
                      Mean entropy loss: 2.3590
                            Mean reward: 10.48
                    Mean episode length: 231.85
                        Mean action std: 0.59
--------------------------------------------------------------------------------
                         Iteration time: 9.47s
                           Time elapsed: 0:49:45
                                    ETA: 0:29:13

################################################################################
[1m                           Learning iteration 315/500                           [0m 

                               Run name: chase_v4_1024
                            Total steps: 7766016 
                       Steps per second: 2600 
                        Collection time: 9.335s 
                          Learning time: 0.115s 
                        Mean value loss: 0.9119
                    Mean surrogate loss: -0.0045
                      Mean entropy loss: 2.3552
                            Mean reward: 10.17
                    Mean episode length: 226.52
                        Mean action std: 0.59
--------------------------------------------------------------------------------
                         Iteration time: 9.45s
                           Time elapsed: 0:49:54
                                    ETA: 0:29:03

################################################################################
[1m                           Learning iteration 316/500                           [0m 

                               Run name: chase_v4_1024
                            Total steps: 7790592 
                       Steps per second: 2600 
                        Collection time: 9.335s 
                          Learning time: 0.115s 
                        Mean value loss: 0.6738
                    Mean surrogate loss: -0.0040
                      Mean entropy loss: 2.3501
                            Mean reward: 9.05
                    Mean episode length: 224.61
                        Mean action std: 0.59
--------------------------------------------------------------------------------
                         Iteration time: 9.45s
                           Time elapsed: 0:50:04
                                    ETA: 0:28:54

################################################################################
[1m                           Learning iteration 317/500                           [0m 

                               Run name: chase_v4_1024
                            Total steps: 7815168 
                       Steps per second: 2593 
                        Collection time: 9.358s 
                          Learning time: 0.117s 
                        Mean value loss: 0.6686
                    Mean surrogate loss: -0.0047
                      Mean entropy loss: 2.3405
                            Mean reward: 10.31
                    Mean episode length: 230.15
                        Mean action std: 0.59
--------------------------------------------------------------------------------
                         Iteration time: 9.48s
                           Time elapsed: 0:50:13
                                    ETA: 0:28:44

################################################################################
[1m                           Learning iteration 318/500                           [0m 

                               Run name: chase_v4_1024
                            Total steps: 7839744 
                       Steps per second: 2597 
                        Collection time: 9.344s 
                          Learning time: 0.118s 
                        Mean value loss: 0.5094
                    Mean surrogate loss: -0.0055
                      Mean entropy loss: 2.3480
                            Mean reward: 9.86
                    Mean episode length: 229.25
                        Mean action std: 0.59
--------------------------------------------------------------------------------
                         Iteration time: 9.46s
                           Time elapsed: 0:50:23
                                    ETA: 0:28:35

################################################################################
[1m                           Learning iteration 319/500                           [0m 

                               Run name: chase_v4_1024
                            Total steps: 7864320 
                       Steps per second: 2587 
                        Collection time: 9.379s 
                          Learning time: 0.118s 
                        Mean value loss: 0.8888
                    Mean surrogate loss: -0.0030
                      Mean entropy loss: 2.3454
                            Mean reward: 10.89
                    Mean episode length: 229.81
                        Mean action std: 0.59
--------------------------------------------------------------------------------
                         Iteration time: 9.50s
                           Time elapsed: 0:50:32
                                    ETA: 0:28:25

################################################################################
[1m                           Learning iteration 320/500                           [0m 

                               Run name: chase_v4_1024
                            Total steps: 7888896 
                       Steps per second: 2580 
                        Collection time: 9.405s 
                          Learning time: 0.118s 
                        Mean value loss: 1.1834
                    Mean surrogate loss: -0.0020
                      Mean entropy loss: 2.3442
                            Mean reward: 9.81
                    Mean episode length: 230.90
                        Mean action std: 0.59
--------------------------------------------------------------------------------
                         Iteration time: 9.52s
                           Time elapsed: 0:50:42
                                    ETA: 0:28:16

################################################################################
[1m                           Learning iteration 321/500                           [0m 

                               Run name: chase_v4_1024
                            Total steps: 7913472 
                       Steps per second: 2588 
                        Collection time: 9.374s 
                          Learning time: 0.119s 
                        Mean value loss: 0.1593
                    Mean surrogate loss: -0.0039
                      Mean entropy loss: 2.3587
                            Mean reward: 11.25
                    Mean episode length: 237.42
                        Mean action std: 0.59
--------------------------------------------------------------------------------
                         Iteration time: 9.49s
                           Time elapsed: 0:50:51
                                    ETA: 0:28:06

################################################################################
[1m                           Learning iteration 322/500                           [0m 

                               Run name: chase_v4_1024
                            Total steps: 7938048 
                       Steps per second: 2584 
                        Collection time: 9.390s 
                          Learning time: 0.118s 
                        Mean value loss: 1.1293
                    Mean surrogate loss: -0.0052
                      Mean entropy loss: 2.3724
                            Mean reward: 9.97
                    Mean episode length: 230.49
                        Mean action std: 0.59
--------------------------------------------------------------------------------
                         Iteration time: 9.51s
                           Time elapsed: 0:51:01
                                    ETA: 0:27:57

################################################################################
[1m                           Learning iteration 323/500                           [0m 

                               Run name: chase_v4_1024
                            Total steps: 7962624 
                       Steps per second: 2582 
                        Collection time: 9.401s 
                          Learning time: 0.117s 
                        Mean value loss: 0.5782
                    Mean surrogate loss: -0.0044
                      Mean entropy loss: 2.3728
                            Mean reward: 10.18
                    Mean episode length: 233.48
                        Mean action std: 0.59
--------------------------------------------------------------------------------
                         Iteration time: 9.52s
                           Time elapsed: 0:51:10
                                    ETA: 0:27:48

################################################################################
[1m                           Learning iteration 324/500                           [0m 

                               Run name: chase_v4_1024
                            Total steps: 7987200 
                       Steps per second: 2595 
                        Collection time: 9.353s 
                          Learning time: 0.118s 
                        Mean value loss: 1.0524
                    Mean surrogate loss: -0.0041
                      Mean entropy loss: 2.3704
                            Mean reward: 8.89
                    Mean episode length: 228.36
                        Mean action std: 0.59
--------------------------------------------------------------------------------
                         Iteration time: 9.47s
                           Time elapsed: 0:51:20
                                    ETA: 0:27:38

################################################################################
[1m                           Learning iteration 325/500                           [0m 

                               Run name: chase_v4_1024
                            Total steps: 8011776 
                       Steps per second: 2593 
                        Collection time: 9.361s 
                          Learning time: 0.117s 
                        Mean value loss: 0.6776
                    Mean surrogate loss: -0.0046
                      Mean entropy loss: 2.3681
                            Mean reward: 9.89
                    Mean episode length: 227.93
                        Mean action std: 0.59
--------------------------------------------------------------------------------
                         Iteration time: 9.48s
                           Time elapsed: 0:51:29
                                    ETA: 0:27:29

################################################################################
[1m                           Learning iteration 326/500                           [0m 

                               Run name: chase_v4_1024
                            Total steps: 8036352 
                       Steps per second: 2595 
                        Collection time: 9.352s 
                          Learning time: 0.118s 
                        Mean value loss: 0.6289
                    Mean surrogate loss: -0.0043
                      Mean entropy loss: 2.3703
                            Mean reward: 10.57
                    Mean episode length: 229.87
                        Mean action std: 0.59
--------------------------------------------------------------------------------
                         Iteration time: 9.47s
                           Time elapsed: 0:51:39
                                    ETA: 0:27:19

################################################################################
[1m                           Learning iteration 327/500                           [0m 

                               Run name: chase_v4_1024
                            Total steps: 8060928 
                       Steps per second: 2590 
                        Collection time: 9.372s 
                          Learning time: 0.117s 
                        Mean value loss: 0.9002
                    Mean surrogate loss: -0.0049
                      Mean entropy loss: 2.3682
                            Mean reward: 9.71
                    Mean episode length: 233.86
                        Mean action std: 0.59
--------------------------------------------------------------------------------
                         Iteration time: 9.49s
                           Time elapsed: 0:51:48
                                    ETA: 0:27:10

################################################################################
[1m                           Learning iteration 328/500                           [0m 

                               Run name: chase_v4_1024
                            Total steps: 8085504 
                       Steps per second: 2602 
                        Collection time: 9.325s 
                          Learning time: 0.118s 
                        Mean value loss: 0.2366
                    Mean surrogate loss: -0.0048
                      Mean entropy loss: 2.3683
                            Mean reward: 11.31
                    Mean episode length: 237.08
                        Mean action std: 0.59
--------------------------------------------------------------------------------
                         Iteration time: 9.44s
                           Time elapsed: 0:51:58
                                    ETA: 0:27:00

################################################################################
[1m                           Learning iteration 329/500                           [0m 

                               Run name: chase_v4_1024
                            Total steps: 8110080 
                       Steps per second: 2592 
                        Collection time: 9.365s 
                          Learning time: 0.115s 
                        Mean value loss: 0.2634
                    Mean surrogate loss: -0.0035
                      Mean entropy loss: 2.3607
                            Mean reward: 11.66
                    Mean episode length: 238.86
                        Mean action std: 0.59
--------------------------------------------------------------------------------
                         Iteration time: 9.48s
                           Time elapsed: 0:52:07
                                    ETA: 0:26:51

################################################################################
[1m                           Learning iteration 330/500                           [0m 

                               Run name: chase_v4_1024
                            Total steps: 8134656 
                       Steps per second: 2600 
                        Collection time: 9.331s 
                          Learning time: 0.119s 
                        Mean value loss: 0.4442
                    Mean surrogate loss: -0.0027
                      Mean entropy loss: 2.3637
                            Mean reward: 11.17
                    Mean episode length: 238.77
                        Mean action std: 0.59
--------------------------------------------------------------------------------
                         Iteration time: 9.45s
                           Time elapsed: 0:52:17
                                    ETA: 0:26:41

################################################################################
[1m                           Learning iteration 331/500                           [0m 

                               Run name: chase_v4_1024
                            Total steps: 8159232 
                       Steps per second: 2590 
                        Collection time: 9.371s 
                          Learning time: 0.117s 
                        Mean value loss: 0.3825
                    Mean surrogate loss: -0.0039
                      Mean entropy loss: 2.3566
                            Mean reward: 10.61
                    Mean episode length: 233.41
                        Mean action std: 0.59
--------------------------------------------------------------------------------
                         Iteration time: 9.49s
                           Time elapsed: 0:52:26
                                    ETA: 0:26:32

################################################################################
[1m                           Learning iteration 332/500                           [0m 

                               Run name: chase_v4_1024
                            Total steps: 8183808 
                       Steps per second: 2600 
                        Collection time: 9.333s 
                          Learning time: 0.120s 
                        Mean value loss: 0.4510
                    Mean surrogate loss: -0.0029
                      Mean entropy loss: 2.3400
                            Mean reward: 10.87
                    Mean episode length: 236.76
                        Mean action std: 0.59
--------------------------------------------------------------------------------
                         Iteration time: 9.45s
                           Time elapsed: 0:52:35
                                    ETA: 0:26:22

################################################################################
[1m                           Learning iteration 333/500                           [0m 

                               Run name: chase_v4_1024
                            Total steps: 8208384 
                       Steps per second: 2597 
                        Collection time: 9.344s 
                          Learning time: 0.117s 
                        Mean value loss: 0.7692
                    Mean surrogate loss: -0.0052
                      Mean entropy loss: 2.3392
                            Mean reward: 9.01
                    Mean episode length: 219.04
                        Mean action std: 0.59
--------------------------------------------------------------------------------
                         Iteration time: 9.46s
                           Time elapsed: 0:52:45
                                    ETA: 0:26:13

################################################################################
[1m                           Learning iteration 334/500                           [0m 

                               Run name: chase_v4_1024
                            Total steps: 8232960 
                       Steps per second: 2595 
                        Collection time: 9.353s 
                          Learning time: 0.117s 
                        Mean value loss: 0.6736
                    Mean surrogate loss: -0.0052
                      Mean entropy loss: 2.3464
                            Mean reward: 9.73
                    Mean episode length: 224.30
                        Mean action std: 0.59
--------------------------------------------------------------------------------
                         Iteration time: 9.47s
                           Time elapsed: 0:52:54
                                    ETA: 0:26:03

################################################################################
[1m                           Learning iteration 335/500                           [0m 

                               Run name: chase_v4_1024
                            Total steps: 8257536 
                       Steps per second: 2607 
                        Collection time: 9.307s 
                          Learning time: 0.118s 
                        Mean value loss: 0.6848
                    Mean surrogate loss: -0.0053
                      Mean entropy loss: 2.3420
                            Mean reward: 10.70
                    Mean episode length: 229.70
                        Mean action std: 0.59
--------------------------------------------------------------------------------
                         Iteration time: 9.42s
                           Time elapsed: 0:53:04
                                    ETA: 0:25:54

################################################################################
[1m                           Learning iteration 336/500                           [0m 

                               Run name: chase_v4_1024
                            Total steps: 8282112 
                       Steps per second: 2601 
                        Collection time: 9.332s 
                          Learning time: 0.116s 
                        Mean value loss: 0.3311
                    Mean surrogate loss: -0.0051
                      Mean entropy loss: 2.3278
                            Mean reward: 11.32
                    Mean episode length: 237.16
                        Mean action std: 0.59
--------------------------------------------------------------------------------
                         Iteration time: 9.45s
                           Time elapsed: 0:53:13
                                    ETA: 0:25:44

################################################################################
[1m                           Learning iteration 337/500                           [0m 

                               Run name: chase_v4_1024
                            Total steps: 8306688 
                       Steps per second: 2578 
                        Collection time: 9.411s 
                          Learning time: 0.120s 
                        Mean value loss: 0.2793
                    Mean surrogate loss: -0.0038
                      Mean entropy loss: 2.3128
                            Mean reward: 10.99
                    Mean episode length: 234.20
                        Mean action std: 0.59
--------------------------------------------------------------------------------
                         Iteration time: 9.53s
                           Time elapsed: 0:53:23
                                    ETA: 0:25:35

################################################################################
[1m                           Learning iteration 338/500                           [0m 

                               Run name: chase_v4_1024
                            Total steps: 8331264 
                       Steps per second: 2597 
                        Collection time: 9.343s 
                          Learning time: 0.119s 
                        Mean value loss: 0.1319
                    Mean surrogate loss: -0.0049
                      Mean entropy loss: 2.3048
                            Mean reward: 10.55
                    Mean episode length: 233.51
                        Mean action std: 0.58
--------------------------------------------------------------------------------
                         Iteration time: 9.46s
                           Time elapsed: 0:53:32
                                    ETA: 0:25:25

################################################################################
[1m                           Learning iteration 339/500                           [0m 

                               Run name: chase_v4_1024
                            Total steps: 8355840 
                       Steps per second: 2603 
                        Collection time: 9.324s 
                          Learning time: 0.118s 
                        Mean value loss: 0.2252
                    Mean surrogate loss: -0.0040
                      Mean entropy loss: 2.2958
                            Mean reward: 10.50
                    Mean episode length: 235.17
                        Mean action std: 0.58
--------------------------------------------------------------------------------
                         Iteration time: 9.44s
                           Time elapsed: 0:53:42
                                    ETA: 0:25:16

################################################################################
[1m                           Learning iteration 340/500                           [0m 

                               Run name: chase_v4_1024
                            Total steps: 8380416 
                       Steps per second: 2610 
                        Collection time: 9.297s 
                          Learning time: 0.117s 
                        Mean value loss: 0.4312
                    Mean surrogate loss: -0.0042
                      Mean entropy loss: 2.2968
                            Mean reward: 11.03
                    Mean episode length: 233.17
                        Mean action std: 0.59
--------------------------------------------------------------------------------
                         Iteration time: 9.41s
                           Time elapsed: 0:53:51
                                    ETA: 0:25:06

################################################################################
[1m                           Learning iteration 341/500                           [0m 

                               Run name: chase_v4_1024
                            Total steps: 8404992 
                       Steps per second: 2608 
                        Collection time: 9.306s 
                          Learning time: 0.114s 
                        Mean value loss: 0.1071
                    Mean surrogate loss: -0.0037
                      Mean entropy loss: 2.3131
                            Mean reward: 11.23
                    Mean episode length: 235.68
                        Mean action std: 0.59
--------------------------------------------------------------------------------
                         Iteration time: 9.42s
                           Time elapsed: 0:54:01
                                    ETA: 0:24:57

################################################################################
[1m                           Learning iteration 342/500                           [0m 

                               Run name: chase_v4_1024
                            Total steps: 8429568 
                       Steps per second: 2576 
                        Collection time: 9.418s 
                          Learning time: 0.120s 
                        Mean value loss: 0.0768
                    Mean surrogate loss: -0.0030
                      Mean entropy loss: 2.3066
                            Mean reward: 12.19
                    Mean episode length: 241.00
                        Mean action std: 0.59
--------------------------------------------------------------------------------
                         Iteration time: 9.54s
                           Time elapsed: 0:54:10
                                    ETA: 0:24:47

################################################################################
[1m                           Learning iteration 343/500                           [0m 

                               Run name: chase_v4_1024
                            Total steps: 8454144 
                       Steps per second: 2596 
                        Collection time: 9.347s 
                          Learning time: 0.117s 
                        Mean value loss: 0.1667
                    Mean surrogate loss: -0.0024
                      Mean entropy loss: 2.3071
                            Mean reward: 11.86
                    Mean episode length: 240.08
                        Mean action std: 0.59
--------------------------------------------------------------------------------
                         Iteration time: 9.46s
                           Time elapsed: 0:54:20
                                    ETA: 0:24:38

################################################################################
[1m                           Learning iteration 344/500                           [0m 

                               Run name: chase_v4_1024
                            Total steps: 8478720 
                       Steps per second: 2607 
                        Collection time: 9.307s 
                          Learning time: 0.118s 
                        Mean value loss: 0.2375
                    Mean surrogate loss: -0.0038
                      Mean entropy loss: 2.3117
                            Mean reward: 11.18
                    Mean episode length: 233.28
                        Mean action std: 0.59
--------------------------------------------------------------------------------
                         Iteration time: 9.43s
                           Time elapsed: 0:54:29
                                    ETA: 0:24:28

################################################################################
[1m                           Learning iteration 345/500                           [0m 

                               Run name: chase_v4_1024
                            Total steps: 8503296 
                       Steps per second: 2598 
                        Collection time: 9.341s 
                          Learning time: 0.116s 
                        Mean value loss: 0.2853
                    Mean surrogate loss: -0.0042
                      Mean entropy loss: 2.3241
                            Mean reward: 10.57
                    Mean episode length: 232.95
                        Mean action std: 0.60
--------------------------------------------------------------------------------
                         Iteration time: 9.46s
                           Time elapsed: 0:54:38
                                    ETA: 0:24:19

################################################################################
[1m                           Learning iteration 346/500                           [0m 

                               Run name: chase_v4_1024
                            Total steps: 8527872 
                       Steps per second: 2573 
                        Collection time: 9.430s 
                          Learning time: 0.119s 
                        Mean value loss: 0.1487
                    Mean surrogate loss: -0.0050
                      Mean entropy loss: 2.3191
                            Mean reward: 10.99
                    Mean episode length: 234.78
                        Mean action std: 0.60
--------------------------------------------------------------------------------
                         Iteration time: 9.55s
                           Time elapsed: 0:54:48
                                    ETA: 0:24:09

################################################################################
[1m                           Learning iteration 347/500                           [0m 

                               Run name: chase_v4_1024
                            Total steps: 8552448 
                       Steps per second: 2597 
                        Collection time: 9.345s 
                          Learning time: 0.118s 
                        Mean value loss: 0.7927
                    Mean surrogate loss: -0.0032
                      Mean entropy loss: 2.3171
                            Mean reward: 11.02
                    Mean episode length: 234.95
                        Mean action std: 0.60
--------------------------------------------------------------------------------
                         Iteration time: 9.46s
                           Time elapsed: 0:54:57
                                    ETA: 0:24:00

################################################################################
[1m                           Learning iteration 348/500                           [0m 

                               Run name: chase_v4_1024
                            Total steps: 8577024 
                       Steps per second: 2600 
                        Collection time: 9.334s 
                          Learning time: 0.116s 
                        Mean value loss: 0.4005
                    Mean surrogate loss: -0.0029
                      Mean entropy loss: 2.3210
                            Mean reward: 11.44
                    Mean episode length: 239.81
                        Mean action std: 0.60
--------------------------------------------------------------------------------
                         Iteration time: 9.45s
                           Time elapsed: 0:55:07
                                    ETA: 0:23:50

################################################################################
[1m                           Learning iteration 349/500                           [0m 

                               Run name: chase_v4_1024
                            Total steps: 8601600 
                       Steps per second: 2604 
                        Collection time: 9.321s 
                          Learning time: 0.113s 
                        Mean value loss: 0.9806
                    Mean surrogate loss: -0.0030
                      Mean entropy loss: 2.3184
                            Mean reward: 11.34
                    Mean episode length: 237.17
                        Mean action std: 0.60
--------------------------------------------------------------------------------
                         Iteration time: 9.43s
                           Time elapsed: 0:55:16
                                    ETA: 0:23:41

################################################################################
[1m                           Learning iteration 350/500                           [0m 

                               Run name: chase_v4_1024
                            Total steps: 8626176 
                       Steps per second: 2589 
                        Collection time: 9.370s 
                          Learning time: 0.120s 
                        Mean value loss: 0.3613
                    Mean surrogate loss: -0.0033
                      Mean entropy loss: 2.3146
                            Mean reward: 9.19
                    Mean episode length: 225.50
                        Mean action std: 0.60
--------------------------------------------------------------------------------
                         Iteration time: 9.49s
                           Time elapsed: 0:55:26
                                    ETA: 0:23:32

################################################################################
[1m                           Learning iteration 351/500                           [0m 

                               Run name: chase_v4_1024
                            Total steps: 8650752 
                       Steps per second: 2586 
                        Collection time: 9.386s 
                          Learning time: 0.117s 
                        Mean value loss: 0.7480
                    Mean surrogate loss: -0.0031
                      Mean entropy loss: 2.3142
                            Mean reward: 10.05
                    Mean episode length: 228.99
                        Mean action std: 0.60
--------------------------------------------------------------------------------
                         Iteration time: 9.50s
                           Time elapsed: 0:55:35
                                    ETA: 0:23:22

################################################################################
[1m                           Learning iteration 352/500                           [0m 

                               Run name: chase_v4_1024
                            Total steps: 8675328 
                       Steps per second: 2607 
                        Collection time: 9.309s 
                          Learning time: 0.116s 
                        Mean value loss: 0.4578
                    Mean surrogate loss: -0.0028
                      Mean entropy loss: 2.3227
                            Mean reward: 10.47
                    Mean episode length: 232.20
                        Mean action std: 0.60
--------------------------------------------------------------------------------
                         Iteration time: 9.43s
                           Time elapsed: 0:55:45
                                    ETA: 0:23:13

################################################################################
[1m                           Learning iteration 353/500                           [0m 

                               Run name: chase_v4_1024
                            Total steps: 8699904 
                       Steps per second: 2610 
                        Collection time: 9.295s 
                          Learning time: 0.118s 
                        Mean value loss: 0.3875
                    Mean surrogate loss: -0.0034
                      Mean entropy loss: 2.3416
                            Mean reward: 11.17
                    Mean episode length: 236.51
                        Mean action std: 0.60
--------------------------------------------------------------------------------
                         Iteration time: 9.41s
                           Time elapsed: 0:55:54
                                    ETA: 0:23:03

################################################################################
[1m                           Learning iteration 354/500                           [0m 

                               Run name: chase_v4_1024
                            Total steps: 8724480 
                       Steps per second: 2605 
                        Collection time: 9.315s 
                          Learning time: 0.118s 
                        Mean value loss: 0.1266
                    Mean surrogate loss: -0.0046
                      Mean entropy loss: 2.3579
                            Mean reward: 10.95
                    Mean episode length: 236.07
                        Mean action std: 0.60
--------------------------------------------------------------------------------
                         Iteration time: 9.43s
                           Time elapsed: 0:56:04
                                    ETA: 0:22:54

################################################################################
[1m                           Learning iteration 355/500                           [0m 

                               Run name: chase_v4_1024
                            Total steps: 8749056 
                       Steps per second: 2607 
                        Collection time: 9.308s 
                          Learning time: 0.118s 
                        Mean value loss: 0.0458
                    Mean surrogate loss: -0.0017
                      Mean entropy loss: 2.3348
                            Mean reward: 12.01
                    Mean episode length: 241.00
                        Mean action std: 0.60
--------------------------------------------------------------------------------
                         Iteration time: 9.43s
                           Time elapsed: 0:56:13
                                    ETA: 0:22:44

################################################################################
[1m                           Learning iteration 356/500                           [0m 

                               Run name: chase_v4_1024
                            Total steps: 8773632 
                       Steps per second: 2604 
                        Collection time: 9.317s 
                          Learning time: 0.118s 
                        Mean value loss: 0.1627
                    Mean surrogate loss: -0.0034
                      Mean entropy loss: 2.3265
                            Mean reward: 11.31
                    Mean episode length: 234.73
                        Mean action std: 0.60
--------------------------------------------------------------------------------
                         Iteration time: 9.43s
                           Time elapsed: 0:56:22
                                    ETA: 0:22:35

################################################################################
[1m                           Learning iteration 357/500                           [0m 

                               Run name: chase_v4_1024
                            Total steps: 8798208 
                       Steps per second: 2604 
                        Collection time: 9.316s 
                          Learning time: 0.118s 
                        Mean value loss: 0.0502
                    Mean surrogate loss: -0.0043
                      Mean entropy loss: 2.3252
                            Mean reward: 11.72
                    Mean episode length: 238.94
                        Mean action std: 0.60
--------------------------------------------------------------------------------
                         Iteration time: 9.43s
                           Time elapsed: 0:56:32
                                    ETA: 0:22:25

################################################################################
[1m                           Learning iteration 358/500                           [0m 

                               Run name: chase_v4_1024
                            Total steps: 8822784 
                       Steps per second: 2596 
                        Collection time: 9.346s 
                          Learning time: 0.117s 
                        Mean value loss: 0.4704
                    Mean surrogate loss: -0.0059
                      Mean entropy loss: 2.3103
                            Mean reward: 9.98
                    Mean episode length: 230.69
                        Mean action std: 0.60
--------------------------------------------------------------------------------
                         Iteration time: 9.46s
                           Time elapsed: 0:56:41
                                    ETA: 0:22:16

################################################################################
[1m                           Learning iteration 359/500                           [0m 

                               Run name: chase_v4_1024
                            Total steps: 8847360 
                       Steps per second: 2592 
                        Collection time: 9.363s 
                          Learning time: 0.115s 
                        Mean value loss: 0.3288
                    Mean surrogate loss: -0.0045
                      Mean entropy loss: 2.3006
                            Mean reward: 10.54
                    Mean episode length: 231.52
                        Mean action std: 0.60
--------------------------------------------------------------------------------
                         Iteration time: 9.48s
                           Time elapsed: 0:56:51
                                    ETA: 0:22:06

################################################################################
[1m                           Learning iteration 360/500                           [0m 

                               Run name: chase_v4_1024
                            Total steps: 8871936 
                       Steps per second: 2603 
                        Collection time: 9.325s 
                          Learning time: 0.115s 
                        Mean value loss: 0.2104
                    Mean surrogate loss: -0.0050
                      Mean entropy loss: 2.2852
                            Mean reward: 10.60
                    Mean episode length: 232.84
                        Mean action std: 0.60
--------------------------------------------------------------------------------
                         Iteration time: 9.44s
                           Time elapsed: 0:57:00
                                    ETA: 0:21:57

################################################################################
[1m                           Learning iteration 361/500                           [0m 

                               Run name: chase_v4_1024
                            Total steps: 8896512 
                       Steps per second: 2596 
                        Collection time: 9.348s 
                          Learning time: 0.116s 
                        Mean value loss: 0.0982
                    Mean surrogate loss: -0.0027
                      Mean entropy loss: 2.2749
                            Mean reward: 11.23
                    Mean episode length: 238.82
                        Mean action std: 0.60
--------------------------------------------------------------------------------
                         Iteration time: 9.46s
                           Time elapsed: 0:57:10
                                    ETA: 0:21:47

################################################################################
[1m                           Learning iteration 362/500                           [0m 

                               Run name: chase_v4_1024
                            Total steps: 8921088 
                       Steps per second: 2604 
                        Collection time: 9.322s 
                          Learning time: 0.115s 
                        Mean value loss: 0.3374
                    Mean surrogate loss: -0.0036
                      Mean entropy loss: 2.2699
                            Mean reward: 10.93
                    Mean episode length: 236.53
                        Mean action std: 0.60
--------------------------------------------------------------------------------
                         Iteration time: 9.44s
                           Time elapsed: 0:57:19
                                    ETA: 0:21:38

################################################################################
[1m                           Learning iteration 363/500                           [0m 

                               Run name: chase_v4_1024
                            Total steps: 8945664 
                       Steps per second: 2603 
                        Collection time: 9.324s 
                          Learning time: 0.117s 
                        Mean value loss: 0.4663
                    Mean surrogate loss: -0.0037
                      Mean entropy loss: 2.2633
                            Mean reward: 10.85
                    Mean episode length: 233.70
                        Mean action std: 0.59
--------------------------------------------------------------------------------
                         Iteration time: 9.44s
                           Time elapsed: 0:57:29
                                    ETA: 0:21:28

################################################################################
[1m                           Learning iteration 364/500                           [0m 

                               Run name: chase_v4_1024
                            Total steps: 8970240 
                       Steps per second: 2595 
                        Collection time: 9.354s 
                          Learning time: 0.117s 
                        Mean value loss: 0.2684
                    Mean surrogate loss: -0.0047
                      Mean entropy loss: 2.2615
                            Mean reward: 11.02
                    Mean episode length: 236.33
                        Mean action std: 0.59
--------------------------------------------------------------------------------
                         Iteration time: 9.47s
                           Time elapsed: 0:57:38
                                    ETA: 0:21:19

################################################################################
[1m                           Learning iteration 365/500                           [0m 

                               Run name: chase_v4_1024
                            Total steps: 8994816 
                       Steps per second: 2587 
                        Collection time: 9.381s 
                          Learning time: 0.118s 
                        Mean value loss: 0.5385
                    Mean surrogate loss: -0.0043
                      Mean entropy loss: 2.2744
                            Mean reward: 10.56
                    Mean episode length: 236.02
                        Mean action std: 0.59
--------------------------------------------------------------------------------
                         Iteration time: 9.50s
                           Time elapsed: 0:57:48
                                    ETA: 0:21:09

################################################################################
[1m                           Learning iteration 366/500                           [0m 

                               Run name: chase_v4_1024
                            Total steps: 9019392 
                       Steps per second: 2602 
                        Collection time: 9.324s 
                          Learning time: 0.119s 
                        Mean value loss: 0.1309
                    Mean surrogate loss: -0.0044
                      Mean entropy loss: 2.2666
                            Mean reward: 11.25
                    Mean episode length: 237.62
                        Mean action std: 0.59
--------------------------------------------------------------------------------
                         Iteration time: 9.44s
                           Time elapsed: 0:57:57
                                    ETA: 0:21:00

################################################################################
[1m                           Learning iteration 367/500                           [0m 

                               Run name: chase_v4_1024
                            Total steps: 9043968 
                       Steps per second: 2602 
                        Collection time: 9.325s 
                          Learning time: 0.119s 
                        Mean value loss: 0.1246
                    Mean surrogate loss: -0.0030
                      Mean entropy loss: 2.2408
                            Mean reward: 11.26
                    Mean episode length: 235.57
                        Mean action std: 0.59
--------------------------------------------------------------------------------
                         Iteration time: 9.44s
                           Time elapsed: 0:58:06
                                    ETA: 0:20:50

################################################################################
[1m                           Learning iteration 368/500                           [0m 

                               Run name: chase_v4_1024
                            Total steps: 9068544 
                       Steps per second: 2596 
                        Collection time: 9.347s 
                          Learning time: 0.117s 
                        Mean value loss: 0.3397
                    Mean surrogate loss: -0.0011
                      Mean entropy loss: 2.2248
                            Mean reward: 11.13
                    Mean episode length: 234.68
                        Mean action std: 0.59
--------------------------------------------------------------------------------
                         Iteration time: 9.46s
                           Time elapsed: 0:58:16
                                    ETA: 0:20:41

################################################################################
[1m                           Learning iteration 369/500                           [0m 

                               Run name: chase_v4_1024
                            Total steps: 9093120 
                       Steps per second: 2600 
                        Collection time: 9.332s 
                          Learning time: 0.118s 
                        Mean value loss: 0.6898
                    Mean surrogate loss: -0.0038
                      Mean entropy loss: 2.2248
                            Mean reward: 10.11
                    Mean episode length: 232.49
                        Mean action std: 0.59
--------------------------------------------------------------------------------
                         Iteration time: 9.45s
                           Time elapsed: 0:58:25
                                    ETA: 0:20:31

################################################################################
[1m                           Learning iteration 370/500                           [0m 

                               Run name: chase_v4_1024
                            Total steps: 9117696 
                       Steps per second: 2550 
                        Collection time: 9.519s 
                          Learning time: 0.118s 
                        Mean value loss: 0.2764
                    Mean surrogate loss: -0.0052
                      Mean entropy loss: 2.2435
                            Mean reward: 10.16
                    Mean episode length: 227.44
                        Mean action std: 0.59
--------------------------------------------------------------------------------
                         Iteration time: 9.64s
                           Time elapsed: 0:58:35
                                    ETA: 0:20:22

################################################################################
[1m                           Learning iteration 371/500                           [0m 

                               Run name: chase_v4_1024
                            Total steps: 9142272 
                       Steps per second: 2594 
                        Collection time: 9.354s 
                          Learning time: 0.118s 
                        Mean value loss: 0.3730
                    Mean surrogate loss: -0.0046
                      Mean entropy loss: 2.2461
                            Mean reward: 10.31
                    Mean episode length: 231.10
                        Mean action std: 0.59
--------------------------------------------------------------------------------
                         Iteration time: 9.47s
                           Time elapsed: 0:58:44
                                    ETA: 0:20:12

################################################################################
[1m                           Learning iteration 372/500                           [0m 

                               Run name: chase_v4_1024
                            Total steps: 9166848 
                       Steps per second: 2612 
                        Collection time: 9.290s 
                          Learning time: 0.116s 
                        Mean value loss: 0.4388
                    Mean surrogate loss: -0.0027
                      Mean entropy loss: 2.2481
                            Mean reward: 10.92
                    Mean episode length: 236.82
                        Mean action std: 0.59
--------------------------------------------------------------------------------
                         Iteration time: 9.41s
                           Time elapsed: 0:58:54
                                    ETA: 0:20:03

################################################################################
[1m                           Learning iteration 373/500                           [0m 

                               Run name: chase_v4_1024
                            Total steps: 9191424 
                       Steps per second: 2620 
                        Collection time: 9.262s 
                          Learning time: 0.116s 
                        Mean value loss: 0.0826
                    Mean surrogate loss: -0.0022
                      Mean entropy loss: 2.2495
                            Mean reward: 10.80
                    Mean episode length: 234.92
                        Mean action std: 0.59
--------------------------------------------------------------------------------
                         Iteration time: 9.38s
                           Time elapsed: 0:59:03
                                    ETA: 0:19:53

################################################################################
[1m                           Learning iteration 374/500                           [0m 

                               Run name: chase_v4_1024
                            Total steps: 9216000 
                       Steps per second: 2623 
                        Collection time: 9.249s 
                          Learning time: 0.118s 
                        Mean value loss: 0.1442
                    Mean surrogate loss: -0.0018
                      Mean entropy loss: 2.2377
                            Mean reward: 11.64
                    Mean episode length: 239.19
                        Mean action std: 0.59
--------------------------------------------------------------------------------
                         Iteration time: 9.37s
                           Time elapsed: 0:59:13
                                    ETA: 0:19:44

################################################################################
[1m                           Learning iteration 375/500                           [0m 

                               Run name: chase_v4_1024
                            Total steps: 9240576 
                       Steps per second: 2620 
                        Collection time: 9.259s 
                          Learning time: 0.118s 
                        Mean value loss: 0.2631
                    Mean surrogate loss: -0.0024
                      Mean entropy loss: 2.2390
                            Mean reward: 11.85
                    Mean episode length: 239.46
                        Mean action std: 0.59
--------------------------------------------------------------------------------
                         Iteration time: 9.38s
                           Time elapsed: 0:59:22
                                    ETA: 0:19:34

################################################################################
[1m                           Learning iteration 376/500                           [0m 

                               Run name: chase_v4_1024
                            Total steps: 9265152 
                       Steps per second: 2605 
                        Collection time: 9.312s 
                          Learning time: 0.119s 
                        Mean value loss: 0.0706
                    Mean surrogate loss: -0.0029
                      Mean entropy loss: 2.2442
                            Mean reward: 11.26
                    Mean episode length: 236.85
                        Mean action std: 0.59
--------------------------------------------------------------------------------
                         Iteration time: 9.43s
                           Time elapsed: 0:59:31
                                    ETA: 0:19:25

################################################################################
[1m                           Learning iteration 377/500                           [0m 

                               Run name: chase_v4_1024
                            Total steps: 9289728 
                       Steps per second: 2608 
                        Collection time: 9.306s 
                          Learning time: 0.115s 
                        Mean value loss: 0.5106
                    Mean surrogate loss: -0.0034
                      Mean entropy loss: 2.2519
                            Mean reward: 11.37
                    Mean episode length: 239.41
                        Mean action std: 0.59
--------------------------------------------------------------------------------
                         Iteration time: 9.42s
                           Time elapsed: 0:59:41
                                    ETA: 0:19:15

################################################################################
[1m                           Learning iteration 378/500                           [0m 

                               Run name: chase_v4_1024
                            Total steps: 9314304 
                       Steps per second: 2591 
                        Collection time: 9.367s 
                          Learning time: 0.118s 
                        Mean value loss: 0.7972
                    Mean surrogate loss: -0.0043
                      Mean entropy loss: 2.2557
                            Mean reward: 11.08
                    Mean episode length: 235.39
                        Mean action std: 0.59
--------------------------------------------------------------------------------
                         Iteration time: 9.48s
                           Time elapsed: 0:59:50
                                    ETA: 0:19:06

################################################################################
[1m                           Learning iteration 379/500                           [0m 

                               Run name: chase_v4_1024
                            Total steps: 9338880 
                       Steps per second: 2607 
                        Collection time: 9.307s 
                          Learning time: 0.117s 
                        Mean value loss: 0.1232
                    Mean surrogate loss: -0.0033
                      Mean entropy loss: 2.2492
                            Mean reward: 11.16
                    Mean episode length: 232.42
                        Mean action std: 0.59
--------------------------------------------------------------------------------
                         Iteration time: 9.42s
                           Time elapsed: 1:00:00
                                    ETA: 0:18:56

################################################################################
[1m                           Learning iteration 380/500                           [0m 

                               Run name: chase_v4_1024
                            Total steps: 9363456 
                       Steps per second: 2599 
                        Collection time: 9.336s 
                          Learning time: 0.119s 
                        Mean value loss: 0.0741
                    Mean surrogate loss: -0.0037
                      Mean entropy loss: 2.2301
                            Mean reward: 10.85
                    Mean episode length: 235.35
                        Mean action std: 0.59
--------------------------------------------------------------------------------
                         Iteration time: 9.45s
                           Time elapsed: 1:00:09
                                    ETA: 0:18:47

################################################################################
[1m                           Learning iteration 381/500                           [0m 

                               Run name: chase_v4_1024
                            Total steps: 9388032 
                       Steps per second: 2550 
                        Collection time: 9.518s 
                          Learning time: 0.119s 
                        Mean value loss: 0.7993
                    Mean surrogate loss: -0.0037
                      Mean entropy loss: 2.2193
                            Mean reward: 11.34
                    Mean episode length: 236.84
                        Mean action std: 0.59
--------------------------------------------------------------------------------
                         Iteration time: 9.64s
                           Time elapsed: 1:00:19
                                    ETA: 0:18:38

################################################################################
[1m                           Learning iteration 382/500                           [0m 

                               Run name: chase_v4_1024
                            Total steps: 9412608 
                       Steps per second: 2595 
                        Collection time: 9.352s 
                          Learning time: 0.118s 
                        Mean value loss: 0.3237
                    Mean surrogate loss: -0.0040
                      Mean entropy loss: 2.2235
                            Mean reward: 10.14
                    Mean episode length: 229.25
                        Mean action std: 0.59
--------------------------------------------------------------------------------
                         Iteration time: 9.47s
                           Time elapsed: 1:00:28
                                    ETA: 0:18:28

################################################################################
[1m                           Learning iteration 383/500                           [0m 

                               Run name: chase_v4_1024
                            Total steps: 9437184 
                       Steps per second: 2607 
                        Collection time: 9.308s 
                          Learning time: 0.118s 
                        Mean value loss: 0.5026
                    Mean surrogate loss: -0.0035
                      Mean entropy loss: 2.2406
                            Mean reward: 10.77
                    Mean episode length: 235.18
                        Mean action std: 0.59
--------------------------------------------------------------------------------
                         Iteration time: 9.43s
                           Time elapsed: 1:00:38
                                    ETA: 0:18:19

################################################################################
[1m                           Learning iteration 384/500                           [0m 

                               Run name: chase_v4_1024
                            Total steps: 9461760 
                       Steps per second: 2614 
                        Collection time: 9.283s 
                          Learning time: 0.115s 
                        Mean value loss: 0.2570
                    Mean surrogate loss: -0.0049
                      Mean entropy loss: 2.2367
                            Mean reward: 10.28
                    Mean episode length: 231.88
                        Mean action std: 0.59
--------------------------------------------------------------------------------
                         Iteration time: 9.40s
                           Time elapsed: 1:00:47
                                    ETA: 0:18:09

################################################################################
[1m                           Learning iteration 385/500                           [0m 

                               Run name: chase_v4_1024
                            Total steps: 9486336 
                       Steps per second: 2614 
                        Collection time: 9.285s 
                          Learning time: 0.116s 
                        Mean value loss: 0.2254
                    Mean surrogate loss: -0.0054
                      Mean entropy loss: 2.2107
                            Mean reward: 10.71
                    Mean episode length: 232.51
                        Mean action std: 0.59
--------------------------------------------------------------------------------
                         Iteration time: 9.40s
                           Time elapsed: 1:00:57
                                    ETA: 0:18:00

################################################################################
[1m                           Learning iteration 386/500                           [0m 

                               Run name: chase_v4_1024
                            Total steps: 9510912 
                       Steps per second: 2611 
                        Collection time: 9.290s 
                          Learning time: 0.119s 
                        Mean value loss: 0.0673
                    Mean surrogate loss: -0.0036
                      Mean entropy loss: 2.2072
                            Mean reward: 11.47
                    Mean episode length: 239.53
                        Mean action std: 0.59
--------------------------------------------------------------------------------
                         Iteration time: 9.41s
                           Time elapsed: 1:01:06
                                    ETA: 0:17:50

################################################################################
[1m                           Learning iteration 387/500                           [0m 

                               Run name: chase_v4_1024
                            Total steps: 9535488 
                       Steps per second: 2604 
                        Collection time: 9.319s 
                          Learning time: 0.118s 
                        Mean value loss: 0.3499
                    Mean surrogate loss: -0.0017
                      Mean entropy loss: 2.2078
                            Mean reward: 10.85
                    Mean episode length: 235.57
                        Mean action std: 0.59
--------------------------------------------------------------------------------
                         Iteration time: 9.44s
                           Time elapsed: 1:01:15
                                    ETA: 0:17:41

################################################################################
[1m                           Learning iteration 388/500                           [0m 

                               Run name: chase_v4_1024
                            Total steps: 9560064 
                       Steps per second: 2608 
                        Collection time: 9.303s 
                          Learning time: 0.118s 
                        Mean value loss: 0.0876
                    Mean surrogate loss: -0.0023
                      Mean entropy loss: 2.2066
                            Mean reward: 11.41
                    Mean episode length: 238.74
                        Mean action std: 0.59
--------------------------------------------------------------------------------
                         Iteration time: 9.42s
                           Time elapsed: 1:01:25
                                    ETA: 0:17:31

################################################################################
[1m                           Learning iteration 389/500                           [0m 

                               Run name: chase_v4_1024
                            Total steps: 9584640 
                       Steps per second: 2613 
                        Collection time: 9.287s 
                          Learning time: 0.118s 
                        Mean value loss: 0.0693
                    Mean surrogate loss: -0.0031
                      Mean entropy loss: 2.1949
                            Mean reward: 11.59
                    Mean episode length: 238.07
                        Mean action std: 0.59
--------------------------------------------------------------------------------
                         Iteration time: 9.41s
                           Time elapsed: 1:01:34
                                    ETA: 0:17:22

################################################################################
[1m                           Learning iteration 390/500                           [0m 

                               Run name: chase_v4_1024
                            Total steps: 9609216 
                       Steps per second: 2583 
                        Collection time: 9.393s 
                          Learning time: 0.120s 
                        Mean value loss: 0.7256
                    Mean surrogate loss: -0.0027
                      Mean entropy loss: 2.1771
                            Mean reward: 10.98
                    Mean episode length: 237.30
                        Mean action std: 0.59
--------------------------------------------------------------------------------
                         Iteration time: 9.51s
                           Time elapsed: 1:01:44
                                    ETA: 0:17:12

################################################################################
[1m                           Learning iteration 391/500                           [0m 

                               Run name: chase_v4_1024
                            Total steps: 9633792 
                       Steps per second: 2595 
                        Collection time: 9.354s 
                          Learning time: 0.115s 
                        Mean value loss: 0.0369
                    Mean surrogate loss: -0.0029
                      Mean entropy loss: 2.1777
                            Mean reward: 12.00
                    Mean episode length: 241.00
                        Mean action std: 0.59
--------------------------------------------------------------------------------
                         Iteration time: 9.47s
                           Time elapsed: 1:01:53
                                    ETA: 0:17:03

################################################################################
[1m                           Learning iteration 392/500                           [0m 

                               Run name: chase_v4_1024
                            Total steps: 9658368 
                       Steps per second: 2599 
                        Collection time: 9.335s 
                          Learning time: 0.119s 
                        Mean value loss: 0.6011
                    Mean surrogate loss: -0.0044
                      Mean entropy loss: 2.1784
                            Mean reward: 10.47
                    Mean episode length: 233.61
                        Mean action std: 0.59
--------------------------------------------------------------------------------
                         Iteration time: 9.45s
                           Time elapsed: 1:02:03
                                    ETA: 0:16:53

################################################################################
[1m                           Learning iteration 393/500                           [0m 

                               Run name: chase_v4_1024
                            Total steps: 9682944 
                       Steps per second: 2609 
                        Collection time: 9.300s 
                          Learning time: 0.118s 
                        Mean value loss: 0.2643
                    Mean surrogate loss: -0.0048
                      Mean entropy loss: 2.1914
                            Mean reward: 10.87
                    Mean episode length: 231.76
                        Mean action std: 0.59
--------------------------------------------------------------------------------
                         Iteration time: 9.42s
                           Time elapsed: 1:02:12
                                    ETA: 0:16:44

################################################################################
[1m                           Learning iteration 394/500                           [0m 

                               Run name: chase_v4_1024
                            Total steps: 9707520 
                       Steps per second: 2608 
                        Collection time: 9.306s 
                          Learning time: 0.116s 
                        Mean value loss: 0.1830
                    Mean surrogate loss: -0.0032
                      Mean entropy loss: 2.2068
                            Mean reward: 11.41
                    Mean episode length: 238.59
                        Mean action std: 0.59
--------------------------------------------------------------------------------
                         Iteration time: 9.42s
                           Time elapsed: 1:02:21
                                    ETA: 0:16:34

################################################################################
[1m                           Learning iteration 395/500                           [0m 

                               Run name: chase_v4_1024
                            Total steps: 9732096 
                       Steps per second: 2612 
                        Collection time: 9.290s 
                          Learning time: 0.115s 
                        Mean value loss: 0.3269
                    Mean surrogate loss: -0.0032
                      Mean entropy loss: 2.2075
                            Mean reward: 10.82
                    Mean episode length: 233.56
                        Mean action std: 0.59
--------------------------------------------------------------------------------
                         Iteration time: 9.41s
                           Time elapsed: 1:02:31
                                    ETA: 0:16:25

################################################################################
[1m                           Learning iteration 396/500                           [0m 

                               Run name: chase_v4_1024
                            Total steps: 9756672 
                       Steps per second: 2613 
                        Collection time: 9.285s 
                          Learning time: 0.117s 
                        Mean value loss: 0.4700
                    Mean surrogate loss: -0.0047
                      Mean entropy loss: 2.1990
                            Mean reward: 10.81
                    Mean episode length: 232.62
                        Mean action std: 0.59
--------------------------------------------------------------------------------
                         Iteration time: 9.40s
                           Time elapsed: 1:02:40
                                    ETA: 0:16:15

################################################################################
[1m                           Learning iteration 397/500                           [0m 

                               Run name: chase_v4_1024
                            Total steps: 9781248 
                       Steps per second: 2615 
                        Collection time: 9.277s 
                          Learning time: 0.118s 
                        Mean value loss: 0.4347
                    Mean surrogate loss: -0.0031
                      Mean entropy loss: 2.1909
                            Mean reward: 11.64
                    Mean episode length: 239.38
                        Mean action std: 0.59
--------------------------------------------------------------------------------
                         Iteration time: 9.39s
                           Time elapsed: 1:02:50
                                    ETA: 0:16:06

################################################################################
[1m                           Learning iteration 398/500                           [0m 

                               Run name: chase_v4_1024
                            Total steps: 9805824 
                       Steps per second: 2589 
                        Collection time: 9.372s 
                          Learning time: 0.118s 
                        Mean value loss: 0.4095
                    Mean surrogate loss: -0.0041
                      Mean entropy loss: 2.1742
                            Mean reward: 10.42
                    Mean episode length: 232.01
                        Mean action std: 0.59
--------------------------------------------------------------------------------
                         Iteration time: 9.49s
                           Time elapsed: 1:02:59
                                    ETA: 0:15:56

################################################################################
[1m                           Learning iteration 399/500                           [0m 

                               Run name: chase_v4_1024
                            Total steps: 9830400 
                       Steps per second: 2600 
                        Collection time: 9.334s 
                          Learning time: 0.118s 
                        Mean value loss: 0.0662
                    Mean surrogate loss: -0.0030
                      Mean entropy loss: 2.1697
                            Mean reward: 11.46
                    Mean episode length: 236.62
                        Mean action std: 0.59
--------------------------------------------------------------------------------
                         Iteration time: 9.45s
                           Time elapsed: 1:03:09
                                    ETA: 0:15:47

################################################################################
[1m                           Learning iteration 400/500                           [0m 

                               Run name: chase_v4_1024
                            Total steps: 9854976 
                       Steps per second: 2606 
                        Collection time: 9.310s 
                          Learning time: 0.118s 
                        Mean value loss: 0.3378
                    Mean surrogate loss: -0.0017
                      Mean entropy loss: 2.1555
                            Mean reward: 10.91
                    Mean episode length: 234.29
                        Mean action std: 0.59
--------------------------------------------------------------------------------
                         Iteration time: 9.43s
                           Time elapsed: 1:03:18
                                    ETA: 0:15:37

################################################################################
[1m                           Learning iteration 401/500                           [0m 

                               Run name: chase_v4_1024
                            Total steps: 9879552 
                       Steps per second: 2601 
                        Collection time: 9.328s 
                          Learning time: 0.119s 
                        Mean value loss: 0.3380
                    Mean surrogate loss: -0.0029
                      Mean entropy loss: 2.1590
                            Mean reward: 10.85
                    Mean episode length: 233.05
                        Mean action std: 0.59
--------------------------------------------------------------------------------
                         Iteration time: 9.45s
                           Time elapsed: 1:03:28
                                    ETA: 0:15:28

################################################################################
[1m                           Learning iteration 402/500                           [0m 

                               Run name: chase_v4_1024
                            Total steps: 9904128 
                       Steps per second: 2601 
                        Collection time: 9.328s 
                          Learning time: 0.118s 
                        Mean value loss: 0.1170
                    Mean surrogate loss: -0.0037
                      Mean entropy loss: 2.1780
                            Mean reward: 11.37
                    Mean episode length: 240.58
                        Mean action std: 0.59
--------------------------------------------------------------------------------
                         Iteration time: 9.45s
                           Time elapsed: 1:03:37
                                    ETA: 0:15:18

################################################################################
[1m                           Learning iteration 403/500                           [0m 

                               Run name: chase_v4_1024
                            Total steps: 9928704 
                       Steps per second: 2604 
                        Collection time: 9.318s 
                          Learning time: 0.119s 
                        Mean value loss: 0.3323
                    Mean surrogate loss: -0.0037
                      Mean entropy loss: 2.1893
                            Mean reward: 10.97
                    Mean episode length: 234.92
                        Mean action std: 0.59
--------------------------------------------------------------------------------
                         Iteration time: 9.44s
                           Time elapsed: 1:03:46
                                    ETA: 0:15:09

################################################################################
[1m                           Learning iteration 404/500                           [0m 

                               Run name: chase_v4_1024
                            Total steps: 9953280 
                       Steps per second: 2606 
                        Collection time: 9.310s 
                          Learning time: 0.118s 
                        Mean value loss: 0.1513
                    Mean surrogate loss: -0.0043
                      Mean entropy loss: 2.1851
                            Mean reward: 11.63
                    Mean episode length: 237.35
                        Mean action std: 0.59
--------------------------------------------------------------------------------
                         Iteration time: 9.43s
                           Time elapsed: 1:03:56
                                    ETA: 0:14:59

################################################################################
[1m                           Learning iteration 405/500                           [0m 

                               Run name: chase_v4_1024
                            Total steps: 9977856 
                       Steps per second: 2612 
                        Collection time: 9.288s 
                          Learning time: 0.118s 
                        Mean value loss: 0.1702
                    Mean surrogate loss: -0.0032
                      Mean entropy loss: 2.1814
                            Mean reward: 11.38
                    Mean episode length: 236.04
                        Mean action std: 0.59
--------------------------------------------------------------------------------
                         Iteration time: 9.41s
                           Time elapsed: 1:04:05
                                    ETA: 0:14:50

################################################################################
[1m                           Learning iteration 406/500                           [0m 

                               Run name: chase_v4_1024
                            Total steps: 10002432 
                       Steps per second: 2617 
                        Collection time: 9.275s 
                          Learning time: 0.115s 
                        Mean value loss: 0.2075
                    Mean surrogate loss: -0.0032
                      Mean entropy loss: 2.2008
                            Mean reward: 11.86
                    Mean episode length: 241.00
                        Mean action std: 0.60
--------------------------------------------------------------------------------
                         Iteration time: 9.39s
                           Time elapsed: 1:04:15
                                    ETA: 0:14:40

################################################################################
[1m                           Learning iteration 407/500                           [0m 

                               Run name: chase_v4_1024
                            Total steps: 10027008 
                       Steps per second: 2598 
                        Collection time: 9.341s 
                          Learning time: 0.115s 
                        Mean value loss: 0.0515
                    Mean surrogate loss: -0.0010
                      Mean entropy loss: 2.2268
                            Mean reward: 10.98
                    Mean episode length: 236.38
                        Mean action std: 0.60
--------------------------------------------------------------------------------
                         Iteration time: 9.46s
                           Time elapsed: 1:04:24
                                    ETA: 0:14:31

################################################################################
[1m                           Learning iteration 408/500                           [0m 

                               Run name: chase_v4_1024
                            Total steps: 10051584 
                       Steps per second: 2599 
                        Collection time: 9.340s 
                          Learning time: 0.115s 
                        Mean value loss: 0.1414
                    Mean surrogate loss: -0.0042
                      Mean entropy loss: 2.2226
                            Mean reward: 11.57
                    Mean episode length: 237.06
                        Mean action std: 0.59
--------------------------------------------------------------------------------
                         Iteration time: 9.46s
                           Time elapsed: 1:04:34
                                    ETA: 0:14:21

################################################################################
[1m                           Learning iteration 409/500                           [0m 

                               Run name: chase_v4_1024
                            Total steps: 10076160 
                       Steps per second: 2608 
                        Collection time: 9.303s 
                          Learning time: 0.118s 
                        Mean value loss: 0.0556
                    Mean surrogate loss: -0.0043
                      Mean entropy loss: 2.2235
                            Mean reward: 11.50
                    Mean episode length: 239.16
                        Mean action std: 0.60
--------------------------------------------------------------------------------
                         Iteration time: 9.42s
                           Time elapsed: 1:04:43
                                    ETA: 0:14:12

################################################################################
[1m                           Learning iteration 410/500                           [0m 

                               Run name: chase_v4_1024
                            Total steps: 10100736 
                       Steps per second: 2594 
                        Collection time: 9.352s 
                          Learning time: 0.119s 
                        Mean value loss: 0.6337
                    Mean surrogate loss: -0.0033
                      Mean entropy loss: 2.2266
                            Mean reward: 10.30
                    Mean episode length: 232.58
                        Mean action std: 0.60
--------------------------------------------------------------------------------
                         Iteration time: 9.47s
                           Time elapsed: 1:04:52
                                    ETA: 0:14:02

################################################################################
[1m                           Learning iteration 411/500                           [0m 

                               Run name: chase_v4_1024
                            Total steps: 10125312 
                       Steps per second: 2599 
                        Collection time: 9.339s 
                          Learning time: 0.116s 
                        Mean value loss: 0.4433
                    Mean surrogate loss: -0.0044
                      Mean entropy loss: 2.2346
                            Mean reward: 10.55
                    Mean episode length: 230.02
                        Mean action std: 0.60
--------------------------------------------------------------------------------
                         Iteration time: 9.45s
                           Time elapsed: 1:05:02
                                    ETA: 0:13:53

################################################################################
[1m                           Learning iteration 412/500                           [0m 

                               Run name: chase_v4_1024
                            Total steps: 10149888 
                       Steps per second: 2595 
                        Collection time: 9.352s 
                          Learning time: 0.117s 
                        Mean value loss: 0.5796
                    Mean surrogate loss: -0.0049
                      Mean entropy loss: 2.2407
                            Mean reward: 10.82
                    Mean episode length: 237.44
                        Mean action std: 0.60
--------------------------------------------------------------------------------
                         Iteration time: 9.47s
                           Time elapsed: 1:05:11
                                    ETA: 0:13:44

################################################################################
[1m                           Learning iteration 413/500                           [0m 

                               Run name: chase_v4_1024
                            Total steps: 10174464 
                       Steps per second: 2611 
                        Collection time: 9.291s 
                          Learning time: 0.119s 
                        Mean value loss: 0.1852
                    Mean surrogate loss: -0.0024
                      Mean entropy loss: 2.2461
                            Mean reward: 10.76
                    Mean episode length: 234.96
                        Mean action std: 0.60
--------------------------------------------------------------------------------
                         Iteration time: 9.41s
                           Time elapsed: 1:05:21
                                    ETA: 0:13:34

################################################################################
[1m                           Learning iteration 414/500                           [0m 

                               Run name: chase_v4_1024
                            Total steps: 10199040 
                       Steps per second: 2600 
                        Collection time: 9.333s 
                          Learning time: 0.119s 
                        Mean value loss: 0.3887
                    Mean surrogate loss: -0.0051
                      Mean entropy loss: 2.2535
                            Mean reward: 11.02
                    Mean episode length: 233.97
                        Mean action std: 0.60
--------------------------------------------------------------------------------
                         Iteration time: 9.45s
                           Time elapsed: 1:05:30
                                    ETA: 0:13:25

################################################################################
[1m                           Learning iteration 415/500                           [0m 

                               Run name: chase_v4_1024
                            Total steps: 10223616 
                       Steps per second: 2599 
                        Collection time: 9.336s 
                          Learning time: 0.118s 
                        Mean value loss: 0.2944
                    Mean surrogate loss: -0.0027
                      Mean entropy loss: 2.2465
                            Mean reward: 10.37
                    Mean episode length: 229.76
                        Mean action std: 0.60
--------------------------------------------------------------------------------
                         Iteration time: 9.45s
                           Time elapsed: 1:05:40
                                    ETA: 0:13:15

################################################################################
[1m                           Learning iteration 416/500                           [0m 

                               Run name: chase_v4_1024
                            Total steps: 10248192 
                       Steps per second: 2596 
                        Collection time: 9.346s 
                          Learning time: 0.118s 
                        Mean value loss: 0.2923
                    Mean surrogate loss: -0.0035
                      Mean entropy loss: 2.2472
                            Mean reward: 11.07
                    Mean episode length: 232.40
                        Mean action std: 0.60
--------------------------------------------------------------------------------
                         Iteration time: 9.46s
                           Time elapsed: 1:05:49
                                    ETA: 0:13:06

################################################################################
[1m                           Learning iteration 417/500                           [0m 

                               Run name: chase_v4_1024
                            Total steps: 10272768 
                       Steps per second: 2599 
                        Collection time: 9.335s 
                          Learning time: 0.117s 
                        Mean value loss: 0.8033
                    Mean surrogate loss: -0.0028
                      Mean entropy loss: 2.2487
                            Mean reward: 11.05
                    Mean episode length: 234.95
                        Mean action std: 0.60
--------------------------------------------------------------------------------
                         Iteration time: 9.45s
                           Time elapsed: 1:05:59
                                    ETA: 0:12:56

################################################################################
[1m                           Learning iteration 418/500                           [0m 

                               Run name: chase_v4_1024
                            Total steps: 10297344 
                       Steps per second: 2607 
                        Collection time: 9.307s 
                          Learning time: 0.117s 
                        Mean value loss: 0.1085
                    Mean surrogate loss: -0.0030
                      Mean entropy loss: 2.2508
                            Mean reward: 11.24
                    Mean episode length: 236.05
                        Mean action std: 0.60
--------------------------------------------------------------------------------
                         Iteration time: 9.42s
                           Time elapsed: 1:06:08
                                    ETA: 0:12:47

################################################################################
[1m                           Learning iteration 419/500                           [0m 

                               Run name: chase_v4_1024
                            Total steps: 10321920 
                       Steps per second: 2606 
                        Collection time: 9.311s 
                          Learning time: 0.118s 
                        Mean value loss: 0.1234
                    Mean surrogate loss: -0.0037
                      Mean entropy loss: 2.2574
                            Mean reward: 11.29
                    Mean episode length: 234.74
                        Mean action std: 0.60
--------------------------------------------------------------------------------
                         Iteration time: 9.43s
                           Time elapsed: 1:06:17
                                    ETA: 0:12:37

################################################################################
[1m                           Learning iteration 420/500                           [0m 

                               Run name: chase_v4_1024
                            Total steps: 10346496 
                       Steps per second: 2617 
                        Collection time: 9.274s 
                          Learning time: 0.116s 
                        Mean value loss: 0.3935
                    Mean surrogate loss: -0.0032
                      Mean entropy loss: 2.2594
                            Mean reward: 10.84
                    Mean episode length: 233.34
                        Mean action std: 0.60
--------------------------------------------------------------------------------
                         Iteration time: 9.39s
                           Time elapsed: 1:06:27
                                    ETA: 0:12:28

################################################################################
[1m                           Learning iteration 421/500                           [0m 

                               Run name: chase_v4_1024
                            Total steps: 10371072 
                       Steps per second: 2595 
                        Collection time: 9.350s 
                          Learning time: 0.118s 
                        Mean value loss: 0.3237
                    Mean surrogate loss: -0.0040
                      Mean entropy loss: 2.2643
                            Mean reward: 10.71
                    Mean episode length: 235.64
                        Mean action std: 0.60
--------------------------------------------------------------------------------
                         Iteration time: 9.47s
                           Time elapsed: 1:06:36
                                    ETA: 0:12:18

################################################################################
[1m                           Learning iteration 422/500                           [0m 

                               Run name: chase_v4_1024
                            Total steps: 10395648 
                       Steps per second: 2610 
                        Collection time: 9.300s 
                          Learning time: 0.116s 
                        Mean value loss: 0.0579
                    Mean surrogate loss: -0.0022
                      Mean entropy loss: 2.2508
                            Mean reward: 11.68
                    Mean episode length: 239.67
                        Mean action std: 0.60
--------------------------------------------------------------------------------
                         Iteration time: 9.42s
                           Time elapsed: 1:06:46
                                    ETA: 0:12:09

################################################################################
[1m                           Learning iteration 423/500                           [0m 

                               Run name: chase_v4_1024
                            Total steps: 10420224 
                       Steps per second: 2606 
                        Collection time: 9.308s 
                          Learning time: 0.119s 
                        Mean value loss: 0.1014
                    Mean surrogate loss: -0.0033
                      Mean entropy loss: 2.2418
                            Mean reward: 11.40
                    Mean episode length: 236.47
                        Mean action std: 0.60
--------------------------------------------------------------------------------
                         Iteration time: 9.43s
                           Time elapsed: 1:06:55
                                    ETA: 0:11:59

################################################################################
[1m                           Learning iteration 424/500                           [0m 

                               Run name: chase_v4_1024
                            Total steps: 10444800 
                       Steps per second: 2603 
                        Collection time: 9.320s 
                          Learning time: 0.119s 
                        Mean value loss: 0.7768
                    Mean surrogate loss: -0.0034
                      Mean entropy loss: 2.2487
                            Mean reward: 9.64
                    Mean episode length: 228.88
                        Mean action std: 0.61
--------------------------------------------------------------------------------
                         Iteration time: 9.44s
                           Time elapsed: 1:07:05
                                    ETA: 0:11:50

################################################################################
[1m                           Learning iteration 425/500                           [0m 

                               Run name: chase_v4_1024
                            Total steps: 10469376 
                       Steps per second: 2606 
                        Collection time: 9.311s 
                          Learning time: 0.118s 
                        Mean value loss: 0.3180
                    Mean surrogate loss: -0.0035
                      Mean entropy loss: 2.2510
                            Mean reward: 10.87
                    Mean episode length: 232.58
                        Mean action std: 0.61
--------------------------------------------------------------------------------
                         Iteration time: 9.43s
                           Time elapsed: 1:07:14
                                    ETA: 0:11:40

################################################################################
[1m                           Learning iteration 426/500                           [0m 

                               Run name: chase_v4_1024
                            Total steps: 10493952 
                       Steps per second: 2610 
                        Collection time: 9.295s 
                          Learning time: 0.118s 
                        Mean value loss: 0.4311
                    Mean surrogate loss: -0.0040
                      Mean entropy loss: 2.2423
                            Mean reward: 10.68
                    Mean episode length: 234.41
                        Mean action std: 0.61
--------------------------------------------------------------------------------
                         Iteration time: 9.41s
                           Time elapsed: 1:07:23
                                    ETA: 0:11:31

################################################################################
[1m                           Learning iteration 427/500                           [0m 

                               Run name: chase_v4_1024
                            Total steps: 10518528 
                       Steps per second: 2600 
                        Collection time: 9.334s 
                          Learning time: 0.118s 
                        Mean value loss: 1.0060
                    Mean surrogate loss: -0.0051
                      Mean entropy loss: 2.2407
                            Mean reward: 10.60
                    Mean episode length: 235.17
                        Mean action std: 0.61
--------------------------------------------------------------------------------
                         Iteration time: 9.45s
                           Time elapsed: 1:07:33
                                    ETA: 0:11:21

################################################################################
[1m                           Learning iteration 428/500                           [0m 

                               Run name: chase_v4_1024
                            Total steps: 10543104 
                       Steps per second: 2602 
                        Collection time: 9.327s 
                          Learning time: 0.116s 
                        Mean value loss: 0.6312
                    Mean surrogate loss: -0.0039
                      Mean entropy loss: 2.2478
                            Mean reward: 10.73
                    Mean episode length: 235.53
                        Mean action std: 0.61
--------------------------------------------------------------------------------
                         Iteration time: 9.44s
                           Time elapsed: 1:07:42
                                    ETA: 0:11:12

################################################################################
[1m                           Learning iteration 429/500                           [0m 

                               Run name: chase_v4_1024
                            Total steps: 10567680 
                       Steps per second: 2578 
                        Collection time: 9.411s 
                          Learning time: 0.121s 
                        Mean value loss: 0.1827
                    Mean surrogate loss: -0.0040
                      Mean entropy loss: 2.2577
                            Mean reward: 11.62
                    Mean episode length: 239.19
                        Mean action std: 0.61
--------------------------------------------------------------------------------
                         Iteration time: 9.53s
                           Time elapsed: 1:07:52
                                    ETA: 0:11:02

################################################################################
[1m                           Learning iteration 430/500                           [0m 

                               Run name: chase_v4_1024
                            Total steps: 10592256 
                       Steps per second: 2590 
                        Collection time: 9.370s 
                          Learning time: 0.118s 
                        Mean value loss: 0.3690
                    Mean surrogate loss: -0.0035
                      Mean entropy loss: 2.2570
                            Mean reward: 9.67
                    Mean episode length: 224.06
                        Mean action std: 0.61
--------------------------------------------------------------------------------
                         Iteration time: 9.49s
                           Time elapsed: 1:08:01
                                    ETA: 0:10:53

################################################################################
[1m                           Learning iteration 431/500                           [0m 

                               Run name: chase_v4_1024
                            Total steps: 10616832 
                       Steps per second: 2605 
                        Collection time: 9.315s 
                          Learning time: 0.118s 
                        Mean value loss: 0.1645
                    Mean surrogate loss: -0.0040
                      Mean entropy loss: 2.2595
                            Mean reward: 10.95
                    Mean episode length: 237.12
                        Mean action std: 0.61
--------------------------------------------------------------------------------
                         Iteration time: 9.43s
                           Time elapsed: 1:08:11
                                    ETA: 0:10:43

################################################################################
[1m                           Learning iteration 432/500                           [0m 

                               Run name: chase_v4_1024
                            Total steps: 10641408 
                       Steps per second: 2605 
                        Collection time: 9.315s 
                          Learning time: 0.118s 
                        Mean value loss: 0.2183
                    Mean surrogate loss: -0.0048
                      Mean entropy loss: 2.2561
                            Mean reward: 10.86
                    Mean episode length: 235.74
                        Mean action std: 0.61
--------------------------------------------------------------------------------
                         Iteration time: 9.43s
                           Time elapsed: 1:08:20
                                    ETA: 0:10:34

################################################################################
[1m                           Learning iteration 433/500                           [0m 

                               Run name: chase_v4_1024
                            Total steps: 10665984 
                       Steps per second: 2591 
                        Collection time: 9.365s 
                          Learning time: 0.117s 
                        Mean value loss: 0.4710
                    Mean surrogate loss: -0.0052
                      Mean entropy loss: 2.2606
                            Mean reward: 10.13
                    Mean episode length: 228.27
                        Mean action std: 0.61
--------------------------------------------------------------------------------
                         Iteration time: 9.48s
                           Time elapsed: 1:08:30
                                    ETA: 0:10:25

################################################################################
[1m                           Learning iteration 434/500                           [0m 

                               Run name: chase_v4_1024
                            Total steps: 10690560 
                       Steps per second: 2614 
                        Collection time: 9.281s 
                          Learning time: 0.118s 
                        Mean value loss: 0.2385
                    Mean surrogate loss: -0.0041
                      Mean entropy loss: 2.2506
                            Mean reward: 11.07
                    Mean episode length: 234.61
                        Mean action std: 0.61
--------------------------------------------------------------------------------
                         Iteration time: 9.40s
                           Time elapsed: 1:08:39
                                    ETA: 0:10:15

################################################################################
[1m                           Learning iteration 435/500                           [0m 

                               Run name: chase_v4_1024
                            Total steps: 10715136 
                       Steps per second: 2623 
                        Collection time: 9.252s 
                          Learning time: 0.117s 
                        Mean value loss: 0.2483
                    Mean surrogate loss: -0.0045
                      Mean entropy loss: 2.2449
                            Mean reward: 11.16
                    Mean episode length: 233.33
                        Mean action std: 0.61
--------------------------------------------------------------------------------
                         Iteration time: 9.37s
                           Time elapsed: 1:08:48
                                    ETA: 0:10:06

################################################################################
[1m                           Learning iteration 436/500                           [0m 

                               Run name: chase_v4_1024
                            Total steps: 10739712 
                       Steps per second: 2620 
                        Collection time: 9.261s 
                          Learning time: 0.117s 
                        Mean value loss: 0.3662
                    Mean surrogate loss: -0.0049
                      Mean entropy loss: 2.2592
                            Mean reward: 10.14
                    Mean episode length: 226.93
                        Mean action std: 0.61
--------------------------------------------------------------------------------
                         Iteration time: 9.38s
                           Time elapsed: 1:08:58
                                    ETA: 0:09:56

################################################################################
[1m                           Learning iteration 437/500                           [0m 

                               Run name: chase_v4_1024
                            Total steps: 10764288 
                       Steps per second: 2607 
                        Collection time: 9.308s 
                          Learning time: 0.118s 
                        Mean value loss: 0.1947
                    Mean surrogate loss: -0.0028
                      Mean entropy loss: 2.2696
                            Mean reward: 11.53
                    Mean episode length: 239.42
                        Mean action std: 0.61
--------------------------------------------------------------------------------
                         Iteration time: 9.43s
                           Time elapsed: 1:09:07
                                    ETA: 0:09:47

################################################################################
[1m                           Learning iteration 438/500                           [0m 

                               Run name: chase_v4_1024
                            Total steps: 10788864 
                       Steps per second: 2597 
                        Collection time: 9.344s 
                          Learning time: 0.118s 
                        Mean value loss: 0.1049
                    Mean surrogate loss: -0.0031
                      Mean entropy loss: 2.2699
                            Mean reward: 11.45
                    Mean episode length: 238.67
                        Mean action std: 0.62
--------------------------------------------------------------------------------
                         Iteration time: 9.46s
                           Time elapsed: 1:09:17
                                    ETA: 0:09:37

################################################################################
[1m                           Learning iteration 439/500                           [0m 

                               Run name: chase_v4_1024
                            Total steps: 10813440 
                       Steps per second: 2608 
                        Collection time: 9.303s 
                          Learning time: 0.118s 
                        Mean value loss: 0.2909
                    Mean surrogate loss: -0.0033
                      Mean entropy loss: 2.2819
                            Mean reward: 10.80
                    Mean episode length: 234.13
                        Mean action std: 0.62
--------------------------------------------------------------------------------
                         Iteration time: 9.42s
                           Time elapsed: 1:09:26
                                    ETA: 0:09:28

################################################################################
[1m                           Learning iteration 440/500                           [0m 

                               Run name: chase_v4_1024
                            Total steps: 10838016 
                       Steps per second: 2612 
                        Collection time: 9.290s 
                          Learning time: 0.118s 
                        Mean value loss: 0.1880
                    Mean surrogate loss: -0.0037
                      Mean entropy loss: 2.2958
                            Mean reward: 11.39
                    Mean episode length: 236.36
                        Mean action std: 0.62
--------------------------------------------------------------------------------
                         Iteration time: 9.41s
                           Time elapsed: 1:09:36
                                    ETA: 0:09:18

################################################################################
[1m                           Learning iteration 441/500                           [0m 

                               Run name: chase_v4_1024
                            Total steps: 10862592 
                       Steps per second: 2604 
                        Collection time: 9.319s 
                          Learning time: 0.118s 
                        Mean value loss: 1.0339
                    Mean surrogate loss: -0.0052
                      Mean entropy loss: 2.3291
                            Mean reward: 9.63
                    Mean episode length: 230.91
                        Mean action std: 0.63
--------------------------------------------------------------------------------
                         Iteration time: 9.44s
                           Time elapsed: 1:09:45
                                    ETA: 0:09:09

################################################################################
[1m                           Learning iteration 442/500                           [0m 

                               Run name: chase_v4_1024
                            Total steps: 10887168 
                       Steps per second: 2607 
                        Collection time: 9.307s 
                          Learning time: 0.117s 
                        Mean value loss: 0.1801
                    Mean surrogate loss: -0.0043
                      Mean entropy loss: 2.3583
                            Mean reward: 11.20
                    Mean episode length: 233.35
                        Mean action std: 0.63
--------------------------------------------------------------------------------
                         Iteration time: 9.42s
                           Time elapsed: 1:09:54
                                    ETA: 0:08:59

################################################################################
[1m                           Learning iteration 443/500                           [0m 

                               Run name: chase_v4_1024
                            Total steps: 10911744 
                       Steps per second: 2609 
                        Collection time: 9.303s 
                          Learning time: 0.116s 
                        Mean value loss: 0.2689
                    Mean surrogate loss: -0.0037
                      Mean entropy loss: 2.3609
                            Mean reward: 11.85
                    Mean episode length: 239.05
                        Mean action std: 0.63
--------------------------------------------------------------------------------
                         Iteration time: 9.42s
                           Time elapsed: 1:10:04
                                    ETA: 0:08:50

################################################################################
[1m                           Learning iteration 444/500                           [0m 

                               Run name: chase_v4_1024
                            Total steps: 10936320 
                       Steps per second: 2608 
                        Collection time: 9.304s 
                          Learning time: 0.117s 
                        Mean value loss: 0.3902
                    Mean surrogate loss: -0.0046
                      Mean entropy loss: 2.3936
                            Mean reward: 10.82
                    Mean episode length: 233.42
                        Mean action std: 0.64
--------------------------------------------------------------------------------
                         Iteration time: 9.42s
                           Time elapsed: 1:10:13
                                    ETA: 0:08:40

################################################################################
[1m                           Learning iteration 445/500                           [0m 

                               Run name: chase_v4_1024
                            Total steps: 10960896 
                       Steps per second: 2608 
                        Collection time: 9.303s 
                          Learning time: 0.118s 
                        Mean value loss: 0.1372
                    Mean surrogate loss: -0.0026
                      Mean entropy loss: 2.4107
                            Mean reward: 11.40
                    Mean episode length: 236.76
                        Mean action std: 0.64
--------------------------------------------------------------------------------
                         Iteration time: 9.42s
                           Time elapsed: 1:10:23
                                    ETA: 0:08:31

################################################################################
[1m                           Learning iteration 446/500                           [0m 

                               Run name: chase_v4_1024
                            Total steps: 10985472 
                       Steps per second: 2611 
                        Collection time: 9.291s 
                          Learning time: 0.118s 
                        Mean value loss: 0.2215
                    Mean surrogate loss: -0.0047
                      Mean entropy loss: 2.4227
                            Mean reward: 11.40
                    Mean episode length: 234.00
                        Mean action std: 0.64
--------------------------------------------------------------------------------
                         Iteration time: 9.41s
                           Time elapsed: 1:10:32
                                    ETA: 0:08:21

################################################################################
[1m                           Learning iteration 447/500                           [0m 

                               Run name: chase_v4_1024
                            Total steps: 11010048 
                       Steps per second: 2609 
                        Collection time: 9.299s 
                          Learning time: 0.117s 
                        Mean value loss: 0.2810
                    Mean surrogate loss: -0.0045
                      Mean entropy loss: 2.4208
                            Mean reward: 10.00
                    Mean episode length: 227.83
                        Mean action std: 0.64
--------------------------------------------------------------------------------
                         Iteration time: 9.42s
                           Time elapsed: 1:10:41
                                    ETA: 0:08:12

################################################################################
[1m                           Learning iteration 448/500                           [0m 

                               Run name: chase_v4_1024
                            Total steps: 11034624 
                       Steps per second: 2617 
                        Collection time: 9.273s 
                          Learning time: 0.117s 
                        Mean value loss: 0.1125
                    Mean surrogate loss: -0.0024
                      Mean entropy loss: 2.4290
                            Mean reward: 11.46
                    Mean episode length: 238.97
                        Mean action std: 0.64
--------------------------------------------------------------------------------
                         Iteration time: 9.39s
                           Time elapsed: 1:10:51
                                    ETA: 0:08:02

################################################################################
[1m                           Learning iteration 449/500                           [0m 

                               Run name: chase_v4_1024
                            Total steps: 11059200 
                       Steps per second: 2613 
                        Collection time: 9.286s 
                          Learning time: 0.117s 
                        Mean value loss: 0.3028
                    Mean surrogate loss: -0.0043
                      Mean entropy loss: 2.4390
                            Mean reward: 10.82
                    Mean episode length: 232.61
                        Mean action std: 0.64
--------------------------------------------------------------------------------
                         Iteration time: 9.40s
                           Time elapsed: 1:11:00
                                    ETA: 0:07:53

################################################################################
[1m                           Learning iteration 450/500                           [0m 

                               Run name: chase_v4_1024
                            Total steps: 11083776 
                       Steps per second: 2576 
                        Collection time: 9.420s 
                          Learning time: 0.118s 
                        Mean value loss: 0.3708
                    Mean surrogate loss: -0.0048
                      Mean entropy loss: 2.4268
                            Mean reward: 10.14
                    Mean episode length: 224.91
                        Mean action std: 0.63
--------------------------------------------------------------------------------
                         Iteration time: 9.54s
                           Time elapsed: 1:11:10
                                    ETA: 0:07:43

################################################################################
[1m                           Learning iteration 451/500                           [0m 

                               Run name: chase_v4_1024
                            Total steps: 11108352 
                       Steps per second: 2581 
                        Collection time: 9.401s 
                          Learning time: 0.118s 
                        Mean value loss: 0.3189
                    Mean surrogate loss: -0.0043
                      Mean entropy loss: 2.4137
                            Mean reward: 10.59
                    Mean episode length: 234.15
                        Mean action std: 0.63
--------------------------------------------------------------------------------
                         Iteration time: 9.52s
                           Time elapsed: 1:11:19
                                    ETA: 0:07:34

################################################################################
[1m                           Learning iteration 452/500                           [0m 

                               Run name: chase_v4_1024
                            Total steps: 11132928 
                       Steps per second: 2613 
                        Collection time: 9.287s 
                          Learning time: 0.115s 
                        Mean value loss: 0.2028
                    Mean surrogate loss: -0.0034
                      Mean entropy loss: 2.4177
                            Mean reward: 11.39
                    Mean episode length: 238.94
                        Mean action std: 0.63
--------------------------------------------------------------------------------
                         Iteration time: 9.40s
                           Time elapsed: 1:11:29
                                    ETA: 0:07:25

################################################################################
[1m                           Learning iteration 453/500                           [0m 

                               Run name: chase_v4_1024
                            Total steps: 11157504 
                       Steps per second: 2582 
                        Collection time: 9.403s 
                          Learning time: 0.115s 
                        Mean value loss: 0.6076
                    Mean surrogate loss: -0.0048
                      Mean entropy loss: 2.4197
                            Mean reward: 10.26
                    Mean episode length: 233.83
                        Mean action std: 0.64
--------------------------------------------------------------------------------
                         Iteration time: 9.52s
                           Time elapsed: 1:11:38
                                    ETA: 0:07:15

################################################################################
[1m                           Learning iteration 454/500                           [0m 

                               Run name: chase_v4_1024
                            Total steps: 11182080 
                       Steps per second: 2609 
                        Collection time: 9.302s 
                          Learning time: 0.116s 
                        Mean value loss: 0.2790
                    Mean surrogate loss: -0.0044
                      Mean entropy loss: 2.4333
                            Mean reward: 10.37
                    Mean episode length: 230.11
                        Mean action std: 0.64
--------------------------------------------------------------------------------
                         Iteration time: 9.42s
                           Time elapsed: 1:11:48
                                    ETA: 0:07:06

################################################################################
[1m                           Learning iteration 455/500                           [0m 

                               Run name: chase_v4_1024
                            Total steps: 11206656 
                       Steps per second: 2611 
                        Collection time: 9.296s 
                          Learning time: 0.116s 
                        Mean value loss: 0.2863
                    Mean surrogate loss: -0.0036
                      Mean entropy loss: 2.4563
                            Mean reward: 11.10
                    Mean episode length: 237.05
                        Mean action std: 0.64
--------------------------------------------------------------------------------
                         Iteration time: 9.41s
                           Time elapsed: 1:11:57
                                    ETA: 0:06:56

################################################################################
[1m                           Learning iteration 456/500                           [0m 

                               Run name: chase_v4_1024
                            Total steps: 11231232 
                       Steps per second: 2594 
                        Collection time: 9.355s 
                          Learning time: 0.118s 
                        Mean value loss: 0.5385
                    Mean surrogate loss: -0.0049
                      Mean entropy loss: 2.4892
                            Mean reward: 10.41
                    Mean episode length: 231.05
                        Mean action std: 0.65
--------------------------------------------------------------------------------
                         Iteration time: 9.47s
                           Time elapsed: 1:12:07
                                    ETA: 0:06:47

################################################################################
[1m                           Learning iteration 457/500                           [0m 

                               Run name: chase_v4_1024
                            Total steps: 11255808 
                       Steps per second: 2597 
                        Collection time: 9.345s 
                          Learning time: 0.117s 
                        Mean value loss: 0.7538
                    Mean surrogate loss: -0.0057
                      Mean entropy loss: 2.5077
                            Mean reward: 10.24
                    Mean episode length: 225.49
                        Mean action std: 0.65
--------------------------------------------------------------------------------
                         Iteration time: 9.46s
                           Time elapsed: 1:12:16
                                    ETA: 0:06:37

################################################################################
[1m                           Learning iteration 458/500                           [0m 

                               Run name: chase_v4_1024
                            Total steps: 11280384 
                       Steps per second: 2602 
                        Collection time: 9.328s 
                          Learning time: 0.117s 
                        Mean value loss: 0.3551
                    Mean surrogate loss: -0.0048
                      Mean entropy loss: 2.5191
                            Mean reward: 11.19
                    Mean episode length: 234.83
                        Mean action std: 0.65
--------------------------------------------------------------------------------
                         Iteration time: 9.44s
                           Time elapsed: 1:12:25
                                    ETA: 0:06:28

################################################################################
[1m                           Learning iteration 459/500                           [0m 

                               Run name: chase_v4_1024
                            Total steps: 11304960 
                       Steps per second: 2607 
                        Collection time: 9.307s 
                          Learning time: 0.118s 
                        Mean value loss: 0.4556
                    Mean surrogate loss: -0.0038
                      Mean entropy loss: 2.5264
                            Mean reward: 10.78
                    Mean episode length: 234.80
                        Mean action std: 0.65
--------------------------------------------------------------------------------
                         Iteration time: 9.42s
                           Time elapsed: 1:12:35
                                    ETA: 0:06:18

################################################################################
[1m                           Learning iteration 460/500                           [0m 

                               Run name: chase_v4_1024
                            Total steps: 11329536 
                       Steps per second: 2581 
                        Collection time: 9.402s 
                          Learning time: 0.119s 
                        Mean value loss: 0.3248
                    Mean surrogate loss: -0.0056
                      Mean entropy loss: 2.5247
                            Mean reward: 10.99
                    Mean episode length: 232.41
                        Mean action std: 0.65
--------------------------------------------------------------------------------
                         Iteration time: 9.52s
                           Time elapsed: 1:12:44
                                    ETA: 0:06:09

################################################################################
[1m                           Learning iteration 461/500                           [0m 

                               Run name: chase_v4_1024
                            Total steps: 11354112 
                       Steps per second: 2591 
                        Collection time: 9.367s 
                          Learning time: 0.116s 
                        Mean value loss: 0.4386
                    Mean surrogate loss: -0.0041
                      Mean entropy loss: 2.5258
                            Mean reward: 10.62
                    Mean episode length: 231.91
                        Mean action std: 0.66
--------------------------------------------------------------------------------
                         Iteration time: 9.48s
                           Time elapsed: 1:12:54
                                    ETA: 0:05:59

################################################################################
[1m                           Learning iteration 462/500                           [0m 

                               Run name: chase_v4_1024
                            Total steps: 11378688 
                       Steps per second: 2586 
                        Collection time: 9.383s 
                          Learning time: 0.119s 
                        Mean value loss: 0.3102
                    Mean surrogate loss: -0.0033
                      Mean entropy loss: 2.5303
                            Mean reward: 11.62
                    Mean episode length: 236.32
                        Mean action std: 0.66
--------------------------------------------------------------------------------
                         Iteration time: 9.50s
                           Time elapsed: 1:13:03
                                    ETA: 0:05:50

################################################################################
[1m                           Learning iteration 463/500                           [0m 

                               Run name: chase_v4_1024
                            Total steps: 11403264 
                       Steps per second: 2603 
                        Collection time: 9.321s 
                          Learning time: 0.119s 
                        Mean value loss: 0.3910
                    Mean surrogate loss: -0.0028
                      Mean entropy loss: 2.5383
                            Mean reward: 10.01
                    Mean episode length: 230.91
                        Mean action std: 0.66
--------------------------------------------------------------------------------
                         Iteration time: 9.44s
                           Time elapsed: 1:13:13
                                    ETA: 0:05:40

################################################################################
[1m                           Learning iteration 464/500                           [0m 

                               Run name: chase_v4_1024
                            Total steps: 11427840 
                       Steps per second: 2608 
                        Collection time: 9.302s 
                          Learning time: 0.119s 
                        Mean value loss: 0.3403
                    Mean surrogate loss: -0.0032
                      Mean entropy loss: 2.5448
                            Mean reward: 10.01
                    Mean episode length: 232.03
                        Mean action std: 0.66
--------------------------------------------------------------------------------
                         Iteration time: 9.42s
                           Time elapsed: 1:13:22
                                    ETA: 0:05:31

################################################################################
[1m                           Learning iteration 465/500                           [0m 

                               Run name: chase_v4_1024
                            Total steps: 11452416 
                       Steps per second: 2612 
                        Collection time: 9.291s 
                          Learning time: 0.116s 
                        Mean value loss: 0.2987
                    Mean surrogate loss: -0.0035
                      Mean entropy loss: 2.5558
                            Mean reward: 10.45
                    Mean episode length: 234.83
                        Mean action std: 0.66
--------------------------------------------------------------------------------
                         Iteration time: 9.41s
                           Time elapsed: 1:13:32
                                    ETA: 0:05:21

################################################################################
[1m                           Learning iteration 466/500                           [0m 

                               Run name: chase_v4_1024
                            Total steps: 11476992 
                       Steps per second: 2615 
                        Collection time: 9.281s 
                          Learning time: 0.115s 
                        Mean value loss: 0.2740
                    Mean surrogate loss: -0.0034
                      Mean entropy loss: 2.5782
                            Mean reward: 10.51
                    Mean episode length: 230.85
                        Mean action std: 0.67
--------------------------------------------------------------------------------
                         Iteration time: 9.40s
                           Time elapsed: 1:13:41
                                    ETA: 0:05:12

################################################################################
[1m                           Learning iteration 467/500                           [0m 

                               Run name: chase_v4_1024
                            Total steps: 11501568 
                       Steps per second: 2617 
                        Collection time: 9.275s 
                          Learning time: 0.116s 
                        Mean value loss: 0.0598
                    Mean surrogate loss: -0.0046
                      Mean entropy loss: 2.5826
                            Mean reward: 11.36
                    Mean episode length: 241.00
                        Mean action std: 0.67
--------------------------------------------------------------------------------
                         Iteration time: 9.39s
                           Time elapsed: 1:13:50
                                    ETA: 0:05:02

################################################################################
[1m                           Learning iteration 468/500                           [0m 

                               Run name: chase_v4_1024
                            Total steps: 11526144 
                       Steps per second: 2612 
                        Collection time: 9.292s 
                          Learning time: 0.115s 
                        Mean value loss: 0.8291
                    Mean surrogate loss: -0.0043
                      Mean entropy loss: 2.5687
                            Mean reward: 9.39
                    Mean episode length: 226.61
                        Mean action std: 0.66
--------------------------------------------------------------------------------
                         Iteration time: 9.41s
                           Time elapsed: 1:14:00
                                    ETA: 0:04:53

################################################################################
[1m                           Learning iteration 469/500                           [0m 

                               Run name: chase_v4_1024
                            Total steps: 11550720 
                       Steps per second: 2604 
                        Collection time: 9.320s 
                          Learning time: 0.115s 
                        Mean value loss: 0.6545
                    Mean surrogate loss: -0.0046
                      Mean entropy loss: 2.5677
                            Mean reward: 10.32
                    Mean episode length: 228.93
                        Mean action std: 0.67
--------------------------------------------------------------------------------
                         Iteration time: 9.44s
                           Time elapsed: 1:14:09
                                    ETA: 0:04:44

################################################################################
[1m                           Learning iteration 470/500                           [0m 

                               Run name: chase_v4_1024
                            Total steps: 11575296 
                       Steps per second: 2608 
                        Collection time: 9.301s 
                          Learning time: 0.118s 
                        Mean value loss: 0.2165
                    Mean surrogate loss: -0.0029
                      Mean entropy loss: 2.5570
                            Mean reward: 10.62
                    Mean episode length: 236.07
                        Mean action std: 0.66
--------------------------------------------------------------------------------
                         Iteration time: 9.42s
                           Time elapsed: 1:14:19
                                    ETA: 0:04:34

################################################################################
[1m                           Learning iteration 471/500                           [0m 

                               Run name: chase_v4_1024
                            Total steps: 11599872 
                       Steps per second: 2622 
                        Collection time: 9.253s 
                          Learning time: 0.118s 
                        Mean value loss: 0.2436
                    Mean surrogate loss: -0.0037
                      Mean entropy loss: 2.5378
                            Mean reward: 10.74
                    Mean episode length: 234.39
                        Mean action std: 0.66
--------------------------------------------------------------------------------
                         Iteration time: 9.37s
                           Time elapsed: 1:14:28
                                    ETA: 0:04:25

################################################################################
[1m                           Learning iteration 472/500                           [0m 

                               Run name: chase_v4_1024
                            Total steps: 11624448 
                       Steps per second: 2607 
                        Collection time: 9.308s 
                          Learning time: 0.118s 
                        Mean value loss: 1.4964
                    Mean surrogate loss: -0.0053
                      Mean entropy loss: 2.5380
                            Mean reward: 9.23
                    Mean episode length: 221.40
                        Mean action std: 0.66
--------------------------------------------------------------------------------
                         Iteration time: 9.43s
                           Time elapsed: 1:14:38
                                    ETA: 0:04:15

################################################################################
[1m                           Learning iteration 473/500                           [0m 

                               Run name: chase_v4_1024
                            Total steps: 11649024 
                       Steps per second: 2607 
                        Collection time: 9.311s 
                          Learning time: 0.114s 
                        Mean value loss: 0.6741
                    Mean surrogate loss: -0.0057
                      Mean entropy loss: 2.5497
                            Mean reward: 8.51
                    Mean episode length: 219.84
                        Mean action std: 0.67
--------------------------------------------------------------------------------
                         Iteration time: 9.43s
                           Time elapsed: 1:14:47
                                    ETA: 0:04:06

################################################################################
[1m                           Learning iteration 474/500                           [0m 

                               Run name: chase_v4_1024
                            Total steps: 11673600 
                       Steps per second: 2624 
                        Collection time: 9.247s 
                          Learning time: 0.116s 
                        Mean value loss: 0.2730
                    Mean surrogate loss: -0.0039
                      Mean entropy loss: 2.5583
                            Mean reward: 11.85
                    Mean episode length: 234.46
                        Mean action std: 0.67
--------------------------------------------------------------------------------
                         Iteration time: 9.36s
                           Time elapsed: 1:14:56
                                    ETA: 0:03:56

################################################################################
[1m                           Learning iteration 475/500                           [0m 

                               Run name: chase_v4_1024
                            Total steps: 11698176 
                       Steps per second: 2623 
                        Collection time: 9.250s 
                          Learning time: 0.118s 
                        Mean value loss: 0.2979
                    Mean surrogate loss: -0.0028
                      Mean entropy loss: 2.5557
                            Mean reward: 11.41
                    Mean episode length: 238.28
                        Mean action std: 0.66
--------------------------------------------------------------------------------
                         Iteration time: 9.37s
                           Time elapsed: 1:15:06
                                    ETA: 0:03:47

################################################################################
[1m                           Learning iteration 476/500                           [0m 

                               Run name: chase_v4_1024
                            Total steps: 11722752 
                       Steps per second: 2623 
                        Collection time: 9.252s 
                          Learning time: 0.116s 
                        Mean value loss: 0.4173
                    Mean surrogate loss: -0.0039
                      Mean entropy loss: 2.5596
                            Mean reward: 11.13
                    Mean episode length: 234.94
                        Mean action std: 0.67
--------------------------------------------------------------------------------
                         Iteration time: 9.37s
                           Time elapsed: 1:15:15
                                    ETA: 0:03:37

################################################################################
[1m                           Learning iteration 477/500                           [0m 

                               Run name: chase_v4_1024
                            Total steps: 11747328 
                       Steps per second: 2612 
                        Collection time: 9.291s 
                          Learning time: 0.117s 
                        Mean value loss: 0.2763
                    Mean surrogate loss: -0.0043
                      Mean entropy loss: 2.5746
                            Mean reward: 10.75
                    Mean episode length: 233.06
                        Mean action std: 0.66
--------------------------------------------------------------------------------
                         Iteration time: 9.41s
                           Time elapsed: 1:15:24
                                    ETA: 0:03:28

################################################################################
[1m                           Learning iteration 478/500                           [0m 

                               Run name: chase_v4_1024
                            Total steps: 11771904 
                       Steps per second: 2613 
                        Collection time: 9.289s 
                          Learning time: 0.115s 
                        Mean value loss: 0.2566
                    Mean surrogate loss: -0.0033
                      Mean entropy loss: 2.5694
                            Mean reward: 11.34
                    Mean episode length: 233.08
                        Mean action std: 0.66
--------------------------------------------------------------------------------
                         Iteration time: 9.40s
                           Time elapsed: 1:15:34
                                    ETA: 0:03:18

################################################################################
[1m                           Learning iteration 479/500                           [0m 

                               Run name: chase_v4_1024
                            Total steps: 11796480 
                       Steps per second: 2619 
                        Collection time: 9.266s 
                          Learning time: 0.115s 
                        Mean value loss: 0.1400
                    Mean surrogate loss: -0.0029
                      Mean entropy loss: 2.5589
                            Mean reward: 11.76
                    Mean episode length: 239.15
                        Mean action std: 0.66
--------------------------------------------------------------------------------
                         Iteration time: 9.38s
                           Time elapsed: 1:15:43
                                    ETA: 0:03:09

################################################################################
[1m                           Learning iteration 480/500                           [0m 

                               Run name: chase_v4_1024
                            Total steps: 11821056 
                       Steps per second: 2618 
                        Collection time: 9.266s 
                          Learning time: 0.118s 
                        Mean value loss: 0.2291
                    Mean surrogate loss: -0.0024
                      Mean entropy loss: 2.5529
                            Mean reward: 11.66
                    Mean episode length: 239.82
                        Mean action std: 0.66
--------------------------------------------------------------------------------
                         Iteration time: 9.38s
                           Time elapsed: 1:15:53
                                    ETA: 0:02:59

################################################################################
[1m                           Learning iteration 481/500                           [0m 

                               Run name: chase_v4_1024
                            Total steps: 11845632 
                       Steps per second: 2612 
                        Collection time: 9.287s 
                          Learning time: 0.119s 
                        Mean value loss: 0.0847
                    Mean surrogate loss: -0.0022
                      Mean entropy loss: 2.5516
                            Mean reward: 11.64
                    Mean episode length: 238.54
                        Mean action std: 0.66
--------------------------------------------------------------------------------
                         Iteration time: 9.41s
                           Time elapsed: 1:16:02
                                    ETA: 0:02:50

################################################################################
[1m                           Learning iteration 482/500                           [0m 

                               Run name: chase_v4_1024
                            Total steps: 11870208 
                       Steps per second: 2606 
                        Collection time: 9.313s 
                          Learning time: 0.118s 
                        Mean value loss: 0.0897
                    Mean surrogate loss: -0.0042
                      Mean entropy loss: 2.5356
                            Mean reward: 11.11
                    Mean episode length: 234.82
                        Mean action std: 0.66
--------------------------------------------------------------------------------
                         Iteration time: 9.43s
                           Time elapsed: 1:16:11
                                    ETA: 0:02:40

################################################################################
[1m                           Learning iteration 483/500                           [0m 

                               Run name: chase_v4_1024
                            Total steps: 11894784 
                       Steps per second: 2621 
                        Collection time: 9.255s 
                          Learning time: 0.118s 
                        Mean value loss: 0.0453
                    Mean surrogate loss: -0.0023
                      Mean entropy loss: 2.5087
                            Mean reward: 12.16
                    Mean episode length: 238.73
                        Mean action std: 0.66
--------------------------------------------------------------------------------
                         Iteration time: 9.37s
                           Time elapsed: 1:16:21
                                    ETA: 0:02:31

################################################################################
[1m                           Learning iteration 484/500                           [0m 

                               Run name: chase_v4_1024
                            Total steps: 11919360 
                       Steps per second: 2591 
                        Collection time: 9.364s 
                          Learning time: 0.121s 
                        Mean value loss: 0.2217
                    Mean surrogate loss: -0.0033
                      Mean entropy loss: 2.4995
                            Mean reward: 11.45
                    Mean episode length: 238.81
                        Mean action std: 0.66
--------------------------------------------------------------------------------
                         Iteration time: 9.48s
                           Time elapsed: 1:16:30
                                    ETA: 0:02:21

################################################################################
[1m                           Learning iteration 485/500                           [0m 

                               Run name: chase_v4_1024
                            Total steps: 11943936 
                       Steps per second: 2588 
                        Collection time: 9.381s 
                          Learning time: 0.115s 
                        Mean value loss: 0.5548
                    Mean surrogate loss: -0.0033
                      Mean entropy loss: 2.5075
                            Mean reward: 10.35
                    Mean episode length: 230.53
                        Mean action std: 0.66
--------------------------------------------------------------------------------
                         Iteration time: 9.50s
                           Time elapsed: 1:16:40
                                    ETA: 0:02:12

################################################################################
[1m                           Learning iteration 486/500                           [0m 

                               Run name: chase_v4_1024
                            Total steps: 11968512 
                       Steps per second: 2633 
                        Collection time: 9.214s 
                          Learning time: 0.118s 
                        Mean value loss: 0.3972
                    Mean surrogate loss: -0.0030
                      Mean entropy loss: 2.5057
                            Mean reward: 10.97
                    Mean episode length: 236.71
                        Mean action std: 0.66
--------------------------------------------------------------------------------
                         Iteration time: 9.33s
                           Time elapsed: 1:16:49
                                    ETA: 0:02:03

################################################################################
[1m                           Learning iteration 487/500                           [0m 

                               Run name: chase_v4_1024
                            Total steps: 11993088 
                       Steps per second: 2617 
                        Collection time: 9.271s 
                          Learning time: 0.118s 
                        Mean value loss: 0.4918
                    Mean surrogate loss: -0.0027
                      Mean entropy loss: 2.5118
                            Mean reward: 10.21
                    Mean episode length: 234.37
                        Mean action std: 0.66
--------------------------------------------------------------------------------
                         Iteration time: 9.39s
                           Time elapsed: 1:16:59
                                    ETA: 0:01:53

################################################################################
[1m                           Learning iteration 488/500                           [0m 

                               Run name: chase_v4_1024
                            Total steps: 12017664 
                       Steps per second: 2607 
                        Collection time: 9.305s 
                          Learning time: 0.118s 
                        Mean value loss: 0.4157
                    Mean surrogate loss: -0.0038
                      Mean entropy loss: 2.5277
                            Mean reward: 10.43
                    Mean episode length: 233.63
                        Mean action std: 0.66
--------------------------------------------------------------------------------
                         Iteration time: 9.42s
                           Time elapsed: 1:17:08
                                    ETA: 0:01:44

################################################################################
[1m                           Learning iteration 489/500                           [0m 

                               Run name: chase_v4_1024
                            Total steps: 12042240 
                       Steps per second: 2610 
                        Collection time: 9.295s 
                          Learning time: 0.119s 
                        Mean value loss: 0.6603
                    Mean surrogate loss: -0.0046
                      Mean entropy loss: 2.5456
                            Mean reward: 10.34
                    Mean episode length: 230.81
                        Mean action std: 0.66
--------------------------------------------------------------------------------
                         Iteration time: 9.41s
                           Time elapsed: 1:17:17
                                    ETA: 0:01:34

################################################################################
[1m                           Learning iteration 490/500                           [0m 

                               Run name: chase_v4_1024
                            Total steps: 12066816 
                       Steps per second: 2615 
                        Collection time: 9.278s 
                          Learning time: 0.118s 
                        Mean value loss: 0.9607
                    Mean surrogate loss: -0.0042
                      Mean entropy loss: 2.5715
                            Mean reward: 9.87
                    Mean episode length: 227.52
                        Mean action std: 0.67
--------------------------------------------------------------------------------
                         Iteration time: 9.40s
                           Time elapsed: 1:17:27
                                    ETA: 0:01:25

################################################################################
[1m                           Learning iteration 491/500                           [0m 

                               Run name: chase_v4_1024
                            Total steps: 12091392 
                       Steps per second: 2602 
                        Collection time: 9.323s 
                          Learning time: 0.119s 
                        Mean value loss: 0.2524
                    Mean surrogate loss: -0.0040
                      Mean entropy loss: 2.5819
                            Mean reward: 11.55
                    Mean episode length: 237.82
                        Mean action std: 0.67
--------------------------------------------------------------------------------
                         Iteration time: 9.44s
                           Time elapsed: 1:17:36
                                    ETA: 0:01:15

################################################################################
[1m                           Learning iteration 492/500                           [0m 

                               Run name: chase_v4_1024
                            Total steps: 12115968 
                       Steps per second: 2763 
                        Collection time: 8.782s 
                          Learning time: 0.112s 
                        Mean value loss: 0.3770
                    Mean surrogate loss: -0.0037
                      Mean entropy loss: 2.5885
                            Mean reward: 11.10
                    Mean episode length: 233.78
                        Mean action std: 0.67
--------------------------------------------------------------------------------
                         Iteration time: 8.89s
                           Time elapsed: 1:17:45
                                    ETA: 0:01:06

################################################################################
[1m                           Learning iteration 493/500                           [0m 

                               Run name: chase_v4_1024
                            Total steps: 12140544 
                       Steps per second: 2834 
                        Collection time: 8.558s 
                          Learning time: 0.114s 
                        Mean value loss: 0.5565
                    Mean surrogate loss: -0.0037
                      Mean entropy loss: 2.5871
                            Mean reward: 10.99
                    Mean episode length: 233.68
                        Mean action std: 0.67
--------------------------------------------------------------------------------
                         Iteration time: 8.67s
                           Time elapsed: 1:17:54
                                    ETA: 0:00:56

################################################################################
[1m                           Learning iteration 494/500                           [0m 

                               Run name: chase_v4_1024
                            Total steps: 12165120 
                       Steps per second: 2838 
                        Collection time: 8.547s 
                          Learning time: 0.113s 
                        Mean value loss: 0.1932
                    Mean surrogate loss: -0.0027
                      Mean entropy loss: 2.5846
                            Mean reward: 10.31
                    Mean episode length: 232.58
                        Mean action std: 0.67
--------------------------------------------------------------------------------
                         Iteration time: 8.66s
                           Time elapsed: 1:18:02
                                    ETA: 0:00:47

################################################################################
[1m                           Learning iteration 495/500                           [0m 

                               Run name: chase_v4_1024
                            Total steps: 12189696 
                       Steps per second: 2835 
                        Collection time: 8.555s 
                          Learning time: 0.112s 
                        Mean value loss: 0.4864
                    Mean surrogate loss: -0.0031
                      Mean entropy loss: 2.5807
                            Mean reward: 10.68
                    Mean episode length: 231.20
                        Mean action std: 0.67
--------------------------------------------------------------------------------
                         Iteration time: 8.67s
                           Time elapsed: 1:18:11
                                    ETA: 0:00:37

################################################################################
[1m                           Learning iteration 496/500                           [0m 

                               Run name: chase_v4_1024
                            Total steps: 12214272 
                       Steps per second: 2828 
                        Collection time: 8.578s 
                          Learning time: 0.113s 
                        Mean value loss: 1.2106
                    Mean surrogate loss: -0.0031
                      Mean entropy loss: 2.5816
                            Mean reward: 10.06
                    Mean episode length: 231.40
                        Mean action std: 0.67
--------------------------------------------------------------------------------
                         Iteration time: 8.69s
                           Time elapsed: 1:18:20
                                    ETA: 0:00:28

################################################################################
[1m                           Learning iteration 497/500                           [0m 

                               Run name: chase_v4_1024
                            Total steps: 12238848 
                       Steps per second: 2837 
                        Collection time: 8.546s 
                          Learning time: 0.114s 
                        Mean value loss: 0.4664
                    Mean surrogate loss: -0.0039
                      Mean entropy loss: 2.5847
                            Mean reward: 10.81
                    Mean episode length: 234.42
                        Mean action std: 0.67
--------------------------------------------------------------------------------
                         Iteration time: 8.66s
                           Time elapsed: 1:18:28
                                    ETA: 0:00:18

################################################################################
[1m                           Learning iteration 498/500                           [0m 

                               Run name: chase_v4_1024
                            Total steps: 12263424 
                       Steps per second: 2830 
                        Collection time: 8.571s 
                          Learning time: 0.112s 
                        Mean value loss: 0.2941
                    Mean surrogate loss: -0.0037
                      Mean entropy loss: 2.5759
                            Mean reward: 11.37
                    Mean episode length: 237.32
                        Mean action std: 0.67
--------------------------------------------------------------------------------
                         Iteration time: 8.68s
                           Time elapsed: 1:18:37
                                    ETA: 0:00:09

################################################################################
[1m                           Learning iteration 499/500                           [0m 

                               Run name: chase_v4_1024
                            Total steps: 12288000 
                       Steps per second: 2826 
                        Collection time: 8.586s 
                          Learning time: 0.110s 
                        Mean value loss: 0.1967
                    Mean surrogate loss: -0.0037
                      Mean entropy loss: 2.5603
                            Mean reward: 10.91
                    Mean episode length: 232.26
                        Mean action std: 0.67
--------------------------------------------------------------------------------
                         Iteration time: 8.70s
                           Time elapsed: 1:18:46
                                    ETA: 0:00:00


=== Training complete ===
  Models saved in: runs/chase_v4_1024
  Best model: runs/chase_v4_1024/model_500.pt
