[38;5;226m[Genesis] [07:08:06] [WARNING] Mesh is not watertight. Falling back to convex hull for estimating inertial properties.[0m
[38;5;226m[Genesis] [07:08:06] [WARNING] Mesh is not watertight. Falling back to convex hull for estimating inertial properties.[0m
[38;5;226m[Genesis] [07:08:06] [WARNING] Mesh is not watertight. Falling back to convex hull for estimating inertial properties.[0m
[38;5;226m[Genesis] [07:08:06] [WARNING] Mesh is not watertight. Falling back to convex hull for estimating inertial properties.[0m
[hierarchical] Walk model normalizer loaded: mean=torch.Size([1, 720])
[hierarchical] Frozen walk model loaded from /workspace/booster/booster_deploy/tasks/locomotion/models/t1_walk.pt
[hierarchical] HL obs dim=19, HL action dim=3
[hierarchical] HL dt=0.100s, decimation=5
--------------------------------------------------------------------------------
Resolved observation sets: 
	 actor :  ['policy']
	 critic :  ['policy']
--------------------------------------------------------------------------------
Actor Model: MLPModel(
  (obs_normalizer): Identity()
  (distribution): GaussianDistribution()
  (mlp): MLP(
    (0): Linear(in_features=19, out_features=256, bias=True)
    (1): ELU(alpha=1.0)
    (2): Linear(in_features=256, out_features=128, bias=True)
    (3): ELU(alpha=1.0)
    (4): Linear(in_features=128, out_features=64, bias=True)
    (5): ELU(alpha=1.0)
    (6): Linear(in_features=64, out_features=3, bias=True)
  )
)
Critic Model: MLPModel(
  (obs_normalizer): Identity()
  (mlp): MLP(
    (0): Linear(in_features=19, out_features=256, bias=True)
    (1): ELU(alpha=1.0)
    (2): Linear(in_features=256, out_features=128, bias=True)
    (3): ELU(alpha=1.0)
    (4): Linear(in_features=128, out_features=64, bias=True)
    (5): ELU(alpha=1.0)
    (6): Linear(in_features=64, out_features=1, bias=True)
  )
)

=== Resuming from models/stage1_baseline/chase_v2_appro50.pt ===

============================================================
  Hierarchical Soccer Training
============================================================
  High-level obs dim:    19
  High-level action dim: 3 (vx, vy, wz)
  Low-level model:       /workspace/booster/booster_deploy/tasks/locomotion/models/t1_walk.pt
  Decimation:            5 (HL dt = 0.100s)
  Envs:                  256
  Max iterations:        250
  Save interval:         50
  Log dir:               runs/hierarchical_soccer_chase_hl
============================================================

Could not find git repository in /opt/venv/lib/python3.12/site-packages/rsl_rl/__init__.py. Skipping.
################################################################################
[1m                          Learning iteration 1645/1895                          [0m 

                               Run name: hierarchical_soccer_chase_hl
                            Total steps: 6144 
                       Steps per second: 597 
                        Collection time: 9.519s 
                          Learning time: 0.770s 
                        Mean value loss: 58.4984
                    Mean surrogate loss: -0.0062
                      Mean entropy loss: 8.8592
                            Mean reward: -3.06
                    Mean episode length: 13.13
                        Mean action std: 4.65
--------------------------------------------------------------------------------
                         Iteration time: 10.29s
                           Time elapsed: 0:00:10
                                    ETA: 0:42:41

################################################################################
[1m                          Learning iteration 1646/1895                          [0m 

                               Run name: hierarchical_soccer_chase_hl
                            Total steps: 12288 
                       Steps per second: 844 
                        Collection time: 7.177s 
                          Learning time: 0.097s 
                        Mean value loss: 46.0140
                    Mean surrogate loss: -0.0091
                      Mean entropy loss: 8.8633
                            Mean reward: 7.58
                    Mean episode length: 27.69
                        Mean action std: 4.65
--------------------------------------------------------------------------------
                         Iteration time: 7.27s
                           Time elapsed: 0:00:17
                                    ETA: 0:36:17

################################################################################
[1m                          Learning iteration 1647/1895                          [0m 

                               Run name: hierarchical_soccer_chase_hl
                            Total steps: 18432 
                       Steps per second: 840 
                        Collection time: 7.214s 
                          Learning time: 0.098s 
                        Mean value loss: 58.3572
                    Mean surrogate loss: -0.0062
                      Mean entropy loss: 8.8683
                            Mean reward: 18.87
                    Mean episode length: 43.62
                        Mean action std: 4.66
--------------------------------------------------------------------------------
                         Iteration time: 7.31s
                           Time elapsed: 0:00:24
                                    ETA: 0:34:08

################################################################################
[1m                          Learning iteration 1648/1895                          [0m 

                               Run name: hierarchical_soccer_chase_hl
                            Total steps: 24576 
                       Steps per second: 845 
                        Collection time: 7.174s 
                          Learning time: 0.096s 
                        Mean value loss: 42.1857
                    Mean surrogate loss: -0.0077
                      Mean entropy loss: 8.8721
                            Mean reward: 31.93
                    Mean episode length: 61.77
                        Mean action std: 4.67
--------------------------------------------------------------------------------
                         Iteration time: 7.27s
                           Time elapsed: 0:00:32
                                    ETA: 0:32:56

################################################################################
[1m                          Learning iteration 1649/1895                          [0m 

                               Run name: hierarchical_soccer_chase_hl
                            Total steps: 30720 
                       Steps per second: 833 
                        Collection time: 7.266s 
                          Learning time: 0.100s 
                        Mean value loss: 42.1933
                    Mean surrogate loss: -0.0077
                      Mean entropy loss: 8.8750
                            Mean reward: 42.97
                    Mean episode length: 75.67
                        Mean action std: 4.67
--------------------------------------------------------------------------------
                         Iteration time: 7.37s
                           Time elapsed: 0:00:39
                                    ETA: 0:32:16

################################################################################
[1m                          Learning iteration 1650/1895                          [0m 

                               Run name: hierarchical_soccer_chase_hl
                            Total steps: 36864 
                       Steps per second: 840 
                        Collection time: 7.215s 
                          Learning time: 0.097s 
                        Mean value loss: 53.7667
                    Mean surrogate loss: -0.0088
                      Mean entropy loss: 8.8789
                            Mean reward: 56.56
                    Mean episode length: 93.68
                        Mean action std: 4.68
--------------------------------------------------------------------------------
                         Iteration time: 7.31s
                           Time elapsed: 0:00:46
                                    ETA: 0:31:44

################################################################################
[1m                          Learning iteration 1651/1895                          [0m 

                               Run name: hierarchical_soccer_chase_hl
                            Total steps: 43008 
                       Steps per second: 841 
                        Collection time: 7.206s 
                          Learning time: 0.096s 
                        Mean value loss: 60.6225
                    Mean surrogate loss: -0.0059
                      Mean entropy loss: 8.8816
                            Mean reward: 68.25
                    Mean episode length: 108.88
                        Mean action std: 4.68
--------------------------------------------------------------------------------
                         Iteration time: 7.30s
                           Time elapsed: 0:00:54
                                    ETA: 0:31:18

################################################################################
[1m                          Learning iteration 1652/1895                          [0m 

                               Run name: hierarchical_soccer_chase_hl
                            Total steps: 49152 
                       Steps per second: 842 
                        Collection time: 7.196s 
                          Learning time: 0.098s 
                        Mean value loss: 55.5656
                    Mean surrogate loss: -0.0050
                      Mean entropy loss: 8.8825
                            Mean reward: 83.12
                    Mean episode length: 127.15
                        Mean action std: 4.68
--------------------------------------------------------------------------------
                         Iteration time: 7.29s
                           Time elapsed: 0:01:01
                                    ETA: 0:30:57

################################################################################
[1m                          Learning iteration 1653/1895                          [0m 

                               Run name: hierarchical_soccer_chase_hl
                            Total steps: 55296 
                       Steps per second: 840 
                        Collection time: 7.214s 
                          Learning time: 0.093s 
                        Mean value loss: 61.1177
                    Mean surrogate loss: -0.0057
                      Mean entropy loss: 8.8847
                            Mean reward: 94.30
                    Mean episode length: 142.04
                        Mean action std: 4.69
--------------------------------------------------------------------------------
                         Iteration time: 7.31s
                           Time elapsed: 0:01:08
                                    ETA: 0:30:40

################################################################################
[1m                          Learning iteration 1654/1895                          [0m 

                               Run name: hierarchical_soccer_chase_hl
                            Total steps: 61440 
                       Steps per second: 846 
                        Collection time: 7.165s 
                          Learning time: 0.095s 
                        Mean value loss: 48.6045
                    Mean surrogate loss: -0.0077
                      Mean entropy loss: 8.8833
                            Mean reward: 103.40
                    Mean episode length: 153.75
                        Mean action std: 4.68
--------------------------------------------------------------------------------
                         Iteration time: 7.26s
                           Time elapsed: 0:01:15
                                    ETA: 0:30:23

################################################################################
[1m                          Learning iteration 1655/1895                          [0m 

                               Run name: hierarchical_soccer_chase_hl
                            Total steps: 67584 
                       Steps per second: 845 
                        Collection time: 7.173s 
                          Learning time: 0.092s 
                        Mean value loss: 41.5160
                    Mean surrogate loss: -0.0048
                      Mean entropy loss: 8.8821
                            Mean reward: 119.09
                    Mean episode length: 170.85
                        Mean action std: 4.68
--------------------------------------------------------------------------------
                         Iteration time: 7.26s
                           Time elapsed: 0:01:23
                                    ETA: 0:30:08

################################################################################
[1m                          Learning iteration 1656/1895                          [0m 

                               Run name: hierarchical_soccer_chase_hl
                            Total steps: 73728 
                       Steps per second: 843 
                        Collection time: 7.188s 
                          Learning time: 0.095s 
                        Mean value loss: 64.1432
                    Mean surrogate loss: -0.0077
                      Mean entropy loss: 8.8826
                            Mean reward: 136.77
                    Mean episode length: 189.68
                        Mean action std: 4.68
--------------------------------------------------------------------------------
                         Iteration time: 7.28s
                           Time elapsed: 0:01:30
                                    ETA: 0:29:55

################################################################################
[1m                          Learning iteration 1657/1895                          [0m 

                               Run name: hierarchical_soccer_chase_hl
                            Total steps: 79872 
                       Steps per second: 842 
                        Collection time: 7.193s 
                          Learning time: 0.095s 
                        Mean value loss: 44.1160
                    Mean surrogate loss: -0.0063
                      Mean entropy loss: 8.8844
                            Mean reward: 153.62
                    Mean episode length: 206.49
                        Mean action std: 4.69
--------------------------------------------------------------------------------
                         Iteration time: 7.29s
                           Time elapsed: 0:01:37
                                    ETA: 0:29:43

################################################################################
[1m                          Learning iteration 1658/1895                          [0m 

                               Run name: hierarchical_soccer_chase_hl
                            Total steps: 86016 
                       Steps per second: 840 
                        Collection time: 7.216s 
                          Learning time: 0.095s 
                        Mean value loss: 105.0603
                    Mean surrogate loss: -0.0029
                      Mean entropy loss: 8.8863
                            Mean reward: 135.21
                    Mean episode length: 187.40
                        Mean action std: 4.69
--------------------------------------------------------------------------------
                         Iteration time: 7.31s
                           Time elapsed: 0:01:45
                                    ETA: 0:29:32

################################################################################
[1m                          Learning iteration 1659/1895                          [0m 

                               Run name: hierarchical_soccer_chase_hl
                            Total steps: 92160 
                       Steps per second: 842 
                        Collection time: 7.195s 
                          Learning time: 0.096s 
                        Mean value loss: 57.4766
                    Mean surrogate loss: -0.0086
                      Mean entropy loss: 8.8911
                            Mean reward: 126.27
                    Mean episode length: 177.36
                        Mean action std: 4.70
--------------------------------------------------------------------------------
                         Iteration time: 7.29s
                           Time elapsed: 0:01:52
                                    ETA: 0:29:21

################################################################################
[1m                          Learning iteration 1660/1895                          [0m 

                               Run name: hierarchical_soccer_chase_hl
                            Total steps: 98304 
                       Steps per second: 841 
                        Collection time: 7.207s 
                          Learning time: 0.097s 
                        Mean value loss: 44.1062
                    Mean surrogate loss: -0.0047
                      Mean entropy loss: 8.8929
                            Mean reward: 126.36
                    Mean episode length: 179.77
                        Mean action std: 4.70
--------------------------------------------------------------------------------
                         Iteration time: 7.30s
                           Time elapsed: 0:01:59
                                    ETA: 0:29:11

################################################################################
[1m                          Learning iteration 1661/1895                          [0m 

                               Run name: hierarchical_soccer_chase_hl
                            Total steps: 104448 
                       Steps per second: 846 
                        Collection time: 7.166s 
                          Learning time: 0.091s 
                        Mean value loss: 55.2325
                    Mean surrogate loss: -0.0086
                      Mean entropy loss: 8.8950
                            Mean reward: 133.28
                    Mean episode length: 184.58
                        Mean action std: 4.70
--------------------------------------------------------------------------------
                         Iteration time: 7.26s
                           Time elapsed: 0:02:06
                                    ETA: 0:29:00

################################################################################
[1m                          Learning iteration 1662/1895                          [0m 

                               Run name: hierarchical_soccer_chase_hl
                            Total steps: 110592 
                       Steps per second: 838 
                        Collection time: 7.234s 
                          Learning time: 0.096s 
                        Mean value loss: 63.1052
                    Mean surrogate loss: -0.0097
                      Mean entropy loss: 8.9008
                            Mean reward: 138.43
                    Mean episode length: 191.10
                        Mean action std: 4.71
--------------------------------------------------------------------------------
                         Iteration time: 7.33s
                           Time elapsed: 0:02:14
                                    ETA: 0:28:51

################################################################################
[1m                          Learning iteration 1663/1895                          [0m 

                               Run name: hierarchical_soccer_chase_hl
                            Total steps: 116736 
                       Steps per second: 843 
                        Collection time: 7.191s 
                          Learning time: 0.092s 
                        Mean value loss: 74.3394
                    Mean surrogate loss: -0.0062
                      Mean entropy loss: 8.9047
                            Mean reward: 131.24
                    Mean episode length: 184.85
                        Mean action std: 4.72
--------------------------------------------------------------------------------
                         Iteration time: 7.28s
                           Time elapsed: 0:02:21
                                    ETA: 0:28:41

################################################################################
[1m                          Learning iteration 1664/1895                          [0m 

                               Run name: hierarchical_soccer_chase_hl
                            Total steps: 122880 
                       Steps per second: 839 
                        Collection time: 7.226s 
                          Learning time: 0.096s 
                        Mean value loss: 55.0990
                    Mean surrogate loss: -0.0084
                      Mean entropy loss: 8.9062
                            Mean reward: 127.38
                    Mean episode length: 181.49
                        Mean action std: 4.72
--------------------------------------------------------------------------------
                         Iteration time: 7.32s
                           Time elapsed: 0:02:28
                                    ETA: 0:28:32

################################################################################
[1m                          Learning iteration 1665/1895                          [0m 

                               Run name: hierarchical_soccer_chase_hl
                            Total steps: 129024 
                       Steps per second: 841 
                        Collection time: 7.203s 
                          Learning time: 0.096s 
                        Mean value loss: 69.2071
                    Mean surrogate loss: -0.0095
                      Mean entropy loss: 8.9104
                            Mean reward: 116.95
                    Mean episode length: 172.28
                        Mean action std: 4.73
--------------------------------------------------------------------------------
                         Iteration time: 7.30s
                           Time elapsed: 0:02:36
                                    ETA: 0:28:23

################################################################################
[1m                          Learning iteration 1666/1895                          [0m 

                               Run name: hierarchical_soccer_chase_hl
                            Total steps: 135168 
                       Steps per second: 840 
                        Collection time: 7.217s 
                          Learning time: 0.097s 
                        Mean value loss: 53.6478
                    Mean surrogate loss: -0.0065
                      Mean entropy loss: 8.9125
                            Mean reward: 117.51
                    Mean episode length: 170.25
                        Mean action std: 4.73
--------------------------------------------------------------------------------
                         Iteration time: 7.31s
                           Time elapsed: 0:02:43
                                    ETA: 0:28:14

################################################################################
[1m                          Learning iteration 1667/1895                          [0m 

                               Run name: hierarchical_soccer_chase_hl
                            Total steps: 141312 
                       Steps per second: 843 
                        Collection time: 7.189s 
                          Learning time: 0.097s 
                        Mean value loss: 33.2892
                    Mean surrogate loss: -0.0061
                      Mean entropy loss: 8.9186
                            Mean reward: 123.80
                    Mean episode length: 177.56
                        Mean action std: 4.74
--------------------------------------------------------------------------------
                         Iteration time: 7.29s
                           Time elapsed: 0:02:50
                                    ETA: 0:28:05

################################################################################
[1m                          Learning iteration 1668/1895                          [0m 

                               Run name: hierarchical_soccer_chase_hl
                            Total steps: 147456 
                       Steps per second: 839 
                        Collection time: 7.229s 
                          Learning time: 0.093s 
                        Mean value loss: 47.2257
                    Mean surrogate loss: -0.0077
                      Mean entropy loss: 8.9231
                            Mean reward: 133.14
                    Mean episode length: 181.76
                        Mean action std: 4.75
--------------------------------------------------------------------------------
                         Iteration time: 7.32s
                           Time elapsed: 0:02:58
                                    ETA: 0:27:57

################################################################################
[1m                          Learning iteration 1669/1895                          [0m 

                               Run name: hierarchical_soccer_chase_hl
                            Total steps: 153600 
                       Steps per second: 841 
                        Collection time: 7.208s 
                          Learning time: 0.092s 
                        Mean value loss: 38.2213
                    Mean surrogate loss: -0.0006
                      Mean entropy loss: 8.9260
                            Mean reward: 143.16
                    Mean episode length: 190.91
                        Mean action std: 4.75
--------------------------------------------------------------------------------
                         Iteration time: 7.30s
                           Time elapsed: 0:03:05
                                    ETA: 0:27:48

################################################################################
[1m                          Learning iteration 1670/1895                          [0m 

                               Run name: hierarchical_soccer_chase_hl
                            Total steps: 159744 
                       Steps per second: 841 
                        Collection time: 7.203s 
                          Learning time: 0.096s 
                        Mean value loss: 62.6151
                    Mean surrogate loss: -0.0051
                      Mean entropy loss: 8.9265
                            Mean reward: 140.07
                    Mean episode length: 187.62
                        Mean action std: 4.75
--------------------------------------------------------------------------------
                         Iteration time: 7.30s
                           Time elapsed: 0:03:12
                                    ETA: 0:27:40

################################################################################
[1m                          Learning iteration 1671/1895                          [0m 

                               Run name: hierarchical_soccer_chase_hl
                            Total steps: 165888 
                       Steps per second: 839 
                        Collection time: 7.224s 
                          Learning time: 0.096s 
                        Mean value loss: 58.1173
                    Mean surrogate loss: -0.0066
                      Mean entropy loss: 8.9282
                            Mean reward: 138.06
                    Mean episode length: 189.38
                        Mean action std: 4.76
--------------------------------------------------------------------------------
                         Iteration time: 7.32s
                           Time elapsed: 0:03:20
                                    ETA: 0:27:32

################################################################################
[1m                          Learning iteration 1672/1895                          [0m 

                               Run name: hierarchical_soccer_chase_hl
                            Total steps: 172032 
                       Steps per second: 843 
                        Collection time: 7.186s 
                          Learning time: 0.096s 
                        Mean value loss: 47.5351
                    Mean surrogate loss: -0.0079
                      Mean entropy loss: 8.9333
                            Mean reward: 137.22
                    Mean episode length: 191.95
                        Mean action std: 4.76
--------------------------------------------------------------------------------
                         Iteration time: 7.28s
                           Time elapsed: 0:03:27
                                    ETA: 0:27:23

################################################################################
[1m                          Learning iteration 1673/1895                          [0m 

                               Run name: hierarchical_soccer_chase_hl
                            Total steps: 178176 
                       Steps per second: 839 
                        Collection time: 7.227s 
                          Learning time: 0.096s 
                        Mean value loss: 46.7196
                    Mean surrogate loss: -0.0097
                      Mean entropy loss: 8.9376
                            Mean reward: 134.23
                    Mean episode length: 187.90
                        Mean action std: 4.77
--------------------------------------------------------------------------------
                         Iteration time: 7.32s
                           Time elapsed: 0:03:34
                                    ETA: 0:27:15

################################################################################
[1m                          Learning iteration 1674/1895                          [0m 

                               Run name: hierarchical_soccer_chase_hl
                            Total steps: 184320 
                       Steps per second: 841 
                        Collection time: 7.205s 
                          Learning time: 0.092s 
                        Mean value loss: 49.3654
                    Mean surrogate loss: -0.0089
                      Mean entropy loss: 8.9396
                            Mean reward: 148.05
                    Mean episode length: 201.67
                        Mean action std: 4.77
--------------------------------------------------------------------------------
                         Iteration time: 7.30s
                           Time elapsed: 0:03:41
                                    ETA: 0:27:07

################################################################################
[1m                          Learning iteration 1675/1895                          [0m 

                               Run name: hierarchical_soccer_chase_hl
                            Total steps: 190464 
                       Steps per second: 838 
                        Collection time: 7.232s 
                          Learning time: 0.092s 
                        Mean value loss: 38.6539
                    Mean surrogate loss: -0.0075
                      Mean entropy loss: 8.9410
                            Mean reward: 148.24
                    Mean episode length: 199.70
                        Mean action std: 4.77
--------------------------------------------------------------------------------
                         Iteration time: 7.32s
                           Time elapsed: 0:03:49
                                    ETA: 0:26:59

################################################################################
[1m                          Learning iteration 1676/1895                          [0m 

                               Run name: hierarchical_soccer_chase_hl
                            Total steps: 196608 
                       Steps per second: 841 
                        Collection time: 7.210s 
                          Learning time: 0.092s 
                        Mean value loss: 45.8230
                    Mean surrogate loss: -0.0075
                      Mean entropy loss: 8.9441
                            Mean reward: 149.06
                    Mean episode length: 200.61
                        Mean action std: 4.78
--------------------------------------------------------------------------------
                         Iteration time: 7.30s
                           Time elapsed: 0:03:56
                                    ETA: 0:26:51

################################################################################
[1m                          Learning iteration 1677/1895                          [0m 

                               Run name: hierarchical_soccer_chase_hl
                            Total steps: 202752 
                       Steps per second: 838 
                        Collection time: 7.233s 
                          Learning time: 0.096s 
                        Mean value loss: 52.2680
                    Mean surrogate loss: -0.0050
                      Mean entropy loss: 8.9508
                            Mean reward: 139.42
                    Mean episode length: 190.13
                        Mean action std: 4.79
--------------------------------------------------------------------------------
                         Iteration time: 7.33s
                           Time elapsed: 0:04:03
                                    ETA: 0:26:43

################################################################################
[1m                          Learning iteration 1678/1895                          [0m 

                               Run name: hierarchical_soccer_chase_hl
                            Total steps: 208896 
                       Steps per second: 840 
                        Collection time: 7.217s 
                          Learning time: 0.097s 
                        Mean value loss: 40.3268
                    Mean surrogate loss: -0.0036
                      Mean entropy loss: 8.9515
                            Mean reward: 139.52
                    Mean episode length: 191.11
                        Mean action std: 4.79
--------------------------------------------------------------------------------
                         Iteration time: 7.31s
                           Time elapsed: 0:04:11
                                    ETA: 0:26:36

################################################################################
[1m                          Learning iteration 1679/1895                          [0m 

                               Run name: hierarchical_soccer_chase_hl
                            Total steps: 215040 
                       Steps per second: 839 
                        Collection time: 7.225s 
                          Learning time: 0.097s 
                        Mean value loss: 52.9432
                    Mean surrogate loss: -0.0080
                      Mean entropy loss: 8.9518
                            Mean reward: 135.68
                    Mean episode length: 187.17
                        Mean action std: 4.79
--------------------------------------------------------------------------------
                         Iteration time: 7.32s
                           Time elapsed: 0:04:18
                                    ETA: 0:26:28

################################################################################
[1m                          Learning iteration 1680/1895                          [0m 

                               Run name: hierarchical_soccer_chase_hl
                            Total steps: 221184 
                       Steps per second: 840 
                        Collection time: 7.209s 
                          Learning time: 0.097s 
                        Mean value loss: 58.6923
                    Mean surrogate loss: -0.0078
                      Mean entropy loss: 8.9547
                            Mean reward: 138.88
                    Mean episode length: 191.20
                        Mean action std: 4.80
--------------------------------------------------------------------------------
                         Iteration time: 7.31s
                           Time elapsed: 0:04:25
                                    ETA: 0:26:20

################################################################################
[1m                          Learning iteration 1681/1895                          [0m 

                               Run name: hierarchical_soccer_chase_hl
                            Total steps: 227328 
                       Steps per second: 838 
                        Collection time: 7.230s 
                          Learning time: 0.096s 
                        Mean value loss: 49.6125
                    Mean surrogate loss: -0.0101
                      Mean entropy loss: 8.9567
                            Mean reward: 132.18
                    Mean episode length: 183.11
                        Mean action std: 4.80
--------------------------------------------------------------------------------
                         Iteration time: 7.33s
                           Time elapsed: 0:04:33
                                    ETA: 0:26:12

################################################################################
[1m                          Learning iteration 1682/1895                          [0m 

                               Run name: hierarchical_soccer_chase_hl
                            Total steps: 233472 
                       Steps per second: 838 
                        Collection time: 7.236s 
                          Learning time: 0.093s 
                        Mean value loss: 68.6585
                    Mean surrogate loss: -0.0091
                      Mean entropy loss: 8.9568
                            Mean reward: 135.87
                    Mean episode length: 187.64
                        Mean action std: 4.80
--------------------------------------------------------------------------------
                         Iteration time: 7.33s
                           Time elapsed: 0:04:40
                                    ETA: 0:26:04

################################################################################
[1m                          Learning iteration 1683/1895                          [0m 

                               Run name: hierarchical_soccer_chase_hl
                            Total steps: 239616 
                       Steps per second: 838 
                        Collection time: 7.232s 
                          Learning time: 0.097s 
                        Mean value loss: 49.7990
                    Mean surrogate loss: -0.0077
                      Mean entropy loss: 8.9595
                            Mean reward: 133.65
                    Mean episode length: 183.06
                        Mean action std: 4.81
--------------------------------------------------------------------------------
                         Iteration time: 7.33s
                           Time elapsed: 0:04:47
                                    ETA: 0:25:57

################################################################################
[1m                          Learning iteration 1684/1895                          [0m 

                               Run name: hierarchical_soccer_chase_hl
                            Total steps: 245760 
                       Steps per second: 838 
                        Collection time: 7.233s 
                          Learning time: 0.096s 
                        Mean value loss: 30.4923
                    Mean surrogate loss: -0.0053
                      Mean entropy loss: 8.9656
                            Mean reward: 141.89
                    Mean episode length: 192.55
                        Mean action std: 4.82
--------------------------------------------------------------------------------
                         Iteration time: 7.33s
                           Time elapsed: 0:04:55
                                    ETA: 0:25:49

################################################################################
[1m                          Learning iteration 1685/1895                          [0m 

                               Run name: hierarchical_soccer_chase_hl
                            Total steps: 251904 
                       Steps per second: 844 
                        Collection time: 7.184s 
                          Learning time: 0.092s 
                        Mean value loss: 35.6300
                    Mean surrogate loss: -0.0077
                      Mean entropy loss: 8.9742
                            Mean reward: 142.12
                    Mean episode length: 192.63
                        Mean action std: 4.83
--------------------------------------------------------------------------------
                         Iteration time: 7.28s
                           Time elapsed: 0:05:02
                                    ETA: 0:25:41

################################################################################
[1m                          Learning iteration 1686/1895                          [0m 

                               Run name: hierarchical_soccer_chase_hl
                            Total steps: 258048 
                       Steps per second: 838 
                        Collection time: 7.232s 
                          Learning time: 0.092s 
                        Mean value loss: 55.3992
                    Mean surrogate loss: -0.0064
                      Mean entropy loss: 8.9766
                            Mean reward: 140.67
                    Mean episode length: 191.78
                        Mean action std: 4.83
--------------------------------------------------------------------------------
                         Iteration time: 7.32s
                           Time elapsed: 0:05:09
                                    ETA: 0:25:34

################################################################################
[1m                          Learning iteration 1687/1895                          [0m 

                               Run name: hierarchical_soccer_chase_hl
                            Total steps: 264192 
                       Steps per second: 840 
                        Collection time: 7.214s 
                          Learning time: 0.092s 
                        Mean value loss: 61.4127
                    Mean surrogate loss: -0.0078
                      Mean entropy loss: 8.9783
                            Mean reward: 140.54
                    Mean episode length: 194.40
                        Mean action std: 4.83
--------------------------------------------------------------------------------
                         Iteration time: 7.31s
                           Time elapsed: 0:05:17
                                    ETA: 0:25:26

################################################################################
[1m                          Learning iteration 1688/1895                          [0m 

                               Run name: hierarchical_soccer_chase_hl
                            Total steps: 270336 
                       Steps per second: 836 
                        Collection time: 7.246s 
                          Learning time: 0.097s 
                        Mean value loss: 51.4081
                    Mean surrogate loss: -0.0100
                      Mean entropy loss: 8.9826
                            Mean reward: 139.90
                    Mean episode length: 195.13
                        Mean action std: 4.84
--------------------------------------------------------------------------------
                         Iteration time: 7.34s
                           Time elapsed: 0:05:24
                                    ETA: 0:25:18

################################################################################
[1m                          Learning iteration 1689/1895                          [0m 

                               Run name: hierarchical_soccer_chase_hl
                            Total steps: 276480 
                       Steps per second: 837 
                        Collection time: 7.238s 
                          Learning time: 0.097s 
                        Mean value loss: 53.0755
                    Mean surrogate loss: -0.0084
                      Mean entropy loss: 8.9855
                            Mean reward: 148.27
                    Mean episode length: 203.61
                        Mean action std: 4.84
--------------------------------------------------------------------------------
                         Iteration time: 7.33s
                           Time elapsed: 0:05:31
                                    ETA: 0:25:11

################################################################################
[1m                          Learning iteration 1690/1895                          [0m 

                               Run name: hierarchical_soccer_chase_hl
                            Total steps: 282624 
                       Steps per second: 842 
                        Collection time: 7.198s 
                          Learning time: 0.097s 
                        Mean value loss: 41.8945
                    Mean surrogate loss: -0.0049
                      Mean entropy loss: 8.9863
                            Mean reward: 143.88
                    Mean episode length: 201.02
                        Mean action std: 4.85
--------------------------------------------------------------------------------
                         Iteration time: 7.29s
                           Time elapsed: 0:05:39
                                    ETA: 0:25:03

################################################################################
[1m                          Learning iteration 1691/1895                          [0m 

                               Run name: hierarchical_soccer_chase_hl
                            Total steps: 288768 
                       Steps per second: 835 
                        Collection time: 7.256s 
                          Learning time: 0.098s 
                        Mean value loss: 33.2730
                    Mean surrogate loss: -0.0087
                      Mean entropy loss: 8.9913
                            Mean reward: 146.24
                    Mean episode length: 203.13
                        Mean action std: 4.86
--------------------------------------------------------------------------------
                         Iteration time: 7.35s
                           Time elapsed: 0:05:46
                                    ETA: 0:24:56

################################################################################
[1m                          Learning iteration 1692/1895                          [0m 

                               Run name: hierarchical_soccer_chase_hl
                            Total steps: 294912 
                       Steps per second: 842 
                        Collection time: 7.203s 
                          Learning time: 0.089s 
                        Mean value loss: 47.8887
                    Mean surrogate loss: -0.0055
                      Mean entropy loss: 9.0010
                            Mean reward: 143.63
                    Mean episode length: 199.63
                        Mean action std: 4.87
--------------------------------------------------------------------------------
                         Iteration time: 7.29s
                           Time elapsed: 0:05:53
                                    ETA: 0:24:48

################################################################################
[1m                          Learning iteration 1693/1895                          [0m 

                               Run name: hierarchical_soccer_chase_hl
                            Total steps: 301056 
                       Steps per second: 840 
                        Collection time: 7.217s 
                          Learning time: 0.097s 
                        Mean value loss: 37.5041
                    Mean surrogate loss: -0.0044
                      Mean entropy loss: 9.0034
                            Mean reward: 152.66
                    Mean episode length: 206.31
                        Mean action std: 4.88
--------------------------------------------------------------------------------
                         Iteration time: 7.31s
                           Time elapsed: 0:06:01
                                    ETA: 0:24:40

################################################################################
[1m                          Learning iteration 1694/1895                          [0m 

                               Run name: hierarchical_soccer_chase_hl
                            Total steps: 307200 
                       Steps per second: 840 
                        Collection time: 7.211s 
                          Learning time: 0.096s 
                        Mean value loss: 41.2677
                    Mean surrogate loss: -0.0044
                      Mean entropy loss: 9.0073
                            Mean reward: 149.28
                    Mean episode length: 201.95
                        Mean action std: 4.88
--------------------------------------------------------------------------------
                         Iteration time: 7.31s
                           Time elapsed: 0:06:08
                                    ETA: 0:24:33

################################################################################
[1m                          Learning iteration 1695/1895                          [0m 

                               Run name: hierarchical_soccer_chase_hl
                            Total steps: 313344 
                       Steps per second: 840 
                        Collection time: 7.212s 
                          Learning time: 0.097s 
                        Mean value loss: 53.9964
                    Mean surrogate loss: -0.0071
                      Mean entropy loss: 9.0087
                            Mean reward: 135.64
                    Mean episode length: 187.43
                        Mean action std: 4.88
--------------------------------------------------------------------------------
                         Iteration time: 7.31s
                           Time elapsed: 0:06:15
                                    ETA: 0:24:25

################################################################################
[1m                          Learning iteration 1696/1895                          [0m 

                               Run name: hierarchical_soccer_chase_hl
                            Total steps: 319488 
                       Steps per second: 841 
                        Collection time: 7.209s 
                          Learning time: 0.097s 
                        Mean value loss: 25.4409
                    Mean surrogate loss: -0.0066
                      Mean entropy loss: 9.0141
                            Mean reward: 146.77
                    Mean episode length: 198.56
                        Mean action std: 4.89
--------------------------------------------------------------------------------
                         Iteration time: 7.31s
                           Time elapsed: 0:06:22
                                    ETA: 0:24:18

################################################################################
[1m                          Learning iteration 1697/1895                          [0m 

                               Run name: hierarchical_soccer_chase_hl
                            Total steps: 325632 
                       Steps per second: 837 
                        Collection time: 7.242s 
                          Learning time: 0.095s 
                        Mean value loss: 79.0594
                    Mean surrogate loss: -0.0095
                      Mean entropy loss: 9.0198
                            Mean reward: 140.27
                    Mean episode length: 193.19
                        Mean action std: 4.91
--------------------------------------------------------------------------------
                         Iteration time: 7.34s
                           Time elapsed: 0:06:30
                                    ETA: 0:24:10

################################################################################
[1m                          Learning iteration 1698/1895                          [0m 

                               Run name: hierarchical_soccer_chase_hl
                            Total steps: 331776 
                       Steps per second: 839 
                        Collection time: 7.222s 
                          Learning time: 0.096s 
                        Mean value loss: 44.8153
                    Mean surrogate loss: -0.0081
                      Mean entropy loss: 9.0263
                            Mean reward: 146.86
                    Mean episode length: 200.47
                        Mean action std: 4.91
--------------------------------------------------------------------------------
                         Iteration time: 7.32s
                           Time elapsed: 0:06:37
                                    ETA: 0:24:03

################################################################################
[1m                          Learning iteration 1699/1895                          [0m 

                               Run name: hierarchical_soccer_chase_hl
                            Total steps: 337920 
                       Steps per second: 839 
                        Collection time: 7.221s 
                          Learning time: 0.096s 
                        Mean value loss: 42.6037
                    Mean surrogate loss: -0.0051
                      Mean entropy loss: 9.0280
                            Mean reward: 147.03
                    Mean episode length: 203.67
                        Mean action std: 4.92
--------------------------------------------------------------------------------
                         Iteration time: 7.32s
                           Time elapsed: 0:06:44
                                    ETA: 0:23:55

################################################################################
[1m                          Learning iteration 1700/1895                          [0m 

                               Run name: hierarchical_soccer_chase_hl
                            Total steps: 344064 
                       Steps per second: 842 
                        Collection time: 7.197s 
                          Learning time: 0.096s 
                        Mean value loss: 45.1776
                    Mean surrogate loss: -0.0083
                      Mean entropy loss: 9.0344
                            Mean reward: 149.23
                    Mean episode length: 202.63
                        Mean action std: 4.93
--------------------------------------------------------------------------------
                         Iteration time: 7.29s
                           Time elapsed: 0:06:52
                                    ETA: 0:23:47

################################################################################
[1m                          Learning iteration 1701/1895                          [0m 

                               Run name: hierarchical_soccer_chase_hl
                            Total steps: 350208 
                       Steps per second: 842 
                        Collection time: 7.198s 
                          Learning time: 0.095s 
                        Mean value loss: 39.9470
                    Mean surrogate loss: -0.0020
                      Mean entropy loss: 9.0405
                            Mean reward: 150.10
                    Mean episode length: 202.95
                        Mean action std: 4.93
--------------------------------------------------------------------------------
                         Iteration time: 7.29s
                           Time elapsed: 0:06:59
                                    ETA: 0:23:40

################################################################################
[1m                          Learning iteration 1702/1895                          [0m 

                               Run name: hierarchical_soccer_chase_hl
                            Total steps: 356352 
                       Steps per second: 841 
                        Collection time: 7.206s 
                          Learning time: 0.095s 
                        Mean value loss: 51.7108
                    Mean surrogate loss: -0.0034
                      Mean entropy loss: 9.0408
                            Mean reward: 151.75
                    Mean episode length: 203.78
                        Mean action std: 4.93
--------------------------------------------------------------------------------
                         Iteration time: 7.30s
                           Time elapsed: 0:07:06
                                    ETA: 0:23:32

################################################################################
[1m                          Learning iteration 1703/1895                          [0m 

                               Run name: hierarchical_soccer_chase_hl
                            Total steps: 362496 
                       Steps per second: 839 
                        Collection time: 7.226s 
                          Learning time: 0.093s 
                        Mean value loss: 56.8810
                    Mean surrogate loss: -0.0032
                      Mean entropy loss: 9.0410
                            Mean reward: 145.92
                    Mean episode length: 201.46
                        Mean action std: 4.93
--------------------------------------------------------------------------------
                         Iteration time: 7.32s
                           Time elapsed: 0:07:14
                                    ETA: 0:23:25

################################################################################
[1m                          Learning iteration 1704/1895                          [0m 

                               Run name: hierarchical_soccer_chase_hl
                            Total steps: 368640 
                       Steps per second: 836 
                        Collection time: 7.248s 
                          Learning time: 0.094s 
                        Mean value loss: 55.8195
                    Mean surrogate loss: -0.0070
                      Mean entropy loss: 9.0436
                            Mean reward: 140.40
                    Mean episode length: 194.58
                        Mean action std: 4.94
--------------------------------------------------------------------------------
                         Iteration time: 7.34s
                           Time elapsed: 0:07:21
                                    ETA: 0:23:17

################################################################################
[1m                          Learning iteration 1705/1895                          [0m 

                               Run name: hierarchical_soccer_chase_hl
                            Total steps: 374784 
                       Steps per second: 840 
                        Collection time: 7.220s 
                          Learning time: 0.092s 
                        Mean value loss: 44.1596
                    Mean surrogate loss: -0.0091
                      Mean entropy loss: 9.0504
                            Mean reward: 142.76
                    Mean episode length: 197.07
                        Mean action std: 4.95
--------------------------------------------------------------------------------
                         Iteration time: 7.31s
                           Time elapsed: 0:07:28
                                    ETA: 0:23:10

################################################################################
[1m                          Learning iteration 1706/1895                          [0m 

                               Run name: hierarchical_soccer_chase_hl
                            Total steps: 380928 
                       Steps per second: 841 
                        Collection time: 7.209s 
                          Learning time: 0.096s 
                        Mean value loss: 43.4453
                    Mean surrogate loss: -0.0060
                      Mean entropy loss: 9.0523
                            Mean reward: 139.38
                    Mean episode length: 194.20
                        Mean action std: 4.95
--------------------------------------------------------------------------------
                         Iteration time: 7.30s
                           Time elapsed: 0:07:36
                                    ETA: 0:23:02

################################################################################
[1m                          Learning iteration 1707/1895                          [0m 

                               Run name: hierarchical_soccer_chase_hl
                            Total steps: 387072 
                       Steps per second: 833 
                        Collection time: 7.270s 
                          Learning time: 0.097s 
                        Mean value loss: 33.9108
                    Mean surrogate loss: -0.0076
                      Mean entropy loss: 9.0562
                            Mean reward: 145.94
                    Mean episode length: 200.81
                        Mean action std: 4.96
--------------------------------------------------------------------------------
                         Iteration time: 7.37s
                           Time elapsed: 0:07:43
                                    ETA: 0:22:55

################################################################################
[1m                          Learning iteration 1708/1895                          [0m 

                               Run name: hierarchical_soccer_chase_hl
                            Total steps: 393216 
                       Steps per second: 833 
                        Collection time: 7.274s 
                          Learning time: 0.099s 
                        Mean value loss: 42.6046
                    Mean surrogate loss: -0.0085
                      Mean entropy loss: 9.0614
                            Mean reward: 150.93
                    Mean episode length: 206.32
                        Mean action std: 4.97
--------------------------------------------------------------------------------
                         Iteration time: 7.37s
                           Time elapsed: 0:07:50
                                    ETA: 0:22:48

################################################################################
[1m                          Learning iteration 1709/1895                          [0m 

                               Run name: hierarchical_soccer_chase_hl
                            Total steps: 399360 
                       Steps per second: 835 
                        Collection time: 7.255s 
                          Learning time: 0.100s 
                        Mean value loss: 35.1442
                    Mean surrogate loss: -0.0063
                      Mean entropy loss: 9.0635
                            Mean reward: 154.21
                    Mean episode length: 207.05
                        Mean action std: 4.97
--------------------------------------------------------------------------------
                         Iteration time: 7.35s
                           Time elapsed: 0:07:58
                                    ETA: 0:22:40

################################################################################
[1m                          Learning iteration 1710/1895                          [0m 

                               Run name: hierarchical_soccer_chase_hl
                            Total steps: 405504 
                       Steps per second: 839 
                        Collection time: 7.224s 
                          Learning time: 0.096s 
                        Mean value loss: 45.2232
                    Mean surrogate loss: -0.0052
                      Mean entropy loss: 9.0663
                            Mean reward: 158.44
                    Mean episode length: 213.60
                        Mean action std: 4.98
--------------------------------------------------------------------------------
                         Iteration time: 7.32s
                           Time elapsed: 0:08:05
                                    ETA: 0:22:33

################################################################################
[1m                          Learning iteration 1711/1895                          [0m 

                               Run name: hierarchical_soccer_chase_hl
                            Total steps: 411648 
                       Steps per second: 840 
                        Collection time: 7.216s 
                          Learning time: 0.095s 
                        Mean value loss: 45.7373
                    Mean surrogate loss: -0.0037
                      Mean entropy loss: 9.0671
                            Mean reward: 152.21
                    Mean episode length: 205.54
                        Mean action std: 4.98
--------------------------------------------------------------------------------
                         Iteration time: 7.31s
                           Time elapsed: 0:08:12
                                    ETA: 0:22:25

################################################################################
[1m                          Learning iteration 1712/1895                          [0m 

                               Run name: hierarchical_soccer_chase_hl
                            Total steps: 417792 
                       Steps per second: 839 
                        Collection time: 7.227s 
                          Learning time: 0.093s 
                        Mean value loss: 24.3597
                    Mean surrogate loss: -0.0095
                      Mean entropy loss: 9.0676
                            Mean reward: 157.66
                    Mean episode length: 213.82
                        Mean action std: 4.98
--------------------------------------------------------------------------------
                         Iteration time: 7.32s
                           Time elapsed: 0:08:20
                                    ETA: 0:22:18

################################################################################
[1m                          Learning iteration 1713/1895                          [0m 

                               Run name: hierarchical_soccer_chase_hl
                            Total steps: 423936 
                       Steps per second: 836 
                        Collection time: 7.250s 
                          Learning time: 0.097s 
                        Mean value loss: 51.3726
                    Mean surrogate loss: -0.0026
                      Mean entropy loss: 9.0667
                            Mean reward: 154.80
                    Mean episode length: 210.09
                        Mean action std: 4.98
--------------------------------------------------------------------------------
                         Iteration time: 7.35s
                           Time elapsed: 0:08:27
                                    ETA: 0:22:11

################################################################################
[1m                          Learning iteration 1714/1895                          [0m 

                               Run name: hierarchical_soccer_chase_hl
                            Total steps: 430080 
                       Steps per second: 840 
                        Collection time: 7.211s 
                          Learning time: 0.096s 
                        Mean value loss: 65.7573
                    Mean surrogate loss: -0.0045
                      Mean entropy loss: 9.0673
                            Mean reward: 152.52
                    Mean episode length: 209.82
                        Mean action std: 4.98
--------------------------------------------------------------------------------
                         Iteration time: 7.31s
                           Time elapsed: 0:08:34
                                    ETA: 0:22:03

################################################################################
[1m                          Learning iteration 1715/1895                          [0m 

                               Run name: hierarchical_soccer_chase_hl
                            Total steps: 436224 
                       Steps per second: 843 
                        Collection time: 7.191s 
                          Learning time: 0.096s 
                        Mean value loss: 47.4859
                    Mean surrogate loss: -0.0053
                      Mean entropy loss: 9.0690
                            Mean reward: 145.68
                    Mean episode length: 200.36
                        Mean action std: 4.98
--------------------------------------------------------------------------------
                         Iteration time: 7.29s
                           Time elapsed: 0:08:42
                                    ETA: 0:21:56

################################################################################
[1m                          Learning iteration 1716/1895                          [0m 

                               Run name: hierarchical_soccer_chase_hl
                            Total steps: 442368 
                       Steps per second: 843 
                        Collection time: 7.185s 
                          Learning time: 0.095s 
                        Mean value loss: 42.1663
                    Mean surrogate loss: -0.0083
                      Mean entropy loss: 9.0720
                            Mean reward: 135.92
                    Mean episode length: 186.73
                        Mean action std: 4.99
--------------------------------------------------------------------------------
                         Iteration time: 7.28s
                           Time elapsed: 0:08:49
                                    ETA: 0:21:48

################################################################################
[1m                          Learning iteration 1717/1895                          [0m 

                               Run name: hierarchical_soccer_chase_hl
                            Total steps: 448512 
                       Steps per second: 842 
                        Collection time: 7.197s 
                          Learning time: 0.096s 
                        Mean value loss: 33.5723
                    Mean surrogate loss: -0.0073
                      Mean entropy loss: 9.0744
                            Mean reward: 138.76
                    Mean episode length: 190.60
                        Mean action std: 4.99
--------------------------------------------------------------------------------
                         Iteration time: 7.29s
                           Time elapsed: 0:08:56
                                    ETA: 0:21:41

################################################################################
[1m                          Learning iteration 1718/1895                          [0m 

                               Run name: hierarchical_soccer_chase_hl
                            Total steps: 454656 
                       Steps per second: 838 
                        Collection time: 7.231s 
                          Learning time: 0.095s 
                        Mean value loss: 34.3454
                    Mean surrogate loss: -0.0061
                      Mean entropy loss: 9.0767
                            Mean reward: 148.83
                    Mean episode length: 200.26
                        Mean action std: 4.99
--------------------------------------------------------------------------------
                         Iteration time: 7.33s
                           Time elapsed: 0:09:03
                                    ETA: 0:21:33

################################################################################
[1m                          Learning iteration 1719/1895                          [0m 

                               Run name: hierarchical_soccer_chase_hl
                            Total steps: 460800 
                       Steps per second: 845 
                        Collection time: 7.165s 
                          Learning time: 0.102s 
                        Mean value loss: 5.4002
                    Mean surrogate loss: -0.0032
                      Mean entropy loss: 9.0778
                            Mean reward: 153.26
                    Mean episode length: 206.88
                        Mean action std: 5.00
--------------------------------------------------------------------------------
                         Iteration time: 7.27s
                           Time elapsed: 0:09:11
                                    ETA: 0:21:26

################################################################################
[1m                          Learning iteration 1720/1895                          [0m 

                               Run name: hierarchical_soccer_chase_hl
                            Total steps: 466944 
                       Steps per second: 845 
                        Collection time: 7.175s 
                          Learning time: 0.096s 
                        Mean value loss: 17.5996
                    Mean surrogate loss: -0.0051
                      Mean entropy loss: 9.0802
                            Mean reward: 167.82
                    Mean episode length: 223.53
                        Mean action std: 5.00
--------------------------------------------------------------------------------
                         Iteration time: 7.27s
                           Time elapsed: 0:09:18
                                    ETA: 0:21:18

################################################################################
[1m                          Learning iteration 1721/1895                          [0m 

                               Run name: hierarchical_soccer_chase_hl
                            Total steps: 473088 
                       Steps per second: 846 
                        Collection time: 7.166s 
                          Learning time: 0.093s 
                        Mean value loss: 42.3080
                    Mean surrogate loss: -0.0071
                      Mean entropy loss: 9.0846
                            Mean reward: 172.83
                    Mean episode length: 227.46
                        Mean action std: 5.01
--------------------------------------------------------------------------------
                         Iteration time: 7.26s
                           Time elapsed: 0:09:25
                                    ETA: 0:21:11

################################################################################
[1m                          Learning iteration 1722/1895                          [0m 

                               Run name: hierarchical_soccer_chase_hl
                            Total steps: 479232 
                       Steps per second: 840 
                        Collection time: 7.218s 
                          Learning time: 0.094s 
                        Mean value loss: 42.1670
                    Mean surrogate loss: -0.0043
                      Mean entropy loss: 9.0849
                            Mean reward: 168.42
                    Mean episode length: 224.59
                        Mean action std: 5.01
--------------------------------------------------------------------------------
                         Iteration time: 7.31s
                           Time elapsed: 0:09:33
                                    ETA: 0:21:03

################################################################################
[1m                          Learning iteration 1723/1895                          [0m 

                               Run name: hierarchical_soccer_chase_hl
                            Total steps: 485376 
                       Steps per second: 841 
                        Collection time: 7.209s 
                          Learning time: 0.096s 
                        Mean value loss: 57.8935
                    Mean surrogate loss: -0.0078
                      Mean entropy loss: 9.0875
                            Mean reward: 156.84
                    Mean episode length: 212.03
                        Mean action std: 5.02
--------------------------------------------------------------------------------
                         Iteration time: 7.31s
                           Time elapsed: 0:09:40
                                    ETA: 0:20:56

################################################################################
[1m                          Learning iteration 1724/1895                          [0m 

                               Run name: hierarchical_soccer_chase_hl
                            Total steps: 491520 
                       Steps per second: 841 
                        Collection time: 7.204s 
                          Learning time: 0.096s 
                        Mean value loss: 47.9198
                    Mean surrogate loss: -0.0106
                      Mean entropy loss: 9.0956
                            Mean reward: 147.32
                    Mean episode length: 202.49
                        Mean action std: 5.03
--------------------------------------------------------------------------------
                         Iteration time: 7.30s
                           Time elapsed: 0:09:47
                                    ETA: 0:20:48

################################################################################
[1m                          Learning iteration 1725/1895                          [0m 

                               Run name: hierarchical_soccer_chase_hl
                            Total steps: 497664 
                       Steps per second: 843 
                        Collection time: 7.190s 
                          Learning time: 0.095s 
                        Mean value loss: 21.2121
                    Mean surrogate loss: -0.0071
                      Mean entropy loss: 9.1026
                            Mean reward: 152.66
                    Mean episode length: 207.00
                        Mean action std: 5.04
--------------------------------------------------------------------------------
                         Iteration time: 7.29s
                           Time elapsed: 0:09:54
                                    ETA: 0:20:41

################################################################################
[1m                          Learning iteration 1726/1895                          [0m 

                               Run name: hierarchical_soccer_chase_hl
                            Total steps: 503808 
                       Steps per second: 842 
                        Collection time: 7.195s 
                          Learning time: 0.095s 
                        Mean value loss: 43.6746
                    Mean surrogate loss: -0.0071
                      Mean entropy loss: 9.1096
                            Mean reward: 154.36
                    Mean episode length: 208.68
                        Mean action std: 5.05
--------------------------------------------------------------------------------
                         Iteration time: 7.29s
                           Time elapsed: 0:10:02
                                    ETA: 0:20:33

################################################################################
[1m                          Learning iteration 1727/1895                          [0m 

                               Run name: hierarchical_soccer_chase_hl
                            Total steps: 509952 
                       Steps per second: 841 
                        Collection time: 7.210s 
                          Learning time: 0.093s 
                        Mean value loss: 30.2504
                    Mean surrogate loss: -0.0084
                      Mean entropy loss: 9.1150
                            Mean reward: 160.61
                    Mean episode length: 213.39
                        Mean action std: 5.06
--------------------------------------------------------------------------------
                         Iteration time: 7.30s
                           Time elapsed: 0:10:09
                                    ETA: 0:20:26

################################################################################
[1m                          Learning iteration 1728/1895                          [0m 

                               Run name: hierarchical_soccer_chase_hl
                            Total steps: 516096 
                       Steps per second: 839 
                        Collection time: 7.221s 
                          Learning time: 0.095s 
                        Mean value loss: 34.8517
                    Mean surrogate loss: -0.0083
                      Mean entropy loss: 9.1215
                            Mean reward: 161.91
                    Mean episode length: 213.90
                        Mean action std: 5.07
--------------------------------------------------------------------------------
                         Iteration time: 7.32s
                           Time elapsed: 0:10:16
                                    ETA: 0:20:19

################################################################################
[1m                          Learning iteration 1729/1895                          [0m 

                               Run name: hierarchical_soccer_chase_hl
                            Total steps: 522240 
                       Steps per second: 841 
                        Collection time: 7.205s 
                          Learning time: 0.096s 
                        Mean value loss: 51.4200
                    Mean surrogate loss: -0.0049
                      Mean entropy loss: 9.1224
                            Mean reward: 155.96
                    Mean episode length: 208.01
                        Mean action std: 5.07
--------------------------------------------------------------------------------
                         Iteration time: 7.30s
                           Time elapsed: 0:10:24
                                    ETA: 0:20:11

################################################################################
[1m                          Learning iteration 1730/1895                          [0m 

                               Run name: hierarchical_soccer_chase_hl
                            Total steps: 528384 
                       Steps per second: 841 
                        Collection time: 7.207s 
                          Learning time: 0.093s 
                        Mean value loss: 32.0032
                    Mean surrogate loss: -0.0085
                      Mean entropy loss: 9.1246
                            Mean reward: 152.17
                    Mean episode length: 205.09
                        Mean action std: 5.08
--------------------------------------------------------------------------------
                         Iteration time: 7.30s
                           Time elapsed: 0:10:31
                                    ETA: 0:20:04

################################################################################
[1m                          Learning iteration 1731/1895                          [0m 

                               Run name: hierarchical_soccer_chase_hl
                            Total steps: 534528 
                       Steps per second: 843 
                        Collection time: 7.191s 
                          Learning time: 0.095s 
                        Mean value loss: 36.9230
                    Mean surrogate loss: -0.0064
                      Mean entropy loss: 9.1262
                            Mean reward: 152.63
                    Mean episode length: 204.80
                        Mean action std: 5.08
--------------------------------------------------------------------------------
                         Iteration time: 7.29s
                           Time elapsed: 0:10:38
                                    ETA: 0:19:56

################################################################################
[1m                          Learning iteration 1732/1895                          [0m 

                               Run name: hierarchical_soccer_chase_hl
                            Total steps: 540672 
                       Steps per second: 844 
                        Collection time: 7.182s 
                          Learning time: 0.092s 
                        Mean value loss: 42.4220
                    Mean surrogate loss: -0.0095
                      Mean entropy loss: 9.1273
                            Mean reward: 152.34
                    Mean episode length: 204.44
                        Mean action std: 5.08
--------------------------------------------------------------------------------
                         Iteration time: 7.27s
                           Time elapsed: 0:10:46
                                    ETA: 0:19:49

################################################################################
[1m                          Learning iteration 1733/1895                          [0m 

                               Run name: hierarchical_soccer_chase_hl
                            Total steps: 546816 
                       Steps per second: 842 
                        Collection time: 7.201s 
                          Learning time: 0.091s 
                        Mean value loss: 35.6453
                    Mean surrogate loss: -0.0078
                      Mean entropy loss: 9.1290
                            Mean reward: 158.80
                    Mean episode length: 211.46
                        Mean action std: 5.08
--------------------------------------------------------------------------------
                         Iteration time: 7.29s
                           Time elapsed: 0:10:53
                                    ETA: 0:19:41

################################################################################
[1m                          Learning iteration 1734/1895                          [0m 

                               Run name: hierarchical_soccer_chase_hl
                            Total steps: 552960 
                       Steps per second: 845 
                        Collection time: 7.172s 
                          Learning time: 0.093s 
                        Mean value loss: 15.5215
                    Mean surrogate loss: -0.0077
                      Mean entropy loss: 9.1336
                            Mean reward: 159.26
                    Mean episode length: 212.99
                        Mean action std: 5.09
--------------------------------------------------------------------------------
                         Iteration time: 7.26s
                           Time elapsed: 0:11:00
                                    ETA: 0:19:34

################################################################################
[1m                          Learning iteration 1735/1895                          [0m 

                               Run name: hierarchical_soccer_chase_hl
                            Total steps: 559104 
                       Steps per second: 843 
                        Collection time: 7.187s 
                          Learning time: 0.096s 
                        Mean value loss: 10.3407
                    Mean surrogate loss: -0.0078
                      Mean entropy loss: 9.1373
                            Mean reward: 165.66
                    Mean episode length: 221.09
                        Mean action std: 5.10
--------------------------------------------------------------------------------
                         Iteration time: 7.28s
                           Time elapsed: 0:11:07
                                    ETA: 0:19:26

################################################################################
[1m                          Learning iteration 1736/1895                          [0m 

                               Run name: hierarchical_soccer_chase_hl
                            Total steps: 565248 
                       Steps per second: 844 
                        Collection time: 7.181s 
                          Learning time: 0.096s 
                        Mean value loss: 42.1149
                    Mean surrogate loss: -0.0042
                      Mean entropy loss: 9.1384
                            Mean reward: 165.21
                    Mean episode length: 222.22
                        Mean action std: 5.10
--------------------------------------------------------------------------------
                         Iteration time: 7.28s
                           Time elapsed: 0:11:15
                                    ETA: 0:19:19

################################################################################
[1m                          Learning iteration 1737/1895                          [0m 

                               Run name: hierarchical_soccer_chase_hl
                            Total steps: 571392 
                       Steps per second: 835 
                        Collection time: 7.262s 
                          Learning time: 0.095s 
                        Mean value loss: 34.3975
                    Mean surrogate loss: -0.0068
                      Mean entropy loss: 9.1401
                            Mean reward: 164.68
                    Mean episode length: 221.50
                        Mean action std: 5.10
--------------------------------------------------------------------------------
                         Iteration time: 7.36s
                           Time elapsed: 0:11:22
                                    ETA: 0:19:12

################################################################################
[1m                          Learning iteration 1738/1895                          [0m 

                               Run name: hierarchical_soccer_chase_hl
                            Total steps: 577536 
                       Steps per second: 832 
                        Collection time: 7.285s 
                          Learning time: 0.096s 
                        Mean value loss: 81.3020
                    Mean surrogate loss: -0.0085
                      Mean entropy loss: 9.1400
                            Mean reward: 157.98
                    Mean episode length: 212.55
                        Mean action std: 5.10
--------------------------------------------------------------------------------
                         Iteration time: 7.38s
                           Time elapsed: 0:11:29
                                    ETA: 0:19:04

################################################################################
[1m                          Learning iteration 1739/1895                          [0m 

                               Run name: hierarchical_soccer_chase_hl
                            Total steps: 583680 
                       Steps per second: 837 
                        Collection time: 7.240s 
                          Learning time: 0.098s 
                        Mean value loss: 51.7370
                    Mean surrogate loss: -0.0055
                      Mean entropy loss: 9.1395
                            Mean reward: 149.11
                    Mean episode length: 202.39
                        Mean action std: 5.10
--------------------------------------------------------------------------------
                         Iteration time: 7.34s
                           Time elapsed: 0:11:37
                                    ETA: 0:18:57

################################################################################
[1m                          Learning iteration 1740/1895                          [0m 

                               Run name: hierarchical_soccer_chase_hl
                            Total steps: 589824 
                       Steps per second: 840 
                        Collection time: 7.212s 
                          Learning time: 0.098s 
                        Mean value loss: 30.2002
                    Mean surrogate loss: -0.0053
                      Mean entropy loss: 9.1403
                            Mean reward: 151.69
                    Mean episode length: 205.95
                        Mean action std: 5.10
--------------------------------------------------------------------------------
                         Iteration time: 7.31s
                           Time elapsed: 0:11:44
                                    ETA: 0:18:50

################################################################################
[1m                          Learning iteration 1741/1895                          [0m 

                               Run name: hierarchical_soccer_chase_hl
                            Total steps: 595968 
                       Steps per second: 836 
                        Collection time: 7.245s 
                          Learning time: 0.099s 
                        Mean value loss: 41.1133
                    Mean surrogate loss: -0.0048
                      Mean entropy loss: 9.1409
                            Mean reward: 150.28
                    Mean episode length: 205.09
                        Mean action std: 5.10
--------------------------------------------------------------------------------
                         Iteration time: 7.34s
                           Time elapsed: 0:11:51
                                    ETA: 0:18:42

################################################################################
[1m                          Learning iteration 1742/1895                          [0m 

                               Run name: hierarchical_soccer_chase_hl
                            Total steps: 602112 
                       Steps per second: 838 
                        Collection time: 7.225s 
                          Learning time: 0.098s 
                        Mean value loss: 64.6006
                    Mean surrogate loss: -0.0052
                      Mean entropy loss: 9.1424
                            Mean reward: 149.66
                    Mean episode length: 207.31
                        Mean action std: 5.10
--------------------------------------------------------------------------------
                         Iteration time: 7.32s
                           Time elapsed: 0:11:59
                                    ETA: 0:18:35

################################################################################
[1m                          Learning iteration 1743/1895                          [0m 

                               Run name: hierarchical_soccer_chase_hl
                            Total steps: 608256 
                       Steps per second: 843 
                        Collection time: 7.192s 
                          Learning time: 0.096s 
                        Mean value loss: 56.0547
                    Mean surrogate loss: -0.0048
                      Mean entropy loss: 9.1437
                            Mean reward: 146.08
                    Mean episode length: 204.52
                        Mean action std: 5.11
--------------------------------------------------------------------------------
                         Iteration time: 7.29s
                           Time elapsed: 0:12:06
                                    ETA: 0:18:28

################################################################################
[1m                          Learning iteration 1744/1895                          [0m 

                               Run name: hierarchical_soccer_chase_hl
                            Total steps: 614400 
                       Steps per second: 844 
                        Collection time: 7.182s 
                          Learning time: 0.097s 
                        Mean value loss: 30.3245
                    Mean surrogate loss: -0.0064
                      Mean entropy loss: 9.1467
                            Mean reward: 146.45
                    Mean episode length: 204.65
                        Mean action std: 5.11
--------------------------------------------------------------------------------
                         Iteration time: 7.28s
                           Time elapsed: 0:12:13
                                    ETA: 0:18:20

################################################################################
[1m                          Learning iteration 1745/1895                          [0m 

                               Run name: hierarchical_soccer_chase_hl
                            Total steps: 620544 
                       Steps per second: 842 
                        Collection time: 7.195s 
                          Learning time: 0.094s 
                        Mean value loss: 28.3868
                    Mean surrogate loss: -0.0043
                      Mean entropy loss: 9.1503
                            Mean reward: 149.52
                    Mean episode length: 205.61
                        Mean action std: 5.12
--------------------------------------------------------------------------------
                         Iteration time: 7.29s
                           Time elapsed: 0:12:21
                                    ETA: 0:18:13

################################################################################
[1m                          Learning iteration 1746/1895                          [0m 

                               Run name: hierarchical_soccer_chase_hl
                            Total steps: 626688 
                       Steps per second: 840 
                        Collection time: 7.216s 
                          Learning time: 0.095s 
                        Mean value loss: 13.1731
                    Mean surrogate loss: -0.0042
                      Mean entropy loss: 9.1507
                            Mean reward: 163.19
                    Mean episode length: 219.17
                        Mean action std: 5.12
--------------------------------------------------------------------------------
                         Iteration time: 7.31s
                           Time elapsed: 0:12:28
                                    ETA: 0:18:05

################################################################################
[1m                          Learning iteration 1747/1895                          [0m 

                               Run name: hierarchical_soccer_chase_hl
                            Total steps: 632832 
                       Steps per second: 842 
                        Collection time: 7.198s 
                          Learning time: 0.097s 
                        Mean value loss: 46.0315
                    Mean surrogate loss: -0.0040
                      Mean entropy loss: 9.1517
                            Mean reward: 165.80
                    Mean episode length: 222.34
                        Mean action std: 5.12
--------------------------------------------------------------------------------
                         Iteration time: 7.29s
                           Time elapsed: 0:12:35
                                    ETA: 0:17:58

################################################################################
[1m                          Learning iteration 1748/1895                          [0m 

                               Run name: hierarchical_soccer_chase_hl
                            Total steps: 638976 
                       Steps per second: 841 
                        Collection time: 7.208s 
                          Learning time: 0.095s 
                        Mean value loss: 42.4098
                    Mean surrogate loss: -0.0093
                      Mean entropy loss: 9.1579
                            Mean reward: 158.76
                    Mean episode length: 214.21
                        Mean action std: 5.14
--------------------------------------------------------------------------------
                         Iteration time: 7.30s
                           Time elapsed: 0:12:42
                                    ETA: 0:17:51

################################################################################
[1m                          Learning iteration 1749/1895                          [0m 

                               Run name: hierarchical_soccer_chase_hl
                            Total steps: 645120 
                       Steps per second: 843 
                        Collection time: 7.189s 
                          Learning time: 0.093s 
                        Mean value loss: 54.8757
                    Mean surrogate loss: -0.0101
                      Mean entropy loss: 9.1660
                            Mean reward: 148.77
                    Mean episode length: 203.22
                        Mean action std: 5.15
--------------------------------------------------------------------------------
                         Iteration time: 7.28s
                           Time elapsed: 0:12:50
                                    ETA: 0:17:43

################################################################################
[1m                          Learning iteration 1750/1895                          [0m 

                               Run name: hierarchical_soccer_chase_hl
                            Total steps: 651264 
                       Steps per second: 841 
                        Collection time: 7.206s 
                          Learning time: 0.093s 
                        Mean value loss: 44.8586
                    Mean surrogate loss: -0.0032
                      Mean entropy loss: 9.1712
                            Mean reward: 143.99
                    Mean episode length: 195.41
                        Mean action std: 5.15
--------------------------------------------------------------------------------
                         Iteration time: 7.30s
                           Time elapsed: 0:12:57
                                    ETA: 0:17:36

################################################################################
[1m                          Learning iteration 1751/1895                          [0m 

                               Run name: hierarchical_soccer_chase_hl
                            Total steps: 657408 
                       Steps per second: 847 
                        Collection time: 7.154s 
                          Learning time: 0.095s 
                        Mean value loss: 37.7303
                    Mean surrogate loss: -0.0049
                      Mean entropy loss: 9.1734
                            Mean reward: 149.46
                    Mean episode length: 201.59
                        Mean action std: 5.16
--------------------------------------------------------------------------------
                         Iteration time: 7.25s
                           Time elapsed: 0:13:04
                                    ETA: 0:17:28

################################################################################
[1m                          Learning iteration 1752/1895                          [0m 

                               Run name: hierarchical_soccer_chase_hl
                            Total steps: 663552 
                       Steps per second: 848 
                        Collection time: 7.143s 
                          Learning time: 0.096s 
                        Mean value loss: 11.9835
                    Mean surrogate loss: -0.0046
                      Mean entropy loss: 9.1764
                            Mean reward: 157.87
                    Mean episode length: 208.39
                        Mean action std: 5.16
--------------------------------------------------------------------------------
                         Iteration time: 7.24s
                           Time elapsed: 0:13:12
                                    ETA: 0:17:21

################################################################################
[1m                          Learning iteration 1753/1895                          [0m 

                               Run name: hierarchical_soccer_chase_hl
                            Total steps: 669696 
                       Steps per second: 848 
                        Collection time: 7.143s 
                          Learning time: 0.095s 
                        Mean value loss: 17.6080
                    Mean surrogate loss: -0.0049
                      Mean entropy loss: 9.1788
                            Mean reward: 166.40
                    Mean episode length: 218.70
                        Mean action std: 5.17
--------------------------------------------------------------------------------
                         Iteration time: 7.24s
                           Time elapsed: 0:13:19
                                    ETA: 0:17:13

################################################################################
[1m                          Learning iteration 1754/1895                          [0m 

                               Run name: hierarchical_soccer_chase_hl
                            Total steps: 675840 
                       Steps per second: 842 
                        Collection time: 7.194s 
                          Learning time: 0.096s 
                        Mean value loss: 26.9482
                    Mean surrogate loss: -0.0046
                      Mean entropy loss: 9.1799
                            Mean reward: 165.33
                    Mean episode length: 219.64
                        Mean action std: 5.17
--------------------------------------------------------------------------------
                         Iteration time: 7.29s
                           Time elapsed: 0:13:26
                                    ETA: 0:17:06

################################################################################
[1m                          Learning iteration 1755/1895                          [0m 

                               Run name: hierarchical_soccer_chase_hl
                            Total steps: 681984 
                       Steps per second: 844 
                        Collection time: 7.178s 
                          Learning time: 0.096s 
                        Mean value loss: 50.6439
                    Mean surrogate loss: -0.0078
                      Mean entropy loss: 9.1856
                            Mean reward: 161.87
                    Mean episode length: 215.49
                        Mean action std: 5.19
--------------------------------------------------------------------------------
                         Iteration time: 7.27s
                           Time elapsed: 0:13:33
                                    ETA: 0:16:59

################################################################################
[1m                          Learning iteration 1756/1895                          [0m 

                               Run name: hierarchical_soccer_chase_hl
                            Total steps: 688128 
                       Steps per second: 845 
                        Collection time: 7.175s 
                          Learning time: 0.091s 
                        Mean value loss: 35.2901
                    Mean surrogate loss: -0.0076
                      Mean entropy loss: 9.1956
                            Mean reward: 151.97
                    Mean episode length: 205.53
                        Mean action std: 5.20
--------------------------------------------------------------------------------
                         Iteration time: 7.27s
                           Time elapsed: 0:13:41
                                    ETA: 0:16:51

################################################################################
[1m                          Learning iteration 1757/1895                          [0m 

                               Run name: hierarchical_soccer_chase_hl
                            Total steps: 694272 
                       Steps per second: 846 
                        Collection time: 7.163s 
                          Learning time: 0.097s 
                        Mean value loss: 35.2758
                    Mean surrogate loss: -0.0032
                      Mean entropy loss: 9.1968
                            Mean reward: 150.77
                    Mean episode length: 204.83
                        Mean action std: 5.20
--------------------------------------------------------------------------------
                         Iteration time: 7.26s
                           Time elapsed: 0:13:48
                                    ETA: 0:16:44

################################################################################
[1m                          Learning iteration 1758/1895                          [0m 

                               Run name: hierarchical_soccer_chase_hl
                            Total steps: 700416 
                       Steps per second: 846 
                        Collection time: 7.163s 
                          Learning time: 0.093s 
                        Mean value loss: 14.1905
                    Mean surrogate loss: -0.0024
                      Mean entropy loss: 9.1983
                            Mean reward: 156.77
                    Mean episode length: 210.02
                        Mean action std: 5.20
--------------------------------------------------------------------------------
                         Iteration time: 7.26s
                           Time elapsed: 0:13:55
                                    ETA: 0:16:36

################################################################################
[1m                          Learning iteration 1759/1895                          [0m 

                               Run name: hierarchical_soccer_chase_hl
                            Total steps: 706560 
                       Steps per second: 847 
                        Collection time: 7.151s 
                          Learning time: 0.098s 
                        Mean value loss: 48.2517
                    Mean surrogate loss: -0.0038
                      Mean entropy loss: 9.1987
                            Mean reward: 162.14
                    Mean episode length: 217.23
                        Mean action std: 5.20
--------------------------------------------------------------------------------
                         Iteration time: 7.25s
                           Time elapsed: 0:14:02
                                    ETA: 0:16:29

################################################################################
[1m                          Learning iteration 1760/1895                          [0m 

                               Run name: hierarchical_soccer_chase_hl
                            Total steps: 712704 
                       Steps per second: 845 
                        Collection time: 7.174s 
                          Learning time: 0.095s 
                        Mean value loss: 33.0771
                    Mean surrogate loss: -0.0061
                      Mean entropy loss: 9.1998
                            Mean reward: 163.21
                    Mean episode length: 217.42
                        Mean action std: 5.20
--------------------------------------------------------------------------------
                         Iteration time: 7.27s
                           Time elapsed: 0:14:10
                                    ETA: 0:16:22

################################################################################
[1m                          Learning iteration 1761/1895                          [0m 

                               Run name: hierarchical_soccer_chase_hl
                            Total steps: 718848 
                       Steps per second: 848 
                        Collection time: 7.151s 
                          Learning time: 0.094s 
                        Mean value loss: 11.8600
                    Mean surrogate loss: -0.0050
                      Mean entropy loss: 9.2022
                            Mean reward: 162.60
                    Mean episode length: 216.39
                        Mean action std: 5.21
--------------------------------------------------------------------------------
                         Iteration time: 7.24s
                           Time elapsed: 0:14:17
                                    ETA: 0:16:14

################################################################################
[1m                          Learning iteration 1762/1895                          [0m 

                               Run name: hierarchical_soccer_chase_hl
                            Total steps: 724992 
                       Steps per second: 848 
                        Collection time: 7.152s 
                          Learning time: 0.093s 
                        Mean value loss: 31.0664
                    Mean surrogate loss: -0.0038
                      Mean entropy loss: 9.2033
                            Mean reward: 160.08
                    Mean episode length: 213.18
                        Mean action std: 5.21
--------------------------------------------------------------------------------
                         Iteration time: 7.25s
                           Time elapsed: 0:14:24
                                    ETA: 0:16:07

################################################################################
[1m                          Learning iteration 1763/1895                          [0m 

                               Run name: hierarchical_soccer_chase_hl
                            Total steps: 731136 
                       Steps per second: 848 
                        Collection time: 7.150s 
                          Learning time: 0.092s 
                        Mean value loss: 16.7567
                    Mean surrogate loss: -0.0078
                      Mean entropy loss: 9.2078
                            Mean reward: 162.10
                    Mean episode length: 217.25
                        Mean action std: 5.22
--------------------------------------------------------------------------------
                         Iteration time: 7.24s
                           Time elapsed: 0:14:31
                                    ETA: 0:15:59

################################################################################
[1m                          Learning iteration 1764/1895                          [0m 

                               Run name: hierarchical_soccer_chase_hl
                            Total steps: 737280 
                       Steps per second: 842 
                        Collection time: 7.200s 
                          Learning time: 0.092s 
                        Mean value loss: 30.9265
                    Mean surrogate loss: -0.0039
                      Mean entropy loss: 9.2086
                            Mean reward: 166.60
                    Mean episode length: 223.30
                        Mean action std: 5.22
--------------------------------------------------------------------------------
                         Iteration time: 7.29s
                           Time elapsed: 0:14:39
                                    ETA: 0:15:52

################################################################################
[1m                          Learning iteration 1765/1895                          [0m 

                               Run name: hierarchical_soccer_chase_hl
                            Total steps: 743424 
                       Steps per second: 847 
                        Collection time: 7.156s 
                          Learning time: 0.093s 
                        Mean value loss: 19.4525
                    Mean surrogate loss: -0.0065
                      Mean entropy loss: 9.2095
                            Mean reward: 165.55
                    Mean episode length: 222.78
                        Mean action std: 5.22
--------------------------------------------------------------------------------
                         Iteration time: 7.25s
                           Time elapsed: 0:14:46
                                    ETA: 0:15:45

################################################################################
[1m                          Learning iteration 1766/1895                          [0m 

                               Run name: hierarchical_soccer_chase_hl
                            Total steps: 749568 
                       Steps per second: 843 
                        Collection time: 7.190s 
                          Learning time: 0.096s 
                        Mean value loss: 51.0732
                    Mean surrogate loss: -0.0041
                      Mean entropy loss: 9.2108
                            Mean reward: 162.34
                    Mean episode length: 217.99
                        Mean action std: 5.22
--------------------------------------------------------------------------------
                         Iteration time: 7.29s
                           Time elapsed: 0:14:53
                                    ETA: 0:15:37

################################################################################
[1m                          Learning iteration 1767/1895                          [0m 

                               Run name: hierarchical_soccer_chase_hl
                            Total steps: 755712 
                       Steps per second: 846 
                        Collection time: 7.158s 
                          Learning time: 0.097s 
                        Mean value loss: 27.6502
                    Mean surrogate loss: -0.0046
                      Mean entropy loss: 9.2116
                            Mean reward: 159.81
                    Mean episode length: 215.23
                        Mean action std: 5.22
--------------------------------------------------------------------------------
                         Iteration time: 7.26s
                           Time elapsed: 0:15:00
                                    ETA: 0:15:30

################################################################################
[1m                          Learning iteration 1768/1895                          [0m 

                               Run name: hierarchical_soccer_chase_hl
                            Total steps: 761856 
                       Steps per second: 846 
                        Collection time: 7.159s 
                          Learning time: 0.096s 
                        Mean value loss: 19.7096
                    Mean surrogate loss: -0.0077
                      Mean entropy loss: 9.2145
                            Mean reward: 163.50
                    Mean episode length: 220.88
                        Mean action std: 5.23
--------------------------------------------------------------------------------
                         Iteration time: 7.26s
                           Time elapsed: 0:15:08
                                    ETA: 0:15:22

################################################################################
[1m                          Learning iteration 1769/1895                          [0m 

                               Run name: hierarchical_soccer_chase_hl
                            Total steps: 768000 
                       Steps per second: 846 
                        Collection time: 7.164s 
                          Learning time: 0.094s 
                        Mean value loss: 16.1509
                    Mean surrogate loss: -0.0071
                      Mean entropy loss: 9.2179
                            Mean reward: 164.46
                    Mean episode length: 221.60
                        Mean action std: 5.23
--------------------------------------------------------------------------------
                         Iteration time: 7.26s
                           Time elapsed: 0:15:15
                                    ETA: 0:15:15

################################################################################
[1m                          Learning iteration 1770/1895                          [0m 

                               Run name: hierarchical_soccer_chase_hl
                            Total steps: 774144 
                       Steps per second: 845 
                        Collection time: 7.173s 
                          Learning time: 0.097s 
                        Mean value loss: 25.4154
                    Mean surrogate loss: -0.0033
                      Mean entropy loss: 9.2188
                            Mean reward: 167.32
                    Mean episode length: 224.05
                        Mean action std: 5.24
--------------------------------------------------------------------------------
                         Iteration time: 7.27s
                           Time elapsed: 0:15:22
                                    ETA: 0:15:08

################################################################################
[1m                          Learning iteration 1771/1895                          [0m 

                               Run name: hierarchical_soccer_chase_hl
                            Total steps: 780288 
                       Steps per second: 845 
                        Collection time: 7.174s 
                          Learning time: 0.096s 
                        Mean value loss: 33.6878
                    Mean surrogate loss: -0.0046
                      Mean entropy loss: 9.2216
                            Mean reward: 167.49
                    Mean episode length: 226.13
                        Mean action std: 5.24
--------------------------------------------------------------------------------
                         Iteration time: 7.27s
                           Time elapsed: 0:15:29
                                    ETA: 0:15:00

################################################################################
[1m                          Learning iteration 1772/1895                          [0m 

                               Run name: hierarchical_soccer_chase_hl
                            Total steps: 786432 
                       Steps per second: 848 
                        Collection time: 7.149s 
                          Learning time: 0.092s 
                        Mean value loss: 72.9362
                    Mean surrogate loss: -0.0039
                      Mean entropy loss: 9.2224
                            Mean reward: 158.78
                    Mean episode length: 217.23
                        Mean action std: 5.24
--------------------------------------------------------------------------------
                         Iteration time: 7.24s
                           Time elapsed: 0:15:37
                                    ETA: 0:14:53

################################################################################
[1m                          Learning iteration 1773/1895                          [0m 

                               Run name: hierarchical_soccer_chase_hl
                            Total steps: 792576 
                       Steps per second: 845 
                        Collection time: 7.172s 
                          Learning time: 0.096s 
                        Mean value loss: 31.7870
                    Mean surrogate loss: -0.0081
                      Mean entropy loss: 9.2233
                            Mean reward: 157.62
                    Mean episode length: 216.98
                        Mean action std: 5.24
--------------------------------------------------------------------------------
                         Iteration time: 7.27s
                           Time elapsed: 0:15:44
                                    ETA: 0:14:45

################################################################################
[1m                          Learning iteration 1774/1895                          [0m 

                               Run name: hierarchical_soccer_chase_hl
                            Total steps: 798720 
                       Steps per second: 846 
                        Collection time: 7.161s 
                          Learning time: 0.094s 
                        Mean value loss: 31.8002
                    Mean surrogate loss: -0.0065
                      Mean entropy loss: 9.2240
                            Mean reward: 152.09
                    Mean episode length: 211.61
                        Mean action std: 5.24
--------------------------------------------------------------------------------
                         Iteration time: 7.25s
                           Time elapsed: 0:15:51
                                    ETA: 0:14:38

################################################################################
[1m                          Learning iteration 1775/1895                          [0m 

                               Run name: hierarchical_soccer_chase_hl
                            Total steps: 804864 
                       Steps per second: 848 
                        Collection time: 7.152s 
                          Learning time: 0.092s 
                        Mean value loss: 19.9315
                    Mean surrogate loss: -0.0069
                      Mean entropy loss: 9.2265
                            Mean reward: 157.37
                    Mean episode length: 214.67
                        Mean action std: 5.25
--------------------------------------------------------------------------------
                         Iteration time: 7.24s
                           Time elapsed: 0:15:59
                                    ETA: 0:14:31

################################################################################
[1m                          Learning iteration 1776/1895                          [0m 

                               Run name: hierarchical_soccer_chase_hl
                            Total steps: 811008 
                       Steps per second: 846 
                        Collection time: 7.162s 
                          Learning time: 0.093s 
                        Mean value loss: 3.9022
                    Mean surrogate loss: -0.0083
                      Mean entropy loss: 9.2292
                            Mean reward: 164.55
                    Mean episode length: 222.62
                        Mean action std: 5.25
--------------------------------------------------------------------------------
                         Iteration time: 7.25s
                           Time elapsed: 0:16:06
                                    ETA: 0:14:23

################################################################################
[1m                          Learning iteration 1777/1895                          [0m 

                               Run name: hierarchical_soccer_chase_hl
                            Total steps: 817152 
                       Steps per second: 843 
                        Collection time: 7.186s 
                          Learning time: 0.096s 
                        Mean value loss: 38.8777
                    Mean surrogate loss: -0.0072
                      Mean entropy loss: 9.2279
                            Mean reward: 166.54
                    Mean episode length: 224.82
                        Mean action std: 5.25
--------------------------------------------------------------------------------
                         Iteration time: 7.28s
                           Time elapsed: 0:16:13
                                    ETA: 0:14:16

################################################################################
[1m                          Learning iteration 1778/1895                          [0m 

                               Run name: hierarchical_soccer_chase_hl
                            Total steps: 823296 
                       Steps per second: 843 
                        Collection time: 7.188s 
                          Learning time: 0.095s 
                        Mean value loss: 43.0021
                    Mean surrogate loss: -0.0056
                      Mean entropy loss: 9.2291
                            Mean reward: 166.56
                    Mean episode length: 223.53
                        Mean action std: 5.25
--------------------------------------------------------------------------------
                         Iteration time: 7.28s
                           Time elapsed: 0:16:20
                                    ETA: 0:14:09

################################################################################
[1m                          Learning iteration 1779/1895                          [0m 

                               Run name: hierarchical_soccer_chase_hl
                            Total steps: 829440 
                       Steps per second: 844 
                        Collection time: 7.175s 
                          Learning time: 0.097s 
                        Mean value loss: 34.1758
                    Mean surrogate loss: -0.0033
                      Mean entropy loss: 9.2303
                            Mean reward: 162.38
                    Mean episode length: 217.93
                        Mean action std: 5.26
--------------------------------------------------------------------------------
                         Iteration time: 7.27s
                           Time elapsed: 0:16:28
                                    ETA: 0:14:01

################################################################################
[1m                          Learning iteration 1780/1895                          [0m 

                               Run name: hierarchical_soccer_chase_hl
                            Total steps: 835584 
                       Steps per second: 843 
                        Collection time: 7.188s 
                          Learning time: 0.097s 
                        Mean value loss: 17.9478
                    Mean surrogate loss: -0.0027
                      Mean entropy loss: 9.2316
                            Mean reward: 164.23
                    Mean episode length: 219.48
                        Mean action std: 5.26
--------------------------------------------------------------------------------
                         Iteration time: 7.28s
                           Time elapsed: 0:16:35
                                    ETA: 0:13:54

################################################################################
[1m                          Learning iteration 1781/1895                          [0m 

                               Run name: hierarchical_soccer_chase_hl
                            Total steps: 841728 
                       Steps per second: 841 
                        Collection time: 7.206s 
                          Learning time: 0.096s 
                        Mean value loss: 51.6094
                    Mean surrogate loss: -0.0043
                      Mean entropy loss: 9.2321
                            Mean reward: 165.29
                    Mean episode length: 220.62
                        Mean action std: 5.26
--------------------------------------------------------------------------------
                         Iteration time: 7.30s
                           Time elapsed: 0:16:42
                                    ETA: 0:13:47

################################################################################
[1m                          Learning iteration 1782/1895                          [0m 

                               Run name: hierarchical_soccer_chase_hl
                            Total steps: 847872 
                       Steps per second: 842 
                        Collection time: 7.188s 
                          Learning time: 0.104s 
                        Mean value loss: 47.0776
                    Mean surrogate loss: -0.0046
                      Mean entropy loss: 9.2343
                            Mean reward: 168.89
                    Mean episode length: 224.12
                        Mean action std: 5.27
--------------------------------------------------------------------------------
                         Iteration time: 7.29s
                           Time elapsed: 0:16:49
                                    ETA: 0:13:39

################################################################################
[1m                          Learning iteration 1783/1895                          [0m 

                               Run name: hierarchical_soccer_chase_hl
                            Total steps: 854016 
                       Steps per second: 845 
                        Collection time: 7.179s 
                          Learning time: 0.092s 
                        Mean value loss: 28.7761
                    Mean surrogate loss: -0.0070
                      Mean entropy loss: 9.2406
                            Mean reward: 168.82
                    Mean episode length: 222.71
                        Mean action std: 5.28
--------------------------------------------------------------------------------
                         Iteration time: 7.27s
                           Time elapsed: 0:16:57
                                    ETA: 0:13:32

################################################################################
[1m                          Learning iteration 1784/1895                          [0m 

                               Run name: hierarchical_soccer_chase_hl
                            Total steps: 860160 
                       Steps per second: 844 
                        Collection time: 7.181s 
                          Learning time: 0.096s 
                        Mean value loss: 43.1989
                    Mean surrogate loss: -0.0056
                      Mean entropy loss: 9.2442
                            Mean reward: 163.13
                    Mean episode length: 216.46
                        Mean action std: 5.28
--------------------------------------------------------------------------------
                         Iteration time: 7.28s
                           Time elapsed: 0:17:04
                                    ETA: 0:13:24

################################################################################
[1m                          Learning iteration 1785/1895                          [0m 

                               Run name: hierarchical_soccer_chase_hl
                            Total steps: 866304 
                       Steps per second: 845 
                        Collection time: 7.169s 
                          Learning time: 0.097s 
                        Mean value loss: 45.7353
                    Mean surrogate loss: -0.0058
                      Mean entropy loss: 9.2471
                            Mean reward: 156.80
                    Mean episode length: 210.88
                        Mean action std: 5.28
--------------------------------------------------------------------------------
                         Iteration time: 7.27s
                           Time elapsed: 0:17:11
                                    ETA: 0:13:17

################################################################################
[1m                          Learning iteration 1786/1895                          [0m 

                               Run name: hierarchical_soccer_chase_hl
                            Total steps: 872448 
                       Steps per second: 843 
                        Collection time: 7.187s 
                          Learning time: 0.097s 
                        Mean value loss: 64.9846
                    Mean surrogate loss: -0.0083
                      Mean entropy loss: 9.2502
                            Mean reward: 152.02
                    Mean episode length: 206.68
                        Mean action std: 5.29
--------------------------------------------------------------------------------
                         Iteration time: 7.28s
                           Time elapsed: 0:17:19
                                    ETA: 0:13:10

################################################################################
[1m                          Learning iteration 1787/1895                          [0m 

                               Run name: hierarchical_soccer_chase_hl
                            Total steps: 878592 
                       Steps per second: 840 
                        Collection time: 7.221s 
                          Learning time: 0.092s 
                        Mean value loss: 83.3168
                    Mean surrogate loss: -0.0064
                      Mean entropy loss: 9.2565
                            Mean reward: 140.59
                    Mean episode length: 195.80
                        Mean action std: 5.30
--------------------------------------------------------------------------------
                         Iteration time: 7.31s
                           Time elapsed: 0:17:26
                                    ETA: 0:13:02

################################################################################
[1m                          Learning iteration 1788/1895                          [0m 

                               Run name: hierarchical_soccer_chase_hl
                            Total steps: 884736 
                       Steps per second: 838 
                        Collection time: 7.236s 
                          Learning time: 0.091s 
                        Mean value loss: 90.8516
                    Mean surrogate loss: -0.0077
                      Mean entropy loss: 9.2609
                            Mean reward: 134.85
                    Mean episode length: 188.06
                        Mean action std: 5.31
--------------------------------------------------------------------------------
                         Iteration time: 7.33s
                           Time elapsed: 0:17:33
                                    ETA: 0:12:55

################################################################################
[1m                          Learning iteration 1789/1895                          [0m 

                               Run name: hierarchical_soccer_chase_hl
                            Total steps: 890880 
                       Steps per second: 841 
                        Collection time: 7.204s 
                          Learning time: 0.096s 
                        Mean value loss: 52.4832
                    Mean surrogate loss: -0.0060
                      Mean entropy loss: 9.2669
                            Mean reward: 140.23
                    Mean episode length: 193.29
                        Mean action std: 5.32
--------------------------------------------------------------------------------
                         Iteration time: 7.30s
                           Time elapsed: 0:17:41
                                    ETA: 0:12:48

################################################################################
[1m                          Learning iteration 1790/1895                          [0m 

                               Run name: hierarchical_soccer_chase_hl
                            Total steps: 897024 
                       Steps per second: 842 
                        Collection time: 7.199s 
                          Learning time: 0.092s 
                        Mean value loss: 56.0755
                    Mean surrogate loss: -0.0049
                      Mean entropy loss: 9.2684
                            Mean reward: 143.18
                    Mean episode length: 196.63
                        Mean action std: 5.32
--------------------------------------------------------------------------------
                         Iteration time: 7.29s
                           Time elapsed: 0:17:48
                                    ETA: 0:12:40

################################################################################
[1m                          Learning iteration 1791/1895                          [0m 

                               Run name: hierarchical_soccer_chase_hl
                            Total steps: 903168 
                       Steps per second: 842 
                        Collection time: 7.198s 
                          Learning time: 0.095s 
                        Mean value loss: 49.5986
                    Mean surrogate loss: -0.0071
                      Mean entropy loss: 9.2712
                            Mean reward: 150.75
                    Mean episode length: 203.95
                        Mean action std: 5.33
--------------------------------------------------------------------------------
                         Iteration time: 7.29s
                           Time elapsed: 0:17:55
                                    ETA: 0:12:33

################################################################################
[1m                          Learning iteration 1792/1895                          [0m 

                               Run name: hierarchical_soccer_chase_hl
                            Total steps: 909312 
                       Steps per second: 844 
                        Collection time: 7.181s 
                          Learning time: 0.095s 
                        Mean value loss: 81.7888
                    Mean surrogate loss: -0.0102
                      Mean entropy loss: 9.2794
                            Mean reward: 143.76
                    Mean episode length: 198.16
                        Mean action std: 5.35
--------------------------------------------------------------------------------
                         Iteration time: 7.28s
                           Time elapsed: 0:18:02
                                    ETA: 0:12:26

################################################################################
[1m                          Learning iteration 1793/1895                          [0m 

                               Run name: hierarchical_soccer_chase_hl
                            Total steps: 915456 
                       Steps per second: 839 
                        Collection time: 7.221s 
                          Learning time: 0.097s 
                        Mean value loss: 53.0147
                    Mean surrogate loss: -0.0096
                      Mean entropy loss: 9.2863
                            Mean reward: 139.13
                    Mean episode length: 191.74
                        Mean action std: 5.35
--------------------------------------------------------------------------------
                         Iteration time: 7.32s
                           Time elapsed: 0:18:10
                                    ETA: 0:12:18

################################################################################
[1m                          Learning iteration 1794/1895                          [0m 

                               Run name: hierarchical_soccer_chase_hl
                            Total steps: 921600 
                       Steps per second: 846 
                        Collection time: 7.166s 
                          Learning time: 0.091s 
                        Mean value loss: 42.1186
                    Mean surrogate loss: -0.0054
                      Mean entropy loss: 9.2884
                            Mean reward: 141.02
                    Mean episode length: 193.31
                        Mean action std: 5.36
--------------------------------------------------------------------------------
                         Iteration time: 7.26s
                           Time elapsed: 0:18:17
                                    ETA: 0:12:11

################################################################################
[1m                          Learning iteration 1795/1895                          [0m 

                               Run name: hierarchical_soccer_chase_hl
                            Total steps: 927744 
                       Steps per second: 844 
                        Collection time: 7.180s 
                          Learning time: 0.092s 
                        Mean value loss: 36.4726
                    Mean surrogate loss: -0.0034
                      Mean entropy loss: 9.2903
                            Mean reward: 142.89
                    Mean episode length: 195.47
                        Mean action std: 5.36
--------------------------------------------------------------------------------
                         Iteration time: 7.27s
                           Time elapsed: 0:18:24
                                    ETA: 0:12:04

################################################################################
[1m                          Learning iteration 1796/1895                          [0m 

                               Run name: hierarchical_soccer_chase_hl
                            Total steps: 933888 
                       Steps per second: 838 
                        Collection time: 7.235s 
                          Learning time: 0.092s 
                        Mean value loss: 27.4926
                    Mean surrogate loss: -0.0039
                      Mean entropy loss: 9.2912
                            Mean reward: 151.16
                    Mean episode length: 204.21
                        Mean action std: 5.36
--------------------------------------------------------------------------------
                         Iteration time: 7.33s
                           Time elapsed: 0:18:32
                                    ETA: 0:11:56

################################################################################
[1m                          Learning iteration 1797/1895                          [0m 

                               Run name: hierarchical_soccer_chase_hl
                            Total steps: 940032 
                       Steps per second: 842 
                        Collection time: 7.194s 
                          Learning time: 0.096s 
                        Mean value loss: 27.1600
                    Mean surrogate loss: -0.0037
                      Mean entropy loss: 9.2920
                            Mean reward: 155.41
                    Mean episode length: 209.50
                        Mean action std: 5.36
--------------------------------------------------------------------------------
                         Iteration time: 7.29s
                           Time elapsed: 0:18:39
                                    ETA: 0:11:49

################################################################################
[1m                          Learning iteration 1798/1895                          [0m 

                               Run name: hierarchical_soccer_chase_hl
                            Total steps: 946176 
                       Steps per second: 840 
                        Collection time: 7.209s 
                          Learning time: 0.096s 
                        Mean value loss: 33.2828
                    Mean surrogate loss: -0.0071
                      Mean entropy loss: 9.2938
                            Mean reward: 170.35
                    Mean episode length: 226.23
                        Mean action std: 5.37
--------------------------------------------------------------------------------
                         Iteration time: 7.31s
                           Time elapsed: 0:18:46
                                    ETA: 0:11:42

################################################################################
[1m                          Learning iteration 1799/1895                          [0m 

                               Run name: hierarchical_soccer_chase_hl
                            Total steps: 952320 
                       Steps per second: 841 
                        Collection time: 7.209s 
                          Learning time: 0.091s 
                        Mean value loss: 26.8318
                    Mean surrogate loss: -0.0062
                      Mean entropy loss: 9.2966
                            Mean reward: 168.36
                    Mean episode length: 223.05
                        Mean action std: 5.37
--------------------------------------------------------------------------------
                         Iteration time: 7.30s
                           Time elapsed: 0:18:53
                                    ETA: 0:11:34

################################################################################
[1m                          Learning iteration 1800/1895                          [0m 

                               Run name: hierarchical_soccer_chase_hl
                            Total steps: 958464 
                       Steps per second: 841 
                        Collection time: 7.208s 
                          Learning time: 0.097s 
                        Mean value loss: 67.8831
                    Mean surrogate loss: -0.0059
                      Mean entropy loss: 9.2979
                            Mean reward: 164.55
                    Mean episode length: 218.37
                        Mean action std: 5.38
--------------------------------------------------------------------------------
                         Iteration time: 7.31s
                           Time elapsed: 0:19:01
                                    ETA: 0:11:27

################################################################################
[1m                          Learning iteration 1801/1895                          [0m 

                               Run name: hierarchical_soccer_chase_hl
                            Total steps: 964608 
                       Steps per second: 839 
                        Collection time: 7.220s 
                          Learning time: 0.097s 
                        Mean value loss: 74.3554
                    Mean surrogate loss: -0.0059
                      Mean entropy loss: 9.3010
                            Mean reward: 151.82
                    Mean episode length: 207.26
                        Mean action std: 5.38
--------------------------------------------------------------------------------
                         Iteration time: 7.32s
                           Time elapsed: 0:19:08
                                    ETA: 0:11:20

################################################################################
[1m                          Learning iteration 1802/1895                          [0m 

                               Run name: hierarchical_soccer_chase_hl
                            Total steps: 970752 
                       Steps per second: 842 
                        Collection time: 7.196s 
                          Learning time: 0.096s 
                        Mean value loss: 40.6745
                    Mean surrogate loss: -0.0043
                      Mean entropy loss: 9.3034
                            Mean reward: 146.59
                    Mean episode length: 199.08
                        Mean action std: 5.39
--------------------------------------------------------------------------------
                         Iteration time: 7.29s
                           Time elapsed: 0:19:15
                                    ETA: 0:11:13

################################################################################
[1m                          Learning iteration 1803/1895                          [0m 

                               Run name: hierarchical_soccer_chase_hl
                            Total steps: 976896 
                       Steps per second: 841 
                        Collection time: 7.209s 
                          Learning time: 0.092s 
                        Mean value loss: 78.8297
                    Mean surrogate loss: -0.0064
                      Mean entropy loss: 9.3059
                            Mean reward: 145.45
                    Mean episode length: 201.61
                        Mean action std: 5.39
--------------------------------------------------------------------------------
                         Iteration time: 7.30s
                           Time elapsed: 0:19:23
                                    ETA: 0:11:05

################################################################################
[1m                          Learning iteration 1804/1895                          [0m 

                               Run name: hierarchical_soccer_chase_hl
                            Total steps: 983040 
                       Steps per second: 844 
                        Collection time: 7.186s 
                          Learning time: 0.092s 
                        Mean value loss: 44.8651
                    Mean surrogate loss: -0.0082
                      Mean entropy loss: 9.3085
                            Mean reward: 143.42
                    Mean episode length: 198.83
                        Mean action std: 5.39
--------------------------------------------------------------------------------
                         Iteration time: 7.28s
                           Time elapsed: 0:19:30
                                    ETA: 0:10:58

################################################################################
[1m                          Learning iteration 1805/1895                          [0m 

                               Run name: hierarchical_soccer_chase_hl
                            Total steps: 989184 
                       Steps per second: 838 
                        Collection time: 7.232s 
                          Learning time: 0.098s 
                        Mean value loss: 53.8791
                    Mean surrogate loss: -0.0039
                      Mean entropy loss: 9.3094
                            Mean reward: 144.56
                    Mean episode length: 201.45
                        Mean action std: 5.39
--------------------------------------------------------------------------------
                         Iteration time: 7.33s
                           Time elapsed: 0:19:37
                                    ETA: 0:10:51

################################################################################
[1m                          Learning iteration 1806/1895                          [0m 

                               Run name: hierarchical_soccer_chase_hl
                            Total steps: 995328 
                       Steps per second: 845 
                        Collection time: 7.174s 
                          Learning time: 0.091s 
                        Mean value loss: 42.1774
                    Mean surrogate loss: -0.0057
                      Mean entropy loss: 9.3115
                            Mean reward: 138.86
                    Mean episode length: 195.64
                        Mean action std: 5.40
--------------------------------------------------------------------------------
                         Iteration time: 7.27s
                           Time elapsed: 0:19:45
                                    ETA: 0:10:43

################################################################################
[1m                          Learning iteration 1807/1895                          [0m 

                               Run name: hierarchical_soccer_chase_hl
                            Total steps: 1001472 
                       Steps per second: 843 
                        Collection time: 7.188s 
                          Learning time: 0.095s 
                        Mean value loss: 62.3595
                    Mean surrogate loss: -0.0061
                      Mean entropy loss: 9.3129
                            Mean reward: 140.25
                    Mean episode length: 198.20
                        Mean action std: 5.40
--------------------------------------------------------------------------------
                         Iteration time: 7.28s
                           Time elapsed: 0:19:52
                                    ETA: 0:10:36

################################################################################
[1m                          Learning iteration 1808/1895                          [0m 

                               Run name: hierarchical_soccer_chase_hl
                            Total steps: 1007616 
                       Steps per second: 845 
                        Collection time: 7.179s 
                          Learning time: 0.091s 
                        Mean value loss: 41.7129
                    Mean surrogate loss: -0.0056
                      Mean entropy loss: 9.3146
                            Mean reward: 146.38
                    Mean episode length: 206.72
                        Mean action std: 5.40
--------------------------------------------------------------------------------
                         Iteration time: 7.27s
                           Time elapsed: 0:19:59
                                    ETA: 0:10:29

################################################################################
[1m                          Learning iteration 1809/1895                          [0m 

                               Run name: hierarchical_soccer_chase_hl
                            Total steps: 1013760 
                       Steps per second: 843 
                        Collection time: 7.187s 
                          Learning time: 0.097s 
                        Mean value loss: 50.2283
                    Mean surrogate loss: -0.0073
                      Mean entropy loss: 9.3142
                            Mean reward: 150.88
                    Mean episode length: 210.45
                        Mean action std: 5.40
--------------------------------------------------------------------------------
                         Iteration time: 7.28s
                           Time elapsed: 0:20:06
                                    ETA: 0:10:21

################################################################################
[1m                          Learning iteration 1810/1895                          [0m 

                               Run name: hierarchical_soccer_chase_hl
                            Total steps: 1019904 
                       Steps per second: 841 
                        Collection time: 7.204s 
                          Learning time: 0.097s 
                        Mean value loss: 34.7327
                    Mean surrogate loss: -0.0068
                      Mean entropy loss: 9.3141
                            Mean reward: 150.43
                    Mean episode length: 210.00
                        Mean action std: 5.40
--------------------------------------------------------------------------------
                         Iteration time: 7.30s
                           Time elapsed: 0:20:14
                                    ETA: 0:10:14

################################################################################
[1m                          Learning iteration 1811/1895                          [0m 

                               Run name: hierarchical_soccer_chase_hl
                            Total steps: 1026048 
                       Steps per second: 840 
                        Collection time: 7.218s 
                          Learning time: 0.096s 
                        Mean value loss: 42.4856
                    Mean surrogate loss: -0.0050
                      Mean entropy loss: 9.3151
                            Mean reward: 155.82
                    Mean episode length: 212.10
                        Mean action std: 5.40
--------------------------------------------------------------------------------
                         Iteration time: 7.31s
                           Time elapsed: 0:20:21
                                    ETA: 0:10:07

################################################################################
[1m                          Learning iteration 1812/1895                          [0m 

                               Run name: hierarchical_soccer_chase_hl
                            Total steps: 1032192 
                       Steps per second: 843 
                        Collection time: 7.187s 
                          Learning time: 0.097s 
                        Mean value loss: 78.0904
                    Mean surrogate loss: -0.0036
                      Mean entropy loss: 9.3162
                            Mean reward: 158.01
                    Mean episode length: 213.39
                        Mean action std: 5.41
--------------------------------------------------------------------------------
                         Iteration time: 7.28s
                           Time elapsed: 0:20:28
                                    ETA: 0:09:59

################################################################################
[1m                          Learning iteration 1813/1895                          [0m 

                               Run name: hierarchical_soccer_chase_hl
                            Total steps: 1038336 
                       Steps per second: 841 
                        Collection time: 7.201s 
                          Learning time: 0.097s 
                        Mean value loss: 26.0007
                    Mean surrogate loss: -0.0074
                      Mean entropy loss: 9.3208
                            Mean reward: 165.16
                    Mean episode length: 219.13
                        Mean action std: 5.42
--------------------------------------------------------------------------------
                         Iteration time: 7.30s
                           Time elapsed: 0:20:36
                                    ETA: 0:09:52

################################################################################
[1m                          Learning iteration 1814/1895                          [0m 

                               Run name: hierarchical_soccer_chase_hl
                            Total steps: 1044480 
                       Steps per second: 843 
                        Collection time: 7.190s 
                          Learning time: 0.097s 
                        Mean value loss: 33.4964
                    Mean surrogate loss: -0.0054
                      Mean entropy loss: 9.3243
                            Mean reward: 160.40
                    Mean episode length: 215.08
                        Mean action std: 5.42
--------------------------------------------------------------------------------
                         Iteration time: 7.29s
                           Time elapsed: 0:20:43
                                    ETA: 0:09:45

################################################################################
[1m                          Learning iteration 1815/1895                          [0m 

                               Run name: hierarchical_soccer_chase_hl
                            Total steps: 1050624 
                       Steps per second: 847 
                        Collection time: 7.159s 
                          Learning time: 0.093s 
                        Mean value loss: 53.8082
                    Mean surrogate loss: -0.0060
                      Mean entropy loss: 9.3275
                            Mean reward: 154.50
                    Mean episode length: 208.60
                        Mean action std: 5.43
--------------------------------------------------------------------------------
                         Iteration time: 7.25s
                           Time elapsed: 0:20:50
                                    ETA: 0:09:37

################################################################################
[1m                          Learning iteration 1816/1895                          [0m 

                               Run name: hierarchical_soccer_chase_hl
                            Total steps: 1056768 
                       Steps per second: 842 
                        Collection time: 7.199s 
                          Learning time: 0.094s 
                        Mean value loss: 7.4122
                    Mean surrogate loss: -0.0052
                      Mean entropy loss: 9.3320
                            Mean reward: 160.77
                    Mean episode length: 214.97
                        Mean action std: 5.44
--------------------------------------------------------------------------------
                         Iteration time: 7.29s
                           Time elapsed: 0:20:57
                                    ETA: 0:09:30

################################################################################
[1m                          Learning iteration 1817/1895                          [0m 

                               Run name: hierarchical_soccer_chase_hl
                            Total steps: 1062912 
                       Steps per second: 844 
                        Collection time: 7.178s 
                          Learning time: 0.096s 
                        Mean value loss: 48.4642
                    Mean surrogate loss: -0.0083
                      Mean entropy loss: 9.3408
                            Mean reward: 157.19
                    Mean episode length: 209.44
                        Mean action std: 5.46
--------------------------------------------------------------------------------
                         Iteration time: 7.27s
                           Time elapsed: 0:21:05
                                    ETA: 0:09:23

################################################################################
[1m                          Learning iteration 1818/1895                          [0m 

                               Run name: hierarchical_soccer_chase_hl
                            Total steps: 1069056 
                       Steps per second: 843 
                        Collection time: 7.190s 
                          Learning time: 0.096s 
                        Mean value loss: 45.9934
                    Mean surrogate loss: -0.0094
                      Mean entropy loss: 9.3505
                            Mean reward: 160.23
                    Mean episode length: 211.94
                        Mean action std: 5.47
--------------------------------------------------------------------------------
                         Iteration time: 7.29s
                           Time elapsed: 0:21:12
                                    ETA: 0:09:15

################################################################################
[1m                          Learning iteration 1819/1895                          [0m 

                               Run name: hierarchical_soccer_chase_hl
                            Total steps: 1075200 
                       Steps per second: 841 
                        Collection time: 7.208s 
                          Learning time: 0.096s 
                        Mean value loss: 51.3061
                    Mean surrogate loss: -0.0066
                      Mean entropy loss: 9.3542
                            Mean reward: 156.54
                    Mean episode length: 209.27
                        Mean action std: 5.48
--------------------------------------------------------------------------------
                         Iteration time: 7.30s
                           Time elapsed: 0:21:19
                                    ETA: 0:09:08

################################################################################
[1m                          Learning iteration 1820/1895                          [0m 

                               Run name: hierarchical_soccer_chase_hl
                            Total steps: 1081344 
                       Steps per second: 842 
                        Collection time: 7.205s 
                          Learning time: 0.091s 
                        Mean value loss: 53.8480
                    Mean surrogate loss: -0.0084
                      Mean entropy loss: 9.3575
                            Mean reward: 154.16
                    Mean episode length: 207.20
                        Mean action std: 5.48
--------------------------------------------------------------------------------
                         Iteration time: 7.30s
                           Time elapsed: 0:21:27
                                    ETA: 0:09:01

################################################################################
[1m                          Learning iteration 1821/1895                          [0m 

                               Run name: hierarchical_soccer_chase_hl
                            Total steps: 1087488 
                       Steps per second: 844 
                        Collection time: 7.176s 
                          Learning time: 0.096s 
                        Mean value loss: 52.6775
                    Mean surrogate loss: -0.0081
                      Mean entropy loss: 9.3593
                            Mean reward: 155.19
                    Mean episode length: 207.75
                        Mean action std: 5.49
--------------------------------------------------------------------------------
                         Iteration time: 7.27s
                           Time elapsed: 0:21:34
                                    ETA: 0:08:53

################################################################################
[1m                          Learning iteration 1822/1895                          [0m 

                               Run name: hierarchical_soccer_chase_hl
                            Total steps: 1093632 
                       Steps per second: 844 
                        Collection time: 7.178s 
                          Learning time: 0.098s 
                        Mean value loss: 37.2595
                    Mean surrogate loss: -0.0037
                      Mean entropy loss: 9.3604
                            Mean reward: 153.28
                    Mean episode length: 204.36
                        Mean action std: 5.49
--------------------------------------------------------------------------------
                         Iteration time: 7.28s
                           Time elapsed: 0:21:41
                                    ETA: 0:08:46

################################################################################
[1m                          Learning iteration 1823/1895                          [0m 

                               Run name: hierarchical_soccer_chase_hl
                            Total steps: 1099776 
                       Steps per second: 842 
                        Collection time: 7.199s 
                          Learning time: 0.092s 
                        Mean value loss: 50.3912
                    Mean surrogate loss: -0.0034
                      Mean entropy loss: 9.3609
                            Mean reward: 155.05
                    Mean episode length: 208.09
                        Mean action std: 5.49
--------------------------------------------------------------------------------
                         Iteration time: 7.29s
                           Time elapsed: 0:21:48
                                    ETA: 0:08:39

################################################################################
[1m                          Learning iteration 1824/1895                          [0m 

                               Run name: hierarchical_soccer_chase_hl
                            Total steps: 1105920 
                       Steps per second: 846 
                        Collection time: 7.165s 
                          Learning time: 0.091s 
                        Mean value loss: 26.2056
                    Mean surrogate loss: -0.0026
                      Mean entropy loss: 9.3621
                            Mean reward: 153.44
                    Mean episode length: 207.36
                        Mean action std: 5.49
--------------------------------------------------------------------------------
                         Iteration time: 7.26s
                           Time elapsed: 0:21:56
                                    ETA: 0:08:31

################################################################################
[1m                          Learning iteration 1825/1895                          [0m 

                               Run name: hierarchical_soccer_chase_hl
                            Total steps: 1112064 
                       Steps per second: 847 
                        Collection time: 7.149s 
                          Learning time: 0.097s 
                        Mean value loss: 34.2595
                    Mean surrogate loss: -0.0035
                      Mean entropy loss: 9.3625
                            Mean reward: 156.80
                    Mean episode length: 212.15
                        Mean action std: 5.49
--------------------------------------------------------------------------------
                         Iteration time: 7.25s
                           Time elapsed: 0:22:03
                                    ETA: 0:08:24

################################################################################
[1m                          Learning iteration 1826/1895                          [0m 

                               Run name: hierarchical_soccer_chase_hl
                            Total steps: 1118208 
                       Steps per second: 845 
                        Collection time: 7.167s 
                          Learning time: 0.095s 
                        Mean value loss: 40.6617
                    Mean surrogate loss: -0.0048
                      Mean entropy loss: 9.3634
                            Mean reward: 153.75
                    Mean episode length: 210.05
                        Mean action std: 5.49
--------------------------------------------------------------------------------
                         Iteration time: 7.26s
                           Time elapsed: 0:22:10
                                    ETA: 0:08:17

################################################################################
[1m                          Learning iteration 1827/1895                          [0m 

                               Run name: hierarchical_soccer_chase_hl
                            Total steps: 1124352 
                       Steps per second: 844 
                        Collection time: 7.179s 
                          Learning time: 0.096s 
                        Mean value loss: 16.4613
                    Mean surrogate loss: -0.0034
                      Mean entropy loss: 9.3644
                            Mean reward: 155.63
                    Mean episode length: 211.20
                        Mean action std: 5.50
--------------------------------------------------------------------------------
                         Iteration time: 7.28s
                           Time elapsed: 0:22:17
                                    ETA: 0:08:09

################################################################################
[1m                          Learning iteration 1828/1895                          [0m 

                               Run name: hierarchical_soccer_chase_hl
                            Total steps: 1130496 
                       Steps per second: 847 
                        Collection time: 7.157s 
                          Learning time: 0.092s 
                        Mean value loss: 27.4578
                    Mean surrogate loss: -0.0042
                      Mean entropy loss: 9.3661
                            Mean reward: 159.01
                    Mean episode length: 214.10
                        Mean action std: 5.50
--------------------------------------------------------------------------------
                         Iteration time: 7.25s
                           Time elapsed: 0:22:25
                                    ETA: 0:08:02

################################################################################
[1m                          Learning iteration 1829/1895                          [0m 

                               Run name: hierarchical_soccer_chase_hl
                            Total steps: 1136640 
                       Steps per second: 839 
                        Collection time: 7.224s 
                          Learning time: 0.098s 
                        Mean value loss: 61.3665
                    Mean surrogate loss: -0.0036
                      Mean entropy loss: 9.3671
                            Mean reward: 159.85
                    Mean episode length: 212.38
                        Mean action std: 5.50
--------------------------------------------------------------------------------
                         Iteration time: 7.32s
                           Time elapsed: 0:22:32
                                    ETA: 0:07:55

################################################################################
[1m                          Learning iteration 1830/1895                          [0m 

                               Run name: hierarchical_soccer_chase_hl
                            Total steps: 1142784 
                       Steps per second: 843 
                        Collection time: 7.185s 
                          Learning time: 0.095s 
                        Mean value loss: 43.0732
                    Mean surrogate loss: -0.0047
                      Mean entropy loss: 9.3697
                            Mean reward: 157.24
                    Mean episode length: 209.92
                        Mean action std: 5.51
--------------------------------------------------------------------------------
                         Iteration time: 7.28s
                           Time elapsed: 0:22:39
                                    ETA: 0:07:47

################################################################################
[1m                          Learning iteration 1831/1895                          [0m 

                               Run name: hierarchical_soccer_chase_hl
                            Total steps: 1148928 
                       Steps per second: 844 
                        Collection time: 7.180s 
                          Learning time: 0.091s 
                        Mean value loss: 36.6571
                    Mean surrogate loss: -0.0081
                      Mean entropy loss: 9.3746
                            Mean reward: 155.88
                    Mean episode length: 210.13
                        Mean action std: 5.51
--------------------------------------------------------------------------------
                         Iteration time: 7.27s
                           Time elapsed: 0:22:47
                                    ETA: 0:07:40

################################################################################
[1m                          Learning iteration 1832/1895                          [0m 

                               Run name: hierarchical_soccer_chase_hl
                            Total steps: 1155072 
                       Steps per second: 843 
                        Collection time: 7.189s 
                          Learning time: 0.097s 
                        Mean value loss: 54.9802
                    Mean surrogate loss: -0.0063
                      Mean entropy loss: 9.3761
                            Mean reward: 152.49
                    Mean episode length: 206.39
                        Mean action std: 5.52
--------------------------------------------------------------------------------
                         Iteration time: 7.29s
                           Time elapsed: 0:22:54
                                    ETA: 0:07:33

################################################################################
[1m                          Learning iteration 1833/1895                          [0m 

                               Run name: hierarchical_soccer_chase_hl
                            Total steps: 1161216 
                       Steps per second: 842 
                        Collection time: 7.194s 
                          Learning time: 0.095s 
                        Mean value loss: 40.6375
                    Mean surrogate loss: -0.0061
                      Mean entropy loss: 9.3781
                            Mean reward: 150.65
                    Mean episode length: 205.75
                        Mean action std: 5.52
--------------------------------------------------------------------------------
                         Iteration time: 7.29s
                           Time elapsed: 0:23:01
                                    ETA: 0:07:25

################################################################################
[1m                          Learning iteration 1834/1895                          [0m 

                               Run name: hierarchical_soccer_chase_hl
                            Total steps: 1167360 
                       Steps per second: 842 
                        Collection time: 7.194s 
                          Learning time: 0.097s 
                        Mean value loss: 41.0753
                    Mean surrogate loss: -0.0045
                      Mean entropy loss: 9.3788
                            Mean reward: 150.94
                    Mean episode length: 205.48
                        Mean action std: 5.52
--------------------------------------------------------------------------------
                         Iteration time: 7.29s
                           Time elapsed: 0:23:08
                                    ETA: 0:07:18

################################################################################
[1m                          Learning iteration 1835/1895                          [0m 

                               Run name: hierarchical_soccer_chase_hl
                            Total steps: 1173504 
                       Steps per second: 847 
                        Collection time: 7.155s 
                          Learning time: 0.095s 
                        Mean value loss: 47.7390
                    Mean surrogate loss: -0.0082
                      Mean entropy loss: 9.3824
                            Mean reward: 149.32
                    Mean episode length: 204.44
                        Mean action std: 5.53
--------------------------------------------------------------------------------
                         Iteration time: 7.25s
                           Time elapsed: 0:23:16
                                    ETA: 0:07:11

################################################################################
[1m                          Learning iteration 1836/1895                          [0m 

                               Run name: hierarchical_soccer_chase_hl
                            Total steps: 1179648 
                       Steps per second: 845 
                        Collection time: 7.175s 
                          Learning time: 0.096s 
                        Mean value loss: 44.9533
                    Mean surrogate loss: -0.0104
                      Mean entropy loss: 9.3862
                            Mean reward: 152.46
                    Mean episode length: 206.37
                        Mean action std: 5.54
--------------------------------------------------------------------------------
                         Iteration time: 7.27s
                           Time elapsed: 0:23:23
                                    ETA: 0:07:03

################################################################################
[1m                          Learning iteration 1837/1895                          [0m 

                               Run name: hierarchical_soccer_chase_hl
                            Total steps: 1185792 
                       Steps per second: 847 
                        Collection time: 7.160s 
                          Learning time: 0.091s 
                        Mean value loss: 24.3296
                    Mean surrogate loss: -0.0078
                      Mean entropy loss: 9.3898
                            Mean reward: 154.07
                    Mean episode length: 209.91
                        Mean action std: 5.54
--------------------------------------------------------------------------------
                         Iteration time: 7.25s
                           Time elapsed: 0:23:30
                                    ETA: 0:06:56

################################################################################
[1m                          Learning iteration 1838/1895                          [0m 

                               Run name: hierarchical_soccer_chase_hl
                            Total steps: 1191936 
                       Steps per second: 846 
                        Collection time: 7.166s 
                          Learning time: 0.092s 
                        Mean value loss: 33.3432
                    Mean surrogate loss: -0.0032
                      Mean entropy loss: 9.3903
                            Mean reward: 149.39
                    Mean episode length: 206.15
                        Mean action std: 5.54
--------------------------------------------------------------------------------
                         Iteration time: 7.26s
                           Time elapsed: 0:23:37
                                    ETA: 0:06:49

################################################################################
[1m                          Learning iteration 1839/1895                          [0m 

                               Run name: hierarchical_soccer_chase_hl
                            Total steps: 1198080 
                       Steps per second: 849 
                        Collection time: 7.134s 
                          Learning time: 0.096s 
                        Mean value loss: 22.2337
                    Mean surrogate loss: -0.0036
                      Mean entropy loss: 9.3911
                            Mean reward: 161.76
                    Mean episode length: 220.74
                        Mean action std: 5.54
--------------------------------------------------------------------------------
                         Iteration time: 7.23s
                           Time elapsed: 0:23:45
                                    ETA: 0:06:41

################################################################################
[1m                          Learning iteration 1840/1895                          [0m 

                               Run name: hierarchical_soccer_chase_hl
                            Total steps: 1204224 
                       Steps per second: 843 
                        Collection time: 7.184s 
                          Learning time: 0.101s 
                        Mean value loss: 22.0742
                    Mean surrogate loss: -0.0060
                      Mean entropy loss: 9.3927
                            Mean reward: 167.47
                    Mean episode length: 226.16
                        Mean action std: 5.55
--------------------------------------------------------------------------------
                         Iteration time: 7.28s
                           Time elapsed: 0:23:52
                                    ETA: 0:06:34

################################################################################
[1m                          Learning iteration 1841/1895                          [0m 

                               Run name: hierarchical_soccer_chase_hl
                            Total steps: 1210368 
                       Steps per second: 842 
                        Collection time: 7.192s 
                          Learning time: 0.096s 
                        Mean value loss: 30.0339
                    Mean surrogate loss: -0.0081
                      Mean entropy loss: 9.3946
                            Mean reward: 168.84
                    Mean episode length: 223.81
                        Mean action std: 5.55
--------------------------------------------------------------------------------
                         Iteration time: 7.29s
                           Time elapsed: 0:23:59
                                    ETA: 0:06:27

################################################################################
[1m                          Learning iteration 1842/1895                          [0m 

                               Run name: hierarchical_soccer_chase_hl
                            Total steps: 1216512 
                       Steps per second: 842 
                        Collection time: 7.192s 
                          Learning time: 0.096s 
                        Mean value loss: 23.3786
                    Mean surrogate loss: -0.0042
                      Mean entropy loss: 9.3967
                            Mean reward: 168.74
                    Mean episode length: 223.07
                        Mean action std: 5.55
--------------------------------------------------------------------------------
                         Iteration time: 7.29s
                           Time elapsed: 0:24:07
                                    ETA: 0:06:20

################################################################################
[1m                          Learning iteration 1843/1895                          [0m 

                               Run name: hierarchical_soccer_chase_hl
                            Total steps: 1222656 
                       Steps per second: 845 
                        Collection time: 7.166s 
                          Learning time: 0.096s 
                        Mean value loss: 55.4715
                    Mean surrogate loss: -0.0073
                      Mean entropy loss: 9.3988
                            Mean reward: 163.66
                    Mean episode length: 216.38
                        Mean action std: 5.56
--------------------------------------------------------------------------------
                         Iteration time: 7.26s
                           Time elapsed: 0:24:14
                                    ETA: 0:06:12

################################################################################
[1m                          Learning iteration 1844/1895                          [0m 

                               Run name: hierarchical_soccer_chase_hl
                            Total steps: 1228800 
                       Steps per second: 842 
                        Collection time: 7.201s 
                          Learning time: 0.093s 
                        Mean value loss: 35.7587
                    Mean surrogate loss: -0.0082
                      Mean entropy loss: 9.3999
                            Mean reward: 157.73
                    Mean episode length: 210.26
                        Mean action std: 5.56
--------------------------------------------------------------------------------
                         Iteration time: 7.29s
                           Time elapsed: 0:24:21
                                    ETA: 0:06:05

################################################################################
[1m                          Learning iteration 1845/1895                          [0m 

                               Run name: hierarchical_soccer_chase_hl
                            Total steps: 1234944 
                       Steps per second: 850 
                        Collection time: 7.129s 
                          Learning time: 0.095s 
                        Mean value loss: 17.3021
                    Mean surrogate loss: -0.0077
                      Mean entropy loss: 9.4019
                            Mean reward: 156.72
                    Mean episode length: 208.06
                        Mean action std: 5.57
--------------------------------------------------------------------------------
                         Iteration time: 7.22s
                           Time elapsed: 0:24:28
                                    ETA: 0:05:58

################################################################################
[1m                          Learning iteration 1846/1895                          [0m 

                               Run name: hierarchical_soccer_chase_hl
                            Total steps: 1241088 
                       Steps per second: 848 
                        Collection time: 7.148s 
                          Learning time: 0.096s 
                        Mean value loss: 23.5839
                    Mean surrogate loss: -0.0052
                      Mean entropy loss: 9.4044
                            Mean reward: 155.66
                    Mean episode length: 207.81
                        Mean action std: 5.57
--------------------------------------------------------------------------------
                         Iteration time: 7.24s
                           Time elapsed: 0:24:36
                                    ETA: 0:05:50

################################################################################
[1m                          Learning iteration 1847/1895                          [0m 

                               Run name: hierarchical_soccer_chase_hl
                            Total steps: 1247232 
                       Steps per second: 848 
                        Collection time: 7.148s 
                          Learning time: 0.097s 
                        Mean value loss: 16.6190
                    Mean surrogate loss: -0.0059
                      Mean entropy loss: 9.4069
                            Mean reward: 164.18
                    Mean episode length: 215.72
                        Mean action std: 5.57
--------------------------------------------------------------------------------
                         Iteration time: 7.24s
                           Time elapsed: 0:24:43
                                    ETA: 0:05:43

################################################################################
[1m                          Learning iteration 1848/1895                          [0m 

                               Run name: hierarchical_soccer_chase_hl
                            Total steps: 1253376 
                       Steps per second: 847 
                        Collection time: 7.152s 
                          Learning time: 0.095s 
                        Mean value loss: 25.2451
                    Mean surrogate loss: -0.0039
                      Mean entropy loss: 9.4095
                            Mean reward: 169.83
                    Mean episode length: 222.48
                        Mean action std: 5.58
--------------------------------------------------------------------------------
                         Iteration time: 7.25s
                           Time elapsed: 0:24:50
                                    ETA: 0:05:36

################################################################################
[1m                          Learning iteration 1849/1895                          [0m 

                               Run name: hierarchical_soccer_chase_hl
                            Total steps: 1259520 
                       Steps per second: 843 
                        Collection time: 7.194s 
                          Learning time: 0.092s 
                        Mean value loss: 14.7437
                    Mean surrogate loss: -0.0028
                      Mean entropy loss: 9.4104
                            Mean reward: 170.66
                    Mean episode length: 225.73
                        Mean action std: 5.58
--------------------------------------------------------------------------------
                         Iteration time: 7.29s
                           Time elapsed: 0:24:57
                                    ETA: 0:05:28

################################################################################
[1m                          Learning iteration 1850/1895                          [0m 

                               Run name: hierarchical_soccer_chase_hl
                            Total steps: 1265664 
                       Steps per second: 845 
                        Collection time: 7.174s 
                          Learning time: 0.093s 
                        Mean value loss: 11.6941
                    Mean surrogate loss: -0.0059
                      Mean entropy loss: 9.4134
                            Mean reward: 171.86
                    Mean episode length: 227.04
                        Mean action std: 5.58
--------------------------------------------------------------------------------
                         Iteration time: 7.27s
                           Time elapsed: 0:25:05
                                    ETA: 0:05:21

################################################################################
[1m                          Learning iteration 1851/1895                          [0m 

                               Run name: hierarchical_soccer_chase_hl
                            Total steps: 1271808 
                       Steps per second: 847 
                        Collection time: 7.154s 
                          Learning time: 0.094s 
                        Mean value loss: 20.7090
                    Mean surrogate loss: -0.0054
                      Mean entropy loss: 9.4140
                            Mean reward: 169.54
                    Mean episode length: 226.41
                        Mean action std: 5.59
--------------------------------------------------------------------------------
                         Iteration time: 7.25s
                           Time elapsed: 0:25:12
                                    ETA: 0:05:14

################################################################################
[1m                          Learning iteration 1852/1895                          [0m 

                               Run name: hierarchical_soccer_chase_hl
                            Total steps: 1277952 
                       Steps per second: 845 
                        Collection time: 7.179s 
                          Learning time: 0.091s 
                        Mean value loss: 27.6046
                    Mean surrogate loss: -0.0071
                      Mean entropy loss: 9.4148
                            Mean reward: 173.68
                    Mean episode length: 230.46
                        Mean action std: 5.59
--------------------------------------------------------------------------------
                         Iteration time: 7.27s
                           Time elapsed: 0:25:19
                                    ETA: 0:05:06

################################################################################
[1m                          Learning iteration 1853/1895                          [0m 

                               Run name: hierarchical_soccer_chase_hl
                            Total steps: 1284096 
                       Steps per second: 845 
                        Collection time: 7.168s 
                          Learning time: 0.097s 
                        Mean value loss: 8.5140
                    Mean surrogate loss: -0.0034
                      Mean entropy loss: 9.4154
                            Mean reward: 172.28
                    Mean episode length: 228.79
                        Mean action std: 5.59
--------------------------------------------------------------------------------
                         Iteration time: 7.27s
                           Time elapsed: 0:25:26
                                    ETA: 0:04:59

################################################################################
[1m                          Learning iteration 1854/1895                          [0m 

                               Run name: hierarchical_soccer_chase_hl
                            Total steps: 1290240 
                       Steps per second: 846 
                        Collection time: 7.162s 
                          Learning time: 0.095s 
                        Mean value loss: 19.8151
                    Mean surrogate loss: -0.0057
                      Mean entropy loss: 9.4175
                            Mean reward: 170.47
                    Mean episode length: 227.31
                        Mean action std: 5.59
--------------------------------------------------------------------------------
                         Iteration time: 7.26s
                           Time elapsed: 0:25:34
                                    ETA: 0:04:52

################################################################################
[1m                          Learning iteration 1855/1895                          [0m 

                               Run name: hierarchical_soccer_chase_hl
                            Total steps: 1296384 
                       Steps per second: 847 
                        Collection time: 7.156s 
                          Learning time: 0.096s 
                        Mean value loss: 34.5212
                    Mean surrogate loss: -0.0089
                      Mean entropy loss: 9.4231
                            Mean reward: 172.01
                    Mean episode length: 228.87
                        Mean action std: 5.61
--------------------------------------------------------------------------------
                         Iteration time: 7.25s
                           Time elapsed: 0:25:41
                                    ETA: 0:04:44

################################################################################
[1m                          Learning iteration 1856/1895                          [0m 

                               Run name: hierarchical_soccer_chase_hl
                            Total steps: 1302528 
                       Steps per second: 846 
                        Collection time: 7.165s 
                          Learning time: 0.097s 
                        Mean value loss: 11.5714
                    Mean surrogate loss: -0.0081
                      Mean entropy loss: 9.4300
                            Mean reward: 173.98
                    Mean episode length: 230.24
                        Mean action std: 5.62
--------------------------------------------------------------------------------
                         Iteration time: 7.26s
                           Time elapsed: 0:25:48
                                    ETA: 0:04:37

################################################################################
[1m                          Learning iteration 1857/1895                          [0m 

                               Run name: hierarchical_soccer_chase_hl
                            Total steps: 1308672 
                       Steps per second: 846 
                        Collection time: 7.166s 
                          Learning time: 0.096s 
                        Mean value loss: 28.3425
                    Mean surrogate loss: -0.0069
                      Mean entropy loss: 9.4349
                            Mean reward: 169.14
                    Mean episode length: 225.98
                        Mean action std: 5.63
--------------------------------------------------------------------------------
                         Iteration time: 7.26s
                           Time elapsed: 0:25:55
                                    ETA: 0:04:30

################################################################################
[1m                          Learning iteration 1858/1895                          [0m 

                               Run name: hierarchical_soccer_chase_hl
                            Total steps: 1314816 
                       Steps per second: 847 
                        Collection time: 7.156s 
                          Learning time: 0.096s 
                        Mean value loss: 48.1576
                    Mean surrogate loss: -0.0077
                      Mean entropy loss: 9.4377
                            Mean reward: 163.52
                    Mean episode length: 217.50
                        Mean action std: 5.63
--------------------------------------------------------------------------------
                         Iteration time: 7.25s
                           Time elapsed: 0:26:03
                                    ETA: 0:04:22

################################################################################
[1m                          Learning iteration 1859/1895                          [0m 

                               Run name: hierarchical_soccer_chase_hl
                            Total steps: 1320960 
                       Steps per second: 845 
                        Collection time: 7.169s 
                          Learning time: 0.096s 
                        Mean value loss: 43.4237
                    Mean surrogate loss: -0.0067
                      Mean entropy loss: 9.4386
                            Mean reward: 160.20
                    Mean episode length: 214.12
                        Mean action std: 5.63
--------------------------------------------------------------------------------
                         Iteration time: 7.26s
                           Time elapsed: 0:26:10
                                    ETA: 0:04:15

################################################################################
[1m                          Learning iteration 1860/1895                          [0m 

                               Run name: hierarchical_soccer_chase_hl
                            Total steps: 1327104 
                       Steps per second: 847 
                        Collection time: 7.159s 
                          Learning time: 0.092s 
                        Mean value loss: 29.2976
                    Mean surrogate loss: -0.0054
                      Mean entropy loss: 9.4387
                            Mean reward: 157.26
                    Mean episode length: 210.47
                        Mean action std: 5.63
--------------------------------------------------------------------------------
                         Iteration time: 7.25s
                           Time elapsed: 0:26:17
                                    ETA: 0:04:08

################################################################################
[1m                          Learning iteration 1861/1895                          [0m 

                               Run name: hierarchical_soccer_chase_hl
                            Total steps: 1333248 
                       Steps per second: 842 
                        Collection time: 7.194s 
                          Learning time: 0.097s 
                        Mean value loss: 20.0146
                    Mean surrogate loss: -0.0073
                      Mean entropy loss: 9.4396
                            Mean reward: 166.73
                    Mean episode length: 221.03
                        Mean action std: 5.63
--------------------------------------------------------------------------------
                         Iteration time: 7.29s
                           Time elapsed: 0:26:24
                                    ETA: 0:04:01

################################################################################
[1m                          Learning iteration 1862/1895                          [0m 

                               Run name: hierarchical_soccer_chase_hl
                            Total steps: 1339392 
                       Steps per second: 845 
                        Collection time: 7.167s 
                          Learning time: 0.096s 
                        Mean value loss: 51.2110
                    Mean surrogate loss: -0.0076
                      Mean entropy loss: 9.4413
                            Mean reward: 164.56
                    Mean episode length: 220.43
                        Mean action std: 5.64
--------------------------------------------------------------------------------
                         Iteration time: 7.26s
                           Time elapsed: 0:26:32
                                    ETA: 0:03:53

################################################################################
[1m                          Learning iteration 1863/1895                          [0m 

                               Run name: hierarchical_soccer_chase_hl
                            Total steps: 1345536 
                       Steps per second: 844 
                        Collection time: 7.181s 
                          Learning time: 0.094s 
                        Mean value loss: 31.0983
                    Mean surrogate loss: -0.0066
                      Mean entropy loss: 9.4435
                            Mean reward: 166.62
                    Mean episode length: 224.16
                        Mean action std: 5.64
--------------------------------------------------------------------------------
                         Iteration time: 7.28s
                           Time elapsed: 0:26:39
                                    ETA: 0:03:46

################################################################################
[1m                          Learning iteration 1864/1895                          [0m 

                               Run name: hierarchical_soccer_chase_hl
                            Total steps: 1351680 
                       Steps per second: 844 
                        Collection time: 7.182s 
                          Learning time: 0.096s 
                        Mean value loss: 42.3918
                    Mean surrogate loss: -0.0038
                      Mean entropy loss: 9.4449
                            Mean reward: 166.80
                    Mean episode length: 224.69
                        Mean action std: 5.64
--------------------------------------------------------------------------------
                         Iteration time: 7.28s
                           Time elapsed: 0:26:46
                                    ETA: 0:03:39

################################################################################
[1m                          Learning iteration 1865/1895                          [0m 

                               Run name: hierarchical_soccer_chase_hl
                            Total steps: 1357824 
                       Steps per second: 844 
                        Collection time: 7.182s 
                          Learning time: 0.097s 
                        Mean value loss: 57.1330
                    Mean surrogate loss: -0.0037
                      Mean entropy loss: 9.4458
                            Mean reward: 158.97
                    Mean episode length: 215.82
                        Mean action std: 5.65
--------------------------------------------------------------------------------
                         Iteration time: 7.28s
                           Time elapsed: 0:26:54
                                    ETA: 0:03:31

################################################################################
[1m                          Learning iteration 1866/1895                          [0m 

                               Run name: hierarchical_soccer_chase_hl
                            Total steps: 1363968 
                       Steps per second: 844 
                        Collection time: 7.183s 
                          Learning time: 0.096s 
                        Mean value loss: 52.8948
                    Mean surrogate loss: -0.0057
                      Mean entropy loss: 9.4484
                            Mean reward: 156.75
                    Mean episode length: 213.61
                        Mean action std: 5.65
--------------------------------------------------------------------------------
                         Iteration time: 7.28s
                           Time elapsed: 0:27:01
                                    ETA: 0:03:24

################################################################################
[1m                          Learning iteration 1867/1895                          [0m 

                               Run name: hierarchical_soccer_chase_hl
                            Total steps: 1370112 
                       Steps per second: 844 
                        Collection time: 7.180s 
                          Learning time: 0.096s 
                        Mean value loss: 77.8787
                    Mean surrogate loss: -0.0021
                      Mean entropy loss: 9.4508
                            Mean reward: 154.64
                    Mean episode length: 213.27
                        Mean action std: 5.65
--------------------------------------------------------------------------------
                         Iteration time: 7.28s
                           Time elapsed: 0:27:08
                                    ETA: 0:03:17

################################################################################
[1m                          Learning iteration 1868/1895                          [0m 

                               Run name: hierarchical_soccer_chase_hl
                            Total steps: 1376256 
                       Steps per second: 846 
                        Collection time: 7.165s 
                          Learning time: 0.095s 
                        Mean value loss: 48.3139
                    Mean surrogate loss: -0.0035
                      Mean entropy loss: 9.4508
                            Mean reward: 149.47
                    Mean episode length: 207.19
                        Mean action std: 5.65
--------------------------------------------------------------------------------
                         Iteration time: 7.26s
                           Time elapsed: 0:27:15
                                    ETA: 0:03:09

################################################################################
[1m                          Learning iteration 1869/1895                          [0m 

                               Run name: hierarchical_soccer_chase_hl
                            Total steps: 1382400 
                       Steps per second: 845 
                        Collection time: 7.175s 
                          Learning time: 0.095s 
                        Mean value loss: 42.1790
                    Mean surrogate loss: -0.0062
                      Mean entropy loss: 9.4496
                            Mean reward: 153.32
                    Mean episode length: 211.63
                        Mean action std: 5.65
--------------------------------------------------------------------------------
                         Iteration time: 7.27s
                           Time elapsed: 0:27:23
                                    ETA: 0:03:02

################################################################################
[1m                          Learning iteration 1870/1895                          [0m 

                               Run name: hierarchical_soccer_chase_hl
                            Total steps: 1388544 
                       Steps per second: 843 
                        Collection time: 7.192s 
                          Learning time: 0.096s 
                        Mean value loss: 68.4230
                    Mean surrogate loss: -0.0042
                      Mean entropy loss: 9.4501
                            Mean reward: 145.80
                    Mean episode length: 202.79
                        Mean action std: 5.65
--------------------------------------------------------------------------------
                         Iteration time: 7.29s
                           Time elapsed: 0:27:30
                                    ETA: 0:02:55

################################################################################
[1m                          Learning iteration 1871/1895                          [0m 

                               Run name: hierarchical_soccer_chase_hl
                            Total steps: 1394688 
                       Steps per second: 842 
                        Collection time: 7.201s 
                          Learning time: 0.095s 
                        Mean value loss: 47.5010
                    Mean surrogate loss: -0.0070
                      Mean entropy loss: 9.4557
                            Mean reward: 146.70
                    Mean episode length: 198.69
                        Mean action std: 5.67
--------------------------------------------------------------------------------
                         Iteration time: 7.30s
                           Time elapsed: 0:27:37
                                    ETA: 0:02:47

################################################################################
[1m                          Learning iteration 1872/1895                          [0m 

                               Run name: hierarchical_soccer_chase_hl
                            Total steps: 1400832 
                       Steps per second: 834 
                        Collection time: 7.265s 
                          Learning time: 0.097s 
                        Mean value loss: 76.4443
                    Mean surrogate loss: -0.0087
                      Mean entropy loss: 9.4633
                            Mean reward: 143.17
                    Mean episode length: 195.53
                        Mean action std: 5.68
--------------------------------------------------------------------------------
                         Iteration time: 7.36s
                           Time elapsed: 0:27:45
                                    ETA: 0:02:40

################################################################################
[1m                          Learning iteration 1873/1895                          [0m 

                               Run name: hierarchical_soccer_chase_hl
                            Total steps: 1406976 
                       Steps per second: 838 
                        Collection time: 7.229s 
                          Learning time: 0.099s 
                        Mean value loss: 42.0939
                    Mean surrogate loss: -0.0059
                      Mean entropy loss: 9.4666
                            Mean reward: 151.06
                    Mean episode length: 203.43
                        Mean action std: 5.68
--------------------------------------------------------------------------------
                         Iteration time: 7.33s
                           Time elapsed: 0:27:52
                                    ETA: 0:02:33

################################################################################
[1m                          Learning iteration 1874/1895                          [0m 

                               Run name: hierarchical_soccer_chase_hl
                            Total steps: 1413120 
                       Steps per second: 843 
                        Collection time: 7.192s 
                          Learning time: 0.096s 
                        Mean value loss: 31.5050
                    Mean surrogate loss: -0.0041
                      Mean entropy loss: 9.4679
                            Mean reward: 152.92
                    Mean episode length: 207.82
                        Mean action std: 5.69
--------------------------------------------------------------------------------
                         Iteration time: 7.29s
                           Time elapsed: 0:27:59
                                    ETA: 0:02:26

################################################################################
[1m                          Learning iteration 1875/1895                          [0m 

                               Run name: hierarchical_soccer_chase_hl
                            Total steps: 1419264 
                       Steps per second: 845 
                        Collection time: 7.172s 
                          Learning time: 0.093s 
                        Mean value loss: 30.8610
                    Mean surrogate loss: -0.0039
                      Mean entropy loss: 9.4683
                            Mean reward: 159.76
                    Mean episode length: 216.00
                        Mean action std: 5.69
--------------------------------------------------------------------------------
                         Iteration time: 7.26s
                           Time elapsed: 0:28:07
                                    ETA: 0:02:18

################################################################################
[1m                          Learning iteration 1876/1895                          [0m 

                               Run name: hierarchical_soccer_chase_hl
                            Total steps: 1425408 
                       Steps per second: 845 
                        Collection time: 7.172s 
                          Learning time: 0.094s 
                        Mean value loss: 22.1985
                    Mean surrogate loss: -0.0066
                      Mean entropy loss: 9.4687
                            Mean reward: 160.15
                    Mean episode length: 214.11
                        Mean action std: 5.69
--------------------------------------------------------------------------------
                         Iteration time: 7.27s
                           Time elapsed: 0:28:14
                                    ETA: 0:02:11

################################################################################
[1m                          Learning iteration 1877/1895                          [0m 

                               Run name: hierarchical_soccer_chase_hl
                            Total steps: 1431552 
                       Steps per second: 846 
                        Collection time: 7.157s 
                          Learning time: 0.097s 
                        Mean value loss: 53.4021
                    Mean surrogate loss: -0.0062
                      Mean entropy loss: 9.4708
                            Mean reward: 161.64
                    Mean episode length: 213.39
                        Mean action std: 5.69
--------------------------------------------------------------------------------
                         Iteration time: 7.25s
                           Time elapsed: 0:28:21
                                    ETA: 0:02:04

################################################################################
[1m                          Learning iteration 1878/1895                          [0m 

                               Run name: hierarchical_soccer_chase_hl
                            Total steps: 1437696 
                       Steps per second: 843 
                        Collection time: 7.188s 
                          Learning time: 0.094s 
                        Mean value loss: 53.3468
                    Mean surrogate loss: -0.0075
                      Mean entropy loss: 9.4741
                            Mean reward: 155.03
                    Mean episode length: 205.37
                        Mean action std: 5.70
--------------------------------------------------------------------------------
                         Iteration time: 7.28s
                           Time elapsed: 0:28:28
                                    ETA: 0:01:56

################################################################################
[1m                          Learning iteration 1879/1895                          [0m 

                               Run name: hierarchical_soccer_chase_hl
                            Total steps: 1443840 
                       Steps per second: 844 
                        Collection time: 7.181s 
                          Learning time: 0.098s 
                        Mean value loss: 53.1566
                    Mean surrogate loss: -0.0038
                      Mean entropy loss: 9.4761
                            Mean reward: 160.08
                    Mean episode length: 211.71
                        Mean action std: 5.71
--------------------------------------------------------------------------------
                         Iteration time: 7.28s
                           Time elapsed: 0:28:36
                                    ETA: 0:01:49

################################################################################
[1m                          Learning iteration 1880/1895                          [0m 

                               Run name: hierarchical_soccer_chase_hl
                            Total steps: 1449984 
                       Steps per second: 846 
                        Collection time: 7.170s 
                          Learning time: 0.092s 
                        Mean value loss: 43.2582
                    Mean surrogate loss: -0.0074
                      Mean entropy loss: 9.4828
                            Mean reward: 160.71
                    Mean episode length: 212.60
                        Mean action std: 5.72
--------------------------------------------------------------------------------
                         Iteration time: 7.26s
                           Time elapsed: 0:28:43
                                    ETA: 0:01:42

################################################################################
[1m                          Learning iteration 1881/1895                          [0m 

                               Run name: hierarchical_soccer_chase_hl
                            Total steps: 1456128 
                       Steps per second: 844 
                        Collection time: 7.185s 
                          Learning time: 0.091s 
                        Mean value loss: 38.5277
                    Mean surrogate loss: -0.0080
                      Mean entropy loss: 9.4878
                            Mean reward: 160.34
                    Mean episode length: 216.31
                        Mean action std: 5.72
--------------------------------------------------------------------------------
                         Iteration time: 7.28s
                           Time elapsed: 0:28:50
                                    ETA: 0:01:34

################################################################################
[1m                          Learning iteration 1882/1895                          [0m 

                               Run name: hierarchical_soccer_chase_hl
                            Total steps: 1462272 
                       Steps per second: 846 
                        Collection time: 7.170s 
                          Learning time: 0.092s 
                        Mean value loss: 65.4048
                    Mean surrogate loss: -0.0056
                      Mean entropy loss: 9.4898
                            Mean reward: 157.63
                    Mean episode length: 213.21
                        Mean action std: 5.73
--------------------------------------------------------------------------------
                         Iteration time: 7.26s
                           Time elapsed: 0:28:57
                                    ETA: 0:01:27

################################################################################
[1m                          Learning iteration 1883/1895                          [0m 

                               Run name: hierarchical_soccer_chase_hl
                            Total steps: 1468416 
                       Steps per second: 846 
                        Collection time: 7.168s 
                          Learning time: 0.091s 
                        Mean value loss: 34.8468
                    Mean surrogate loss: -0.0068
                      Mean entropy loss: 9.4944
                            Mean reward: 149.48
                    Mean episode length: 203.12
                        Mean action std: 5.74
--------------------------------------------------------------------------------
                         Iteration time: 7.26s
                           Time elapsed: 0:29:05
                                    ETA: 0:01:20

################################################################################
[1m                          Learning iteration 1884/1895                          [0m 

                               Run name: hierarchical_soccer_chase_hl
                            Total steps: 1474560 
                       Steps per second: 847 
                        Collection time: 7.158s 
                          Learning time: 0.092s 
                        Mean value loss: 17.6103
                    Mean surrogate loss: -0.0040
                      Mean entropy loss: 9.4957
                            Mean reward: 149.49
                    Mean episode length: 201.90
                        Mean action std: 5.74
--------------------------------------------------------------------------------
                         Iteration time: 7.25s
                           Time elapsed: 0:29:12
                                    ETA: 0:01:13

################################################################################
[1m                          Learning iteration 1885/1895                          [0m 

                               Run name: hierarchical_soccer_chase_hl
                            Total steps: 1480704 
                       Steps per second: 842 
                        Collection time: 7.196s 
                          Learning time: 0.097s 
                        Mean value loss: 33.0545
                    Mean surrogate loss: -0.0071
                      Mean entropy loss: 9.4993
                            Mean reward: 149.03
                    Mean episode length: 202.68
                        Mean action std: 5.75
--------------------------------------------------------------------------------
                         Iteration time: 7.29s
                           Time elapsed: 0:29:19
                                    ETA: 0:01:05

################################################################################
[1m                          Learning iteration 1886/1895                          [0m 

                               Run name: hierarchical_soccer_chase_hl
                            Total steps: 1486848 
                       Steps per second: 843 
                        Collection time: 7.188s 
                          Learning time: 0.097s 
                        Mean value loss: 52.3341
                    Mean surrogate loss: -0.0047
                      Mean entropy loss: 9.5006
                            Mean reward: 154.03
                    Mean episode length: 207.08
                        Mean action std: 5.75
--------------------------------------------------------------------------------
                         Iteration time: 7.28s
                           Time elapsed: 0:29:26
                                    ETA: 0:00:58

################################################################################
[1m                          Learning iteration 1887/1895                          [0m 

                               Run name: hierarchical_soccer_chase_hl
                            Total steps: 1492992 
                       Steps per second: 844 
                        Collection time: 7.176s 
                          Learning time: 0.096s 
                        Mean value loss: 28.6610
                    Mean surrogate loss: -0.0063
                      Mean entropy loss: 9.5019
                            Mean reward: 150.59
                    Mean episode length: 205.52
                        Mean action std: 5.75
--------------------------------------------------------------------------------
                         Iteration time: 7.27s
                           Time elapsed: 0:29:34
                                    ETA: 0:00:51

################################################################################
[1m                          Learning iteration 1888/1895                          [0m 

                               Run name: hierarchical_soccer_chase_hl
                            Total steps: 1499136 
                       Steps per second: 845 
                        Collection time: 7.171s 
                          Learning time: 0.096s 
                        Mean value loss: 5.4250
                    Mean surrogate loss: -0.0045
                      Mean entropy loss: 9.5024
                            Mean reward: 152.75
                    Mean episode length: 207.49
                        Mean action std: 5.75
--------------------------------------------------------------------------------
                         Iteration time: 7.27s
                           Time elapsed: 0:29:41
                                    ETA: 0:00:43

################################################################################
[1m                          Learning iteration 1889/1895                          [0m 

                               Run name: hierarchical_soccer_chase_hl
                            Total steps: 1505280 
                       Steps per second: 846 
                        Collection time: 7.160s 
                          Learning time: 0.095s 
                        Mean value loss: 25.2471
                    Mean surrogate loss: -0.0089
                      Mean entropy loss: 9.5058
                            Mean reward: 162.02
                    Mean episode length: 218.61
                        Mean action std: 5.76
--------------------------------------------------------------------------------
                         Iteration time: 7.25s
                           Time elapsed: 0:29:48
                                    ETA: 0:00:36

################################################################################
[1m                          Learning iteration 1890/1895                          [0m 

                               Run name: hierarchical_soccer_chase_hl
                            Total steps: 1511424 
                       Steps per second: 846 
                        Collection time: 7.166s 
                          Learning time: 0.096s 
                        Mean value loss: 31.0091
                    Mean surrogate loss: -0.0058
                      Mean entropy loss: 9.5079
                            Mean reward: 160.49
                    Mean episode length: 217.28
                        Mean action std: 5.76
--------------------------------------------------------------------------------
                         Iteration time: 7.26s
                           Time elapsed: 0:29:56
                                    ETA: 0:00:29

################################################################################
[1m                          Learning iteration 1891/1895                          [0m 

                               Run name: hierarchical_soccer_chase_hl
                            Total steps: 1517568 
                       Steps per second: 845 
                        Collection time: 7.168s 
                          Learning time: 0.095s 
                        Mean value loss: 31.4583
                    Mean surrogate loss: -0.0038
                      Mean entropy loss: 9.5091
                            Mean reward: 163.71
                    Mean episode length: 221.44
                        Mean action std: 5.77
--------------------------------------------------------------------------------
                         Iteration time: 7.26s
                           Time elapsed: 0:30:03
                                    ETA: 0:00:21

################################################################################
[1m                          Learning iteration 1892/1895                          [0m 

                               Run name: hierarchical_soccer_chase_hl
                            Total steps: 1523712 
                       Steps per second: 844 
                        Collection time: 7.180s 
                          Learning time: 0.095s 
                        Mean value loss: 35.3006
                    Mean surrogate loss: -0.0062
                      Mean entropy loss: 9.5133
                            Mean reward: 163.01
                    Mean episode length: 218.91
                        Mean action std: 5.77
--------------------------------------------------------------------------------
                         Iteration time: 7.28s
                           Time elapsed: 0:30:10
                                    ETA: 0:00:14

################################################################################
[1m                          Learning iteration 1893/1895                          [0m 

                               Run name: hierarchical_soccer_chase_hl
                            Total steps: 1529856 
                       Steps per second: 848 
                        Collection time: 7.143s 
                          Learning time: 0.098s 
                        Mean value loss: 24.7939
                    Mean surrogate loss: -0.0054
                      Mean entropy loss: 9.5153
                            Mean reward: 163.49
                    Mean episode length: 218.31
                        Mean action std: 5.78
--------------------------------------------------------------------------------
                         Iteration time: 7.24s
                           Time elapsed: 0:30:17
                                    ETA: 0:00:07

################################################################################
[1m                          Learning iteration 1894/1895                          [0m 

                               Run name: hierarchical_soccer_chase_hl
                            Total steps: 1536000 
                       Steps per second: 847 
                        Collection time: 7.159s 
                          Learning time: 0.092s 
                        Mean value loss: 8.4606
                    Mean surrogate loss: -0.0071
                      Mean entropy loss: 9.5195
                            Mean reward: 168.07
                    Mean episode length: 221.72
                        Mean action std: 5.78
--------------------------------------------------------------------------------
                         Iteration time: 7.25s
                           Time elapsed: 0:30:25
                                    ETA: 0:00:00


=== Training complete ===
  Models saved in: runs/hierarchical_soccer_chase_hl
  Best model: runs/hierarchical_soccer_chase_hl/model_250.pt
