[38;5;226m[Genesis] [22:48:18] [WARNING] Mesh is not watertight. Falling back to convex hull for estimating inertial properties.[0m
[38;5;226m[Genesis] [22:48:18] [WARNING] Mesh is not watertight. Falling back to convex hull for estimating inertial properties.[0m
[38;5;226m[Genesis] [22:48:19] [WARNING] Mesh is not watertight. Falling back to convex hull for estimating inertial properties.[0m
[38;5;226m[Genesis] [22:48:19] [WARNING] Mesh is not watertight. Falling back to convex hull for estimating inertial properties.[0m
/opt/venv/lib/python3.12/site-packages/quadrants/lang/ast/ast_transformers/function_def_transformer.py:715: DeprecationWarning: ast.Str is deprecated and will be removed in Python 3.14; use ast.Constant instead
  return index == 0 and isinstance(stmt, ast.Expr) and isinstance(stmt.value, (ast.Constant, ast.Str))
[hierarchical] Walk model normalizer loaded: mean=torch.Size([1, 720])
[hierarchical] Frozen walk model loaded from /workspace/booster_deploy/tasks/locomotion/models/t1_walk.pt
[hierarchical] HL obs dim=19, HL action dim=3
[hierarchical] HL dt=0.100s, decimation=5
[hierarchical] HL clip: lin=1.2 m/s, ang=1.2 rad/s
--------------------------------------------------------------------------------
Resolved observation sets: 
	 actor :  ['policy']
	 critic :  ['policy']
--------------------------------------------------------------------------------
Actor Model: MLPModel(
  (obs_normalizer): Identity()
  (distribution): GaussianDistribution()
  (mlp): MLP(
    (0): Linear(in_features=19, out_features=256, bias=True)
    (1): ELU(alpha=1.0)
    (2): Linear(in_features=256, out_features=128, bias=True)
    (3): ELU(alpha=1.0)
    (4): Linear(in_features=128, out_features=64, bias=True)
    (5): ELU(alpha=1.0)
    (6): Linear(in_features=64, out_features=3, bias=True)
  )
)
Critic Model: MLPModel(
  (obs_normalizer): Identity()
  (mlp): MLP(
    (0): Linear(in_features=19, out_features=256, bias=True)
    (1): ELU(alpha=1.0)
    (2): Linear(in_features=256, out_features=128, bias=True)
    (3): ELU(alpha=1.0)
    (4): Linear(in_features=128, out_features=64, bias=True)
    (5): ELU(alpha=1.0)
    (6): Linear(in_features=64, out_features=1, bias=True)
  )
)

============================================================
  Hierarchical Soccer Training
============================================================
  High-level obs dim:    19
  High-level action dim: 3 (vx, vy, wz)
  Low-level model:       /workspace/booster_deploy/tasks/locomotion/models/t1_walk.pt
  Decimation:            5 (HL dt = 0.100s)
  Envs:                  2048
  Max iterations:        500
  Save interval:         50
  Log dir:               runs/hierarchical_soccer_chase_hl
============================================================

Could not find git repository in /opt/venv/lib/python3.12/site-packages/rsl_rl/__init__.py. Skipping.
################################################################################
[1m                            Learning iteration 0/500                            [0m 

                               Run name: hierarchical_soccer_chase_hl
                            Total steps: 49152 
                       Steps per second: 2229 
                        Collection time: 21.091s 
                          Learning time: 0.959s 
                        Mean value loss: 94.5602
                    Mean surrogate loss: 0.0096
                      Mean entropy loss: 4.2410
                            Mean reward: -24.44
                    Mean episode length: 19.17
                        Mean action std: 0.99
         Mean episode goal_per_1k_steps: 0.0000
         Mean episode mean_dist_to_ball: 3.2844
               Mean episode goals_total: 0.0000
--------------------------------------------------------------------------------
                         Iteration time: 22.05s
                           Time elapsed: 0:00:22
                                    ETA: 3:03:22

################################################################################
[1m                            Learning iteration 1/500                            [0m 

                               Run name: hierarchical_soccer_chase_hl
                            Total steps: 98304 
                       Steps per second: 4485 
                        Collection time: 10.728s 
                          Learning time: 0.231s 
                        Mean value loss: 116.1915
                    Mean surrogate loss: 0.0016
                      Mean entropy loss: 4.2051
                            Mean reward: -25.52
                    Mean episode length: 19.07
                        Mean action std: 0.97
         Mean episode goal_per_1k_steps: 0.0000
         Mean episode mean_dist_to_ball: 3.2836
               Mean episode goals_total: 0.0000
--------------------------------------------------------------------------------
                         Iteration time: 10.96s
                           Time elapsed: 0:00:33
                                    ETA: 2:16:59

################################################################################
[1m                            Learning iteration 2/500                            [0m 

                               Run name: hierarchical_soccer_chase_hl
                            Total steps: 147456 
                       Steps per second: 4518 
                        Collection time: 10.646s 
                          Learning time: 0.231s 
                        Mean value loss: 111.3504
                    Mean surrogate loss: -0.0007
                      Mean entropy loss: 4.0970
                            Mean reward: -25.15
                    Mean episode length: 22.73
                        Mean action std: 0.94
         Mean episode goal_per_1k_steps: 0.0000
         Mean episode mean_dist_to_ball: 3.3153
               Mean episode goals_total: 0.0000
--------------------------------------------------------------------------------
                         Iteration time: 10.88s
                           Time elapsed: 0:00:43
                                    ETA: 2:01:10

################################################################################
[1m                            Learning iteration 3/500                            [0m 

                               Run name: hierarchical_soccer_chase_hl
                            Total steps: 196608 
                       Steps per second: 4486 
                        Collection time: 10.724s 
                          Learning time: 0.231s 
                        Mean value loss: 103.8963
                    Mean surrogate loss: 0.0032
                      Mean entropy loss: 4.0051
                            Mean reward: -22.25
                    Mean episode length: 22.63
                        Mean action std: 0.91
         Mean episode goal_per_1k_steps: 0.0000
         Mean episode mean_dist_to_ball: 3.3630
               Mean episode goals_total: 0.0000
--------------------------------------------------------------------------------
                         Iteration time: 10.96s
                           Time elapsed: 0:00:54
                                    ETA: 1:53:20

################################################################################
[1m                            Learning iteration 4/500                            [0m 

                               Run name: hierarchical_soccer_chase_hl
                            Total steps: 245760 
                       Steps per second: 4513 
                        Collection time: 10.659s 
                          Learning time: 0.230s 
                        Mean value loss: 99.8569
                    Mean surrogate loss: -0.0022
                      Mean entropy loss: 3.9145
                            Mean reward: -27.16
                    Mean episode length: 25.36
                        Mean action std: 0.89
         Mean episode goal_per_1k_steps: 0.0203
         Mean episode mean_dist_to_ball: 3.3728
               Mean episode goals_total: 0.4583
--------------------------------------------------------------------------------
                         Iteration time: 10.89s
                           Time elapsed: 0:01:05
                                    ETA: 1:48:27

################################################################################
[1m                            Learning iteration 5/500                            [0m 

                               Run name: hierarchical_soccer_chase_hl
                            Total steps: 294912 
                       Steps per second: 4512 
                        Collection time: 10.662s 
                          Learning time: 0.231s 
                        Mean value loss: 89.0426
                    Mean surrogate loss: -0.0035
                      Mean entropy loss: 3.8259
                            Mean reward: -23.74
                    Mean episode length: 26.98
                        Mean action std: 0.87
         Mean episode goal_per_1k_steps: 0.0000
         Mean episode mean_dist_to_ball: 3.3623
               Mean episode goals_total: 1.0000
--------------------------------------------------------------------------------
                         Iteration time: 10.89s
                           Time elapsed: 0:01:16
                                    ETA: 1:45:08

################################################################################
[1m                            Learning iteration 6/500                            [0m 

                               Run name: hierarchical_soccer_chase_hl
                            Total steps: 344064 
                       Steps per second: 4533 
                        Collection time: 10.612s 
                          Learning time: 0.230s 
                        Mean value loss: 83.8067
                    Mean surrogate loss: -0.0035
                      Mean entropy loss: 3.7644
                            Mean reward: -22.26
                    Mean episode length: 25.15
                        Mean action std: 0.85
         Mean episode goal_per_1k_steps: 0.0203
         Mean episode mean_dist_to_ball: 3.3959
               Mean episode goals_total: 1.0000
--------------------------------------------------------------------------------
                         Iteration time: 10.84s
                           Time elapsed: 0:01:27
                                    ETA: 1:42:40

################################################################################
[1m                            Learning iteration 7/500                            [0m 

                               Run name: hierarchical_soccer_chase_hl
                            Total steps: 393216 
                       Steps per second: 4542 
                        Collection time: 10.593s 
                          Learning time: 0.228s 
                        Mean value loss: 73.8250
                    Mean surrogate loss: -0.0036
                      Mean entropy loss: 3.6970
                            Mean reward: -24.97
                    Mean episode length: 26.27
                        Mean action std: 0.83
         Mean episode goal_per_1k_steps: 0.0000
         Mean episode mean_dist_to_ball: 3.4003
               Mean episode goals_total: 1.0000
--------------------------------------------------------------------------------
                         Iteration time: 10.82s
                           Time elapsed: 0:01:38
                                    ETA: 1:40:44

################################################################################
[1m                            Learning iteration 8/500                            [0m 

                               Run name: hierarchical_soccer_chase_hl
                            Total steps: 442368 
                       Steps per second: 4525 
                        Collection time: 10.630s 
                          Learning time: 0.230s 
                        Mean value loss: 66.1037
                    Mean surrogate loss: -0.0036
                      Mean entropy loss: 3.6118
                            Mean reward: -23.36
                    Mean episode length: 25.03
                        Mean action std: 0.81
         Mean episode goal_per_1k_steps: 0.0549
         Mean episode mean_dist_to_ball: 3.4159
               Mean episode goals_total: 1.2917
--------------------------------------------------------------------------------
                         Iteration time: 10.86s
                           Time elapsed: 0:01:49
                                    ETA: 1:39:14

################################################################################
[1m                            Learning iteration 9/500                            [0m 

                               Run name: hierarchical_soccer_chase_hl
                            Total steps: 491520 
                       Steps per second: 4550 
                        Collection time: 10.570s 
                          Learning time: 0.230s 
                        Mean value loss: 64.3695
                    Mean surrogate loss: -0.0040
                      Mean entropy loss: 3.5373
                            Mean reward: -20.70
                    Mean episode length: 27.53
                        Mean action std: 0.79
         Mean episode goal_per_1k_steps: 0.0061
         Mean episode mean_dist_to_ball: 3.4336
               Mean episode goals_total: 2.0000
--------------------------------------------------------------------------------
                         Iteration time: 10.80s
                           Time elapsed: 0:01:59
                                    ETA: 1:37:57

################################################################################
[1m                           Learning iteration 10/500                            [0m 

                               Run name: hierarchical_soccer_chase_hl
                            Total steps: 540672 
                       Steps per second: 4565 
                        Collection time: 10.538s 
                          Learning time: 0.228s 
                        Mean value loss: 55.0970
                    Mean surrogate loss: -0.0029
                      Mean entropy loss: 3.4609
                            Mean reward: -18.49
                    Mean episode length: 27.88
                        Mean action std: 0.77
         Mean episode goal_per_1k_steps: 0.0000
         Mean episode mean_dist_to_ball: 3.4278
               Mean episode goals_total: 2.0000
--------------------------------------------------------------------------------
                         Iteration time: 10.77s
                           Time elapsed: 0:02:10
                                    ETA: 1:36:50

################################################################################
[1m                           Learning iteration 11/500                            [0m 

                               Run name: hierarchical_soccer_chase_hl
                            Total steps: 589824 
                       Steps per second: 4550 
                        Collection time: 10.573s 
                          Learning time: 0.228s 
                        Mean value loss: 51.3073
                    Mean surrogate loss: -0.0038
                      Mean entropy loss: 3.3895
                            Mean reward: -21.01
                    Mean episode length: 27.19
                        Mean action std: 0.75
         Mean episode goal_per_1k_steps: 0.0203
         Mean episode mean_dist_to_ball: 3.4228
               Mean episode goals_total: 2.7917
--------------------------------------------------------------------------------
                         Iteration time: 10.80s
                           Time elapsed: 0:02:21
                                    ETA: 1:35:54

################################################################################
[1m                           Learning iteration 12/500                            [0m 

                               Run name: hierarchical_soccer_chase_hl
                            Total steps: 638976 
                       Steps per second: 4543 
                        Collection time: 10.590s 
                          Learning time: 0.227s 
                        Mean value loss: 46.1725
                    Mean surrogate loss: -0.0033
                      Mean entropy loss: 3.3245
                            Mean reward: -21.81
                    Mean episode length: 31.00
                        Mean action std: 0.74
         Mean episode goal_per_1k_steps: 0.0203
         Mean episode mean_dist_to_ball: 3.3686
               Mean episode goals_total: 3.0000
--------------------------------------------------------------------------------
                         Iteration time: 10.82s
                           Time elapsed: 0:02:32
                                    ETA: 1:35:06

################################################################################
[1m                           Learning iteration 13/500                            [0m 

                               Run name: hierarchical_soccer_chase_hl
                            Total steps: 688128 
                       Steps per second: 4569 
                        Collection time: 10.527s 
                          Learning time: 0.230s 
                        Mean value loss: 44.4271
                    Mean surrogate loss: -0.0044
                      Mean entropy loss: 3.2503
                            Mean reward: -16.39
                    Mean episode length: 31.91
                        Mean action std: 0.72
         Mean episode goal_per_1k_steps: 0.0000
         Mean episode mean_dist_to_ball: 3.3790
               Mean episode goals_total: 3.0000
--------------------------------------------------------------------------------
                         Iteration time: 10.76s
                           Time elapsed: 0:02:43
                                    ETA: 1:34:21

################################################################################
[1m                           Learning iteration 14/500                            [0m 

                               Run name: hierarchical_soccer_chase_hl
                            Total steps: 737280 
                       Steps per second: 4559 
                        Collection time: 10.550s 
                          Learning time: 0.230s 
                        Mean value loss: 42.6763
                    Mean surrogate loss: -0.0029
                      Mean entropy loss: 3.2061
                            Mean reward: -20.57
                    Mean episode length: 35.66
                        Mean action std: 0.71
         Mean episode goal_per_1k_steps: 0.0000
         Mean episode mean_dist_to_ball: 3.3651
               Mean episode goals_total: 3.0000
--------------------------------------------------------------------------------
                         Iteration time: 10.78s
                           Time elapsed: 0:02:53
                                    ETA: 1:33:41

################################################################################
[1m                           Learning iteration 15/500                            [0m 

                               Run name: hierarchical_soccer_chase_hl
                            Total steps: 786432 
                       Steps per second: 4568 
                        Collection time: 10.528s 
                          Learning time: 0.231s 
                        Mean value loss: 39.2234
                    Mean surrogate loss: -0.0020
                      Mean entropy loss: 3.1576
                            Mean reward: -19.41
                    Mean episode length: 33.25
                        Mean action std: 0.70
         Mean episode goal_per_1k_steps: 0.0000
         Mean episode mean_dist_to_ball: 3.3490
               Mean episode goals_total: 3.0000
--------------------------------------------------------------------------------
                         Iteration time: 10.76s
                           Time elapsed: 0:03:04
                                    ETA: 1:33:04

################################################################################
[1m                           Learning iteration 16/500                            [0m 

                               Run name: hierarchical_soccer_chase_hl
                            Total steps: 835584 
                       Steps per second: 4552 
                        Collection time: 10.570s 
                          Learning time: 0.227s 
                        Mean value loss: 37.9623
                    Mean surrogate loss: -0.0021
                      Mean entropy loss: 3.1113
                            Mean reward: -16.88
                    Mean episode length: 32.46
                        Mean action std: 0.69
         Mean episode goal_per_1k_steps: 0.0000
         Mean episode mean_dist_to_ball: 3.2984
               Mean episode goals_total: 3.0000
--------------------------------------------------------------------------------
                         Iteration time: 10.80s
                           Time elapsed: 0:03:15
                                    ETA: 1:32:32

################################################################################
[1m                           Learning iteration 17/500                            [0m 

                               Run name: hierarchical_soccer_chase_hl
                            Total steps: 884736 
                       Steps per second: 4579 
                        Collection time: 10.505s 
                          Learning time: 0.227s 
                        Mean value loss: 35.1320
                    Mean surrogate loss: -0.0031
                      Mean entropy loss: 3.0523
                            Mean reward: -15.79
                    Mean episode length: 41.77
                        Mean action std: 0.68
         Mean episode goal_per_1k_steps: 0.0203
         Mean episode mean_dist_to_ball: 3.2582
               Mean episode goals_total: 3.0000
--------------------------------------------------------------------------------
                         Iteration time: 10.73s
                           Time elapsed: 0:03:26
                                    ETA: 1:32:00

################################################################################
[1m                           Learning iteration 18/500                            [0m 

                               Run name: hierarchical_soccer_chase_hl
                            Total steps: 933888 
                       Steps per second: 4568 
                        Collection time: 10.531s 
                          Learning time: 0.227s 
                        Mean value loss: 33.9404
                    Mean surrogate loss: -0.0032
                      Mean entropy loss: 2.9850
                            Mean reward: -17.53
                    Mean episode length: 34.19
                        Mean action std: 0.66
         Mean episode goal_per_1k_steps: 0.0203
         Mean episode mean_dist_to_ball: 3.2184
               Mean episode goals_total: 3.7083
--------------------------------------------------------------------------------
                         Iteration time: 10.76s
                           Time elapsed: 0:03:36
                                    ETA: 1:31:31

################################################################################
[1m                           Learning iteration 19/500                            [0m 

                               Run name: hierarchical_soccer_chase_hl
                            Total steps: 983040 
                       Steps per second: 4579 
                        Collection time: 10.505s 
                          Learning time: 0.227s 
                        Mean value loss: 31.7105
                    Mean surrogate loss: -0.0018
                      Mean entropy loss: 2.9322
                            Mean reward: -15.67
                    Mean episode length: 33.56
                        Mean action std: 0.65
         Mean episode goal_per_1k_steps: 0.0000
         Mean episode mean_dist_to_ball: 3.2105
               Mean episode goals_total: 4.0000
--------------------------------------------------------------------------------
                         Iteration time: 10.73s
                           Time elapsed: 0:03:47
                                    ETA: 1:31:03

################################################################################
[1m                           Learning iteration 20/500                            [0m 

                               Run name: hierarchical_soccer_chase_hl
                            Total steps: 1032192 
                       Steps per second: 4547 
                        Collection time: 10.578s 
                          Learning time: 0.230s 
                        Mean value loss: 28.0987
                    Mean surrogate loss: -0.0023
                      Mean entropy loss: 2.8660
                            Mean reward: -13.33
                    Mean episode length: 37.62
                        Mean action std: 0.64
         Mean episode goal_per_1k_steps: 0.0407
         Mean episode mean_dist_to_ball: 3.1841
               Mean episode goals_total: 4.6250
--------------------------------------------------------------------------------
                         Iteration time: 10.81s
                           Time elapsed: 0:03:58
                                    ETA: 1:30:39

################################################################################
[1m                           Learning iteration 21/500                            [0m 

                               Run name: hierarchical_soccer_chase_hl
                            Total steps: 1081344 
                       Steps per second: 4526 
                        Collection time: 10.630s 
                          Learning time: 0.228s 
                        Mean value loss: 29.4452
                    Mean surrogate loss: -0.0019
                      Mean entropy loss: 2.8094
                            Mean reward: -17.45
                    Mean episode length: 40.06
                        Mean action std: 0.62
         Mean episode goal_per_1k_steps: 0.0387
         Mean episode mean_dist_to_ball: 3.2147
               Mean episode goals_total: 5.0000
--------------------------------------------------------------------------------
                         Iteration time: 10.86s
                           Time elapsed: 0:04:09
                                    ETA: 1:30:16

################################################################################
[1m                           Learning iteration 22/500                            [0m 

                               Run name: hierarchical_soccer_chase_hl
                            Total steps: 1130496 
                       Steps per second: 4551 
                        Collection time: 10.572s 
                          Learning time: 0.227s 
                        Mean value loss: 24.1946
                    Mean surrogate loss: -0.0032
                      Mean entropy loss: 2.7556
                            Mean reward: -12.49
                    Mean episode length: 46.89
                        Mean action std: 0.61
         Mean episode goal_per_1k_steps: 0.0692
         Mean episode mean_dist_to_ball: 3.2357
               Mean episode goals_total: 5.0000
--------------------------------------------------------------------------------
                         Iteration time: 10.80s
                           Time elapsed: 0:04:20
                                    ETA: 1:29:54

################################################################################
[1m                           Learning iteration 23/500                            [0m 

                               Run name: hierarchical_soccer_chase_hl
                            Total steps: 1179648 
                       Steps per second: 4595 
                        Collection time: 10.469s 
                          Learning time: 0.227s 
                        Mean value loss: 25.0060
                    Mean surrogate loss: -0.0031
                      Mean entropy loss: 2.6742
                            Mean reward: -14.82
                    Mean episode length: 48.58
                        Mean action std: 0.59
         Mean episode goal_per_1k_steps: 0.0346
         Mean episode mean_dist_to_ball: 3.2598
               Mean episode goals_total: 5.0000
--------------------------------------------------------------------------------
                         Iteration time: 10.70s
                           Time elapsed: 0:04:30
                                    ETA: 1:29:31

################################################################################
[1m                           Learning iteration 24/500                            [0m 

                               Run name: hierarchical_soccer_chase_hl
                            Total steps: 1228800 
                       Steps per second: 4579 
                        Collection time: 10.505s 
                          Learning time: 0.228s 
                        Mean value loss: 21.4538
                    Mean surrogate loss: -0.0013
                      Mean entropy loss: 2.5916
                            Mean reward: -14.42
                    Mean episode length: 40.46
                        Mean action std: 0.58
         Mean episode goal_per_1k_steps: 0.0631
         Mean episode mean_dist_to_ball: 3.2685
               Mean episode goals_total: 5.4583
--------------------------------------------------------------------------------
                         Iteration time: 10.73s
                           Time elapsed: 0:04:41
                                    ETA: 1:29:09

################################################################################
[1m                           Learning iteration 25/500                            [0m 

                               Run name: hierarchical_soccer_chase_hl
                            Total steps: 1277952 
                       Steps per second: 4559 
                        Collection time: 10.552s 
                          Learning time: 0.229s 
                        Mean value loss: 20.2813
                    Mean surrogate loss: -0.0031
                      Mean entropy loss: 2.5261
                            Mean reward: -10.36
                    Mean episode length: 43.06
                        Mean action std: 0.57
         Mean episode goal_per_1k_steps: 0.0692
         Mean episode mean_dist_to_ball: 3.2767
               Mean episode goals_total: 6.0000
--------------------------------------------------------------------------------
                         Iteration time: 10.78s
                           Time elapsed: 0:04:52
                                    ETA: 1:28:49

################################################################################
[1m                           Learning iteration 26/500                            [0m 

                               Run name: hierarchical_soccer_chase_hl
                            Total steps: 1327104 
                       Steps per second: 4580 
                        Collection time: 10.500s 
                          Learning time: 0.230s 
                        Mean value loss: 18.0478
                    Mean surrogate loss: -0.0040
                      Mean entropy loss: 2.4606
                            Mean reward: -13.13
                    Mean episode length: 45.52
                        Mean action std: 0.55
         Mean episode goal_per_1k_steps: 0.0509
         Mean episode mean_dist_to_ball: 3.2827
               Mean episode goals_total: 6.0000
--------------------------------------------------------------------------------
                         Iteration time: 10.73s
                           Time elapsed: 0:05:03
                                    ETA: 1:28:29

################################################################################
[1m                           Learning iteration 27/500                            [0m 

                               Run name: hierarchical_soccer_chase_hl
                            Total steps: 1376256 
                       Steps per second: 4589 
                        Collection time: 10.479s 
                          Learning time: 0.230s 
                        Mean value loss: 16.6011
                    Mean surrogate loss: -0.0039
                      Mean entropy loss: 2.3894
                            Mean reward: -9.28
                    Mean episode length: 57.11
                        Mean action std: 0.54
         Mean episode goal_per_1k_steps: 0.0203
         Mean episode mean_dist_to_ball: 3.2157
               Mean episode goals_total: 6.0000
--------------------------------------------------------------------------------
                         Iteration time: 10.71s
                           Time elapsed: 0:05:13
                                    ETA: 1:28:09

################################################################################
[1m                           Learning iteration 28/500                            [0m 

                               Run name: hierarchical_soccer_chase_hl
                            Total steps: 1425408 
                       Steps per second: 4576 
                        Collection time: 10.510s 
                          Learning time: 0.230s 
                        Mean value loss: 16.1349
                    Mean surrogate loss: -0.0028
                      Mean entropy loss: 2.3415
                            Mean reward: -9.16
                    Mean episode length: 55.38
                        Mean action std: 0.53
         Mean episode goal_per_1k_steps: 0.0000
         Mean episode mean_dist_to_ball: 3.1967
               Mean episode goals_total: 6.0000
--------------------------------------------------------------------------------
                         Iteration time: 10.74s
                           Time elapsed: 0:05:24
                                    ETA: 1:27:50

################################################################################
[1m                           Learning iteration 29/500                            [0m 

                               Run name: hierarchical_soccer_chase_hl
                            Total steps: 1474560 
                       Steps per second: 4573 
                        Collection time: 10.517s 
                          Learning time: 0.230s 
                        Mean value loss: 15.2466
                    Mean surrogate loss: -0.0043
                      Mean entropy loss: 2.2640
                            Mean reward: -8.71
                    Mean episode length: 56.47
                        Mean action std: 0.52
         Mean episode goal_per_1k_steps: 0.0407
         Mean episode mean_dist_to_ball: 3.1654
               Mean episode goals_total: 6.0000
--------------------------------------------------------------------------------
                         Iteration time: 10.75s
                           Time elapsed: 0:05:35
                                    ETA: 1:27:32

################################################################################
[1m                           Learning iteration 30/500                            [0m 

                               Run name: hierarchical_soccer_chase_hl
                            Total steps: 1523712 
                       Steps per second: 4595 
                        Collection time: 10.465s 
                          Learning time: 0.230s 
                        Mean value loss: 15.9021
                    Mean surrogate loss: -0.0024
                      Mean entropy loss: 2.2093
                            Mean reward: -9.76
                    Mean episode length: 53.90
                        Mean action std: 0.51
         Mean episode goal_per_1k_steps: 0.0305
         Mean episode mean_dist_to_ball: 3.0982
               Mean episode goals_total: 6.0000
--------------------------------------------------------------------------------
                         Iteration time: 10.70s
                           Time elapsed: 0:05:45
                                    ETA: 1:27:13

################################################################################
[1m                           Learning iteration 31/500                            [0m 

                               Run name: hierarchical_soccer_chase_hl
                            Total steps: 1572864 
                       Steps per second: 4596 
                        Collection time: 10.464s 
                          Learning time: 0.230s 
                        Mean value loss: 14.6170
                    Mean surrogate loss: -0.0027
                      Mean entropy loss: 2.1383
                            Mean reward: -6.45
                    Mean episode length: 71.58
                        Mean action std: 0.49
         Mean episode goal_per_1k_steps: 0.0854
         Mean episode mean_dist_to_ball: 3.0710
               Mean episode goals_total: 6.7917
--------------------------------------------------------------------------------
                         Iteration time: 10.69s
                           Time elapsed: 0:05:56
                                    ETA: 1:26:55

################################################################################
[1m                           Learning iteration 32/500                            [0m 

                               Run name: hierarchical_soccer_chase_hl
                            Total steps: 1622016 
                       Steps per second: 4574 
                        Collection time: 10.515s 
                          Learning time: 0.230s 
                        Mean value loss: 15.5807
                    Mean surrogate loss: -0.0039
                      Mean entropy loss: 2.0689
                            Mean reward: -3.51
                    Mean episode length: 76.02
                        Mean action std: 0.48
         Mean episode goal_per_1k_steps: 0.1261
         Mean episode mean_dist_to_ball: 3.0712
               Mean episode goals_total: 7.5417
--------------------------------------------------------------------------------
                         Iteration time: 10.74s
                           Time elapsed: 0:06:07
                                    ETA: 1:26:39

################################################################################
[1m                           Learning iteration 33/500                            [0m 

                               Run name: hierarchical_soccer_chase_hl
                            Total steps: 1671168 
                       Steps per second: 4611 
                        Collection time: 10.429s 
                          Learning time: 0.230s 
                        Mean value loss: 13.8442
                    Mean surrogate loss: -0.0021
                      Mean entropy loss: 1.9838
                            Mean reward: 4.06
                    Mean episode length: 105.22
                        Mean action std: 0.47
         Mean episode goal_per_1k_steps: 0.1729
         Mean episode mean_dist_to_ball: 3.0175
               Mean episode goals_total: 8.7083
--------------------------------------------------------------------------------
                         Iteration time: 10.66s
                           Time elapsed: 0:06:18
                                    ETA: 1:26:21

################################################################################
[1m                           Learning iteration 34/500                            [0m 

                               Run name: hierarchical_soccer_chase_hl
                            Total steps: 1720320 
                       Steps per second: 4566 
                        Collection time: 10.534s 
                          Learning time: 0.229s 
                        Mean value loss: 15.7312
                    Mean surrogate loss: -0.0028
                      Mean entropy loss: 1.8940
                            Mean reward: 5.74
                    Mean episode length: 108.02
                        Mean action std: 0.45
         Mean episode goal_per_1k_steps: 0.0488
         Mean episode mean_dist_to_ball: 2.9385
               Mean episode goals_total: 9.1250
--------------------------------------------------------------------------------
                         Iteration time: 10.76s
                           Time elapsed: 0:06:28
                                    ETA: 1:26:05

################################################################################
[1m                           Learning iteration 35/500                            [0m 

                               Run name: hierarchical_soccer_chase_hl
                            Total steps: 1769472 
                       Steps per second: 4591 
                        Collection time: 10.476s 
                          Learning time: 0.229s 
                        Mean value loss: 15.3661
                    Mean surrogate loss: -0.0024
                      Mean entropy loss: 1.8391
                            Mean reward: 0.34
                    Mean episode length: 95.46
                        Mean action std: 0.44
         Mean episode goal_per_1k_steps: 0.2380
         Mean episode mean_dist_to_ball: 2.9446
               Mean episode goals_total: 12.2083
--------------------------------------------------------------------------------
                         Iteration time: 10.71s
                           Time elapsed: 0:06:39
                                    ETA: 1:25:49

################################################################################
[1m                           Learning iteration 36/500                            [0m 

                               Run name: hierarchical_soccer_chase_hl
                            Total steps: 1818624 
                       Steps per second: 4576 
                        Collection time: 10.509s 
                          Learning time: 0.230s 
                        Mean value loss: 14.7176
                    Mean surrogate loss: -0.0049
                      Mean entropy loss: 1.6718
                            Mean reward: 8.76
                    Mean episode length: 102.42
                        Mean action std: 0.42
         Mean episode goal_per_1k_steps: 0.2808
         Mean episode mean_dist_to_ball: 2.9611
               Mean episode goals_total: 14.1250
--------------------------------------------------------------------------------
                         Iteration time: 10.74s
                           Time elapsed: 0:06:50
                                    ETA: 1:25:33

################################################################################
[1m                           Learning iteration 37/500                            [0m 

                               Run name: hierarchical_soccer_chase_hl
                            Total steps: 1867776 
                       Steps per second: 4596 
                        Collection time: 10.464s 
                          Learning time: 0.230s 
                        Mean value loss: 14.7504
                    Mean surrogate loss: -0.0043
                      Mean entropy loss: 1.6029
                            Mean reward: 10.68
                    Mean episode length: 105.67
                        Mean action std: 0.41
         Mean episode goal_per_1k_steps: 0.3886
         Mean episode mean_dist_to_ball: 3.0245
               Mean episode goals_total: 21.4583
--------------------------------------------------------------------------------
                         Iteration time: 10.69s
                           Time elapsed: 0:07:00
                                    ETA: 1:25:17

################################################################################
[1m                           Learning iteration 38/500                            [0m 

                               Run name: hierarchical_soccer_chase_hl
                            Total steps: 1916928 
                       Steps per second: 4596 
                        Collection time: 10.463s 
                          Learning time: 0.230s 
                        Mean value loss: 13.3316
                    Mean surrogate loss: -0.0013
                      Mean entropy loss: 1.5019
                            Mean reward: 8.11
                    Mean episode length: 106.96
                        Mean action std: 0.40
         Mean episode goal_per_1k_steps: 0.2726
         Mean episode mean_dist_to_ball: 3.1133
               Mean episode goals_total: 24.0000
--------------------------------------------------------------------------------
                         Iteration time: 10.69s
                           Time elapsed: 0:07:11
                                    ETA: 1:25:02

################################################################################
[1m                           Learning iteration 39/500                            [0m 

                               Run name: hierarchical_soccer_chase_hl
                            Total steps: 1966080 
                       Steps per second: 4618 
                        Collection time: 10.413s 
                          Learning time: 0.230s 
                        Mean value loss: 14.4699
                    Mean surrogate loss: -0.0027
                      Mean entropy loss: 1.4186
                            Mean reward: 15.44
                    Mean episode length: 123.38
                        Mean action std: 0.39
         Mean episode goal_per_1k_steps: 0.3479
         Mean episode mean_dist_to_ball: 3.1241
               Mean episode goals_total: 28.7500
--------------------------------------------------------------------------------
                         Iteration time: 10.64s
                           Time elapsed: 0:07:22
                                    ETA: 1:24:46

################################################################################
[1m                           Learning iteration 40/500                            [0m 

                               Run name: hierarchical_soccer_chase_hl
                            Total steps: 2015232 
                       Steps per second: 4615 
                        Collection time: 10.419s 
                          Learning time: 0.230s 
                        Mean value loss: 12.4164
                    Mean surrogate loss: -0.0013
                      Mean entropy loss: 1.3601
                            Mean reward: 23.01
                    Mean episode length: 145.75
                        Mean action std: 0.38
         Mean episode goal_per_1k_steps: 0.5208
         Mean episode mean_dist_to_ball: 3.1883
               Mean episode goals_total: 36.4583
--------------------------------------------------------------------------------
                         Iteration time: 10.65s
                           Time elapsed: 0:07:32
                                    ETA: 1:24:30

################################################################################
[1m                           Learning iteration 41/500                            [0m 

                               Run name: hierarchical_soccer_chase_hl
                            Total steps: 2064384 
                       Steps per second: 4608 
                        Collection time: 10.435s 
                          Learning time: 0.230s 
                        Mean value loss: 14.1300
                    Mean surrogate loss: -0.0006
                      Mean entropy loss: 1.2816
                            Mean reward: 23.65
                    Mean episode length: 160.87
                        Mean action std: 0.37
         Mean episode goal_per_1k_steps: 0.5697
         Mean episode mean_dist_to_ball: 3.2705
               Mean episode goals_total: 40.7083
--------------------------------------------------------------------------------
                         Iteration time: 10.67s
                           Time elapsed: 0:07:43
                                    ETA: 1:24:15

################################################################################
[1m                           Learning iteration 42/500                            [0m 

                               Run name: hierarchical_soccer_chase_hl
                            Total steps: 2113536 
                       Steps per second: 4609 
                        Collection time: 10.434s 
                          Learning time: 0.230s 
                        Mean value loss: 13.6285
                    Mean surrogate loss: -0.0042
                      Mean entropy loss: 1.2254
                            Mean reward: 22.24
                    Mean episode length: 157.57
                        Mean action std: 0.36
         Mean episode goal_per_1k_steps: 0.4272
         Mean episode mean_dist_to_ball: 3.2719
               Mean episode goals_total: 44.3333
--------------------------------------------------------------------------------
                         Iteration time: 10.66s
                           Time elapsed: 0:07:54
                                    ETA: 1:24:00

################################################################################
[1m                           Learning iteration 43/500                            [0m 

                               Run name: hierarchical_soccer_chase_hl
                            Total steps: 2162688 
                       Steps per second: 4584 
                        Collection time: 10.491s 
                          Learning time: 0.231s 
                        Mean value loss: 12.6333
                    Mean surrogate loss: -0.0013
                      Mean entropy loss: 1.1707
                            Mean reward: 24.25
                    Mean episode length: 150.10
                        Mean action std: 0.36
         Mean episode goal_per_1k_steps: 0.4211
         Mean episode mean_dist_to_ball: 3.2092
               Mean episode goals_total: 49.4167
--------------------------------------------------------------------------------
                         Iteration time: 10.72s
                           Time elapsed: 0:08:04
                                    ETA: 1:23:46

################################################################################
[1m                           Learning iteration 44/500                            [0m 

                               Run name: hierarchical_soccer_chase_hl
                            Total steps: 2211840 
                       Steps per second: 4599 
                        Collection time: 10.455s 
                          Learning time: 0.231s 
                        Mean value loss: 11.8437
                    Mean surrogate loss: -0.0037
                      Mean entropy loss: 1.1091
                            Mean reward: 32.51
                    Mean episode length: 167.29
                        Mean action std: 0.35
         Mean episode goal_per_1k_steps: 0.5493
         Mean episode mean_dist_to_ball: 3.1327
               Mean episode goals_total: 55.9583
--------------------------------------------------------------------------------
                         Iteration time: 10.69s
                           Time elapsed: 0:08:15
                                    ETA: 1:23:31

################################################################################
[1m                           Learning iteration 45/500                            [0m 

                               Run name: hierarchical_soccer_chase_hl
                            Total steps: 2260992 
                       Steps per second: 4595 
                        Collection time: 10.466s 
                          Learning time: 0.230s 
                        Mean value loss: 12.1636
                    Mean surrogate loss: -0.0021
                      Mean entropy loss: 1.0620
                            Mean reward: 28.71
                    Mean episode length: 154.02
                        Mean action std: 0.34
         Mean episode goal_per_1k_steps: 0.5351
         Mean episode mean_dist_to_ball: 3.0759
               Mean episode goals_total: 62.9167
--------------------------------------------------------------------------------
                         Iteration time: 10.70s
                           Time elapsed: 0:08:26
                                    ETA: 1:23:17

################################################################################
[1m                           Learning iteration 46/500                            [0m 

                               Run name: hierarchical_soccer_chase_hl
                            Total steps: 2310144 
                       Steps per second: 4600 
                        Collection time: 10.454s 
                          Learning time: 0.229s 
                        Mean value loss: 13.1749
                    Mean surrogate loss: -0.0002
                      Mean entropy loss: 1.0199
                            Mean reward: 32.20
                    Mean episode length: 164.93
                        Mean action std: 0.34
         Mean episode goal_per_1k_steps: 0.5351
         Mean episode mean_dist_to_ball: 3.0385
               Mean episode goals_total: 69.1250
--------------------------------------------------------------------------------
                         Iteration time: 10.68s
                           Time elapsed: 0:08:37
                                    ETA: 1:23:03

################################################################################
[1m                           Learning iteration 47/500                            [0m 

                               Run name: hierarchical_soccer_chase_hl
                            Total steps: 2359296 
                       Steps per second: 4593 
                        Collection time: 10.471s 
                          Learning time: 0.229s 
                        Mean value loss: 11.6879
                    Mean surrogate loss: -0.0015
                      Mean entropy loss: 0.9655
                            Mean reward: 32.24
                    Mean episode length: 169.64
                        Mean action std: 0.34
         Mean episode goal_per_1k_steps: 0.4639
         Mean episode mean_dist_to_ball: 3.0562
               Mean episode goals_total: 77.9167
--------------------------------------------------------------------------------
                         Iteration time: 10.70s
                           Time elapsed: 0:08:47
                                    ETA: 1:22:49

################################################################################
[1m                           Learning iteration 48/500                            [0m 

                               Run name: hierarchical_soccer_chase_hl
                            Total steps: 2408448 
                       Steps per second: 4591 
                        Collection time: 10.477s 
                          Learning time: 0.229s 
                        Mean value loss: 11.6882
                    Mean surrogate loss: -0.0010
                      Mean entropy loss: 0.9414
                            Mean reward: 34.96
                    Mean episode length: 165.47
                        Mean action std: 0.33
         Mean episode goal_per_1k_steps: 0.6999
         Mean episode mean_dist_to_ball: 3.0063
               Mean episode goals_total: 86.8750
--------------------------------------------------------------------------------
                         Iteration time: 10.71s
                           Time elapsed: 0:08:58
                                    ETA: 1:22:35

################################################################################
[1m                           Learning iteration 49/500                            [0m 

                               Run name: hierarchical_soccer_chase_hl
                            Total steps: 2457600 
                       Steps per second: 4609 
                        Collection time: 10.434s 
                          Learning time: 0.230s 
                        Mean value loss: 12.0801
                    Mean surrogate loss: -0.0042
                      Mean entropy loss: 0.9048
                            Mean reward: 37.51
                    Mean episode length: 169.77
                        Mean action std: 0.33
         Mean episode goal_per_1k_steps: 0.5554
         Mean episode mean_dist_to_ball: 2.9195
               Mean episode goals_total: 97.3750
--------------------------------------------------------------------------------
                         Iteration time: 10.66s
                           Time elapsed: 0:09:09
                                    ETA: 1:22:22

################################################################################
[1m                           Learning iteration 50/500                            [0m 

                               Run name: hierarchical_soccer_chase_hl
                            Total steps: 2506752 
                       Steps per second: 4590 
                        Collection time: 10.477s 
                          Learning time: 0.230s 
                        Mean value loss: 11.7040
                    Mean surrogate loss: 0.0039
                      Mean entropy loss: 0.8703
                            Mean reward: 33.39
                    Mean episode length: 163.72
                        Mean action std: 0.32
         Mean episode goal_per_1k_steps: 0.8179
         Mean episode mean_dist_to_ball: 2.9275
               Mean episode goals_total: 106.4167
--------------------------------------------------------------------------------
                         Iteration time: 10.71s
                           Time elapsed: 0:09:19
                                    ETA: 1:22:08

################################################################################
[1m                           Learning iteration 51/500                            [0m 

                               Run name: hierarchical_soccer_chase_hl
                            Total steps: 2555904 
                       Steps per second: 4578 
                        Collection time: 10.505s 
                          Learning time: 0.230s 
                        Mean value loss: 11.9035
                    Mean surrogate loss: -0.0019
                      Mean entropy loss: 0.8461
                            Mean reward: 38.62
                    Mean episode length: 165.84
                        Mean action std: 0.32
         Mean episode goal_per_1k_steps: 0.8016
         Mean episode mean_dist_to_ball: 2.9194
               Mean episode goals_total: 118.0417
--------------------------------------------------------------------------------
                         Iteration time: 10.74s
                           Time elapsed: 0:09:30
                                    ETA: 1:21:55

################################################################################
[1m                           Learning iteration 52/500                            [0m 

                               Run name: hierarchical_soccer_chase_hl
                            Total steps: 2605056 
                       Steps per second: 4582 
                        Collection time: 10.498s 
                          Learning time: 0.227s 
                        Mean value loss: 12.0738
                    Mean surrogate loss: -0.0032
                      Mean entropy loss: 0.7540
                            Mean reward: 39.34
                    Mean episode length: 179.36
                        Mean action std: 0.31
         Mean episode goal_per_1k_steps: 0.8728
         Mean episode mean_dist_to_ball: 2.9377
               Mean episode goals_total: 129.0417
--------------------------------------------------------------------------------
                         Iteration time: 10.73s
                           Time elapsed: 0:09:41
                                    ETA: 1:21:42

################################################################################
[1m                           Learning iteration 53/500                            [0m 

                               Run name: hierarchical_soccer_chase_hl
                            Total steps: 2654208 
                       Steps per second: 4592 
                        Collection time: 10.473s 
                          Learning time: 0.230s 
                        Mean value loss: 11.7121
                    Mean surrogate loss: -0.0033
                      Mean entropy loss: 0.7205
                            Mean reward: 36.86
                    Mean episode length: 164.19
                        Mean action std: 0.31
         Mean episode goal_per_1k_steps: 0.6531
         Mean episode mean_dist_to_ball: 3.0177
               Mean episode goals_total: 139.7500
--------------------------------------------------------------------------------
                         Iteration time: 10.70s
                           Time elapsed: 0:09:51
                                    ETA: 1:21:29

################################################################################
[1m                           Learning iteration 54/500                            [0m 

                               Run name: hierarchical_soccer_chase_hl
                            Total steps: 2703360 
                       Steps per second: 4588 
                        Collection time: 10.482s 
                          Learning time: 0.230s 
                        Mean value loss: 11.8485
                    Mean surrogate loss: -0.0037
                      Mean entropy loss: 0.6643
                            Mean reward: 39.86
                    Mean episode length: 167.38
                        Mean action std: 0.30
         Mean episode goal_per_1k_steps: 0.6632
         Mean episode mean_dist_to_ball: 3.0823
               Mean episode goals_total: 153.7917
--------------------------------------------------------------------------------
                         Iteration time: 10.71s
                           Time elapsed: 0:10:02
                                    ETA: 1:21:16

################################################################################
[1m                           Learning iteration 55/500                            [0m 

                               Run name: hierarchical_soccer_chase_hl
                            Total steps: 2752512 
                       Steps per second: 4593 
                        Collection time: 10.472s 
                          Learning time: 0.230s 
                        Mean value loss: 12.3130
                    Mean surrogate loss: -0.0021
                      Mean entropy loss: 0.6341
                            Mean reward: 38.90
                    Mean episode length: 167.00
                        Mean action std: 0.30
         Mean episode goal_per_1k_steps: 0.6714
         Mean episode mean_dist_to_ball: 3.2046
               Mean episode goals_total: 164.1667
--------------------------------------------------------------------------------
                         Iteration time: 10.70s
                           Time elapsed: 0:10:13
                                    ETA: 1:21:03

################################################################################
[1m                           Learning iteration 56/500                            [0m 

                               Run name: hierarchical_soccer_chase_hl
                            Total steps: 2801664 
                       Steps per second: 4582 
                        Collection time: 10.497s 
                          Learning time: 0.229s 
                        Mean value loss: 12.2431
                    Mean surrogate loss: -0.0005
                      Mean entropy loss: 0.5905
                            Mean reward: 42.88
                    Mean episode length: 179.57
                        Mean action std: 0.29
         Mean episode goal_per_1k_steps: 0.6531
         Mean episode mean_dist_to_ball: 3.2314
               Mean episode goals_total: 177.0417
--------------------------------------------------------------------------------
                         Iteration time: 10.73s
                           Time elapsed: 0:10:24
                                    ETA: 1:20:50

################################################################################
[1m                           Learning iteration 57/500                            [0m 

                               Run name: hierarchical_soccer_chase_hl
                            Total steps: 2850816 
                       Steps per second: 4556 
                        Collection time: 10.557s 
                          Learning time: 0.230s 
                        Mean value loss: 13.3074
                    Mean surrogate loss: -0.0044
                      Mean entropy loss: 0.5428
                            Mean reward: 37.30
                    Mean episode length: 159.38
                        Mean action std: 0.29
         Mean episode goal_per_1k_steps: 0.8423
         Mean episode mean_dist_to_ball: 3.2472
               Mean episode goals_total: 188.5833
--------------------------------------------------------------------------------
                         Iteration time: 10.79s
                           Time elapsed: 0:10:34
                                    ETA: 1:20:38

################################################################################
[1m                           Learning iteration 58/500                            [0m 

                               Run name: hierarchical_soccer_chase_hl
                            Total steps: 2899968 
                       Steps per second: 4561 
                        Collection time: 10.547s 
                          Learning time: 0.229s 
                        Mean value loss: 12.0257
                    Mean surrogate loss: -0.0017
                      Mean entropy loss: 0.4874
                            Mean reward: 40.50
                    Mean episode length: 184.72
                        Mean action std: 0.29
         Mean episode goal_per_1k_steps: 1.0640
         Mean episode mean_dist_to_ball: 3.2416
               Mean episode goals_total: 198.7500
--------------------------------------------------------------------------------
                         Iteration time: 10.78s
                           Time elapsed: 0:10:45
                                    ETA: 1:20:26

################################################################################
[1m                           Learning iteration 59/500                            [0m 

                               Run name: hierarchical_soccer_chase_hl
                            Total steps: 2949120 
                       Steps per second: 4545 
                        Collection time: 10.583s 
                          Learning time: 0.229s 
                        Mean value loss: 13.3546
                    Mean surrogate loss: 0.0030
                      Mean entropy loss: 0.4779
                            Mean reward: 41.06
                    Mean episode length: 178.56
                        Mean action std: 0.28
         Mean episode goal_per_1k_steps: 0.8891
         Mean episode mean_dist_to_ball: 3.1263
               Mean episode goals_total: 210.9583
--------------------------------------------------------------------------------
                         Iteration time: 10.81s
                           Time elapsed: 0:10:56
                                    ETA: 1:20:14

################################################################################
[1m                           Learning iteration 60/500                            [0m 

                               Run name: hierarchical_soccer_chase_hl
                            Total steps: 2998272 
                       Steps per second: 4422 
                        Collection time: 10.884s 
                          Learning time: 0.229s 
                        Mean value loss: 12.0699
                    Mean surrogate loss: -0.0021
                      Mean entropy loss: 0.4492
                            Mean reward: 38.28
                    Mean episode length: 166.27
                        Mean action std: 0.28
         Mean episode goal_per_1k_steps: 1.0071
         Mean episode mean_dist_to_ball: 2.9735
               Mean episode goals_total: 222.5833
--------------------------------------------------------------------------------
                         Iteration time: 11.11s
                           Time elapsed: 0:11:07
                                    ETA: 1:20:04

################################################################################
[1m                           Learning iteration 61/500                            [0m 

                               Run name: hierarchical_soccer_chase_hl
                            Total steps: 3047424 
                       Steps per second: 4398 
                        Collection time: 10.944s 
                          Learning time: 0.229s 
                        Mean value loss: 12.4548
                    Mean surrogate loss: -0.0034
                      Mean entropy loss: 0.3641
                            Mean reward: 41.17
                    Mean episode length: 168.63
                        Mean action std: 0.27
         Mean episode goal_per_1k_steps: 0.7528
         Mean episode mean_dist_to_ball: 2.8779
               Mean episode goals_total: 231.4583
--------------------------------------------------------------------------------
                         Iteration time: 11.17s
                           Time elapsed: 0:11:18
                                    ETA: 1:19:55

################################################################################
[1m                           Learning iteration 62/500                            [0m 

                               Run name: hierarchical_soccer_chase_hl
                            Total steps: 3096576 
                       Steps per second: 4370 
                        Collection time: 11.016s 
                          Learning time: 0.229s 
                        Mean value loss: 10.4793
                    Mean surrogate loss: -0.0031
                      Mean entropy loss: 0.3161
                            Mean reward: 47.52
                    Mean episode length: 189.20
                        Mean action std: 0.27
         Mean episode goal_per_1k_steps: 0.7609
         Mean episode mean_dist_to_ball: 2.8907
               Mean episode goals_total: 241.2500
--------------------------------------------------------------------------------
                         Iteration time: 11.25s
                           Time elapsed: 0:11:30
                                    ETA: 1:19:46

################################################################################
[1m                           Learning iteration 63/500                            [0m 

                               Run name: hierarchical_soccer_chase_hl
                            Total steps: 3145728 
                       Steps per second: 4338 
                        Collection time: 11.100s 
                          Learning time: 0.229s 
                        Mean value loss: 11.2478
                    Mean surrogate loss: -0.0029
                      Mean entropy loss: 0.2897
                            Mean reward: 49.58
                    Mean episode length: 173.33
                        Mean action std: 0.27
         Mean episode goal_per_1k_steps: 0.8158
         Mean episode mean_dist_to_ball: 2.9484
               Mean episode goals_total: 248.5833
--------------------------------------------------------------------------------
                         Iteration time: 11.33s
                           Time elapsed: 0:11:41
                                    ETA: 1:19:38

################################################################################
[1m                           Learning iteration 64/500                            [0m 

                               Run name: hierarchical_soccer_chase_hl
                            Total steps: 3194880 
                       Steps per second: 4332 
                        Collection time: 11.114s 
                          Learning time: 0.230s 
                        Mean value loss: 9.9656
                    Mean surrogate loss: -0.0014
                      Mean entropy loss: 0.2356
                            Mean reward: 48.95
                    Mean episode length: 177.18
                        Mean action std: 0.26
         Mean episode goal_per_1k_steps: 1.2207
         Mean episode mean_dist_to_ball: 2.9740
               Mean episode goals_total: 266.0833
--------------------------------------------------------------------------------
                         Iteration time: 11.34s
                           Time elapsed: 0:11:52
                                    ETA: 1:19:29

################################################################################
[1m                           Learning iteration 65/500                            [0m 

                               Run name: hierarchical_soccer_chase_hl
                            Total steps: 3244032 
                       Steps per second: 4321 
                        Collection time: 11.143s 
                          Learning time: 0.230s 
                        Mean value loss: 11.7779
                    Mean surrogate loss: -0.0005
                      Mean entropy loss: 0.2224
                            Mean reward: 47.45
                    Mean episode length: 181.46
                        Mean action std: 0.26
         Mean episode goal_per_1k_steps: 0.9155
         Mean episode mean_dist_to_ball: 2.9312
               Mean episode goals_total: 280.7500
--------------------------------------------------------------------------------
                         Iteration time: 11.37s
                           Time elapsed: 0:12:04
                                    ETA: 1:19:21

################################################################################
[1m                           Learning iteration 66/500                            [0m 

                               Run name: hierarchical_soccer_chase_hl
                            Total steps: 3293184 
                       Steps per second: 4347 
                        Collection time: 11.074s 
                          Learning time: 0.231s 
                        Mean value loss: 12.6070
                    Mean surrogate loss: -0.0011
                      Mean entropy loss: 0.1973
                            Mean reward: 47.79
                    Mean episode length: 169.81
                        Mean action std: 0.26
         Mean episode goal_per_1k_steps: 0.9725
         Mean episode mean_dist_to_ball: 2.8232
               Mean episode goals_total: 290.8333
--------------------------------------------------------------------------------
                         Iteration time: 11.30s
                           Time elapsed: 0:12:15
                                    ETA: 1:19:12

################################################################################
[1m                           Learning iteration 67/500                            [0m 

                               Run name: hierarchical_soccer_chase_hl
                            Total steps: 3342336 
                       Steps per second: 4343 
                        Collection time: 11.086s 
                          Learning time: 0.230s 
                        Mean value loss: 10.5555
                    Mean surrogate loss: -0.0031
                      Mean entropy loss: 0.1599
                            Mean reward: 48.58
                    Mean episode length: 168.81
                        Mean action std: 0.26
         Mean episode goal_per_1k_steps: 1.0498
         Mean episode mean_dist_to_ball: 2.7592
               Mean episode goals_total: 304.7500
--------------------------------------------------------------------------------
                         Iteration time: 11.32s
                           Time elapsed: 0:12:26
                                    ETA: 1:19:03

################################################################################
[1m                           Learning iteration 68/500                            [0m 

                               Run name: hierarchical_soccer_chase_hl
                            Total steps: 3391488 
                       Steps per second: 4312 
                        Collection time: 11.166s 
                          Learning time: 0.230s 
                        Mean value loss: 10.5144
                    Mean surrogate loss: -0.0019
                      Mean entropy loss: 0.1445
                            Mean reward: 47.73
                    Mean episode length: 178.92
                        Mean action std: 0.26
         Mean episode goal_per_1k_steps: 0.8158
         Mean episode mean_dist_to_ball: 2.7102
               Mean episode goals_total: 318.9583
--------------------------------------------------------------------------------
                         Iteration time: 11.40s
                           Time elapsed: 0:12:38
                                    ETA: 1:18:55

################################################################################
[1m                           Learning iteration 69/500                            [0m 

                               Run name: hierarchical_soccer_chase_hl
                            Total steps: 3440640 
                       Steps per second: 4330 
                        Collection time: 11.119s 
                          Learning time: 0.230s 
                        Mean value loss: 9.9689
                    Mean surrogate loss: -0.0007
                      Mean entropy loss: 0.1118
                            Mean reward: 52.32
                    Mean episode length: 166.04
                        Mean action std: 0.25
         Mean episode goal_per_1k_steps: 0.7609
         Mean episode mean_dist_to_ball: 2.6262
               Mean episode goals_total: 329.2500
--------------------------------------------------------------------------------
                         Iteration time: 11.35s
                           Time elapsed: 0:12:49
                                    ETA: 1:18:46

################################################################################
[1m                           Learning iteration 70/500                            [0m 

                               Run name: hierarchical_soccer_chase_hl
                            Total steps: 3489792 
                       Steps per second: 4329 
                        Collection time: 11.124s 
                          Learning time: 0.230s 
                        Mean value loss: 10.0526
                    Mean surrogate loss: -0.0022
                      Mean entropy loss: 0.0828
                            Mean reward: 52.58
                    Mean episode length: 169.53
                        Mean action std: 0.25
         Mean episode goal_per_1k_steps: 0.9583
         Mean episode mean_dist_to_ball: 2.5944
               Mean episode goals_total: 339.7500
--------------------------------------------------------------------------------
                         Iteration time: 11.35s
                           Time elapsed: 0:13:00
                                    ETA: 1:18:37

################################################################################
[1m                           Learning iteration 71/500                            [0m 

                               Run name: hierarchical_soccer_chase_hl
                            Total steps: 3538944 
                       Steps per second: 4348 
                        Collection time: 11.073s 
                          Learning time: 0.230s 
                        Mean value loss: 9.3745
                    Mean surrogate loss: -0.0031
                      Mean entropy loss: 0.0499
                            Mean reward: 52.24
                    Mean episode length: 175.41
                        Mean action std: 0.25
         Mean episode goal_per_1k_steps: 1.0803
         Mean episode mean_dist_to_ball: 2.6427
               Mean episode goals_total: 354.6250
--------------------------------------------------------------------------------
                         Iteration time: 11.30s
                           Time elapsed: 0:13:12
                                    ETA: 1:18:28

################################################################################
[1m                           Learning iteration 72/500                            [0m 

                               Run name: hierarchical_soccer_chase_hl
                            Total steps: 3588096 
                       Steps per second: 4334 
                        Collection time: 11.111s 
                          Learning time: 0.230s 
                        Mean value loss: 11.0036
                    Mean surrogate loss: -0.0009
                      Mean entropy loss: 0.0518
                            Mean reward: 44.98
                    Mean episode length: 163.21
                        Mean action std: 0.25
         Mean episode goal_per_1k_steps: 0.7039
         Mean episode mean_dist_to_ball: 2.5965
               Mean episode goals_total: 361.8333
--------------------------------------------------------------------------------
                         Iteration time: 11.34s
                           Time elapsed: 0:13:23
                                    ETA: 1:18:19

################################################################################
[1m                           Learning iteration 73/500                            [0m 

                               Run name: hierarchical_soccer_chase_hl
                            Total steps: 3637248 
                       Steps per second: 4336 
                        Collection time: 11.105s 
                          Learning time: 0.229s 
                        Mean value loss: 10.5378
                    Mean surrogate loss: -0.0010
                      Mean entropy loss: 0.0136
                            Mean reward: 54.18
                    Mean episode length: 180.19
                        Mean action std: 0.24
         Mean episode goal_per_1k_steps: 0.7487
         Mean episode mean_dist_to_ball: 2.5098
               Mean episode goals_total: 368.7083
--------------------------------------------------------------------------------
                         Iteration time: 11.33s
                           Time elapsed: 0:13:34
                                    ETA: 1:18:10

################################################################################
[1m                           Learning iteration 74/500                            [0m 

                               Run name: hierarchical_soccer_chase_hl
                            Total steps: 3686400 
                       Steps per second: 4301 
                        Collection time: 11.196s 
                          Learning time: 0.230s 
                        Mean value loss: 8.9257
                    Mean surrogate loss: -0.0021
                      Mean entropy loss: -0.0178
                            Mean reward: 51.78
                    Mean episode length: 179.88
                        Mean action std: 0.24
         Mean episode goal_per_1k_steps: 1.0254
         Mean episode mean_dist_to_ball: 2.5637
               Mean episode goals_total: 376.1250
--------------------------------------------------------------------------------
                         Iteration time: 11.43s
                           Time elapsed: 0:13:46
                                    ETA: 1:18:01

################################################################################
[1m                           Learning iteration 75/500                            [0m 

                               Run name: hierarchical_soccer_chase_hl
                            Total steps: 3735552 
                       Steps per second: 4290 
                        Collection time: 11.225s 
                          Learning time: 0.230s 
                        Mean value loss: 8.6531
                    Mean surrogate loss: -0.0028
                      Mean entropy loss: -0.0510
                            Mean reward: 57.41
                    Mean episode length: 184.58
                        Mean action std: 0.24
         Mean episode goal_per_1k_steps: 0.8667
         Mean episode mean_dist_to_ball: 2.5608
               Mean episode goals_total: 386.8333
--------------------------------------------------------------------------------
                         Iteration time: 11.45s
                           Time elapsed: 0:13:57
                                    ETA: 1:17:53

################################################################################
[1m                           Learning iteration 76/500                            [0m 

                               Run name: hierarchical_soccer_chase_hl
                            Total steps: 3784704 
                       Steps per second: 4300 
                        Collection time: 11.201s 
                          Learning time: 0.229s 
                        Mean value loss: 8.6307
                    Mean surrogate loss: -0.0022
                      Mean entropy loss: -0.0806
                            Mean reward: 47.07
                    Mean episode length: 178.86
                        Mean action std: 0.24
         Mean episode goal_per_1k_steps: 0.8748
         Mean episode mean_dist_to_ball: 2.5641
               Mean episode goals_total: 397.3333
--------------------------------------------------------------------------------
                         Iteration time: 11.43s
                           Time elapsed: 0:14:09
                                    ETA: 1:17:44

################################################################################
[1m                           Learning iteration 77/500                            [0m 

                               Run name: hierarchical_soccer_chase_hl
                            Total steps: 3833856 
                       Steps per second: 4303 
                        Collection time: 11.192s 
                          Learning time: 0.230s 
                        Mean value loss: 8.3131
                    Mean surrogate loss: 0.0007
                      Mean entropy loss: -0.1014
                            Mean reward: 53.41
                    Mean episode length: 185.33
                        Mean action std: 0.24
         Mean episode goal_per_1k_steps: 0.5656
         Mean episode mean_dist_to_ball: 2.5146
               Mean episode goals_total: 404.5833
--------------------------------------------------------------------------------
                         Iteration time: 11.42s
                           Time elapsed: 0:14:20
                                    ETA: 1:17:35

################################################################################
[1m                           Learning iteration 78/500                            [0m 

                               Run name: hierarchical_soccer_chase_hl
                            Total steps: 3883008 
                       Steps per second: 4286 
                        Collection time: 11.235s 
                          Learning time: 0.231s 
                        Mean value loss: 7.7774
                    Mean surrogate loss: -0.0040
                      Mean entropy loss: -0.1345
                            Mean reward: 61.52
                    Mean episode length: 193.31
                        Mean action std: 0.23
         Mean episode goal_per_1k_steps: 0.5798
         Mean episode mean_dist_to_ball: 2.4910
               Mean episode goals_total: 410.7083
--------------------------------------------------------------------------------
                         Iteration time: 11.47s
                           Time elapsed: 0:14:31
                                    ETA: 1:17:26

################################################################################
[1m                           Learning iteration 79/500                            [0m 

                               Run name: hierarchical_soccer_chase_hl
                            Total steps: 3932160 
                       Steps per second: 4275 
                        Collection time: 11.267s 
                          Learning time: 0.229s 
                        Mean value loss: 8.1420
                    Mean surrogate loss: -0.0027
                      Mean entropy loss: -0.1623
                            Mean reward: 54.30
                    Mean episode length: 183.73
                        Mean action std: 0.23
         Mean episode goal_per_1k_steps: 0.7304
         Mean episode mean_dist_to_ball: 2.4608
               Mean episode goals_total: 419.4583
--------------------------------------------------------------------------------
                         Iteration time: 11.50s
                           Time elapsed: 0:14:43
                                    ETA: 1:17:18

################################################################################
[1m                           Learning iteration 80/500                            [0m 

                               Run name: hierarchical_soccer_chase_hl
                            Total steps: 3981312 
                       Steps per second: 4256 
                        Collection time: 11.317s 
                          Learning time: 0.230s 
                        Mean value loss: 8.0994
                    Mean surrogate loss: -0.0019
                      Mean entropy loss: -0.2142
                            Mean reward: 59.31
                    Mean episode length: 195.17
                        Mean action std: 0.23
         Mean episode goal_per_1k_steps: 0.8301
         Mean episode mean_dist_to_ball: 2.4623
               Mean episode goals_total: 428.9583
--------------------------------------------------------------------------------
                         Iteration time: 11.55s
                           Time elapsed: 0:14:55
                                    ETA: 1:17:09

################################################################################
[1m                           Learning iteration 81/500                            [0m 

                               Run name: hierarchical_soccer_chase_hl
                            Total steps: 4030464 
                       Steps per second: 4250 
                        Collection time: 11.332s 
                          Learning time: 0.230s 
                        Mean value loss: 7.9432
                    Mean surrogate loss: -0.0037
                      Mean entropy loss: -0.2420
                            Mean reward: 61.98
                    Mean episode length: 202.94
                        Mean action std: 0.22
         Mean episode goal_per_1k_steps: 0.6877
         Mean episode mean_dist_to_ball: 2.4139
               Mean episode goals_total: 435.0833
--------------------------------------------------------------------------------
                         Iteration time: 11.56s
                           Time elapsed: 0:15:06
                                    ETA: 1:17:01

################################################################################
[1m                           Learning iteration 82/500                            [0m 

                               Run name: hierarchical_soccer_chase_hl
                            Total steps: 4079616 
                       Steps per second: 4269 
                        Collection time: 11.282s 
                          Learning time: 0.230s 
                        Mean value loss: 7.9629
                    Mean surrogate loss: -0.0006
                      Mean entropy loss: -0.2752
                            Mean reward: 60.33
                    Mean episode length: 191.55
                        Mean action std: 0.22
         Mean episode goal_per_1k_steps: 0.7324
         Mean episode mean_dist_to_ball: 2.3970
               Mean episode goals_total: 444.1667
--------------------------------------------------------------------------------
                         Iteration time: 11.51s
                           Time elapsed: 0:15:18
                                    ETA: 1:16:52

################################################################################
[1m                           Learning iteration 83/500                            [0m 

                               Run name: hierarchical_soccer_chase_hl
                            Total steps: 4128768 
                       Steps per second: 4264 
                        Collection time: 11.297s 
                          Learning time: 0.230s 
                        Mean value loss: 8.2562
                    Mean surrogate loss: -0.0008
                      Mean entropy loss: -0.2931
                            Mean reward: 58.01
                    Mean episode length: 185.07
                        Mean action std: 0.22
         Mean episode goal_per_1k_steps: 0.8565
         Mean episode mean_dist_to_ball: 2.3466
               Mean episode goals_total: 458.4167
--------------------------------------------------------------------------------
                         Iteration time: 11.53s
                           Time elapsed: 0:15:29
                                    ETA: 1:16:43

################################################################################
[1m                           Learning iteration 84/500                            [0m 

                               Run name: hierarchical_soccer_chase_hl
                            Total steps: 4177920 
                       Steps per second: 4273 
                        Collection time: 11.272s 
                          Learning time: 0.230s 
                        Mean value loss: 8.1786
                    Mean surrogate loss: -0.0013
                      Mean entropy loss: -0.3212
                            Mean reward: 61.98
                    Mean episode length: 197.72
                        Mean action std: 0.22
         Mean episode goal_per_1k_steps: 0.7222
         Mean episode mean_dist_to_ball: 2.3598
               Mean episode goals_total: 468.0000
--------------------------------------------------------------------------------
                         Iteration time: 11.50s
                           Time elapsed: 0:15:41
                                    ETA: 1:16:34

################################################################################
[1m                           Learning iteration 85/500                            [0m 

                               Run name: hierarchical_soccer_chase_hl
                            Total steps: 4227072 
                       Steps per second: 4279 
                        Collection time: 11.256s 
                          Learning time: 0.230s 
                        Mean value loss: 7.8640
                    Mean surrogate loss: 0.0007
                      Mean entropy loss: -0.3414
                            Mean reward: 59.49
                    Mean episode length: 191.53
                        Mean action std: 0.22
         Mean episode goal_per_1k_steps: 0.7446
         Mean episode mean_dist_to_ball: 2.3228
               Mean episode goals_total: 479.9583
--------------------------------------------------------------------------------
                         Iteration time: 11.49s
                           Time elapsed: 0:15:52
                                    ETA: 1:16:25

################################################################################
[1m                           Learning iteration 86/500                            [0m 

                               Run name: hierarchical_soccer_chase_hl
                            Total steps: 4276224 
                       Steps per second: 4272 
                        Collection time: 11.275s 
                          Learning time: 0.230s 
                        Mean value loss: 7.1370
                    Mean surrogate loss: -0.0025
                      Mean entropy loss: -0.3669
                            Mean reward: 60.52
                    Mean episode length: 197.48
                        Mean action std: 0.22
         Mean episode goal_per_1k_steps: 0.9155
         Mean episode mean_dist_to_ball: 2.2638
               Mean episode goals_total: 490.8333
--------------------------------------------------------------------------------
                         Iteration time: 11.51s
                           Time elapsed: 0:16:04
                                    ETA: 1:16:16

################################################################################
[1m                           Learning iteration 87/500                            [0m 

                               Run name: hierarchical_soccer_chase_hl
                            Total steps: 4325376 
                       Steps per second: 4266 
                        Collection time: 11.291s 
                          Learning time: 0.230s 
                        Mean value loss: 7.7061
                    Mean surrogate loss: -0.0025
                      Mean entropy loss: -0.3899
                            Mean reward: 69.96
                    Mean episode length: 213.30
                        Mean action std: 0.21
         Mean episode goal_per_1k_steps: 0.5493
         Mean episode mean_dist_to_ball: 2.1996
               Mean episode goals_total: 496.7083
--------------------------------------------------------------------------------
                         Iteration time: 11.52s
                           Time elapsed: 0:16:15
                                    ETA: 1:16:07

################################################################################
[1m                           Learning iteration 88/500                            [0m 

                               Run name: hierarchical_soccer_chase_hl
                            Total steps: 4374528 
                       Steps per second: 4247 
                        Collection time: 11.341s 
                          Learning time: 0.230s 
                        Mean value loss: 5.7895
                    Mean surrogate loss: -0.0021
                      Mean entropy loss: -0.4302
                            Mean reward: 61.14
                    Mean episode length: 200.17
                        Mean action std: 0.21
         Mean episode goal_per_1k_steps: 0.6897
         Mean episode mean_dist_to_ball: 2.2053
               Mean episode goals_total: 504.0000
--------------------------------------------------------------------------------
                         Iteration time: 11.57s
                           Time elapsed: 0:16:27
                                    ETA: 1:15:58

################################################################################
[1m                           Learning iteration 89/500                            [0m 

                               Run name: hierarchical_soccer_chase_hl
                            Total steps: 4423680 
                       Steps per second: 4246 
                        Collection time: 11.344s 
                          Learning time: 0.230s 
                        Mean value loss: 7.4698
                    Mean surrogate loss: -0.0041
                      Mean entropy loss: -0.4624
                            Mean reward: 63.15
                    Mean episode length: 207.75
                        Mean action std: 0.21
         Mean episode goal_per_1k_steps: 0.5249
         Mean episode mean_dist_to_ball: 2.2056
               Mean episode goals_total: 510.1250
--------------------------------------------------------------------------------
                         Iteration time: 11.57s
                           Time elapsed: 0:16:38
                                    ETA: 1:15:50

################################################################################
[1m                           Learning iteration 90/500                            [0m 

                               Run name: hierarchical_soccer_chase_hl
                            Total steps: 4472832 
                       Steps per second: 4258 
                        Collection time: 11.313s 
                          Learning time: 0.230s 
                        Mean value loss: 7.3594
                    Mean surrogate loss: -0.0043
                      Mean entropy loss: -0.4922
                            Mean reward: 65.73
                    Mean episode length: 211.36
                        Mean action std: 0.21
         Mean episode goal_per_1k_steps: 0.4842
         Mean episode mean_dist_to_ball: 2.2015
               Mean episode goals_total: 515.8334
--------------------------------------------------------------------------------
                         Iteration time: 11.54s
                           Time elapsed: 0:16:50
                                    ETA: 1:15:40

################################################################################
[1m                           Learning iteration 91/500                            [0m 

                               Run name: hierarchical_soccer_chase_hl
                            Total steps: 4521984 
                       Steps per second: 4254 
                        Collection time: 11.324s 
                          Learning time: 0.230s 
                        Mean value loss: 6.3791
                    Mean surrogate loss: -0.0014
                      Mean entropy loss: -0.5260
                            Mean reward: 63.11
                    Mean episode length: 205.24
                        Mean action std: 0.20
         Mean episode goal_per_1k_steps: 0.4842
         Mean episode mean_dist_to_ball: 2.1710
               Mean episode goals_total: 518.1667
--------------------------------------------------------------------------------
                         Iteration time: 11.55s
                           Time elapsed: 0:17:01
                                    ETA: 1:15:31

################################################################################
[1m                           Learning iteration 92/500                            [0m 

                               Run name: hierarchical_soccer_chase_hl
                            Total steps: 4571136 
                       Steps per second: 4244 
                        Collection time: 11.351s 
                          Learning time: 0.230s 
                        Mean value loss: 5.6721
                    Mean surrogate loss: -0.0015
                      Mean entropy loss: -0.5638
                            Mean reward: 63.13
                    Mean episode length: 205.68
                        Mean action std: 0.20
         Mean episode goal_per_1k_steps: 0.6571
         Mean episode mean_dist_to_ball: 2.1454
               Mean episode goals_total: 523.3750
--------------------------------------------------------------------------------
                         Iteration time: 11.58s
                           Time elapsed: 0:17:13
                                    ETA: 1:15:22

################################################################################
[1m                           Learning iteration 93/500                            [0m 

                               Run name: hierarchical_soccer_chase_hl
                            Total steps: 4620288 
                       Steps per second: 4254 
                        Collection time: 11.324s 
                          Learning time: 0.230s 
                        Mean value loss: 6.0491
                    Mean surrogate loss: -0.0018
                      Mean entropy loss: -0.5954
                            Mean reward: 64.27
                    Mean episode length: 200.97
                        Mean action std: 0.20
         Mean episode goal_per_1k_steps: 0.3438
         Mean episode mean_dist_to_ball: 2.0683
               Mean episode goals_total: 524.0000
--------------------------------------------------------------------------------
                         Iteration time: 11.55s
                           Time elapsed: 0:17:25
                                    ETA: 1:15:13

################################################################################
[1m                           Learning iteration 94/500                            [0m 

                               Run name: hierarchical_soccer_chase_hl
                            Total steps: 4669440 
                       Steps per second: 4259 
                        Collection time: 11.309s 
                          Learning time: 0.229s 
                        Mean value loss: 5.4675
                    Mean surrogate loss: -0.0027
                      Mean entropy loss: -0.6242
                            Mean reward: 63.60
                    Mean episode length: 206.99
                        Mean action std: 0.20
         Mean episode goal_per_1k_steps: 0.5066
         Mean episode mean_dist_to_ball: 2.0381
               Mean episode goals_total: 526.2500
--------------------------------------------------------------------------------
                         Iteration time: 11.54s
                           Time elapsed: 0:17:36
                                    ETA: 1:15:04

################################################################################
[1m                           Learning iteration 95/500                            [0m 

                               Run name: hierarchical_soccer_chase_hl
                            Total steps: 4718592 
                       Steps per second: 4253 
                        Collection time: 11.326s 
                          Learning time: 0.229s 
                        Mean value loss: 5.2567
                    Mean surrogate loss: -0.0024
                      Mean entropy loss: -0.6498
                            Mean reward: 68.55
                    Mean episode length: 215.79
                        Mean action std: 0.20
         Mean episode goal_per_1k_steps: 0.4801
         Mean episode mean_dist_to_ball: 1.9868
               Mean episode goals_total: 532.5834
--------------------------------------------------------------------------------
                         Iteration time: 11.56s
                           Time elapsed: 0:17:48
                                    ETA: 1:14:54

################################################################################
[1m                           Learning iteration 96/500                            [0m 

                               Run name: hierarchical_soccer_chase_hl
                            Total steps: 4767744 
                       Steps per second: 4242 
                        Collection time: 11.360s 
                          Learning time: 0.227s 
                        Mean value loss: 5.1141
                    Mean surrogate loss: -0.0032
                      Mean entropy loss: -0.6850
                            Mean reward: 63.23
                    Mean episode length: 198.68
                        Mean action std: 0.19
         Mean episode goal_per_1k_steps: 0.4781
         Mean episode mean_dist_to_ball: 1.9451
               Mean episode goals_total: 540.3334
--------------------------------------------------------------------------------
                         Iteration time: 11.59s
                           Time elapsed: 0:17:59
                                    ETA: 1:14:45

################################################################################
[1m                           Learning iteration 97/500                            [0m 

                               Run name: hierarchical_soccer_chase_hl
                            Total steps: 4816896 
                       Steps per second: 4227 
                        Collection time: 11.399s 
                          Learning time: 0.227s 
                        Mean value loss: 6.0579
                    Mean surrogate loss: -0.0021
                      Mean entropy loss: -0.7164
                            Mean reward: 65.76
                    Mean episode length: 206.21
                        Mean action std: 0.19
         Mean episode goal_per_1k_steps: 0.5086
         Mean episode mean_dist_to_ball: 1.8586
               Mean episode goals_total: 545.6667
--------------------------------------------------------------------------------
                         Iteration time: 11.63s
                           Time elapsed: 0:18:11
                                    ETA: 1:14:36

################################################################################
[1m                           Learning iteration 98/500                            [0m 

                               Run name: hierarchical_soccer_chase_hl
                            Total steps: 4866048 
                       Steps per second: 4236 
                        Collection time: 11.371s 
                          Learning time: 0.230s 
                        Mean value loss: 5.2362
                    Mean surrogate loss: -0.0029
                      Mean entropy loss: -0.7512
                            Mean reward: 70.68
                    Mean episode length: 210.67
                        Mean action std: 0.19
         Mean episode goal_per_1k_steps: 0.4130
         Mean episode mean_dist_to_ball: 1.8025
               Mean episode goals_total: 549.0000
--------------------------------------------------------------------------------
                         Iteration time: 11.60s
                           Time elapsed: 0:18:22
                                    ETA: 1:14:27

################################################################################
[1m                           Learning iteration 99/500                            [0m 

                               Run name: hierarchical_soccer_chase_hl
                            Total steps: 4915200 
                       Steps per second: 4228 
                        Collection time: 11.393s 
                          Learning time: 0.230s 
                        Mean value loss: 4.7367
                    Mean surrogate loss: -0.0037
                      Mean entropy loss: -0.7650
                            Mean reward: 71.18
                    Mean episode length: 224.22
                        Mean action std: 0.19
         Mean episode goal_per_1k_steps: 0.4333
         Mean episode mean_dist_to_ball: 1.8004
               Mean episode goals_total: 551.4167
--------------------------------------------------------------------------------
                         Iteration time: 11.62s
                           Time elapsed: 0:18:34
                                    ETA: 1:14:18

################################################################################
[1m                           Learning iteration 100/500                           [0m 

                               Run name: hierarchical_soccer_chase_hl
                            Total steps: 4964352 
                       Steps per second: 4230 
                        Collection time: 11.388s 
                          Learning time: 0.231s 
                        Mean value loss: 3.8599
                    Mean surrogate loss: -0.0018
                      Mean entropy loss: -0.8148
                            Mean reward: 71.46
                    Mean episode length: 225.76
                        Mean action std: 0.19
         Mean episode goal_per_1k_steps: 0.2828
         Mean episode mean_dist_to_ball: 1.7417
               Mean episode goals_total: 554.6250
--------------------------------------------------------------------------------
                         Iteration time: 11.62s
                           Time elapsed: 0:18:46
                                    ETA: 1:14:08

################################################################################
[1m                           Learning iteration 101/500                           [0m 

                               Run name: hierarchical_soccer_chase_hl
                            Total steps: 5013504 
                       Steps per second: 4215 
                        Collection time: 11.426s 
                          Learning time: 0.235s 
                        Mean value loss: 3.5481
                    Mean surrogate loss: -0.0015
                      Mean entropy loss: -0.8388
                            Mean reward: 69.22
                    Mean episode length: 227.88
                        Mean action std: 0.18
         Mean episode goal_per_1k_steps: 0.1261
         Mean episode mean_dist_to_ball: 1.7825
               Mean episode goals_total: 555.0000
--------------------------------------------------------------------------------
                         Iteration time: 11.66s
                           Time elapsed: 0:18:57
                                    ETA: 1:13:59

################################################################################
[1m                           Learning iteration 102/500                           [0m 

                               Run name: hierarchical_soccer_chase_hl
                            Total steps: 5062656 
                       Steps per second: 4216 
                        Collection time: 11.431s 
                          Learning time: 0.227s 
                        Mean value loss: 3.2402
                    Mean surrogate loss: -0.0023
                      Mean entropy loss: -0.8735
                            Mean reward: 74.48
                    Mean episode length: 215.01
                        Mean action std: 0.18
         Mean episode goal_per_1k_steps: 0.1973
         Mean episode mean_dist_to_ball: 1.7517
               Mean episode goals_total: 555.7917
--------------------------------------------------------------------------------
                         Iteration time: 11.66s
                           Time elapsed: 0:19:09
                                    ETA: 1:13:50

################################################################################
[1m                           Learning iteration 103/500                           [0m 

                               Run name: hierarchical_soccer_chase_hl
                            Total steps: 5111808 
                       Steps per second: 4226 
                        Collection time: 11.402s 
                          Learning time: 0.227s 
                        Mean value loss: 3.1970
                    Mean surrogate loss: -0.0016
                      Mean entropy loss: -0.8751
                            Mean reward: 73.94
                    Mean episode length: 231.26
                        Mean action std: 0.18
         Mean episode goal_per_1k_steps: 0.1912
         Mean episode mean_dist_to_ball: 1.7487
               Mean episode goals_total: 558.0000
--------------------------------------------------------------------------------
                         Iteration time: 11.63s
                           Time elapsed: 0:19:21
                                    ETA: 1:13:41

################################################################################
[1m                           Learning iteration 104/500                           [0m 

                               Run name: hierarchical_soccer_chase_hl
                            Total steps: 5160960 
                       Steps per second: 4241 
                        Collection time: 11.361s 
                          Learning time: 0.227s 
                        Mean value loss: 3.0574
                    Mean surrogate loss: -0.0023
                      Mean entropy loss: -0.9321
                            Mean reward: 70.95
                    Mean episode length: 234.47
                        Mean action std: 0.18
         Mean episode goal_per_1k_steps: 0.1689
         Mean episode mean_dist_to_ball: 1.7109
               Mean episode goals_total: 558.8750
--------------------------------------------------------------------------------
                         Iteration time: 11.59s
                           Time elapsed: 0:19:32
                                    ETA: 1:13:31

################################################################################
[1m                           Learning iteration 105/500                           [0m 

                               Run name: hierarchical_soccer_chase_hl
                            Total steps: 5210112 
                       Steps per second: 4237 
                        Collection time: 11.372s 
                          Learning time: 0.227s 
                        Mean value loss: 3.5213
                    Mean surrogate loss: -0.0022
                      Mean entropy loss: -0.9537
                            Mean reward: 74.33
                    Mean episode length: 232.17
                        Mean action std: 0.18
         Mean episode goal_per_1k_steps: 0.0997
         Mean episode mean_dist_to_ball: 1.6388
               Mean episode goals_total: 559.0000
--------------------------------------------------------------------------------
                         Iteration time: 11.60s
                           Time elapsed: 0:19:44
                                    ETA: 1:13:22

################################################################################
[1m                           Learning iteration 106/500                           [0m 

                               Run name: hierarchical_soccer_chase_hl
                            Total steps: 5259264 
                       Steps per second: 4227 
                        Collection time: 11.398s 
                          Learning time: 0.227s 
                        Mean value loss: 2.7130
                    Mean surrogate loss: -0.0025
                      Mean entropy loss: -1.0016
                            Mean reward: 75.70
                    Mean episode length: 227.22
                        Mean action std: 0.17
         Mean episode goal_per_1k_steps: 0.1180
         Mean episode mean_dist_to_ball: 1.6227
               Mean episode goals_total: 559.7917
--------------------------------------------------------------------------------
                         Iteration time: 11.63s
                           Time elapsed: 0:19:55
                                    ETA: 1:13:12

################################################################################
[1m                           Learning iteration 107/500                           [0m 

                               Run name: hierarchical_soccer_chase_hl
                            Total steps: 5308416 
                       Steps per second: 4222 
                        Collection time: 11.413s 
                          Learning time: 0.227s 
                        Mean value loss: 3.1113
                    Mean surrogate loss: -0.0021
                      Mean entropy loss: -1.0138
                            Mean reward: 78.59
                    Mean episode length: 234.29
                        Mean action std: 0.17
         Mean episode goal_per_1k_steps: 0.1099
         Mean episode mean_dist_to_ball: 1.6155
               Mean episode goals_total: 560.0000
--------------------------------------------------------------------------------
                         Iteration time: 11.64s
                           Time elapsed: 0:20:07
                                    ETA: 1:13:03

################################################################################
[1m                           Learning iteration 108/500                           [0m 

                               Run name: hierarchical_soccer_chase_hl
                            Total steps: 5357568 
                       Steps per second: 4217 
                        Collection time: 11.426s 
                          Learning time: 0.228s 
                        Mean value loss: 3.4224
                    Mean surrogate loss: -0.0024
                      Mean entropy loss: -1.0489
                            Mean reward: 74.17
                    Mean episode length: 229.22
                        Mean action std: 0.17
         Mean episode goal_per_1k_steps: 0.1546
         Mean episode mean_dist_to_ball: 1.6151
               Mean episode goals_total: 560.2917
--------------------------------------------------------------------------------
                         Iteration time: 11.65s
                           Time elapsed: 0:20:19
                                    ETA: 1:12:53

################################################################################
[1m                           Learning iteration 109/500                           [0m 

                               Run name: hierarchical_soccer_chase_hl
                            Total steps: 5406720 
                       Steps per second: 4223 
                        Collection time: 11.409s 
                          Learning time: 0.227s 
                        Mean value loss: 2.7613
                    Mean surrogate loss: -0.0009
                      Mean entropy loss: -1.0760
                            Mean reward: 80.30
                    Mean episode length: 234.59
                        Mean action std: 0.17
         Mean episode goal_per_1k_steps: 0.1160
         Mean episode mean_dist_to_ball: 1.5853
               Mean episode goals_total: 561.8750
--------------------------------------------------------------------------------
                         Iteration time: 11.64s
                           Time elapsed: 0:20:30
                                    ETA: 1:12:43

################################################################################
[1m                           Learning iteration 110/500                           [0m 

                               Run name: hierarchical_soccer_chase_hl
                            Total steps: 5455872 
                       Steps per second: 4216 
                        Collection time: 11.430s 
                          Learning time: 0.227s 
                        Mean value loss: 2.6834
                    Mean surrogate loss: -0.0007
                      Mean entropy loss: -1.0940
                            Mean reward: 75.68
                    Mean episode length: 229.42
                        Mean action std: 0.17
         Mean episode goal_per_1k_steps: 0.2136
         Mean episode mean_dist_to_ball: 1.5905
               Mean episode goals_total: 563.0417
--------------------------------------------------------------------------------
                         Iteration time: 11.66s
                           Time elapsed: 0:20:42
                                    ETA: 1:12:34

################################################################################
[1m                           Learning iteration 111/500                           [0m 

                               Run name: hierarchical_soccer_chase_hl
                            Total steps: 5505024 
                       Steps per second: 4208 
                        Collection time: 11.450s 
                          Learning time: 0.230s 
                        Mean value loss: 2.7033
                    Mean surrogate loss: -0.0031
                      Mean entropy loss: -1.0772
                            Mean reward: 78.79
                    Mean episode length: 227.85
                        Mean action std: 0.17
         Mean episode goal_per_1k_steps: 0.2523
         Mean episode mean_dist_to_ball: 1.5679
               Mean episode goals_total: 565.3750
--------------------------------------------------------------------------------
                         Iteration time: 11.68s
                           Time elapsed: 0:20:54
                                    ETA: 1:12:24

################################################################################
[1m                           Learning iteration 112/500                           [0m 

                               Run name: hierarchical_soccer_chase_hl
                            Total steps: 5554176 
                       Steps per second: 4208 
                        Collection time: 11.450s 
                          Learning time: 0.230s 
                        Mean value loss: 2.8694
                    Mean surrogate loss: -0.0020
                      Mean entropy loss: -1.1287
                            Mean reward: 72.33
                    Mean episode length: 223.08
                        Mean action std: 0.17
         Mean episode goal_per_1k_steps: 0.1994
         Mean episode mean_dist_to_ball: 1.5672
               Mean episode goals_total: 566.1250
--------------------------------------------------------------------------------
                         Iteration time: 11.68s
                           Time elapsed: 0:21:05
                                    ETA: 1:12:15

################################################################################
[1m                           Learning iteration 113/500                           [0m 

                               Run name: hierarchical_soccer_chase_hl
                            Total steps: 5603328 
                       Steps per second: 4211 
                        Collection time: 11.442s 
                          Learning time: 0.230s 
                        Mean value loss: 2.9437
                    Mean surrogate loss: -0.0034
                      Mean entropy loss: -1.1540
                            Mean reward: 73.71
                    Mean episode length: 220.27
                        Mean action std: 0.17
         Mean episode goal_per_1k_steps: 0.1668
         Mean episode mean_dist_to_ball: 1.5565
               Mean episode goals_total: 568.0000
--------------------------------------------------------------------------------
                         Iteration time: 11.67s
                           Time elapsed: 0:21:17
                                    ETA: 1:12:05

################################################################################
[1m                           Learning iteration 114/500                           [0m 

                               Run name: hierarchical_soccer_chase_hl
                            Total steps: 5652480 
                       Steps per second: 4220 
                        Collection time: 11.419s 
                          Learning time: 0.228s 
                        Mean value loss: 2.9337
                    Mean surrogate loss: -0.0030
                      Mean entropy loss: -1.1808
                            Mean reward: 77.17
                    Mean episode length: 224.68
                        Mean action std: 0.16
         Mean episode goal_per_1k_steps: 0.0834
         Mean episode mean_dist_to_ball: 1.5460
               Mean episode goals_total: 569.8750
--------------------------------------------------------------------------------
                         Iteration time: 11.65s
                           Time elapsed: 0:21:29
                                    ETA: 1:11:55

################################################################################
[1m                           Learning iteration 115/500                           [0m 

                               Run name: hierarchical_soccer_chase_hl
                            Total steps: 5701632 
                       Steps per second: 4212 
                        Collection time: 11.439s 
                          Learning time: 0.228s 
                        Mean value loss: 3.3159
                    Mean surrogate loss: -0.0028
                      Mean entropy loss: -1.1838
                            Mean reward: 75.70
                    Mean episode length: 224.72
                        Mean action std: 0.16
         Mean episode goal_per_1k_steps: 0.2950
         Mean episode mean_dist_to_ball: 1.5534
               Mean episode goals_total: 571.2500
--------------------------------------------------------------------------------
                         Iteration time: 11.67s
                           Time elapsed: 0:21:40
                                    ETA: 1:11:46

################################################################################
[1m                           Learning iteration 116/500                           [0m 

                               Run name: hierarchical_soccer_chase_hl
                            Total steps: 5750784 
                       Steps per second: 4219 
                        Collection time: 11.421s 
                          Learning time: 0.227s 
                        Mean value loss: 3.0731
                    Mean surrogate loss: -0.0031
                      Mean entropy loss: -1.2325
                            Mean reward: 72.82
                    Mean episode length: 221.90
                        Mean action std: 0.16
         Mean episode goal_per_1k_steps: 0.2014
         Mean episode mean_dist_to_ball: 1.5636
               Mean episode goals_total: 574.3750
--------------------------------------------------------------------------------
                         Iteration time: 11.65s
                           Time elapsed: 0:21:52
                                    ETA: 1:11:36

################################################################################
[1m                           Learning iteration 117/500                           [0m 

                               Run name: hierarchical_soccer_chase_hl
                            Total steps: 5799936 
                       Steps per second: 4208 
                        Collection time: 11.452s 
                          Learning time: 0.227s 
                        Mean value loss: 4.3097
                    Mean surrogate loss: -0.0031
                      Mean entropy loss: -1.2369
                            Mean reward: 74.05
                    Mean episode length: 220.10
                        Mean action std: 0.16
         Mean episode goal_per_1k_steps: 0.2482
         Mean episode mean_dist_to_ball: 1.5934
               Mean episode goals_total: 576.0417
--------------------------------------------------------------------------------
                         Iteration time: 11.68s
                           Time elapsed: 0:22:04
                                    ETA: 1:11:26

################################################################################
[1m                           Learning iteration 118/500                           [0m 

                               Run name: hierarchical_soccer_chase_hl
                            Total steps: 5849088 
                       Steps per second: 4206 
                        Collection time: 11.453s 
                          Learning time: 0.230s 
                        Mean value loss: 3.2192
                    Mean surrogate loss: -0.0027
                      Mean entropy loss: -1.2655
                            Mean reward: 77.66
                    Mean episode length: 225.12
                        Mean action std: 0.16
         Mean episode goal_per_1k_steps: 0.3133
         Mean episode mean_dist_to_ball: 1.6277
               Mean episode goals_total: 581.4167
--------------------------------------------------------------------------------
                         Iteration time: 11.68s
                           Time elapsed: 0:22:15
                                    ETA: 1:11:17

################################################################################
[1m                           Learning iteration 119/500                           [0m 

                               Run name: hierarchical_soccer_chase_hl
                            Total steps: 5898240 
                       Steps per second: 4205 
                        Collection time: 11.457s 
                          Learning time: 0.230s 
                        Mean value loss: 2.8487
                    Mean surrogate loss: -0.0025
                      Mean entropy loss: -1.2858
                            Mean reward: 76.32
                    Mean episode length: 227.31
                        Mean action std: 0.16
         Mean episode goal_per_1k_steps: 0.2848
         Mean episode mean_dist_to_ball: 1.6594
               Mean episode goals_total: 582.8750
--------------------------------------------------------------------------------
                         Iteration time: 11.69s
                           Time elapsed: 0:22:27
                                    ETA: 1:11:07

################################################################################
[1m                           Learning iteration 120/500                           [0m 

                               Run name: hierarchical_soccer_chase_hl
                            Total steps: 5947392 
                       Steps per second: 4208 
                        Collection time: 11.449s 
                          Learning time: 0.230s 
                        Mean value loss: 3.0185
                    Mean surrogate loss: -0.0025
                      Mean entropy loss: -1.3567
                            Mean reward: 79.73
                    Mean episode length: 228.50
                        Mean action std: 0.15
         Mean episode goal_per_1k_steps: 0.3052
         Mean episode mean_dist_to_ball: 1.6700
               Mean episode goals_total: 585.0834
--------------------------------------------------------------------------------
                         Iteration time: 11.68s
                           Time elapsed: 0:22:39
                                    ETA: 1:10:57

################################################################################
[1m                           Learning iteration 121/500                           [0m 

                               Run name: hierarchical_soccer_chase_hl
                            Total steps: 5996544 
                       Steps per second: 4211 
                        Collection time: 11.441s 
                          Learning time: 0.230s 
                        Mean value loss: 4.0847
                    Mean surrogate loss: -0.0024
                      Mean entropy loss: -1.3782
                            Mean reward: 74.28
                    Mean episode length: 222.06
                        Mean action std: 0.15
         Mean episode goal_per_1k_steps: 0.2645
         Mean episode mean_dist_to_ball: 1.6538
               Mean episode goals_total: 587.0000
--------------------------------------------------------------------------------
                         Iteration time: 11.67s
                           Time elapsed: 0:22:50
                                    ETA: 1:10:47

################################################################################
[1m                           Learning iteration 122/500                           [0m 

                               Run name: hierarchical_soccer_chase_hl
                            Total steps: 6045696 
                       Steps per second: 4221 
                        Collection time: 11.413s 
                          Learning time: 0.230s 
                        Mean value loss: 2.7364
                    Mean surrogate loss: -0.0026
                      Mean entropy loss: -1.4055
                            Mean reward: 76.72
                    Mean episode length: 228.53
                        Mean action std: 0.15
         Mean episode goal_per_1k_steps: 0.2523
         Mean episode mean_dist_to_ball: 1.6168
               Mean episode goals_total: 588.7500
--------------------------------------------------------------------------------
                         Iteration time: 11.64s
                           Time elapsed: 0:23:02
                                    ETA: 1:10:37

################################################################################
[1m                           Learning iteration 123/500                           [0m 

                               Run name: hierarchical_soccer_chase_hl
                            Total steps: 6094848 
                       Steps per second: 4207 
                        Collection time: 11.454s 
                          Learning time: 0.228s 
                        Mean value loss: 2.2040
                    Mean surrogate loss: -0.0008
                      Mean entropy loss: -1.4035
                            Mean reward: 77.24
                    Mean episode length: 231.64
                        Mean action std: 0.15
         Mean episode goal_per_1k_steps: 0.1261
         Mean episode mean_dist_to_ball: 1.5876
               Mean episode goals_total: 591.7084
--------------------------------------------------------------------------------
                         Iteration time: 11.68s
                           Time elapsed: 0:23:14
                                    ETA: 1:10:27

################################################################################
[1m                           Learning iteration 124/500                           [0m 

                               Run name: hierarchical_soccer_chase_hl
                            Total steps: 6144000 
                       Steps per second: 4208 
                        Collection time: 11.450s 
                          Learning time: 0.230s 
                        Mean value loss: 2.2214
                    Mean surrogate loss: -0.0019
                      Mean entropy loss: -1.4136
                            Mean reward: 78.56
                    Mean episode length: 229.68
                        Mean action std: 0.15
         Mean episode goal_per_1k_steps: 0.2116
         Mean episode mean_dist_to_ball: 1.5886
               Mean episode goals_total: 592.9167
--------------------------------------------------------------------------------
                         Iteration time: 11.68s
                           Time elapsed: 0:23:25
                                    ETA: 1:10:17

################################################################################
[1m                           Learning iteration 125/500                           [0m 

                               Run name: hierarchical_soccer_chase_hl
                            Total steps: 6193152 
                       Steps per second: 4213 
                        Collection time: 11.437s 
                          Learning time: 0.230s 
                        Mean value loss: 3.5934
                    Mean surrogate loss: -0.0035
                      Mean entropy loss: -1.4392
                            Mean reward: 77.18
                    Mean episode length: 225.97
                        Mean action std: 0.15
         Mean episode goal_per_1k_steps: 0.2035
         Mean episode mean_dist_to_ball: 1.6021
               Mean episode goals_total: 594.0000
--------------------------------------------------------------------------------
                         Iteration time: 11.67s
                           Time elapsed: 0:23:37
                                    ETA: 1:10:07

################################################################################
[1m                           Learning iteration 126/500                           [0m 

                               Run name: hierarchical_soccer_chase_hl
                            Total steps: 6242304 
                       Steps per second: 4216 
                        Collection time: 11.426s 
                          Learning time: 0.230s 
                        Mean value loss: 3.1804
                    Mean surrogate loss: -0.0035
                      Mean entropy loss: -1.4619
                            Mean reward: 74.76
                    Mean episode length: 220.97
                        Mean action std: 0.15
         Mean episode goal_per_1k_steps: 0.2055
         Mean episode mean_dist_to_ball: 1.6220
               Mean episode goals_total: 595.9584
--------------------------------------------------------------------------------
                         Iteration time: 11.66s
                           Time elapsed: 0:23:49
                                    ETA: 1:09:57

################################################################################
[1m                           Learning iteration 127/500                           [0m 

                               Run name: hierarchical_soccer_chase_hl
                            Total steps: 6291456 
                       Steps per second: 4176 
                        Collection time: 11.538s 
                          Learning time: 0.230s 
                        Mean value loss: 2.9915
                    Mean surrogate loss: -0.0028
                      Mean entropy loss: -1.4529
                            Mean reward: 78.64
                    Mean episode length: 222.78
                        Mean action std: 0.15
         Mean episode goal_per_1k_steps: 0.1770
         Mean episode mean_dist_to_ball: 1.6308
               Mean episode goals_total: 597.9584
--------------------------------------------------------------------------------
                         Iteration time: 11.77s
                           Time elapsed: 0:24:01
                                    ETA: 1:09:47

################################################################################
[1m                           Learning iteration 128/500                           [0m 

                               Run name: hierarchical_soccer_chase_hl
                            Total steps: 6340608 
                       Steps per second: 4097 
                        Collection time: 11.767s 
                          Learning time: 0.230s 
                        Mean value loss: 3.8050
                    Mean surrogate loss: -0.0022
                      Mean entropy loss: -1.4764
                            Mean reward: 74.89
                    Mean episode length: 219.37
                        Mean action std: 0.15
         Mean episode goal_per_1k_steps: 0.2136
         Mean episode mean_dist_to_ball: 1.6266
               Mean episode goals_total: 598.5834
--------------------------------------------------------------------------------
                         Iteration time: 12.00s
                           Time elapsed: 0:24:12
                                    ETA: 1:09:38

################################################################################
[1m                           Learning iteration 129/500                           [0m 

                               Run name: hierarchical_soccer_chase_hl
                            Total steps: 6389760 
                       Steps per second: 4168 
                        Collection time: 11.561s 
                          Learning time: 0.231s 
                        Mean value loss: 3.2075
                    Mean surrogate loss: -0.0023
                      Mean entropy loss: -1.5080
                            Mean reward: 79.77
                    Mean episode length: 235.44
                        Mean action std: 0.15
         Mean episode goal_per_1k_steps: 0.2930
         Mean episode mean_dist_to_ball: 1.6102
               Mean episode goals_total: 602.6667
--------------------------------------------------------------------------------
                         Iteration time: 11.79s
                           Time elapsed: 0:24:24
                                    ETA: 1:09:29

################################################################################
[1m                           Learning iteration 130/500                           [0m 

                               Run name: hierarchical_soccer_chase_hl
                            Total steps: 6438912 
                       Steps per second: 4048 
                        Collection time: 11.910s 
                          Learning time: 0.229s 
                        Mean value loss: 3.0394
                    Mean surrogate loss: -0.0040
                      Mean entropy loss: -1.5402
                            Mean reward: 80.35
                    Mean episode length: 225.31
                        Mean action std: 0.14
         Mean episode goal_per_1k_steps: 0.2706
         Mean episode mean_dist_to_ball: 1.6114
               Mean episode goals_total: 605.6667
--------------------------------------------------------------------------------
                         Iteration time: 12.14s
                           Time elapsed: 0:24:36
                                    ETA: 1:09:20

################################################################################
[1m                           Learning iteration 131/500                           [0m 

                               Run name: hierarchical_soccer_chase_hl
                            Total steps: 6488064 
                       Steps per second: 4221 
                        Collection time: 11.414s 
                          Learning time: 0.230s 
                        Mean value loss: 3.3371
                    Mean surrogate loss: -0.0026
                      Mean entropy loss: -1.5434
                            Mean reward: 77.82
                    Mean episode length: 231.93
                        Mean action std: 0.14
         Mean episode goal_per_1k_steps: 0.2035
         Mean episode mean_dist_to_ball: 1.6308
               Mean episode goals_total: 608.0000
--------------------------------------------------------------------------------
                         Iteration time: 11.64s
                           Time elapsed: 0:24:48
                                    ETA: 1:09:09

################################################################################
[1m                           Learning iteration 132/500                           [0m 

                               Run name: hierarchical_soccer_chase_hl
                            Total steps: 6537216 
                       Steps per second: 4200 
                        Collection time: 11.471s 
                          Learning time: 0.230s 
                        Mean value loss: 4.0973
                    Mean surrogate loss: -0.0031
                      Mean entropy loss: -1.5603
                            Mean reward: 73.21
                    Mean episode length: 211.34
                        Mean action std: 0.14
         Mean episode goal_per_1k_steps: 0.3316
         Mean episode mean_dist_to_ball: 1.6063
               Mean episode goals_total: 609.6250
--------------------------------------------------------------------------------
                         Iteration time: 11.70s
                           Time elapsed: 0:25:00
                                    ETA: 1:08:59

################################################################################
[1m                           Learning iteration 133/500                           [0m 

                               Run name: hierarchical_soccer_chase_hl
                            Total steps: 6586368 
                       Steps per second: 4226 
                        Collection time: 11.400s 
                          Learning time: 0.230s 
                        Mean value loss: 2.7096
                    Mean surrogate loss: -0.0023
                      Mean entropy loss: -1.6062
                            Mean reward: 77.43
                    Mean episode length: 221.34
                        Mean action std: 0.14
         Mean episode goal_per_1k_steps: 0.1282
         Mean episode mean_dist_to_ball: 1.5762
               Mean episode goals_total: 611.0000
--------------------------------------------------------------------------------
                         Iteration time: 11.63s
                           Time elapsed: 0:25:11
                                    ETA: 1:08:49

################################################################################
[1m                           Learning iteration 134/500                           [0m 

                               Run name: hierarchical_soccer_chase_hl
                            Total steps: 6635520 
                       Steps per second: 4231 
                        Collection time: 11.387s 
                          Learning time: 0.230s 
                        Mean value loss: 3.5561
                    Mean surrogate loss: -0.0037
                      Mean entropy loss: -1.6064
                            Mean reward: 72.48
                    Mean episode length: 209.78
                        Mean action std: 0.14
         Mean episode goal_per_1k_steps: 0.1506
         Mean episode mean_dist_to_ball: 1.5525
               Mean episode goals_total: 611.0000
--------------------------------------------------------------------------------
                         Iteration time: 11.62s
                           Time elapsed: 0:25:23
                                    ETA: 1:08:39

################################################################################
[1m                           Learning iteration 135/500                           [0m 

                               Run name: hierarchical_soccer_chase_hl
                            Total steps: 6684672 
                       Steps per second: 4221 
                        Collection time: 11.415s 
                          Learning time: 0.230s 
                        Mean value loss: 2.1548
                    Mean surrogate loss: -0.0021
                      Mean entropy loss: -1.6506
                            Mean reward: 75.28
                    Mean episode length: 230.95
                        Mean action std: 0.14
         Mean episode goal_per_1k_steps: 0.2340
         Mean episode mean_dist_to_ball: 1.5352
               Mean episode goals_total: 612.2500
--------------------------------------------------------------------------------
                         Iteration time: 11.64s
                           Time elapsed: 0:25:35
                                    ETA: 1:08:28

################################################################################
[1m                           Learning iteration 136/500                           [0m 

                               Run name: hierarchical_soccer_chase_hl
                            Total steps: 6733824 
                       Steps per second: 4219 
                        Collection time: 11.418s 
                          Learning time: 0.230s 
                        Mean value loss: 2.5736
                    Mean surrogate loss: -0.0034
                      Mean entropy loss: -1.6640
                            Mean reward: 76.03
                    Mean episode length: 210.41
                        Mean action std: 0.14
         Mean episode goal_per_1k_steps: 0.2319
         Mean episode mean_dist_to_ball: 1.5052
               Mean episode goals_total: 614.9584
--------------------------------------------------------------------------------
                         Iteration time: 11.65s
                           Time elapsed: 0:25:46
                                    ETA: 1:08:18

################################################################################
[1m                           Learning iteration 137/500                           [0m 

                               Run name: hierarchical_soccer_chase_hl
                            Total steps: 6782976 
                       Steps per second: 4236 
                        Collection time: 11.373s 
                          Learning time: 0.230s 
                        Mean value loss: 2.0722
                    Mean surrogate loss: -0.0022
                      Mean entropy loss: -1.7250
                            Mean reward: 80.16
                    Mean episode length: 227.48
                        Mean action std: 0.14
         Mean episode goal_per_1k_steps: 0.0712
         Mean episode mean_dist_to_ball: 1.4452
               Mean episode goals_total: 616.1250
--------------------------------------------------------------------------------
                         Iteration time: 11.60s
                           Time elapsed: 0:25:58
                                    ETA: 1:08:08

################################################################################
[1m                           Learning iteration 138/500                           [0m 

                               Run name: hierarchical_soccer_chase_hl
                            Total steps: 6832128 
                       Steps per second: 4217 
                        Collection time: 11.425s 
                          Learning time: 0.230s 
                        Mean value loss: 2.9810
                    Mean surrogate loss: -0.0028
                      Mean entropy loss: -1.7596
                            Mean reward: 80.38
                    Mean episode length: 223.05
                        Mean action std: 0.13
         Mean episode goal_per_1k_steps: 0.1872
         Mean episode mean_dist_to_ball: 1.4228
               Mean episode goals_total: 618.4167
--------------------------------------------------------------------------------
                         Iteration time: 11.66s
                           Time elapsed: 0:26:10
                                    ETA: 1:07:57

################################################################################
[1m                           Learning iteration 139/500                           [0m 

                               Run name: hierarchical_soccer_chase_hl
                            Total steps: 6881280 
                       Steps per second: 4219 
                        Collection time: 11.420s 
                          Learning time: 0.228s 
                        Mean value loss: 2.6530
                    Mean surrogate loss: -0.0030
                      Mean entropy loss: -1.8206
                            Mean reward: 80.93
                    Mean episode length: 230.85
                        Mean action std: 0.13
         Mean episode goal_per_1k_steps: 0.1851
         Mean episode mean_dist_to_ball: 1.4212
               Mean episode goals_total: 619.0417
--------------------------------------------------------------------------------
                         Iteration time: 11.65s
                           Time elapsed: 0:26:21
                                    ETA: 1:07:47

################################################################################
[1m                           Learning iteration 140/500                           [0m 

                               Run name: hierarchical_soccer_chase_hl
                            Total steps: 6930432 
                       Steps per second: 4220 
                        Collection time: 11.419s 
                          Learning time: 0.227s 
                        Mean value loss: 2.4106
                    Mean surrogate loss: -0.0030
                      Mean entropy loss: -1.8302
                            Mean reward: 79.92
                    Mean episode length: 222.65
                        Mean action std: 0.13
         Mean episode goal_per_1k_steps: 0.1994
         Mean episode mean_dist_to_ball: 1.4039
               Mean episode goals_total: 620.0000
--------------------------------------------------------------------------------
                         Iteration time: 11.65s
                           Time elapsed: 0:26:33
                                    ETA: 1:07:36

################################################################################
[1m                           Learning iteration 141/500                           [0m 

                               Run name: hierarchical_soccer_chase_hl
                            Total steps: 6979584 
                       Steps per second: 4227 
                        Collection time: 11.399s 
                          Learning time: 0.228s 
                        Mean value loss: 2.6913
                    Mean surrogate loss: -0.0029
                      Mean entropy loss: -1.8547
                            Mean reward: 81.09
                    Mean episode length: 226.07
                        Mean action std: 0.13
         Mean episode goal_per_1k_steps: 0.2360
         Mean episode mean_dist_to_ball: 1.4135
               Mean episode goals_total: 620.3750
--------------------------------------------------------------------------------
                         Iteration time: 11.63s
                           Time elapsed: 0:26:44
                                    ETA: 1:07:26

################################################################################
[1m                           Learning iteration 142/500                           [0m 

                               Run name: hierarchical_soccer_chase_hl
                            Total steps: 7028736 
                       Steps per second: 4225 
                        Collection time: 11.403s 
                          Learning time: 0.230s 
                        Mean value loss: 2.9547
                    Mean surrogate loss: -0.0029
                      Mean entropy loss: -1.8968
                            Mean reward: 82.01
                    Mean episode length: 226.52
                        Mean action std: 0.13
         Mean episode goal_per_1k_steps: 0.0854
         Mean episode mean_dist_to_ball: 1.3935
               Mean episode goals_total: 621.2500
--------------------------------------------------------------------------------
                         Iteration time: 11.63s
                           Time elapsed: 0:26:56
                                    ETA: 1:07:15

################################################################################
[1m                           Learning iteration 143/500                           [0m 

                               Run name: hierarchical_soccer_chase_hl
                            Total steps: 7077888 
                       Steps per second: 4246 
                        Collection time: 11.344s 
                          Learning time: 0.231s 
                        Mean value loss: 2.7642
                    Mean surrogate loss: -0.0033
                      Mean entropy loss: -1.9256
                            Mean reward: 81.19
                    Mean episode length: 231.54
                        Mean action std: 0.13
         Mean episode goal_per_1k_steps: 0.1811
         Mean episode mean_dist_to_ball: 1.3573
               Mean episode goals_total: 623.0000
--------------------------------------------------------------------------------
                         Iteration time: 11.57s
                           Time elapsed: 0:27:08
                                    ETA: 1:07:05

################################################################################
[1m                           Learning iteration 144/500                           [0m 

                               Run name: hierarchical_soccer_chase_hl
                            Total steps: 7127040 
                       Steps per second: 4250 
                        Collection time: 11.334s 
                          Learning time: 0.230s 
                        Mean value loss: 2.5018
                    Mean surrogate loss: -0.0016
                      Mean entropy loss: -1.9468
                            Mean reward: 86.40
                    Mean episode length: 228.10
                        Mean action std: 0.13
         Mean episode goal_per_1k_steps: 0.2787
         Mean episode mean_dist_to_ball: 1.3656
               Mean episode goals_total: 624.4167
--------------------------------------------------------------------------------
                         Iteration time: 11.56s
                           Time elapsed: 0:27:19
                                    ETA: 1:06:54

################################################################################
[1m                           Learning iteration 145/500                           [0m 

                               Run name: hierarchical_soccer_chase_hl
                            Total steps: 7176192 
                       Steps per second: 4243 
                        Collection time: 11.354s 
                          Learning time: 0.230s 
                        Mean value loss: 2.3927
                    Mean surrogate loss: -0.0022
                      Mean entropy loss: -1.9659
                            Mean reward: 84.28
                    Mean episode length: 232.30
                        Mean action std: 0.13
         Mean episode goal_per_1k_steps: 0.2055
         Mean episode mean_dist_to_ball: 1.3711
               Mean episode goals_total: 627.8334
--------------------------------------------------------------------------------
                         Iteration time: 11.58s
                           Time elapsed: 0:27:31
                                    ETA: 1:06:43

################################################################################
[1m                           Learning iteration 146/500                           [0m 

                               Run name: hierarchical_soccer_chase_hl
                            Total steps: 7225344 
                       Steps per second: 4235 
                        Collection time: 11.374s 
                          Learning time: 0.230s 
                        Mean value loss: 2.8450
                    Mean surrogate loss: -0.0032
                      Mean entropy loss: -1.9702
                            Mean reward: 80.97
                    Mean episode length: 222.93
                        Mean action std: 0.13
         Mean episode goal_per_1k_steps: 0.2238
         Mean episode mean_dist_to_ball: 1.3542
               Mean episode goals_total: 629.0000
--------------------------------------------------------------------------------
                         Iteration time: 11.60s
                           Time elapsed: 0:27:42
                                    ETA: 1:06:33

################################################################################
[1m                           Learning iteration 147/500                           [0m 

                               Run name: hierarchical_soccer_chase_hl
                            Total steps: 7274496 
                       Steps per second: 4246 
                        Collection time: 11.346s 
                          Learning time: 0.227s 
                        Mean value loss: 4.1226
                    Mean surrogate loss: -0.0039
                      Mean entropy loss: -2.0061
                            Mean reward: 79.12
                    Mean episode length: 216.58
                        Mean action std: 0.12
         Mean episode goal_per_1k_steps: 0.1770
         Mean episode mean_dist_to_ball: 1.3273
               Mean episode goals_total: 629.1250
--------------------------------------------------------------------------------
                         Iteration time: 11.57s
                           Time elapsed: 0:27:54
                                    ETA: 1:06:22

################################################################################
[1m                           Learning iteration 148/500                           [0m 

                               Run name: hierarchical_soccer_chase_hl
                            Total steps: 7323648 
                       Steps per second: 4244 
                        Collection time: 11.352s 
                          Learning time: 0.228s 
                        Mean value loss: 2.6829
                    Mean surrogate loss: -0.0023
                      Mean entropy loss: -1.9993
                            Mean reward: 82.64
                    Mean episode length: 233.75
                        Mean action std: 0.12
         Mean episode goal_per_1k_steps: 0.1404
         Mean episode mean_dist_to_ball: 1.2969
               Mean episode goals_total: 630.0000
--------------------------------------------------------------------------------
                         Iteration time: 11.58s
                           Time elapsed: 0:28:06
                                    ETA: 1:06:11

################################################################################
[1m                           Learning iteration 149/500                           [0m 

                               Run name: hierarchical_soccer_chase_hl
                            Total steps: 7372800 
                       Steps per second: 4242 
                        Collection time: 11.357s 
                          Learning time: 0.227s 
                        Mean value loss: 3.1668
                    Mean surrogate loss: -0.0024
                      Mean entropy loss: -2.0187
                            Mean reward: 81.10
                    Mean episode length: 233.30
                        Mean action std: 0.12
         Mean episode goal_per_1k_steps: 0.1200
         Mean episode mean_dist_to_ball: 1.2919
               Mean episode goals_total: 631.3334
--------------------------------------------------------------------------------
                         Iteration time: 11.58s
                           Time elapsed: 0:28:17
                                    ETA: 1:06:01

################################################################################
[1m                           Learning iteration 150/500                           [0m 

                               Run name: hierarchical_soccer_chase_hl
                            Total steps: 7421952 
                       Steps per second: 4251 
                        Collection time: 11.333s 
                          Learning time: 0.227s 
                        Mean value loss: 2.5401
                    Mean surrogate loss: -0.0029
                      Mean entropy loss: -2.0103
                            Mean reward: 83.18
                    Mean episode length: 233.37
                        Mean action std: 0.12
         Mean episode goal_per_1k_steps: 0.0916
         Mean episode mean_dist_to_ball: 1.2829
               Mean episode goals_total: 632.0000
--------------------------------------------------------------------------------
                         Iteration time: 11.56s
                           Time elapsed: 0:28:29
                                    ETA: 1:05:50

################################################################################
[1m                           Learning iteration 151/500                           [0m 

                               Run name: hierarchical_soccer_chase_hl
                            Total steps: 7471104 
                       Steps per second: 4256 
                        Collection time: 11.322s 
                          Learning time: 0.227s 
                        Mean value loss: 2.1793
                    Mean surrogate loss: -0.0030
                      Mean entropy loss: -2.0718
                            Mean reward: 87.54
                    Mean episode length: 236.05
                        Mean action std: 0.12
         Mean episode goal_per_1k_steps: 0.1261
         Mean episode mean_dist_to_ball: 1.2925
               Mean episode goals_total: 632.7917
--------------------------------------------------------------------------------
                         Iteration time: 11.55s
                           Time elapsed: 0:28:40
                                    ETA: 1:05:39

################################################################################
[1m                           Learning iteration 152/500                           [0m 

                               Run name: hierarchical_soccer_chase_hl
                            Total steps: 7520256 
                       Steps per second: 4247 
                        Collection time: 11.345s 
                          Learning time: 0.227s 
                        Mean value loss: 2.2306
                    Mean surrogate loss: -0.0032
                      Mean entropy loss: -2.1007
                            Mean reward: 86.14
                    Mean episode length: 227.36
                        Mean action std: 0.12
         Mean episode goal_per_1k_steps: 0.1241
         Mean episode mean_dist_to_ball: 1.2837
               Mean episode goals_total: 633.1250
--------------------------------------------------------------------------------
                         Iteration time: 11.57s
                           Time elapsed: 0:28:52
                                    ETA: 1:05:28

################################################################################
[1m                           Learning iteration 153/500                           [0m 

                               Run name: hierarchical_soccer_chase_hl
                            Total steps: 7569408 
                       Steps per second: 4242 
                        Collection time: 11.359s 
                          Learning time: 0.228s 
                        Mean value loss: 2.6416
                    Mean surrogate loss: -0.0037
                      Mean entropy loss: -2.1039
                            Mean reward: 82.07
                    Mean episode length: 226.80
                        Mean action std: 0.12
         Mean episode goal_per_1k_steps: 0.2767
         Mean episode mean_dist_to_ball: 1.2605
               Mean episode goals_total: 635.4167
--------------------------------------------------------------------------------
                         Iteration time: 11.59s
                           Time elapsed: 0:29:03
                                    ETA: 1:05:18

################################################################################
[1m                           Learning iteration 154/500                           [0m 

                               Run name: hierarchical_soccer_chase_hl
                            Total steps: 7618560 
                       Steps per second: 4249 
                        Collection time: 11.338s 
                          Learning time: 0.228s 
                        Mean value loss: 2.9344
                    Mean surrogate loss: -0.0026
                      Mean entropy loss: -2.1208
                            Mean reward: 83.67
                    Mean episode length: 229.71
                        Mean action std: 0.12
         Mean episode goal_per_1k_steps: 0.0793
         Mean episode mean_dist_to_ball: 1.2351
               Mean episode goals_total: 636.8750
--------------------------------------------------------------------------------
                         Iteration time: 11.57s
                           Time elapsed: 0:29:15
                                    ETA: 1:05:07

################################################################################
[1m                           Learning iteration 155/500                           [0m 

                               Run name: hierarchical_soccer_chase_hl
                            Total steps: 7667712 
                       Steps per second: 4243 
                        Collection time: 11.357s 
                          Learning time: 0.227s 
                        Mean value loss: 3.2568
                    Mean surrogate loss: -0.0031
                      Mean entropy loss: -2.0957
                            Mean reward: 85.59
                    Mean episode length: 226.51
                        Mean action std: 0.12
         Mean episode goal_per_1k_steps: 0.1363
         Mean episode mean_dist_to_ball: 1.2464
               Mean episode goals_total: 637.8334
--------------------------------------------------------------------------------
                         Iteration time: 11.58s
                           Time elapsed: 0:29:27
                                    ETA: 1:04:56

################################################################################
[1m                           Learning iteration 156/500                           [0m 

                               Run name: hierarchical_soccer_chase_hl
                            Total steps: 7716864 
                       Steps per second: 4236 
                        Collection time: 11.374s 
                          Learning time: 0.227s 
                        Mean value loss: 2.7042
                    Mean surrogate loss: -0.0038
                      Mean entropy loss: -2.1126
                            Mean reward: 83.93
                    Mean episode length: 226.50
                        Mean action std: 0.12
         Mean episode goal_per_1k_steps: 0.1567
         Mean episode mean_dist_to_ball: 1.2633
               Mean episode goals_total: 639.0000
--------------------------------------------------------------------------------
                         Iteration time: 11.60s
                           Time elapsed: 0:29:38
                                    ETA: 1:04:45

################################################################################
[1m                           Learning iteration 157/500                           [0m 

                               Run name: hierarchical_soccer_chase_hl
                            Total steps: 7766016 
                       Steps per second: 4249 
                        Collection time: 11.338s 
                          Learning time: 0.229s 
                        Mean value loss: 3.9933
                    Mean surrogate loss: -0.0020
                      Mean entropy loss: -2.1014
                            Mean reward: 81.10
                    Mean episode length: 218.42
                        Mean action std: 0.12
         Mean episode goal_per_1k_steps: 0.1790
         Mean episode mean_dist_to_ball: 1.2587
               Mean episode goals_total: 639.9584
--------------------------------------------------------------------------------
                         Iteration time: 11.57s
                           Time elapsed: 0:29:50
                                    ETA: 1:04:35

################################################################################
[1m                           Learning iteration 158/500                           [0m 

                               Run name: hierarchical_soccer_chase_hl
                            Total steps: 7815168 
                       Steps per second: 4240 
                        Collection time: 11.364s 
                          Learning time: 0.228s 
                        Mean value loss: 3.0704
                    Mean surrogate loss: -0.0032
                      Mean entropy loss: -2.1367
                            Mean reward: 86.84
                    Mean episode length: 235.47
                        Mean action std: 0.12
         Mean episode goal_per_1k_steps: 0.1465
         Mean episode mean_dist_to_ball: 1.2584
               Mean episode goals_total: 640.0000
--------------------------------------------------------------------------------
                         Iteration time: 11.59s
                           Time elapsed: 0:30:01
                                    ETA: 1:04:24

################################################################################
[1m                           Learning iteration 159/500                           [0m 

                               Run name: hierarchical_soccer_chase_hl
                            Total steps: 7864320 
                       Steps per second: 4229 
                        Collection time: 11.394s 
                          Learning time: 0.227s 
                        Mean value loss: 2.3950
                    Mean surrogate loss: -0.0020
                      Mean entropy loss: -2.1628
                            Mean reward: 83.89
                    Mean episode length: 231.19
                        Mean action std: 0.12
         Mean episode goal_per_1k_steps: 0.0692
         Mean episode mean_dist_to_ball: 1.2579
               Mean episode goals_total: 640.8750
--------------------------------------------------------------------------------
                         Iteration time: 11.62s
                           Time elapsed: 0:30:13
                                    ETA: 1:04:13

################################################################################
[1m                           Learning iteration 160/500                           [0m 

                               Run name: hierarchical_soccer_chase_hl
                            Total steps: 7913472 
                       Steps per second: 4233 
                        Collection time: 11.384s 
                          Learning time: 0.227s 
                        Mean value loss: 2.9046
                    Mean surrogate loss: -0.0016
                      Mean entropy loss: -2.1412
                            Mean reward: 82.47
                    Mean episode length: 227.81
                        Mean action std: 0.12
         Mean episode goal_per_1k_steps: 0.0895
         Mean episode mean_dist_to_ball: 1.2340
               Mean episode goals_total: 641.0000
--------------------------------------------------------------------------------
                         Iteration time: 11.61s
                           Time elapsed: 0:30:25
                                    ETA: 1:04:02

################################################################################
[1m                           Learning iteration 161/500                           [0m 

                               Run name: hierarchical_soccer_chase_hl
                            Total steps: 7962624 
                       Steps per second: 4225 
                        Collection time: 11.403s 
                          Learning time: 0.230s 
                        Mean value loss: 2.3484
                    Mean surrogate loss: -0.0016
                      Mean entropy loss: -2.1557
                            Mean reward: 82.48
                    Mean episode length: 231.67
                        Mean action std: 0.12
         Mean episode goal_per_1k_steps: 0.1261
         Mean episode mean_dist_to_ball: 1.2624
               Mean episode goals_total: 642.1667
--------------------------------------------------------------------------------
                         Iteration time: 11.63s
                           Time elapsed: 0:30:36
                                    ETA: 1:03:52

################################################################################
[1m                           Learning iteration 162/500                           [0m 

                               Run name: hierarchical_soccer_chase_hl
                            Total steps: 8011776 
                       Steps per second: 4230 
                        Collection time: 11.389s 
                          Learning time: 0.230s 
                        Mean value loss: 2.5784
                    Mean surrogate loss: -0.0022
                      Mean entropy loss: -2.1599
                            Mean reward: 87.83
                    Mean episode length: 233.15
                        Mean action std: 0.12
         Mean episode goal_per_1k_steps: 0.0732
         Mean episode mean_dist_to_ball: 1.2365
               Mean episode goals_total: 643.5417
--------------------------------------------------------------------------------
                         Iteration time: 11.62s
                           Time elapsed: 0:30:48
                                    ETA: 1:03:41

################################################################################
[1m                           Learning iteration 163/500                           [0m 

                               Run name: hierarchical_soccer_chase_hl
                            Total steps: 8060928 
                       Steps per second: 4227 
                        Collection time: 11.396s 
                          Learning time: 0.230s 
                        Mean value loss: 3.6231
                    Mean surrogate loss: -0.0040
                      Mean entropy loss: -2.1860
                            Mean reward: 85.75
                    Mean episode length: 222.69
                        Mean action std: 0.12
         Mean episode goal_per_1k_steps: 0.0570
         Mean episode mean_dist_to_ball: 1.2131
               Mean episode goals_total: 644.0000
--------------------------------------------------------------------------------
                         Iteration time: 11.63s
                           Time elapsed: 0:30:59
                                    ETA: 1:03:30

################################################################################
[1m                           Learning iteration 164/500                           [0m 

                               Run name: hierarchical_soccer_chase_hl
                            Total steps: 8110080 
                       Steps per second: 4221 
                        Collection time: 11.412s 
                          Learning time: 0.230s 
                        Mean value loss: 3.0667
                    Mean surrogate loss: -0.0027
                      Mean entropy loss: -2.1705
                            Mean reward: 84.87
                    Mean episode length: 227.67
                        Mean action std: 0.12
         Mean episode goal_per_1k_steps: 0.2096
         Mean episode mean_dist_to_ball: 1.2150
               Mean episode goals_total: 644.0834
--------------------------------------------------------------------------------
                         Iteration time: 11.64s
                           Time elapsed: 0:31:11
                                    ETA: 1:03:19

################################################################################
[1m                           Learning iteration 165/500                           [0m 

                               Run name: hierarchical_soccer_chase_hl
                            Total steps: 8159232 
                       Steps per second: 4234 
                        Collection time: 11.377s 
                          Learning time: 0.231s 
                        Mean value loss: 2.7956
                    Mean surrogate loss: -0.0024
                      Mean entropy loss: -2.2415
                            Mean reward: 80.54
                    Mean episode length: 218.94
                        Mean action std: 0.12
         Mean episode goal_per_1k_steps: 0.1648
         Mean episode mean_dist_to_ball: 1.2282
               Mean episode goals_total: 646.6250
--------------------------------------------------------------------------------
                         Iteration time: 11.61s
                           Time elapsed: 0:31:23
                                    ETA: 1:03:09

################################################################################
[1m                           Learning iteration 166/500                           [0m 

                               Run name: hierarchical_soccer_chase_hl
                            Total steps: 8208384 
                       Steps per second: 4215 
                        Collection time: 11.430s 
                          Learning time: 0.230s 
                        Mean value loss: 3.0012
                    Mean surrogate loss: -0.0031
                      Mean entropy loss: -2.2185
                            Mean reward: 81.23
                    Mean episode length: 215.42
                        Mean action std: 0.11
         Mean episode goal_per_1k_steps: 0.1404
         Mean episode mean_dist_to_ball: 1.2615
               Mean episode goals_total: 648.1250
--------------------------------------------------------------------------------
                         Iteration time: 11.66s
                           Time elapsed: 0:31:34
                                    ETA: 1:02:58

################################################################################
[1m                           Learning iteration 167/500                           [0m 

                               Run name: hierarchical_soccer_chase_hl
                            Total steps: 8257536 
                       Steps per second: 4214 
                        Collection time: 11.433s 
                          Learning time: 0.230s 
                        Mean value loss: 4.5986
                    Mean surrogate loss: -0.0031
                      Mean entropy loss: -2.2528
                            Mean reward: 81.98
                    Mean episode length: 218.11
                        Mean action std: 0.12
         Mean episode goal_per_1k_steps: 0.1648
         Mean episode mean_dist_to_ball: 1.2362
               Mean episode goals_total: 651.5000
--------------------------------------------------------------------------------
                         Iteration time: 11.66s
                           Time elapsed: 0:31:46
                                    ETA: 1:02:47

################################################################################
[1m                           Learning iteration 168/500                           [0m 

                               Run name: hierarchical_soccer_chase_hl
                            Total steps: 8306688 
                       Steps per second: 4223 
                        Collection time: 11.406s 
                          Learning time: 0.230s 
                        Mean value loss: 3.2758
                    Mean surrogate loss: -0.0039
                      Mean entropy loss: -2.2614
                            Mean reward: 84.14
                    Mean episode length: 226.82
                        Mean action std: 0.11
         Mean episode goal_per_1k_steps: 0.1668
         Mean episode mean_dist_to_ball: 1.2409
               Mean episode goals_total: 652.2917
--------------------------------------------------------------------------------
                         Iteration time: 11.64s
                           Time elapsed: 0:31:58
                                    ETA: 1:02:36

################################################################################
[1m                           Learning iteration 169/500                           [0m 

                               Run name: hierarchical_soccer_chase_hl
                            Total steps: 8355840 
                       Steps per second: 4230 
                        Collection time: 11.387s 
                          Learning time: 0.230s 
                        Mean value loss: 2.7306
                    Mean surrogate loss: -0.0037
                      Mean entropy loss: -2.3242
                            Mean reward: 89.23
                    Mean episode length: 227.15
                        Mean action std: 0.11
         Mean episode goal_per_1k_steps: 0.1526
         Mean episode mean_dist_to_ball: 1.2371
               Mean episode goals_total: 653.0417
--------------------------------------------------------------------------------
                         Iteration time: 11.62s
                           Time elapsed: 0:32:09
                                    ETA: 1:02:26

################################################################################
[1m                           Learning iteration 170/500                           [0m 

                               Run name: hierarchical_soccer_chase_hl
                            Total steps: 8404992 
                       Steps per second: 4229 
                        Collection time: 11.392s 
                          Learning time: 0.230s 
                        Mean value loss: 3.2565
                    Mean surrogate loss: -0.0030
                      Mean entropy loss: -2.3387
                            Mean reward: 87.27
                    Mean episode length: 229.42
                        Mean action std: 0.11
         Mean episode goal_per_1k_steps: 0.0773
         Mean episode mean_dist_to_ball: 1.2140
               Mean episode goals_total: 654.6250
--------------------------------------------------------------------------------
                         Iteration time: 11.62s
                           Time elapsed: 0:32:21
                                    ETA: 1:02:15

################################################################################
[1m                           Learning iteration 171/500                           [0m 

                               Run name: hierarchical_soccer_chase_hl
                            Total steps: 8454144 
                       Steps per second: 4238 
                        Collection time: 11.367s 
                          Learning time: 0.230s 
                        Mean value loss: 3.5335
                    Mean surrogate loss: -0.0019
                      Mean entropy loss: -2.3879
                            Mean reward: 88.58
                    Mean episode length: 234.75
                        Mean action std: 0.11
         Mean episode goal_per_1k_steps: 0.1383
         Mean episode mean_dist_to_ball: 1.1971
               Mean episode goals_total: 655.7917
--------------------------------------------------------------------------------
                         Iteration time: 11.60s
                           Time elapsed: 0:32:33
                                    ETA: 1:02:04

################################################################################
[1m                           Learning iteration 172/500                           [0m 

                               Run name: hierarchical_soccer_chase_hl
                            Total steps: 8503296 
                       Steps per second: 4240 
                        Collection time: 11.362s 
                          Learning time: 0.230s 
                        Mean value loss: 3.1993
                    Mean surrogate loss: -0.0025
                      Mean entropy loss: -2.3986
                            Mean reward: 87.70
                    Mean episode length: 230.64
                        Mean action std: 0.11
         Mean episode goal_per_1k_steps: 0.0570
         Mean episode mean_dist_to_ball: 1.1699
               Mean episode goals_total: 656.0000
--------------------------------------------------------------------------------
                         Iteration time: 11.59s
                           Time elapsed: 0:32:44
                                    ETA: 1:01:53

################################################################################
[1m                           Learning iteration 173/500                           [0m 

                               Run name: hierarchical_soccer_chase_hl
                            Total steps: 8552448 
                       Steps per second: 4241 
                        Collection time: 11.357s 
                          Learning time: 0.230s 
                        Mean value loss: 2.5493
                    Mean surrogate loss: -0.0030
                      Mean entropy loss: -2.4002
                            Mean reward: 87.16
                    Mean episode length: 231.21
                        Mean action std: 0.11
         Mean episode goal_per_1k_steps: 0.1689
         Mean episode mean_dist_to_ball: 1.1410
               Mean episode goals_total: 656.5834
--------------------------------------------------------------------------------
                         Iteration time: 11.59s
                           Time elapsed: 0:32:56
                                    ETA: 1:01:42

################################################################################
[1m                           Learning iteration 174/500                           [0m 

                               Run name: hierarchical_soccer_chase_hl
                            Total steps: 8601600 
                       Steps per second: 4243 
                        Collection time: 11.353s 
                          Learning time: 0.230s 
                        Mean value loss: 3.4564
                    Mean surrogate loss: -0.0023
                      Mean entropy loss: -2.4124
                            Mean reward: 81.69
                    Mean episode length: 222.26
                        Mean action std: 0.11
         Mean episode goal_per_1k_steps: 0.0875
         Mean episode mean_dist_to_ball: 1.1483
               Mean episode goals_total: 658.4584
--------------------------------------------------------------------------------
                         Iteration time: 11.58s
                           Time elapsed: 0:33:07
                                    ETA: 1:01:31

################################################################################
[1m                           Learning iteration 175/500                           [0m 

                               Run name: hierarchical_soccer_chase_hl
                            Total steps: 8650752 
                       Steps per second: 4230 
                        Collection time: 11.391s 
                          Learning time: 0.227s 
                        Mean value loss: 3.8483
                    Mean surrogate loss: -0.0027
                      Mean entropy loss: -2.4073
                            Mean reward: 86.05
                    Mean episode length: 221.00
                        Mean action std: 0.11
         Mean episode goal_per_1k_steps: 0.1689
         Mean episode mean_dist_to_ball: 1.1580
               Mean episode goals_total: 660.2500
--------------------------------------------------------------------------------
                         Iteration time: 11.62s
                           Time elapsed: 0:33:19
                                    ETA: 1:01:20

################################################################################
[1m                           Learning iteration 176/500                           [0m 

                               Run name: hierarchical_soccer_chase_hl
                            Total steps: 8699904 
                       Steps per second: 4244 
                        Collection time: 11.349s 
                          Learning time: 0.230s 
                        Mean value loss: 3.9322
                    Mean surrogate loss: -0.0024
                      Mean entropy loss: -2.4200
                            Mean reward: 84.73
                    Mean episode length: 219.05
                        Mean action std: 0.11
         Mean episode goal_per_1k_steps: 0.0895
         Mean episode mean_dist_to_ball: 1.1972
               Mean episode goals_total: 662.9584
--------------------------------------------------------------------------------
                         Iteration time: 11.58s
                           Time elapsed: 0:33:30
                                    ETA: 1:01:09

################################################################################
[1m                           Learning iteration 177/500                           [0m 

                               Run name: hierarchical_soccer_chase_hl
                            Total steps: 8749056 
                       Steps per second: 4247 
                        Collection time: 11.343s 
                          Learning time: 0.230s 
                        Mean value loss: 5.3658
                    Mean surrogate loss: -0.0031
                      Mean entropy loss: -2.4217
                            Mean reward: 85.81
                    Mean episode length: 220.22
                        Mean action std: 0.11
         Mean episode goal_per_1k_steps: 0.1078
         Mean episode mean_dist_to_ball: 1.1985
               Mean episode goals_total: 664.0000
--------------------------------------------------------------------------------
                         Iteration time: 11.57s
                           Time elapsed: 0:33:42
                                    ETA: 1:00:58

################################################################################
[1m                           Learning iteration 178/500                           [0m 

                               Run name: hierarchical_soccer_chase_hl
                            Total steps: 8798208 
                       Steps per second: 4257 
                        Collection time: 11.313s 
                          Learning time: 0.231s 
                        Mean value loss: 2.8094
                    Mean surrogate loss: -0.0029
                      Mean entropy loss: -2.4322
                            Mean reward: 89.70
                    Mean episode length: 232.24
                        Mean action std: 0.11
         Mean episode goal_per_1k_steps: 0.1872
         Mean episode mean_dist_to_ball: 1.1731
               Mean episode goals_total: 664.0000
--------------------------------------------------------------------------------
                         Iteration time: 11.54s
                           Time elapsed: 0:33:54
                                    ETA: 1:00:47

################################################################################
[1m                           Learning iteration 179/500                           [0m 

                               Run name: hierarchical_soccer_chase_hl
                            Total steps: 8847360 
                       Steps per second: 4255 
                        Collection time: 11.321s 
                          Learning time: 0.230s 
                        Mean value loss: 3.5236
                    Mean surrogate loss: -0.0029
                      Mean entropy loss: -2.4402
                            Mean reward: 86.21
                    Mean episode length: 225.30
                        Mean action std: 0.11
         Mean episode goal_per_1k_steps: 0.1404
         Mean episode mean_dist_to_ball: 1.1716
               Mean episode goals_total: 664.0000
--------------------------------------------------------------------------------
                         Iteration time: 11.55s
                           Time elapsed: 0:34:05
                                    ETA: 1:00:36

################################################################################
[1m                           Learning iteration 180/500                           [0m 

                               Run name: hierarchical_soccer_chase_hl
                            Total steps: 8896512 
                       Steps per second: 4247 
                        Collection time: 11.342s 
                          Learning time: 0.230s 
                        Mean value loss: 4.8584
                    Mean surrogate loss: -0.0032
                      Mean entropy loss: -2.3985
                            Mean reward: 85.18
                    Mean episode length: 227.56
                        Mean action std: 0.11
         Mean episode goal_per_1k_steps: 0.1363
         Mean episode mean_dist_to_ball: 1.1434
               Mean episode goals_total: 664.0000
--------------------------------------------------------------------------------
                         Iteration time: 11.57s
                           Time elapsed: 0:34:17
                                    ETA: 1:00:25

################################################################################
[1m                           Learning iteration 181/500                           [0m 

                               Run name: hierarchical_soccer_chase_hl
                            Total steps: 8945664 
                       Steps per second: 4253 
                        Collection time: 11.327s 
                          Learning time: 0.230s 
                        Mean value loss: 4.0394
                    Mean surrogate loss: -0.0024
                      Mean entropy loss: -2.4260
                            Mean reward: 88.17
                    Mean episode length: 221.65
                        Mean action std: 0.11
         Mean episode goal_per_1k_steps: 0.1160
         Mean episode mean_dist_to_ball: 1.1143
               Mean episode goals_total: 664.0000
--------------------------------------------------------------------------------
                         Iteration time: 11.56s
                           Time elapsed: 0:34:28
                                    ETA: 1:00:14

################################################################################
[1m                           Learning iteration 182/500                           [0m 

                               Run name: hierarchical_soccer_chase_hl
                            Total steps: 8994816 
                       Steps per second: 4252 
                        Collection time: 11.328s 
                          Learning time: 0.230s 
                        Mean value loss: 3.1250
                    Mean surrogate loss: -0.0028
                      Mean entropy loss: -2.4289
                            Mean reward: 90.12
                    Mean episode length: 230.14
                        Mean action std: 0.11
         Mean episode goal_per_1k_steps: 0.1546
         Mean episode mean_dist_to_ball: 1.1173
               Mean episode goals_total: 664.0000
--------------------------------------------------------------------------------
                         Iteration time: 11.56s
                           Time elapsed: 0:34:40
                                    ETA: 1:00:03

################################################################################
[1m                           Learning iteration 183/500                           [0m 

                               Run name: hierarchical_soccer_chase_hl
                            Total steps: 9043968 
                       Steps per second: 4249 
                        Collection time: 11.335s 
                          Learning time: 0.230s 
                        Mean value loss: 5.3614
                    Mean surrogate loss: -0.0040
                      Mean entropy loss: -2.4230
                            Mean reward: 86.50
                    Mean episode length: 218.54
                        Mean action std: 0.11
         Mean episode goal_per_1k_steps: 0.1811
         Mean episode mean_dist_to_ball: 1.1183
               Mean episode goals_total: 665.0000
--------------------------------------------------------------------------------
                         Iteration time: 11.57s
                           Time elapsed: 0:34:51
                                    ETA: 0:59:52

################################################################################
[1m                           Learning iteration 184/500                           [0m 

                               Run name: hierarchical_soccer_chase_hl
                            Total steps: 9093120 
                       Steps per second: 4251 
                        Collection time: 11.331s 
                          Learning time: 0.230s 
                        Mean value loss: 4.7563
                    Mean surrogate loss: -0.0028
                      Mean entropy loss: -2.3931
                            Mean reward: 85.25
                    Mean episode length: 221.24
                        Mean action std: 0.11
         Mean episode goal_per_1k_steps: 0.1261
         Mean episode mean_dist_to_ball: 1.1387
               Mean episode goals_total: 666.0000
--------------------------------------------------------------------------------
                         Iteration time: 11.56s
                           Time elapsed: 0:35:03
                                    ETA: 0:59:41

################################################################################
[1m                           Learning iteration 185/500                           [0m 

                               Run name: hierarchical_soccer_chase_hl
                            Total steps: 9142272 
                       Steps per second: 4244 
                        Collection time: 11.352s 
                          Learning time: 0.230s 
                        Mean value loss: 4.4554
                    Mean surrogate loss: -0.0030
                      Mean entropy loss: -2.3787
                            Mean reward: 88.61
                    Mean episode length: 225.08
                        Mean action std: 0.11
         Mean episode goal_per_1k_steps: 0.2055
         Mean episode mean_dist_to_ball: 1.1545
               Mean episode goals_total: 666.2084
--------------------------------------------------------------------------------
                         Iteration time: 11.58s
                           Time elapsed: 0:35:15
                                    ETA: 0:59:30

################################################################################
[1m                           Learning iteration 186/500                           [0m 

                               Run name: hierarchical_soccer_chase_hl
                            Total steps: 9191424 
                       Steps per second: 4257 
                        Collection time: 11.314s 
                          Learning time: 0.230s 
                        Mean value loss: 4.2669
                    Mean surrogate loss: -0.0023
                      Mean entropy loss: -2.3641
                            Mean reward: 86.61
                    Mean episode length: 219.78
                        Mean action std: 0.11
         Mean episode goal_per_1k_steps: 0.1689
         Mean episode mean_dist_to_ball: 1.1598
               Mean episode goals_total: 667.0000
--------------------------------------------------------------------------------
                         Iteration time: 11.54s
                           Time elapsed: 0:35:26
                                    ETA: 0:59:19

################################################################################
[1m                           Learning iteration 187/500                           [0m 

                               Run name: hierarchical_soccer_chase_hl
                            Total steps: 9240576 
                       Steps per second: 4253 
                        Collection time: 11.327s 
                          Learning time: 0.230s 
                        Mean value loss: 3.3581
                    Mean surrogate loss: -0.0021
                      Mean entropy loss: -2.3842
                            Mean reward: 94.63
                    Mean episode length: 237.24
                        Mean action std: 0.11
         Mean episode goal_per_1k_steps: 0.0773
         Mean episode mean_dist_to_ball: 1.1333
               Mean episode goals_total: 667.0000
--------------------------------------------------------------------------------
                         Iteration time: 11.56s
                           Time elapsed: 0:35:38
                                    ETA: 0:59:08

################################################################################
[1m                           Learning iteration 188/500                           [0m 

                               Run name: hierarchical_soccer_chase_hl
                            Total steps: 9289728 
                       Steps per second: 4253 
                        Collection time: 11.325s 
                          Learning time: 0.230s 
                        Mean value loss: 4.6345
                    Mean surrogate loss: -0.0024
                      Mean entropy loss: -2.4126
                            Mean reward: 88.72
                    Mean episode length: 222.71
                        Mean action std: 0.11
         Mean episode goal_per_1k_steps: 0.1811
         Mean episode mean_dist_to_ball: 1.1359
               Mean episode goals_total: 667.0000
--------------------------------------------------------------------------------
                         Iteration time: 11.56s
                           Time elapsed: 0:35:49
                                    ETA: 0:58:57

################################################################################
[1m                           Learning iteration 189/500                           [0m 

                               Run name: hierarchical_soccer_chase_hl
                            Total steps: 9338880 
                       Steps per second: 4252 
                        Collection time: 11.328s 
                          Learning time: 0.230s 
                        Mean value loss: 3.5203
                    Mean surrogate loss: -0.0025
                      Mean entropy loss: -2.4496
                            Mean reward: 93.52
                    Mean episode length: 230.54
                        Mean action std: 0.11
         Mean episode goal_per_1k_steps: 0.2197
         Mean episode mean_dist_to_ball: 1.1648
               Mean episode goals_total: 667.9167
--------------------------------------------------------------------------------
                         Iteration time: 11.56s
                           Time elapsed: 0:36:01
                                    ETA: 0:58:46

################################################################################
[1m                           Learning iteration 190/500                           [0m 

                               Run name: hierarchical_soccer_chase_hl
                            Total steps: 9388032 
                       Steps per second: 4251 
                        Collection time: 11.331s 
                          Learning time: 0.230s 
                        Mean value loss: 4.8953
                    Mean surrogate loss: -0.0035
                      Mean entropy loss: -2.4915
                            Mean reward: 92.62
                    Mean episode length: 223.38
                        Mean action std: 0.11
         Mean episode goal_per_1k_steps: 0.1567
         Mean episode mean_dist_to_ball: 1.1481
               Mean episode goals_total: 670.4584
--------------------------------------------------------------------------------
                         Iteration time: 11.56s
                           Time elapsed: 0:36:12
                                    ETA: 0:58:35

################################################################################
[1m                           Learning iteration 191/500                           [0m 

                               Run name: hierarchical_soccer_chase_hl
                            Total steps: 9437184 
                       Steps per second: 4254 
                        Collection time: 11.322s 
                          Learning time: 0.230s 
                        Mean value loss: 4.8103
                    Mean surrogate loss: -0.0021
                      Mean entropy loss: -2.5088
                            Mean reward: 94.06
                    Mean episode length: 232.00
                        Mean action std: 0.11
         Mean episode goal_per_1k_steps: 0.2177
         Mean episode mean_dist_to_ball: 1.1257
               Mean episode goals_total: 672.7917
--------------------------------------------------------------------------------
                         Iteration time: 11.55s
                           Time elapsed: 0:36:24
                                    ETA: 0:58:24

################################################################################
[1m                           Learning iteration 192/500                           [0m 

                               Run name: hierarchical_soccer_chase_hl
                            Total steps: 9486336 
                       Steps per second: 4261 
                        Collection time: 11.306s 
                          Learning time: 0.229s 
                        Mean value loss: 4.4752
                    Mean surrogate loss: -0.0035
                      Mean entropy loss: -2.5275
                            Mean reward: 90.47
                    Mean episode length: 226.43
                        Mean action std: 0.10
         Mean episode goal_per_1k_steps: 0.2889
         Mean episode mean_dist_to_ball: 1.1234
               Mean episode goals_total: 674.5000
--------------------------------------------------------------------------------
                         Iteration time: 11.54s
                           Time elapsed: 0:36:35
                                    ETA: 0:58:12

################################################################################
[1m                           Learning iteration 193/500                           [0m 

                               Run name: hierarchical_soccer_chase_hl
                            Total steps: 9535488 
                       Steps per second: 4256 
                        Collection time: 11.318s 
                          Learning time: 0.231s 
                        Mean value loss: 3.6416
                    Mean surrogate loss: -0.0026
                      Mean entropy loss: -2.5318
                            Mean reward: 92.94
                    Mean episode length: 226.93
                        Mean action std: 0.10
         Mean episode goal_per_1k_steps: 0.2991
         Mean episode mean_dist_to_ball: 1.1081
               Mean episode goals_total: 675.5834
--------------------------------------------------------------------------------
                         Iteration time: 11.55s
                           Time elapsed: 0:36:47
                                    ETA: 0:58:01

################################################################################
[1m                           Learning iteration 194/500                           [0m 

                               Run name: hierarchical_soccer_chase_hl
                            Total steps: 9584640 
                       Steps per second: 4248 
                        Collection time: 11.340s 
                          Learning time: 0.230s 
                        Mean value loss: 3.2283
                    Mean surrogate loss: -0.0025
                      Mean entropy loss: -2.5373
                            Mean reward: 88.76
                    Mean episode length: 225.39
                        Mean action std: 0.10
         Mean episode goal_per_1k_steps: 0.2625
         Mean episode mean_dist_to_ball: 1.1536
               Mean episode goals_total: 677.9167
--------------------------------------------------------------------------------
                         Iteration time: 11.57s
                           Time elapsed: 0:36:59
                                    ETA: 0:57:50

################################################################################
[1m                           Learning iteration 195/500                           [0m 

                               Run name: hierarchical_soccer_chase_hl
                            Total steps: 9633792 
                       Steps per second: 4247 
                        Collection time: 11.342s 
                          Learning time: 0.229s 
                        Mean value loss: 3.4308
                    Mean surrogate loss: -0.0031
                      Mean entropy loss: -2.5642
                            Mean reward: 91.54
                    Mean episode length: 230.08
                        Mean action std: 0.10
         Mean episode goal_per_1k_steps: 0.1119
         Mean episode mean_dist_to_ball: 1.1536
               Mean episode goals_total: 679.2084
--------------------------------------------------------------------------------
                         Iteration time: 11.57s
                           Time elapsed: 0:37:10
                                    ETA: 0:57:39

################################################################################
[1m                           Learning iteration 196/500                           [0m 

                               Run name: hierarchical_soccer_chase_hl
                            Total steps: 9682944 
                       Steps per second: 4243 
                        Collection time: 11.353s 
                          Learning time: 0.230s 
                        Mean value loss: 5.4658
                    Mean surrogate loss: -0.0024
                      Mean entropy loss: -2.5713
                            Mean reward: 88.11
                    Mean episode length: 221.05
                        Mean action std: 0.10
         Mean episode goal_per_1k_steps: 0.0956
         Mean episode mean_dist_to_ball: 1.1434
               Mean episode goals_total: 680.3750
--------------------------------------------------------------------------------
                         Iteration time: 11.58s
                           Time elapsed: 0:37:22
                                    ETA: 0:57:28

################################################################################
[1m                           Learning iteration 197/500                           [0m 

                               Run name: hierarchical_soccer_chase_hl
                            Total steps: 9732096 
                       Steps per second: 4248 
                        Collection time: 11.340s 
                          Learning time: 0.229s 
                        Mean value loss: 5.3957
                    Mean surrogate loss: -0.0020
                      Mean entropy loss: -2.5767
                            Mean reward: 89.97
                    Mean episode length: 227.81
                        Mean action std: 0.10
         Mean episode goal_per_1k_steps: 0.2075
         Mean episode mean_dist_to_ball: 1.1261
               Mean episode goals_total: 681.9584
--------------------------------------------------------------------------------
                         Iteration time: 11.57s
                           Time elapsed: 0:37:33
                                    ETA: 0:57:17

################################################################################
[1m                           Learning iteration 198/500                           [0m 

                               Run name: hierarchical_soccer_chase_hl
                            Total steps: 9781248 
                       Steps per second: 4247 
                        Collection time: 11.341s 
                          Learning time: 0.231s 
                        Mean value loss: 5.3504
                    Mean surrogate loss: -0.0005
                      Mean entropy loss: -2.5863
                            Mean reward: 84.45
                    Mean episode length: 221.24
                        Mean action std: 0.10
         Mean episode goal_per_1k_steps: 0.2238
         Mean episode mean_dist_to_ball: 1.1148
               Mean episode goals_total: 682.5834
--------------------------------------------------------------------------------
                         Iteration time: 11.57s
                           Time elapsed: 0:37:45
                                    ETA: 0:57:06

################################################################################
[1m                           Learning iteration 199/500                           [0m 

                               Run name: hierarchical_soccer_chase_hl
                            Total steps: 9830400 
                       Steps per second: 4235 
                        Collection time: 11.375s 
                          Learning time: 0.230s 
                        Mean value loss: 6.7434
                    Mean surrogate loss: -0.0023
                      Mean entropy loss: -2.6064
                            Mean reward: 86.56
                    Mean episode length: 214.72
                        Mean action std: 0.10
         Mean episode goal_per_1k_steps: 0.2340
         Mean episode mean_dist_to_ball: 1.0891
               Mean episode goals_total: 684.0417
--------------------------------------------------------------------------------
                         Iteration time: 11.60s
                           Time elapsed: 0:37:56
                                    ETA: 0:56:55

################################################################################
[1m                           Learning iteration 200/500                           [0m 

                               Run name: hierarchical_soccer_chase_hl
                            Total steps: 9879552 
                       Steps per second: 4254 
                        Collection time: 11.322s 
                          Learning time: 0.229s 
                        Mean value loss: 5.8311
                    Mean surrogate loss: -0.0032
                      Mean entropy loss: -2.6066
                            Mean reward: 84.16
                    Mean episode length: 215.98
                        Mean action std: 0.10
         Mean episode goal_per_1k_steps: 0.2360
         Mean episode mean_dist_to_ball: 1.0355
               Mean episode goals_total: 685.8334
--------------------------------------------------------------------------------
                         Iteration time: 11.55s
                           Time elapsed: 0:38:08
                                    ETA: 0:56:44

################################################################################
[1m                           Learning iteration 201/500                           [0m 

                               Run name: hierarchical_soccer_chase_hl
                            Total steps: 9928704 
                       Steps per second: 4247 
                        Collection time: 11.343s 
                          Learning time: 0.230s 
                        Mean value loss: 3.3344
                    Mean surrogate loss: -0.0025
                      Mean entropy loss: -2.6207
                            Mean reward: 94.51
                    Mean episode length: 225.93
                        Mean action std: 0.10
         Mean episode goal_per_1k_steps: 0.2319
         Mean episode mean_dist_to_ball: 1.0068
               Mean episode goals_total: 687.0000
--------------------------------------------------------------------------------
                         Iteration time: 11.57s
                           Time elapsed: 0:38:20
                                    ETA: 0:56:33

################################################################################
[1m                           Learning iteration 202/500                           [0m 

                               Run name: hierarchical_soccer_chase_hl
                            Total steps: 9977856 
                       Steps per second: 4256 
                        Collection time: 11.319s 
                          Learning time: 0.230s 
                        Mean value loss: 5.3339
                    Mean surrogate loss: -0.0026
                      Mean entropy loss: -2.6445
                            Mean reward: 90.25
                    Mean episode length: 225.87
                        Mean action std: 0.10
         Mean episode goal_per_1k_steps: 0.3296
         Mean episode mean_dist_to_ball: 1.0565
               Mean episode goals_total: 687.0000
--------------------------------------------------------------------------------
                         Iteration time: 11.55s
                           Time elapsed: 0:38:31
                                    ETA: 0:56:21

################################################################################
[1m                           Learning iteration 203/500                           [0m 

                               Run name: hierarchical_soccer_chase_hl
                            Total steps: 10027008 
                       Steps per second: 4250 
                        Collection time: 11.334s 
                          Learning time: 0.231s 
                        Mean value loss: 3.8694
                    Mean surrogate loss: -0.0034
                      Mean entropy loss: -2.6179
                            Mean reward: 94.12
                    Mean episode length: 225.48
                        Mean action std: 0.10
         Mean episode goal_per_1k_steps: 0.1668
         Mean episode mean_dist_to_ball: 1.0856
               Mean episode goals_total: 687.8750
--------------------------------------------------------------------------------
                         Iteration time: 11.56s
                           Time elapsed: 0:38:43
                                    ETA: 0:56:10

################################################################################
[1m                           Learning iteration 204/500                           [0m 

                               Run name: hierarchical_soccer_chase_hl
                            Total steps: 10076160 
                       Steps per second: 4248 
                        Collection time: 11.341s 
                          Learning time: 0.230s 
                        Mean value loss: 5.1853
                    Mean surrogate loss: -0.0035
                      Mean entropy loss: -2.5850
                            Mean reward: 89.17
                    Mean episode length: 224.20
                        Mean action std: 0.10
         Mean episode goal_per_1k_steps: 0.1811
         Mean episode mean_dist_to_ball: 1.1230
               Mean episode goals_total: 690.5000
--------------------------------------------------------------------------------
                         Iteration time: 11.57s
                           Time elapsed: 0:38:54
                                    ETA: 0:55:59

################################################################################
[1m                           Learning iteration 205/500                           [0m 

                               Run name: hierarchical_soccer_chase_hl
                            Total steps: 10125312 
                       Steps per second: 4246 
                        Collection time: 11.345s 
                          Learning time: 0.230s 
                        Mean value loss: 5.2866
                    Mean surrogate loss: -0.0034
                      Mean entropy loss: -2.5768
                            Mean reward: 92.10
                    Mean episode length: 222.89
                        Mean action std: 0.10
         Mean episode goal_per_1k_steps: 0.2401
         Mean episode mean_dist_to_ball: 1.1345
               Mean episode goals_total: 693.4584
--------------------------------------------------------------------------------
                         Iteration time: 11.57s
                           Time elapsed: 0:39:06
                                    ETA: 0:55:48

################################################################################
[1m                           Learning iteration 206/500                           [0m 

                               Run name: hierarchical_soccer_chase_hl
                            Total steps: 10174464 
                       Steps per second: 4248 
                        Collection time: 11.338s 
                          Learning time: 0.230s 
                        Mean value loss: 5.4312
                    Mean surrogate loss: -0.0029
                      Mean entropy loss: -2.5517
                            Mean reward: 90.89
                    Mean episode length: 222.72
                        Mean action std: 0.10
         Mean episode goal_per_1k_steps: 0.3011
         Mean episode mean_dist_to_ball: 1.1164
               Mean episode goals_total: 696.9584
--------------------------------------------------------------------------------
                         Iteration time: 11.57s
                           Time elapsed: 0:39:17
                                    ETA: 0:55:37

################################################################################
[1m                           Learning iteration 207/500                           [0m 

                               Run name: hierarchical_soccer_chase_hl
                            Total steps: 10223616 
                       Steps per second: 4241 
                        Collection time: 11.358s 
                          Learning time: 0.230s 
                        Mean value loss: 6.0653
                    Mean surrogate loss: -0.0036
                      Mean entropy loss: -2.5249
                            Mean reward: 87.64
                    Mean episode length: 218.61
                        Mean action std: 0.10
         Mean episode goal_per_1k_steps: 0.3174
         Mean episode mean_dist_to_ball: 1.0973
               Mean episode goals_total: 700.1667
--------------------------------------------------------------------------------
                         Iteration time: 11.59s
                           Time elapsed: 0:39:29
                                    ETA: 0:55:26

################################################################################
[1m                           Learning iteration 208/500                           [0m 

                               Run name: hierarchical_soccer_chase_hl
                            Total steps: 10272768 
                       Steps per second: 4243 
                        Collection time: 11.354s 
                          Learning time: 0.230s 
                        Mean value loss: 5.6468
                    Mean surrogate loss: -0.0028
                      Mean entropy loss: -2.5329
                            Mean reward: 87.71
                    Mean episode length: 221.47
                        Mean action std: 0.11
         Mean episode goal_per_1k_steps: 0.2645
         Mean episode mean_dist_to_ball: 1.1022
               Mean episode goals_total: 703.4167
--------------------------------------------------------------------------------
                         Iteration time: 11.58s
                           Time elapsed: 0:39:41
                                    ETA: 0:55:15

################################################################################
[1m                           Learning iteration 209/500                           [0m 

                               Run name: hierarchical_soccer_chase_hl
                            Total steps: 10321920 
                       Steps per second: 4251 
                        Collection time: 11.332s 
                          Learning time: 0.230s 
                        Mean value loss: 6.4400
                    Mean surrogate loss: -0.0020
                      Mean entropy loss: -2.5099
                            Mean reward: 82.26
                    Mean episode length: 213.45
                        Mean action std: 0.10
         Mean episode goal_per_1k_steps: 0.3133
         Mean episode mean_dist_to_ball: 1.0994
               Mean episode goals_total: 704.4584
--------------------------------------------------------------------------------
                         Iteration time: 11.56s
                           Time elapsed: 0:39:52
                                    ETA: 0:55:04

################################################################################
[1m                           Learning iteration 210/500                           [0m 

                               Run name: hierarchical_soccer_chase_hl
                            Total steps: 10371072 
                       Steps per second: 4241 
                        Collection time: 11.358s 
                          Learning time: 0.230s 
                        Mean value loss: 4.7686
                    Mean surrogate loss: -0.0036
                      Mean entropy loss: -2.5080
                            Mean reward: 94.92
                    Mean episode length: 223.43
                        Mean action std: 0.11
         Mean episode goal_per_1k_steps: 0.2177
         Mean episode mean_dist_to_ball: 1.0631
               Mean episode goals_total: 706.2500
--------------------------------------------------------------------------------
                         Iteration time: 11.59s
                           Time elapsed: 0:40:04
                                    ETA: 0:54:52

################################################################################
[1m                           Learning iteration 211/500                           [0m 

                               Run name: hierarchical_soccer_chase_hl
                            Total steps: 10420224 
                       Steps per second: 4233 
                        Collection time: 11.381s 
                          Learning time: 0.230s 
                        Mean value loss: 5.2902
                    Mean surrogate loss: -0.0029
                      Mean entropy loss: -2.5236
                            Mean reward: 90.02
                    Mean episode length: 216.33
                        Mean action std: 0.11
         Mean episode goal_per_1k_steps: 0.3947
         Mean episode mean_dist_to_ball: 1.0581
               Mean episode goals_total: 708.9584
--------------------------------------------------------------------------------
                         Iteration time: 11.61s
                           Time elapsed: 0:40:15
                                    ETA: 0:54:41

################################################################################
[1m                           Learning iteration 212/500                           [0m 

                               Run name: hierarchical_soccer_chase_hl
                            Total steps: 10469376 
                       Steps per second: 4244 
                        Collection time: 11.351s 
                          Learning time: 0.230s 
                        Mean value loss: 6.0287
                    Mean surrogate loss: -0.0038
                      Mean entropy loss: -2.4911
                            Mean reward: 92.00
                    Mean episode length: 223.67
                        Mean action std: 0.11
         Mean episode goal_per_1k_steps: 0.3418
         Mean episode mean_dist_to_ball: 1.0979
               Mean episode goals_total: 712.5834
--------------------------------------------------------------------------------
                         Iteration time: 11.58s
                           Time elapsed: 0:40:27
                                    ETA: 0:54:30

################################################################################
[1m                           Learning iteration 213/500                           [0m 

                               Run name: hierarchical_soccer_chase_hl
                            Total steps: 10518528 
                       Steps per second: 4245 
                        Collection time: 11.347s 
                          Learning time: 0.230s 
                        Mean value loss: 6.2670
                    Mean surrogate loss: -0.0044
                      Mean entropy loss: -2.5248
                            Mean reward: 89.10
                    Mean episode length: 215.36
                        Mean action std: 0.11
         Mean episode goal_per_1k_steps: 0.3459
         Mean episode mean_dist_to_ball: 1.1040
               Mean episode goals_total: 715.2917
--------------------------------------------------------------------------------
                         Iteration time: 11.58s
                           Time elapsed: 0:40:38
                                    ETA: 0:54:19

################################################################################
[1m                           Learning iteration 214/500                           [0m 

                               Run name: hierarchical_soccer_chase_hl
                            Total steps: 10567680 
                       Steps per second: 4240 
                        Collection time: 11.362s 
                          Learning time: 0.231s 
                        Mean value loss: 7.5071
                    Mean surrogate loss: -0.0033
                      Mean entropy loss: -2.4937
                            Mean reward: 80.80
                    Mean episode length: 204.45
                        Mean action std: 0.11
         Mean episode goal_per_1k_steps: 0.3784
         Mean episode mean_dist_to_ball: 1.0930
               Mean episode goals_total: 717.0417
--------------------------------------------------------------------------------
                         Iteration time: 11.59s
                           Time elapsed: 0:40:50
                                    ETA: 0:54:08

################################################################################
[1m                           Learning iteration 215/500                           [0m 

                               Run name: hierarchical_soccer_chase_hl
                            Total steps: 10616832 
                       Steps per second: 4245 
                        Collection time: 11.348s 
                          Learning time: 0.229s 
                        Mean value loss: 7.5384
                    Mean surrogate loss: -0.0031
                      Mean entropy loss: -2.4911
                            Mean reward: 87.17
                    Mean episode length: 203.97
                        Mean action std: 0.11
         Mean episode goal_per_1k_steps: 0.3906
         Mean episode mean_dist_to_ball: 1.1004
               Mean episode goals_total: 718.2084
--------------------------------------------------------------------------------
                         Iteration time: 11.58s
                           Time elapsed: 0:41:02
                                    ETA: 0:53:57

################################################################################
[1m                           Learning iteration 216/500                           [0m 

                               Run name: hierarchical_soccer_chase_hl
                            Total steps: 10665984 
                       Steps per second: 4240 
                        Collection time: 11.362s 
                          Learning time: 0.229s 
                        Mean value loss: 6.1907
                    Mean surrogate loss: -0.0042
                      Mean entropy loss: -2.4971
                            Mean reward: 87.76
                    Mean episode length: 210.49
                        Mean action std: 0.11
         Mean episode goal_per_1k_steps: 0.5514
         Mean episode mean_dist_to_ball: 1.0904
               Mean episode goals_total: 719.7500
--------------------------------------------------------------------------------
                         Iteration time: 11.59s
                           Time elapsed: 0:41:13
                                    ETA: 0:53:46

################################################################################
[1m                           Learning iteration 217/500                           [0m 

                               Run name: hierarchical_soccer_chase_hl
                            Total steps: 10715136 
                       Steps per second: 4241 
                        Collection time: 11.359s 
                          Learning time: 0.229s 
                        Mean value loss: 4.8655
                    Mean surrogate loss: -0.0027
                      Mean entropy loss: -2.5086
                            Mean reward: 89.67
                    Mean episode length: 211.91
                        Mean action std: 0.10
         Mean episode goal_per_1k_steps: 0.3947
         Mean episode mean_dist_to_ball: 1.0924
               Mean episode goals_total: 721.9167
--------------------------------------------------------------------------------
                         Iteration time: 11.59s
                           Time elapsed: 0:41:25
                                    ETA: 0:53:34

################################################################################
[1m                           Learning iteration 218/500                           [0m 

                               Run name: hierarchical_soccer_chase_hl
                            Total steps: 10764288 
                       Steps per second: 4240 
                        Collection time: 11.361s 
                          Learning time: 0.230s 
                        Mean value loss: 6.2362
                    Mean surrogate loss: -0.0028
                      Mean entropy loss: -2.5177
                            Mean reward: 91.83
                    Mean episode length: 217.75
                        Mean action std: 0.11
         Mean episode goal_per_1k_steps: 0.6083
         Mean episode mean_dist_to_ball: 1.1131
               Mean episode goals_total: 727.1667
--------------------------------------------------------------------------------
                         Iteration time: 11.59s
                           Time elapsed: 0:41:36
                                    ETA: 0:53:23

################################################################################
[1m                           Learning iteration 219/500                           [0m 

                               Run name: hierarchical_soccer_chase_hl
                            Total steps: 10813440 
                       Steps per second: 4255 
                        Collection time: 11.319s 
                          Learning time: 0.231s 
                        Mean value loss: 5.3794
                    Mean surrogate loss: -0.0028
                      Mean entropy loss: -2.5555
                            Mean reward: 86.99
                    Mean episode length: 209.57
                        Mean action std: 0.10
         Mean episode goal_per_1k_steps: 0.3499
         Mean episode mean_dist_to_ball: 1.1213
               Mean episode goals_total: 732.7917
--------------------------------------------------------------------------------
                         Iteration time: 11.55s
                           Time elapsed: 0:41:48
                                    ETA: 0:53:12

################################################################################
[1m                           Learning iteration 220/500                           [0m 

                               Run name: hierarchical_soccer_chase_hl
                            Total steps: 10862592 
                       Steps per second: 4263 
                        Collection time: 11.299s 
                          Learning time: 0.230s 
                        Mean value loss: 7.6389
                    Mean surrogate loss: -0.0026
                      Mean entropy loss: -2.5408
                            Mean reward: 83.20
                    Mean episode length: 209.45
                        Mean action std: 0.10
         Mean episode goal_per_1k_steps: 0.4049
         Mean episode mean_dist_to_ball: 1.1079
               Mean episode goals_total: 734.6250
--------------------------------------------------------------------------------
                         Iteration time: 11.53s
                           Time elapsed: 0:41:59
                                    ETA: 0:53:01

################################################################################
[1m                           Learning iteration 221/500                           [0m 

                               Run name: hierarchical_soccer_chase_hl
                            Total steps: 10911744 
                       Steps per second: 4255 
                        Collection time: 11.321s 
                          Learning time: 0.230s 
                        Mean value loss: 6.1427
                    Mean surrogate loss: -0.0042
                      Mean entropy loss: -2.5463
                            Mean reward: 90.26
                    Mean episode length: 222.91
                        Mean action std: 0.11
         Mean episode goal_per_1k_steps: 0.3052
         Mean episode mean_dist_to_ball: 1.1066
               Mean episode goals_total: 737.3334
--------------------------------------------------------------------------------
                         Iteration time: 11.55s
                           Time elapsed: 0:42:11
                                    ETA: 0:52:50

################################################################################
[1m                           Learning iteration 222/500                           [0m 

                               Run name: hierarchical_soccer_chase_hl
                            Total steps: 10960896 
                       Steps per second: 4254 
                        Collection time: 11.322s 
                          Learning time: 0.230s 
                        Mean value loss: 5.1876
                    Mean surrogate loss: -0.0031
                      Mean entropy loss: -2.5147
                            Mean reward: 92.39
                    Mean episode length: 217.46
                        Mean action std: 0.10
         Mean episode goal_per_1k_steps: 0.2726
         Mean episode mean_dist_to_ball: 1.0760
               Mean episode goals_total: 739.0000
--------------------------------------------------------------------------------
                         Iteration time: 11.55s
                           Time elapsed: 0:42:23
                                    ETA: 0:52:38

################################################################################
[1m                           Learning iteration 223/500                           [0m 

                               Run name: hierarchical_soccer_chase_hl
                            Total steps: 11010048 
                       Steps per second: 4257 
                        Collection time: 11.315s 
                          Learning time: 0.231s 
                        Mean value loss: 5.2086
                    Mean surrogate loss: -0.0028
                      Mean entropy loss: -2.5549
                            Mean reward: 90.54
                    Mean episode length: 213.78
                        Mean action std: 0.10
         Mean episode goal_per_1k_steps: 0.2686
         Mean episode mean_dist_to_ball: 1.0856
               Mean episode goals_total: 739.0000
--------------------------------------------------------------------------------
                         Iteration time: 11.55s
                           Time elapsed: 0:42:34
                                    ETA: 0:52:27

################################################################################
[1m                           Learning iteration 224/500                           [0m 

                               Run name: hierarchical_soccer_chase_hl
                            Total steps: 11059200 
                       Steps per second: 4260 
                        Collection time: 11.307s 
                          Learning time: 0.230s 
                        Mean value loss: 4.3898
                    Mean surrogate loss: -0.0023
                      Mean entropy loss: -2.5620
                            Mean reward: 87.03
                    Mean episode length: 213.91
                        Mean action std: 0.10
         Mean episode goal_per_1k_steps: 0.3988
         Mean episode mean_dist_to_ball: 1.1162
               Mean episode goals_total: 741.2084
--------------------------------------------------------------------------------
                         Iteration time: 11.54s
                           Time elapsed: 0:42:46
                                    ETA: 0:52:16

################################################################################
[1m                           Learning iteration 225/500                           [0m 

                               Run name: hierarchical_soccer_chase_hl
                            Total steps: 11108352 
                       Steps per second: 4256 
                        Collection time: 11.317s 
                          Learning time: 0.230s 
                        Mean value loss: 4.3905
                    Mean surrogate loss: -0.0031
                      Mean entropy loss: -2.6087
                            Mean reward: 89.38
                    Mean episode length: 221.82
                        Mean action std: 0.10
         Mean episode goal_per_1k_steps: 0.2299
         Mean episode mean_dist_to_ball: 1.1117
               Mean episode goals_total: 742.6250
--------------------------------------------------------------------------------
                         Iteration time: 11.55s
                           Time elapsed: 0:42:57
                                    ETA: 0:52:05

################################################################################
[1m                           Learning iteration 226/500                           [0m 

                               Run name: hierarchical_soccer_chase_hl
                            Total steps: 11157504 
                       Steps per second: 4268 
                        Collection time: 11.285s 
                          Learning time: 0.230s 
                        Mean value loss: 3.6094
                    Mean surrogate loss: -0.0031
                      Mean entropy loss: -2.6178
                            Mean reward: 96.81
                    Mean episode length: 229.61
                        Mean action std: 0.10
         Mean episode goal_per_1k_steps: 0.2380
         Mean episode mean_dist_to_ball: 1.0927
               Mean episode goals_total: 743.3750
--------------------------------------------------------------------------------
                         Iteration time: 11.51s
                           Time elapsed: 0:43:09
                                    ETA: 0:51:53

################################################################################
[1m                           Learning iteration 227/500                           [0m 

                               Run name: hierarchical_soccer_chase_hl
                            Total steps: 11206656 
                       Steps per second: 4270 
                        Collection time: 11.280s 
                          Learning time: 0.230s 
                        Mean value loss: 3.3453
                    Mean surrogate loss: -0.0032
                      Mean entropy loss: -2.6082
                            Mean reward: 97.39
                    Mean episode length: 231.93
                        Mean action std: 0.10
         Mean episode goal_per_1k_steps: 0.2869
         Mean episode mean_dist_to_ball: 1.0705
               Mean episode goals_total: 746.5834
--------------------------------------------------------------------------------
                         Iteration time: 11.51s
                           Time elapsed: 0:43:20
                                    ETA: 0:51:42

################################################################################
[1m                           Learning iteration 228/500                           [0m 

                               Run name: hierarchical_soccer_chase_hl
                            Total steps: 11255808 
                       Steps per second: 4251 
                        Collection time: 11.329s 
                          Learning time: 0.234s 
                        Mean value loss: 4.1888
                    Mean surrogate loss: -0.0030
                      Mean entropy loss: -2.6017
                            Mean reward: 92.79
                    Mean episode length: 223.59
                        Mean action std: 0.10
         Mean episode goal_per_1k_steps: 0.3418
         Mean episode mean_dist_to_ball: 1.0971
               Mean episode goals_total: 748.8750
--------------------------------------------------------------------------------
                         Iteration time: 11.56s
                           Time elapsed: 0:43:32
                                    ETA: 0:51:31

################################################################################
[1m                           Learning iteration 229/500                           [0m 

                               Run name: hierarchical_soccer_chase_hl
                            Total steps: 11304960 
                       Steps per second: 4259 
                        Collection time: 11.309s 
                          Learning time: 0.230s 
                        Mean value loss: 4.3286
                    Mean surrogate loss: -0.0030
                      Mean entropy loss: -2.5851
                            Mean reward: 94.13
                    Mean episode length: 222.42
                        Mean action std: 0.10
         Mean episode goal_per_1k_steps: 0.2686
         Mean episode mean_dist_to_ball: 1.1402
               Mean episode goals_total: 754.2084
--------------------------------------------------------------------------------
                         Iteration time: 11.54s
                           Time elapsed: 0:43:43
                                    ETA: 0:51:20

################################################################################
[1m                           Learning iteration 230/500                           [0m 

                               Run name: hierarchical_soccer_chase_hl
                            Total steps: 11354112 
                       Steps per second: 4257 
                        Collection time: 11.315s 
                          Learning time: 0.230s 
                        Mean value loss: 5.0278
                    Mean surrogate loss: -0.0022
                      Mean entropy loss: -2.6178
                            Mean reward: 88.58
                    Mean episode length: 217.38
                        Mean action std: 0.10
         Mean episode goal_per_1k_steps: 0.4313
         Mean episode mean_dist_to_ball: 1.1321
               Mean episode goals_total: 758.6250
--------------------------------------------------------------------------------
                         Iteration time: 11.54s
                           Time elapsed: 0:43:55
                                    ETA: 0:51:08

################################################################################
[1m                           Learning iteration 231/500                           [0m 

                               Run name: hierarchical_soccer_chase_hl
                            Total steps: 11403264 
                       Steps per second: 4257 
                        Collection time: 11.314s 
                          Learning time: 0.229s 
                        Mean value loss: 4.8701
                    Mean surrogate loss: -0.0026
                      Mean entropy loss: -2.6253
                            Mean reward: 92.68
                    Mean episode length: 214.42
                        Mean action std: 0.10
         Mean episode goal_per_1k_steps: 0.3886
         Mean episode mean_dist_to_ball: 1.1083
               Mean episode goals_total: 762.4584
--------------------------------------------------------------------------------
                         Iteration time: 11.54s
                           Time elapsed: 0:44:06
                                    ETA: 0:50:57

################################################################################
[1m                           Learning iteration 232/500                           [0m 

                               Run name: hierarchical_soccer_chase_hl
                            Total steps: 11452416 
                       Steps per second: 4258 
                        Collection time: 11.313s 
                          Learning time: 0.231s 
                        Mean value loss: 5.8143
                    Mean surrogate loss: -0.0034
                      Mean entropy loss: -2.5959
                            Mean reward: 91.53
                    Mean episode length: 210.77
                        Mean action std: 0.10
         Mean episode goal_per_1k_steps: 0.6775
         Mean episode mean_dist_to_ball: 1.1079
               Mean episode goals_total: 770.6250
--------------------------------------------------------------------------------
                         Iteration time: 11.54s
                           Time elapsed: 0:44:18
                                    ETA: 0:50:46

################################################################################
[1m                           Learning iteration 233/500                           [0m 

                               Run name: hierarchical_soccer_chase_hl
                            Total steps: 11501568 
                       Steps per second: 4268 
                        Collection time: 11.285s 
                          Learning time: 0.230s 
                        Mean value loss: 7.6914
                    Mean surrogate loss: -0.0029
                      Mean entropy loss: -2.5873
                            Mean reward: 83.97
                    Mean episode length: 201.31
                        Mean action std: 0.10
         Mean episode goal_per_1k_steps: 0.3682
         Mean episode mean_dist_to_ball: 1.0686
               Mean episode goals_total: 774.7084
--------------------------------------------------------------------------------
                         Iteration time: 11.52s
                           Time elapsed: 0:44:29
                                    ETA: 0:50:35

################################################################################
[1m                           Learning iteration 234/500                           [0m 

                               Run name: hierarchical_soccer_chase_hl
                            Total steps: 11550720 
                       Steps per second: 4262 
                        Collection time: 11.300s 
                          Learning time: 0.230s 
                        Mean value loss: 6.7878
                    Mean surrogate loss: -0.0033
                      Mean entropy loss: -2.6061
                            Mean reward: 89.87
                    Mean episode length: 213.16
                        Mean action std: 0.10
         Mean episode goal_per_1k_steps: 0.5554
         Mean episode mean_dist_to_ball: 1.0773
               Mean episode goals_total: 779.2917
--------------------------------------------------------------------------------
                         Iteration time: 11.53s
                           Time elapsed: 0:44:41
                                    ETA: 0:50:23

################################################################################
[1m                           Learning iteration 235/500                           [0m 

                               Run name: hierarchical_soccer_chase_hl
                            Total steps: 11599872 
                       Steps per second: 4266 
                        Collection time: 11.291s 
                          Learning time: 0.230s 
                        Mean value loss: 4.9455
                    Mean surrogate loss: -0.0040
                      Mean entropy loss: -2.6258
                            Mean reward: 91.42
                    Mean episode length: 219.71
                        Mean action std: 0.10
         Mean episode goal_per_1k_steps: 0.3805
         Mean episode mean_dist_to_ball: 1.0976
               Mean episode goals_total: 785.6250
--------------------------------------------------------------------------------
                         Iteration time: 11.52s
                           Time elapsed: 0:44:53
                                    ETA: 0:50:12

################################################################################
[1m                           Learning iteration 236/500                           [0m 

                               Run name: hierarchical_soccer_chase_hl
                            Total steps: 11649024 
                       Steps per second: 4273 
                        Collection time: 11.272s 
                          Learning time: 0.230s 
                        Mean value loss: 5.1842
                    Mean surrogate loss: -0.0029
                      Mean entropy loss: -2.6314
                            Mean reward: 88.96
                    Mean episode length: 213.76
                        Mean action std: 0.10
         Mean episode goal_per_1k_steps: 0.3642
         Mean episode mean_dist_to_ball: 1.0761
               Mean episode goals_total: 786.0000
--------------------------------------------------------------------------------
                         Iteration time: 11.50s
                           Time elapsed: 0:45:04
                                    ETA: 0:50:01

################################################################################
[1m                           Learning iteration 237/500                           [0m 

                               Run name: hierarchical_soccer_chase_hl
                            Total steps: 11698176 
                       Steps per second: 4256 
                        Collection time: 11.318s 
                          Learning time: 0.230s 
                        Mean value loss: 5.8247
                    Mean surrogate loss: -0.0033
                      Mean entropy loss: -2.6331
                            Mean reward: 92.06
                    Mean episode length: 218.51
                        Mean action std: 0.10
         Mean episode goal_per_1k_steps: 0.4964
         Mean episode mean_dist_to_ball: 1.0909
               Mean episode goals_total: 787.5000
--------------------------------------------------------------------------------
                         Iteration time: 11.55s
                           Time elapsed: 0:45:16
                                    ETA: 0:49:49

################################################################################
[1m                           Learning iteration 238/500                           [0m 

                               Run name: hierarchical_soccer_chase_hl
                            Total steps: 11747328 
                       Steps per second: 4266 
                        Collection time: 11.289s 
                          Learning time: 0.230s 
                        Mean value loss: 5.9282
                    Mean surrogate loss: 0.0020
                      Mean entropy loss: -2.6294
                            Mean reward: 91.51
                    Mean episode length: 214.31
                        Mean action std: 0.10
         Mean episode goal_per_1k_steps: 0.4639
         Mean episode mean_dist_to_ball: 1.1476
               Mean episode goals_total: 790.2917
--------------------------------------------------------------------------------
                         Iteration time: 11.52s
                           Time elapsed: 0:45:27
                                    ETA: 0:49:38

################################################################################
[1m                           Learning iteration 239/500                           [0m 

                               Run name: hierarchical_soccer_chase_hl
                            Total steps: 11796480 
                       Steps per second: 4259 
                        Collection time: 11.311s 
                          Learning time: 0.229s 
                        Mean value loss: 7.1845
                    Mean surrogate loss: -0.0033
                      Mean entropy loss: -2.6255
                            Mean reward: 81.21
                    Mean episode length: 198.98
                        Mean action std: 0.10
         Mean episode goal_per_1k_steps: 0.4313
         Mean episode mean_dist_to_ball: 1.1511
               Mean episode goals_total: 796.6250
--------------------------------------------------------------------------------
                         Iteration time: 11.54s
                           Time elapsed: 0:45:39
                                    ETA: 0:49:27

################################################################################
[1m                           Learning iteration 240/500                           [0m 

                               Run name: hierarchical_soccer_chase_hl
                            Total steps: 11845632 
                       Steps per second: 4250 
                        Collection time: 11.335s 
                          Learning time: 0.230s 
                        Mean value loss: 5.9059
                    Mean surrogate loss: -0.0038
                      Mean entropy loss: -2.5852
                            Mean reward: 86.81
                    Mean episode length: 209.29
                        Mean action std: 0.10
         Mean episode goal_per_1k_steps: 0.3092
         Mean episode mean_dist_to_ball: 1.1026
               Mean episode goals_total: 801.0417
--------------------------------------------------------------------------------
                         Iteration time: 11.57s
                           Time elapsed: 0:45:50
                                    ETA: 0:49:16

################################################################################
[1m                           Learning iteration 241/500                           [0m 

                               Run name: hierarchical_soccer_chase_hl
                            Total steps: 11894784 
                       Steps per second: 4240 
                        Collection time: 11.361s 
                          Learning time: 0.230s 
                        Mean value loss: 5.8357
                    Mean surrogate loss: -0.0028
                      Mean entropy loss: -2.5719
                            Mean reward: 92.87
                    Mean episode length: 220.59
                        Mean action std: 0.10
         Mean episode goal_per_1k_steps: 0.3743
         Mean episode mean_dist_to_ball: 1.0613
               Mean episode goals_total: 803.3750
--------------------------------------------------------------------------------
                         Iteration time: 11.59s
                           Time elapsed: 0:46:02
                                    ETA: 0:49:04

################################################################################
[1m                           Learning iteration 242/500                           [0m 

                               Run name: hierarchical_soccer_chase_hl
                            Total steps: 11943936 
                       Steps per second: 4251 
                        Collection time: 11.332s 
                          Learning time: 0.230s 
                        Mean value loss: 6.7984
                    Mean surrogate loss: -0.0038
                      Mean entropy loss: -2.5722
                            Mean reward: 90.26
                    Mean episode length: 216.99
                        Mean action std: 0.10
         Mean episode goal_per_1k_steps: 0.2991
         Mean episode mean_dist_to_ball: 1.0513
               Mean episode goals_total: 805.2084
--------------------------------------------------------------------------------
                         Iteration time: 11.56s
                           Time elapsed: 0:46:13
                                    ETA: 0:48:53

################################################################################
[1m                           Learning iteration 243/500                           [0m 

                               Run name: hierarchical_soccer_chase_hl
                            Total steps: 11993088 
                       Steps per second: 4249 
                        Collection time: 11.337s 
                          Learning time: 0.230s 
                        Mean value loss: 5.6796
                    Mean surrogate loss: -0.0031
                      Mean entropy loss: -2.5768
                            Mean reward: 89.79
                    Mean episode length: 215.88
                        Mean action std: 0.10
         Mean episode goal_per_1k_steps: 0.4293
         Mean episode mean_dist_to_ball: 1.0425
               Mean episode goals_total: 808.0000
--------------------------------------------------------------------------------
                         Iteration time: 11.57s
                           Time elapsed: 0:46:25
                                    ETA: 0:48:42

################################################################################
[1m                           Learning iteration 244/500                           [0m 

                               Run name: hierarchical_soccer_chase_hl
                            Total steps: 12042240 
                       Steps per second: 4255 
                        Collection time: 11.319s 
                          Learning time: 0.230s 
                        Mean value loss: 5.1314
                    Mean surrogate loss: -0.0030
                      Mean entropy loss: -2.5973
                            Mean reward: 94.33
                    Mean episode length: 217.79
                        Mean action std: 0.10
         Mean episode goal_per_1k_steps: 0.2787
         Mean episode mean_dist_to_ball: 1.0240
               Mean episode goals_total: 809.5000
--------------------------------------------------------------------------------
                         Iteration time: 11.55s
                           Time elapsed: 0:46:36
                                    ETA: 0:48:31

################################################################################
[1m                           Learning iteration 245/500                           [0m 

                               Run name: hierarchical_soccer_chase_hl
                            Total steps: 12091392 
                       Steps per second: 4270 
                        Collection time: 11.279s 
                          Learning time: 0.230s 
                        Mean value loss: 4.9912
                    Mean surrogate loss: -0.0020
                      Mean entropy loss: -2.6039
                            Mean reward: 93.73
                    Mean episode length: 227.99
                        Mean action std: 0.10
         Mean episode goal_per_1k_steps: 0.2970
         Mean episode mean_dist_to_ball: 1.0371
               Mean episode goals_total: 811.0000
--------------------------------------------------------------------------------
                         Iteration time: 11.51s
                           Time elapsed: 0:46:48
                                    ETA: 0:48:19

################################################################################
[1m                           Learning iteration 246/500                           [0m 

                               Run name: hierarchical_soccer_chase_hl
                            Total steps: 12140544 
                       Steps per second: 4250 
                        Collection time: 11.333s 
                          Learning time: 0.230s 
                        Mean value loss: 5.7715
                    Mean surrogate loss: -0.0017
                      Mean entropy loss: -2.5822
                            Mean reward: 94.79
                    Mean episode length: 227.46
                        Mean action std: 0.10
         Mean episode goal_per_1k_steps: 0.1485
         Mean episode mean_dist_to_ball: 1.0281
               Mean episode goals_total: 811.3750
--------------------------------------------------------------------------------
                         Iteration time: 11.56s
                           Time elapsed: 0:47:00
                                    ETA: 0:48:08

################################################################################
[1m                           Learning iteration 247/500                           [0m 

                               Run name: hierarchical_soccer_chase_hl
                            Total steps: 12189696 
                       Steps per second: 4254 
                        Collection time: 11.323s 
                          Learning time: 0.230s 
                        Mean value loss: 6.1485
                    Mean surrogate loss: -0.0027
                      Mean entropy loss: -2.6083
                            Mean reward: 86.57
                    Mean episode length: 204.26
                        Mean action std: 0.10
         Mean episode goal_per_1k_steps: 0.3560
         Mean episode mean_dist_to_ball: 1.0484
               Mean episode goals_total: 813.2084
--------------------------------------------------------------------------------
                         Iteration time: 11.55s
                           Time elapsed: 0:47:11
                                    ETA: 0:47:57

################################################################################
[1m                           Learning iteration 248/500                           [0m 

                               Run name: hierarchical_soccer_chase_hl
                            Total steps: 12238848 
                       Steps per second: 4257 
                        Collection time: 11.314s 
                          Learning time: 0.230s 
                        Mean value loss: 5.7757
                    Mean surrogate loss: -0.0038
                      Mean entropy loss: -2.6372
                            Mean reward: 91.96
                    Mean episode length: 221.88
                        Mean action std: 0.10
         Mean episode goal_per_1k_steps: 0.5025
         Mean episode mean_dist_to_ball: 1.1155
               Mean episode goals_total: 815.2917
--------------------------------------------------------------------------------
                         Iteration time: 11.54s
                           Time elapsed: 0:47:23
                                    ETA: 0:47:45

################################################################################
[1m                           Learning iteration 249/500                           [0m 

                               Run name: hierarchical_soccer_chase_hl
                            Total steps: 12288000 
                       Steps per second: 4235 
                        Collection time: 11.375s 
                          Learning time: 0.229s 
                        Mean value loss: 4.1807
                    Mean surrogate loss: -0.0013
                      Mean entropy loss: -2.6572
                            Mean reward: 95.38
                    Mean episode length: 229.74
                        Mean action std: 0.10
         Mean episode goal_per_1k_steps: 0.4578
         Mean episode mean_dist_to_ball: 1.1506
               Mean episode goals_total: 817.8334
--------------------------------------------------------------------------------
                         Iteration time: 11.60s
                           Time elapsed: 0:47:34
                                    ETA: 0:47:34

################################################################################
[1m                           Learning iteration 250/500                           [0m 

                               Run name: hierarchical_soccer_chase_hl
                            Total steps: 12337152 
                       Steps per second: 4261 
                        Collection time: 11.303s 
                          Learning time: 0.230s 
                        Mean value loss: 3.5641
                    Mean surrogate loss: -0.0015
                      Mean entropy loss: -2.6778
                            Mean reward: 96.94
                    Mean episode length: 233.61
                        Mean action std: 0.10
         Mean episode goal_per_1k_steps: 0.2136
         Mean episode mean_dist_to_ball: 1.1749
               Mean episode goals_total: 820.2084
--------------------------------------------------------------------------------
                         Iteration time: 11.53s
                           Time elapsed: 0:47:46
                                    ETA: 0:47:23

################################################################################
[1m                           Learning iteration 251/500                           [0m 

                               Run name: hierarchical_soccer_chase_hl
                            Total steps: 12386304 
                       Steps per second: 4256 
                        Collection time: 11.317s 
                          Learning time: 0.230s 
                        Mean value loss: 5.3856
                    Mean surrogate loss: -0.0024
                      Mean entropy loss: -2.6833
                            Mean reward: 92.48
                    Mean episode length: 221.07
                        Mean action std: 0.10
         Mean episode goal_per_1k_steps: 0.2747
         Mean episode mean_dist_to_ball: 1.1991
               Mean episode goals_total: 821.0000
--------------------------------------------------------------------------------
                         Iteration time: 11.55s
                           Time elapsed: 0:47:57
                                    ETA: 0:47:12

################################################################################
[1m                           Learning iteration 252/500                           [0m 

                               Run name: hierarchical_soccer_chase_hl
                            Total steps: 12435456 
                       Steps per second: 4256 
                        Collection time: 11.318s 
                          Learning time: 0.230s 
                        Mean value loss: 5.7720
                    Mean surrogate loss: -0.0035
                      Mean entropy loss: -2.6949
                            Mean reward: 90.63
                    Mean episode length: 218.85
                        Mean action std: 0.10
         Mean episode goal_per_1k_steps: 0.2706
         Mean episode mean_dist_to_ball: 1.2179
               Mean episode goals_total: 821.1250
--------------------------------------------------------------------------------
                         Iteration time: 11.55s
                           Time elapsed: 0:48:09
                                    ETA: 0:47:00

################################################################################
[1m                           Learning iteration 253/500                           [0m 

                               Run name: hierarchical_soccer_chase_hl
                            Total steps: 12484608 
                       Steps per second: 4255 
                        Collection time: 11.321s 
                          Learning time: 0.229s 
                        Mean value loss: 4.9157
                    Mean surrogate loss: -0.0029
                      Mean entropy loss: -2.7008
                            Mean reward: 91.15
                    Mean episode length: 221.23
                        Mean action std: 0.10
         Mean episode goal_per_1k_steps: 0.2747
         Mean episode mean_dist_to_ball: 1.1894
               Mean episode goals_total: 823.2917
--------------------------------------------------------------------------------
                         Iteration time: 11.55s
                           Time elapsed: 0:48:20
                                    ETA: 0:46:49

################################################################################
[1m                           Learning iteration 254/500                           [0m 

                               Run name: hierarchical_soccer_chase_hl
                            Total steps: 12533760 
                       Steps per second: 4268 
                        Collection time: 11.285s 
                          Learning time: 0.232s 
                        Mean value loss: 3.7780
                    Mean surrogate loss: -0.0003
                      Mean entropy loss: -2.7386
                            Mean reward: 97.39
                    Mean episode length: 225.78
                        Mean action std: 0.10
         Mean episode goal_per_1k_steps: 0.4150
         Mean episode mean_dist_to_ball: 1.1264
               Mean episode goals_total: 826.3750
--------------------------------------------------------------------------------
                         Iteration time: 11.52s
                           Time elapsed: 0:48:32
                                    ETA: 0:46:38

################################################################################
[1m                           Learning iteration 255/500                           [0m 

                               Run name: hierarchical_soccer_chase_hl
                            Total steps: 12582912 
                       Steps per second: 4268 
                        Collection time: 11.286s 
                          Learning time: 0.230s 
                        Mean value loss: 4.9317
                    Mean surrogate loss: -0.0031
                      Mean entropy loss: -2.7283
                            Mean reward: 90.63
                    Mean episode length: 215.25
                        Mean action std: 0.10
         Mean episode goal_per_1k_steps: 0.2706
         Mean episode mean_dist_to_ball: 1.0780
               Mean episode goals_total: 828.2084
--------------------------------------------------------------------------------
                         Iteration time: 11.52s
                           Time elapsed: 0:48:43
                                    ETA: 0:46:26

################################################################################
[1m                           Learning iteration 256/500                           [0m 

                               Run name: hierarchical_soccer_chase_hl
                            Total steps: 12632064 
                       Steps per second: 4258 
                        Collection time: 11.312s 
                          Learning time: 0.229s 
                        Mean value loss: 4.3530
                    Mean surrogate loss: -0.0026
                      Mean entropy loss: -2.7453
                            Mean reward: 92.68
                    Mean episode length: 226.62
                        Mean action std: 0.10
         Mean episode goal_per_1k_steps: 0.2319
         Mean episode mean_dist_to_ball: 1.0565
               Mean episode goals_total: 829.7500
--------------------------------------------------------------------------------
                         Iteration time: 11.54s
                           Time elapsed: 0:48:55
                                    ETA: 0:46:15

################################################################################
[1m                           Learning iteration 257/500                           [0m 

                               Run name: hierarchical_soccer_chase_hl
                            Total steps: 12681216 
                       Steps per second: 4273 
                        Collection time: 11.272s 
                          Learning time: 0.230s 
                        Mean value loss: 5.1630
                    Mean surrogate loss: -0.0033
                      Mean entropy loss: -2.7327
                            Mean reward: 95.30
                    Mean episode length: 226.89
                        Mean action std: 0.10
         Mean episode goal_per_1k_steps: 0.2950
         Mean episode mean_dist_to_ball: 1.0510
               Mean episode goals_total: 831.5417
--------------------------------------------------------------------------------
                         Iteration time: 11.50s
                           Time elapsed: 0:49:07
                                    ETA: 0:46:04

################################################################################
[1m                           Learning iteration 258/500                           [0m 

                               Run name: hierarchical_soccer_chase_hl
                            Total steps: 12730368 
                       Steps per second: 4266 
                        Collection time: 11.294s 
                          Learning time: 0.227s 
                        Mean value loss: 4.9358
                    Mean surrogate loss: -0.0037
                      Mean entropy loss: -2.7679
                            Mean reward: 94.60
                    Mean episode length: 224.06
                        Mean action std: 0.10
         Mean episode goal_per_1k_steps: 0.2035
         Mean episode mean_dist_to_ball: 1.1088
               Mean episode goals_total: 832.2917
--------------------------------------------------------------------------------
                         Iteration time: 11.52s
                           Time elapsed: 0:49:18
                                    ETA: 0:45:52

################################################################################
[1m                           Learning iteration 259/500                           [0m 

                               Run name: hierarchical_soccer_chase_hl
                            Total steps: 12779520 
                       Steps per second: 4266 
                        Collection time: 11.292s 
                          Learning time: 0.227s 
                        Mean value loss: 5.4213
                    Mean surrogate loss: -0.0033
                      Mean entropy loss: -2.7593
                            Mean reward: 91.02
                    Mean episode length: 221.92
                        Mean action std: 0.10
         Mean episode goal_per_1k_steps: 0.1973
         Mean episode mean_dist_to_ball: 1.1667
               Mean episode goals_total: 833.0000
--------------------------------------------------------------------------------
                         Iteration time: 11.52s
                           Time elapsed: 0:49:30
                                    ETA: 0:45:41

################################################################################
[1m                           Learning iteration 260/500                           [0m 

                               Run name: hierarchical_soccer_chase_hl
                            Total steps: 12828672 
                       Steps per second: 4264 
                        Collection time: 11.297s 
                          Learning time: 0.228s 
                        Mean value loss: 6.6495
                    Mean surrogate loss: -0.0025
                      Mean entropy loss: -2.7587
                            Mean reward: 91.93
                    Mean episode length: 218.95
                        Mean action std: 0.10
         Mean episode goal_per_1k_steps: 0.3235
         Mean episode mean_dist_to_ball: 1.0983
               Mean episode goals_total: 833.8334
--------------------------------------------------------------------------------
                         Iteration time: 11.52s
                           Time elapsed: 0:49:41
                                    ETA: 0:45:30

################################################################################
[1m                           Learning iteration 261/500                           [0m 

                               Run name: hierarchical_soccer_chase_hl
                            Total steps: 12877824 
                       Steps per second: 4260 
                        Collection time: 11.308s 
                          Learning time: 0.227s 
                        Mean value loss: 5.0824
                    Mean surrogate loss: -0.0020
                      Mean entropy loss: -2.7259
                            Mean reward: 92.30
                    Mean episode length: 214.69
                        Mean action std: 0.10
         Mean episode goal_per_1k_steps: 0.3215
         Mean episode mean_dist_to_ball: 1.0569
               Mean episode goals_total: 836.9167
--------------------------------------------------------------------------------
                         Iteration time: 11.54s
                           Time elapsed: 0:49:53
                                    ETA: 0:45:18

################################################################################
[1m                           Learning iteration 262/500                           [0m 

                               Run name: hierarchical_soccer_chase_hl
                            Total steps: 12926976 
                       Steps per second: 4276 
                        Collection time: 11.267s 
                          Learning time: 0.227s 
                        Mean value loss: 4.9192
                    Mean surrogate loss: -0.0024
                      Mean entropy loss: -2.7209
                            Mean reward: 95.79
                    Mean episode length: 229.58
                        Mean action std: 0.10
         Mean episode goal_per_1k_steps: 0.1953
         Mean episode mean_dist_to_ball: 1.0572
               Mean episode goals_total: 840.0834
--------------------------------------------------------------------------------
                         Iteration time: 11.49s
                           Time elapsed: 0:50:04
                                    ETA: 0:45:07

################################################################################
[1m                           Learning iteration 263/500                           [0m 

                               Run name: hierarchical_soccer_chase_hl
                            Total steps: 12976128 
                       Steps per second: 4278 
                        Collection time: 11.261s 
                          Learning time: 0.228s 
                        Mean value loss: 7.9005
                    Mean surrogate loss: -0.0029
                      Mean entropy loss: -2.7448
                            Mean reward: 94.52
                    Mean episode length: 218.23
                        Mean action std: 0.10
         Mean episode goal_per_1k_steps: 0.2787
         Mean episode mean_dist_to_ball: 1.0790
               Mean episode goals_total: 843.0000
--------------------------------------------------------------------------------
                         Iteration time: 11.49s
                           Time elapsed: 0:50:16
                                    ETA: 0:44:56

################################################################################
[1m                           Learning iteration 264/500                           [0m 

                               Run name: hierarchical_soccer_chase_hl
                            Total steps: 13025280 
                       Steps per second: 4275 
                        Collection time: 11.267s 
                          Learning time: 0.231s 
                        Mean value loss: 5.0039
                    Mean surrogate loss: -0.0022
                      Mean entropy loss: -2.7627
                            Mean reward: 101.17
                    Mean episode length: 234.57
                        Mean action std: 0.10
         Mean episode goal_per_1k_steps: 0.1139
         Mean episode mean_dist_to_ball: 1.1014
               Mean episode goals_total: 845.0000
--------------------------------------------------------------------------------
                         Iteration time: 11.50s
                           Time elapsed: 0:50:27
                                    ETA: 0:44:44

################################################################################
[1m                           Learning iteration 265/500                           [0m 

                               Run name: hierarchical_soccer_chase_hl
                            Total steps: 13074432 
                       Steps per second: 4281 
                        Collection time: 11.250s 
                          Learning time: 0.229s 
                        Mean value loss: 6.2624
                    Mean surrogate loss: -0.0020
                      Mean entropy loss: -2.7743
                            Mean reward: 95.16
                    Mean episode length: 223.63
                        Mean action std: 0.10
         Mean episode goal_per_1k_steps: 0.2096
         Mean episode mean_dist_to_ball: 1.1026
               Mean episode goals_total: 845.8334
--------------------------------------------------------------------------------
                         Iteration time: 11.48s
                           Time elapsed: 0:50:39
                                    ETA: 0:44:33

################################################################################
[1m                           Learning iteration 266/500                           [0m 

                               Run name: hierarchical_soccer_chase_hl
                            Total steps: 13123584 
                       Steps per second: 4270 
                        Collection time: 11.281s 
                          Learning time: 0.228s 
                        Mean value loss: 5.3894
                    Mean surrogate loss: -0.0016
                      Mean entropy loss: -2.8007
                            Mean reward: 98.09
                    Mean episode length: 230.97
                        Mean action std: 0.09
         Mean episode goal_per_1k_steps: 0.2625
         Mean episode mean_dist_to_ball: 1.1195
               Mean episode goals_total: 847.0000
--------------------------------------------------------------------------------
                         Iteration time: 11.51s
                           Time elapsed: 0:50:50
                                    ETA: 0:44:22

################################################################################
[1m                           Learning iteration 267/500                           [0m 

                               Run name: hierarchical_soccer_chase_hl
                            Total steps: 13172736 
                       Steps per second: 4266 
                        Collection time: 11.291s 
                          Learning time: 0.229s 
                        Mean value loss: 6.0016
                    Mean surrogate loss: -0.0021
                      Mean entropy loss: -2.8071
                            Mean reward: 97.13
                    Mean episode length: 226.65
                        Mean action std: 0.10
         Mean episode goal_per_1k_steps: 0.3255
         Mean episode mean_dist_to_ball: 1.1653
               Mean episode goals_total: 848.2084
--------------------------------------------------------------------------------
                         Iteration time: 11.52s
                           Time elapsed: 0:51:02
                                    ETA: 0:44:10

################################################################################
[1m                           Learning iteration 268/500                           [0m 

                               Run name: hierarchical_soccer_chase_hl
                            Total steps: 13221888 
                       Steps per second: 4275 
                        Collection time: 11.269s 
                          Learning time: 0.228s 
                        Mean value loss: 7.0190
                    Mean surrogate loss: -0.0033
                      Mean entropy loss: -2.8369
                            Mean reward: 94.89
                    Mean episode length: 225.86
                        Mean action std: 0.09
         Mean episode goal_per_1k_steps: 0.2869
         Mean episode mean_dist_to_ball: 1.1824
               Mean episode goals_total: 850.0000
--------------------------------------------------------------------------------
                         Iteration time: 11.50s
                           Time elapsed: 0:51:13
                                    ETA: 0:43:59

################################################################################
[1m                           Learning iteration 269/500                           [0m 

                               Run name: hierarchical_soccer_chase_hl
                            Total steps: 13271040 
                       Steps per second: 4278 
                        Collection time: 11.258s 
                          Learning time: 0.230s 
                        Mean value loss: 6.3026
                    Mean surrogate loss: -0.0031
                      Mean entropy loss: -2.8320
                            Mean reward: 97.03
                    Mean episode length: 225.50
                        Mean action std: 0.09
         Mean episode goal_per_1k_steps: 0.1180
         Mean episode mean_dist_to_ball: 1.2236
               Mean episode goals_total: 850.0417
--------------------------------------------------------------------------------
                         Iteration time: 11.49s
                           Time elapsed: 0:51:25
                                    ETA: 0:43:48

################################################################################
[1m                           Learning iteration 270/500                           [0m 

                               Run name: hierarchical_soccer_chase_hl
                            Total steps: 13320192 
                       Steps per second: 4276 
                        Collection time: 11.263s 
                          Learning time: 0.230s 
                        Mean value loss: 4.4538
                    Mean surrogate loss: -0.0009
                      Mean entropy loss: -2.8266
                            Mean reward: 96.82
                    Mean episode length: 230.41
                        Mean action std: 0.09
         Mean episode goal_per_1k_steps: 0.1770
         Mean episode mean_dist_to_ball: 1.2495
               Mean episode goals_total: 851.8334
--------------------------------------------------------------------------------
                         Iteration time: 11.49s
                           Time elapsed: 0:51:36
                                    ETA: 0:43:36

################################################################################
[1m                           Learning iteration 271/500                           [0m 

                               Run name: hierarchical_soccer_chase_hl
                            Total steps: 13369344 
                       Steps per second: 4285 
                        Collection time: 11.239s 
                          Learning time: 0.230s 
                        Mean value loss: 5.0484
                    Mean surrogate loss: -0.0026
                      Mean entropy loss: -2.8105
                            Mean reward: 95.77
                    Mean episode length: 233.73
                        Mean action std: 0.10
         Mean episode goal_per_1k_steps: 0.2340
         Mean episode mean_dist_to_ball: 1.2467
               Mean episode goals_total: 854.5834
--------------------------------------------------------------------------------
                         Iteration time: 11.47s
                           Time elapsed: 0:51:48
                                    ETA: 0:43:25

################################################################################
[1m                           Learning iteration 272/500                           [0m 

                               Run name: hierarchical_soccer_chase_hl
                            Total steps: 13418496 
                       Steps per second: 4273 
                        Collection time: 11.272s 
                          Learning time: 0.230s 
                        Mean value loss: 5.1052
                    Mean surrogate loss: -0.0022
                      Mean entropy loss: -2.8025
                            Mean reward: 91.52
                    Mean episode length: 224.51
                        Mean action std: 0.10
         Mean episode goal_per_1k_steps: 0.1729
         Mean episode mean_dist_to_ball: 1.2222
               Mean episode goals_total: 855.5417
--------------------------------------------------------------------------------
                         Iteration time: 11.50s
                           Time elapsed: 0:51:59
                                    ETA: 0:43:13

################################################################################
[1m                           Learning iteration 273/500                           [0m 

                               Run name: hierarchical_soccer_chase_hl
                            Total steps: 13467648 
                       Steps per second: 4280 
                        Collection time: 11.253s 
                          Learning time: 0.230s 
                        Mean value loss: 4.2197
                    Mean surrogate loss: -0.0024
                      Mean entropy loss: -2.8227
                            Mean reward: 89.42
                    Mean episode length: 227.93
                        Mean action std: 0.09
         Mean episode goal_per_1k_steps: 0.1038
         Mean episode mean_dist_to_ball: 1.1809
               Mean episode goals_total: 856.0000
--------------------------------------------------------------------------------
                         Iteration time: 11.48s
                           Time elapsed: 0:52:11
                                    ETA: 0:43:02

################################################################################
[1m                           Learning iteration 274/500                           [0m 

                               Run name: hierarchical_soccer_chase_hl
                            Total steps: 13516800 
                       Steps per second: 4273 
                        Collection time: 11.272s 
                          Learning time: 0.230s 
                        Mean value loss: 5.3225
                    Mean surrogate loss: -0.0022
                      Mean entropy loss: -2.8507
                            Mean reward: 94.85
                    Mean episode length: 229.12
                        Mean action std: 0.09
         Mean episode goal_per_1k_steps: 0.1872
         Mean episode mean_dist_to_ball: 1.1446
               Mean episode goals_total: 857.3750
--------------------------------------------------------------------------------
                         Iteration time: 11.50s
                           Time elapsed: 0:52:22
                                    ETA: 0:42:51

################################################################################
[1m                           Learning iteration 275/500                           [0m 

                               Run name: hierarchical_soccer_chase_hl
                            Total steps: 13565952 
                       Steps per second: 4285 
                        Collection time: 11.238s 
                          Learning time: 0.231s 
                        Mean value loss: 5.8489
                    Mean surrogate loss: -0.0031
                      Mean entropy loss: -2.8507
                            Mean reward: 95.03
                    Mean episode length: 227.68
                        Mean action std: 0.09
         Mean episode goal_per_1k_steps: 0.1058
         Mean episode mean_dist_to_ball: 1.1011
               Mean episode goals_total: 859.0000
--------------------------------------------------------------------------------
                         Iteration time: 11.47s
                           Time elapsed: 0:52:33
                                    ETA: 0:42:39

################################################################################
[1m                           Learning iteration 276/500                           [0m 

                               Run name: hierarchical_soccer_chase_hl
                            Total steps: 13615104 
                       Steps per second: 4278 
                        Collection time: 11.258s 
                          Learning time: 0.231s 
                        Mean value loss: 3.5780
                    Mean surrogate loss: -0.0033
                      Mean entropy loss: -2.8541
                            Mean reward: 94.57
                    Mean episode length: 226.99
                        Mean action std: 0.09
         Mean episode goal_per_1k_steps: 0.2075
         Mean episode mean_dist_to_ball: 1.1174
               Mean episode goals_total: 859.7917
--------------------------------------------------------------------------------
                         Iteration time: 11.49s
                           Time elapsed: 0:52:45
                                    ETA: 0:42:28

################################################################################
[1m                           Learning iteration 277/500                           [0m 

                               Run name: hierarchical_soccer_chase_hl
                            Total steps: 13664256 
                       Steps per second: 4281 
                        Collection time: 11.250s 
                          Learning time: 0.230s 
                        Mean value loss: 5.0268
                    Mean surrogate loss: -0.0016
                      Mean entropy loss: -2.8422
                            Mean reward: 91.64
                    Mean episode length: 225.90
                        Mean action std: 0.09
         Mean episode goal_per_1k_steps: 0.1119
         Mean episode mean_dist_to_ball: 1.1034
               Mean episode goals_total: 860.0000
--------------------------------------------------------------------------------
                         Iteration time: 11.48s
                           Time elapsed: 0:52:56
                                    ETA: 0:42:17

################################################################################
[1m                           Learning iteration 278/500                           [0m 

                               Run name: hierarchical_soccer_chase_hl
                            Total steps: 13713408 
                       Steps per second: 4285 
                        Collection time: 11.240s 
                          Learning time: 0.229s 
                        Mean value loss: 5.8173
                    Mean surrogate loss: -0.0030
                      Mean entropy loss: -2.8546
                            Mean reward: 97.01
                    Mean episode length: 227.43
                        Mean action std: 0.09
         Mean episode goal_per_1k_steps: 0.1811
         Mean episode mean_dist_to_ball: 1.0896
               Mean episode goals_total: 860.0000
--------------------------------------------------------------------------------
                         Iteration time: 11.47s
                           Time elapsed: 0:53:08
                                    ETA: 0:42:05

################################################################################
[1m                           Learning iteration 279/500                           [0m 

                               Run name: hierarchical_soccer_chase_hl
                            Total steps: 13762560 
                       Steps per second: 4282 
                        Collection time: 11.248s 
                          Learning time: 0.228s 
                        Mean value loss: 5.8125
                    Mean surrogate loss: -0.0031
                      Mean entropy loss: -2.8789
                            Mean reward: 94.23
                    Mean episode length: 221.03
                        Mean action std: 0.09
         Mean episode goal_per_1k_steps: 0.1526
         Mean episode mean_dist_to_ball: 1.1290
               Mean episode goals_total: 860.8750
--------------------------------------------------------------------------------
                         Iteration time: 11.48s
                           Time elapsed: 0:53:19
                                    ETA: 0:41:54

################################################################################
[1m                           Learning iteration 280/500                           [0m 

                               Run name: hierarchical_soccer_chase_hl
                            Total steps: 13811712 
                       Steps per second: 4282 
                        Collection time: 11.248s 
                          Learning time: 0.230s 
                        Mean value loss: 5.1593
                    Mean surrogate loss: -0.0033
                      Mean entropy loss: -2.8714
                            Mean reward: 95.41
                    Mean episode length: 223.38
                        Mean action std: 0.09
         Mean episode goal_per_1k_steps: 0.1912
         Mean episode mean_dist_to_ball: 1.1420
               Mean episode goals_total: 861.0000
--------------------------------------------------------------------------------
                         Iteration time: 11.48s
                           Time elapsed: 0:53:31
                                    ETA: 0:41:42

################################################################################
[1m                           Learning iteration 281/500                           [0m 

                               Run name: hierarchical_soccer_chase_hl
                            Total steps: 13860864 
                       Steps per second: 4274 
                        Collection time: 11.270s 
                          Learning time: 0.230s 
                        Mean value loss: 3.8183
                    Mean surrogate loss: -0.0013
                      Mean entropy loss: -2.8840
                            Mean reward: 100.21
                    Mean episode length: 236.21
                        Mean action std: 0.09
         Mean episode goal_per_1k_steps: 0.1607
         Mean episode mean_dist_to_ball: 1.1518
               Mean episode goals_total: 861.0000
--------------------------------------------------------------------------------
                         Iteration time: 11.50s
                           Time elapsed: 0:53:42
                                    ETA: 0:41:31

################################################################################
[1m                           Learning iteration 282/500                           [0m 

                               Run name: hierarchical_soccer_chase_hl
                            Total steps: 13910016 
                       Steps per second: 4285 
                        Collection time: 11.238s 
                          Learning time: 0.230s 
                        Mean value loss: 3.8535
                    Mean surrogate loss: -0.0024
                      Mean entropy loss: -2.8951
                            Mean reward: 99.93
                    Mean episode length: 224.89
                        Mean action std: 0.09
         Mean episode goal_per_1k_steps: 0.2625
         Mean episode mean_dist_to_ball: 1.1172
               Mean episode goals_total: 861.1250
--------------------------------------------------------------------------------
                         Iteration time: 11.47s
                           Time elapsed: 0:53:54
                                    ETA: 0:41:20

################################################################################
[1m                           Learning iteration 283/500                           [0m 

                               Run name: hierarchical_soccer_chase_hl
                            Total steps: 13959168 
                       Steps per second: 4284 
                        Collection time: 11.242s 
                          Learning time: 0.230s 
                        Mean value loss: 4.1254
                    Mean surrogate loss: -0.0023
                      Mean entropy loss: -2.9019
                            Mean reward: 98.31
                    Mean episode length: 227.68
                        Mean action std: 0.09
         Mean episode goal_per_1k_steps: 0.1953
         Mean episode mean_dist_to_ball: 1.0896
               Mean episode goals_total: 862.2917
--------------------------------------------------------------------------------
                         Iteration time: 11.47s
                           Time elapsed: 0:54:05
                                    ETA: 0:41:08

################################################################################
[1m                           Learning iteration 284/500                           [0m 

                               Run name: hierarchical_soccer_chase_hl
                            Total steps: 14008320 
                       Steps per second: 4294 
                        Collection time: 11.215s 
                          Learning time: 0.230s 
                        Mean value loss: 4.5995
                    Mean surrogate loss: -0.0024
                      Mean entropy loss: -2.8919
                            Mean reward: 96.61
                    Mean episode length: 227.17
                        Mean action std: 0.09
         Mean episode goal_per_1k_steps: 0.0875
         Mean episode mean_dist_to_ball: 1.0729
               Mean episode goals_total: 863.0834
--------------------------------------------------------------------------------
                         Iteration time: 11.44s
                           Time elapsed: 0:54:17
                                    ETA: 0:40:57

################################################################################
[1m                           Learning iteration 285/500                           [0m 

                               Run name: hierarchical_soccer_chase_hl
                            Total steps: 14057472 
                       Steps per second: 4293 
                        Collection time: 11.219s 
                          Learning time: 0.230s 
                        Mean value loss: 5.1917
                    Mean surrogate loss: -0.0028
                      Mean entropy loss: -2.8986
                            Mean reward: 94.21
                    Mean episode length: 227.59
                        Mean action std: 0.09
         Mean episode goal_per_1k_steps: 0.1994
         Mean episode mean_dist_to_ball: 1.0770
               Mean episode goals_total: 865.0000
--------------------------------------------------------------------------------
                         Iteration time: 11.45s
                           Time elapsed: 0:54:28
                                    ETA: 0:40:45

################################################################################
[1m                           Learning iteration 286/500                           [0m 

                               Run name: hierarchical_soccer_chase_hl
                            Total steps: 14106624 
                       Steps per second: 4303 
                        Collection time: 11.188s 
                          Learning time: 0.233s 
                        Mean value loss: 5.7209
                    Mean surrogate loss: -0.0024
                      Mean entropy loss: -2.8728
                            Mean reward: 90.70
                    Mean episode length: 217.88
                        Mean action std: 0.09
         Mean episode goal_per_1k_steps: 0.1282
         Mean episode mean_dist_to_ball: 1.0390
               Mean episode goals_total: 865.7917
--------------------------------------------------------------------------------
                         Iteration time: 11.42s
                           Time elapsed: 0:54:40
                                    ETA: 0:40:34

################################################################################
[1m                           Learning iteration 287/500                           [0m 

                               Run name: hierarchical_soccer_chase_hl
                            Total steps: 14155776 
                       Steps per second: 4301 
                        Collection time: 11.198s 
                          Learning time: 0.229s 
                        Mean value loss: 3.8872
                    Mean surrogate loss: -0.0029
                      Mean entropy loss: -2.8833
                            Mean reward: 102.79
                    Mean episode length: 232.59
                        Mean action std: 0.09
         Mean episode goal_per_1k_steps: 0.0895
         Mean episode mean_dist_to_ball: 1.0088
               Mean episode goals_total: 866.5417
--------------------------------------------------------------------------------
                         Iteration time: 11.43s
                           Time elapsed: 0:54:51
                                    ETA: 0:40:22

################################################################################
[1m                           Learning iteration 288/500                           [0m 

                               Run name: hierarchical_soccer_chase_hl
                            Total steps: 14204928 
                       Steps per second: 4284 
                        Collection time: 11.242s 
                          Learning time: 0.230s 
                        Mean value loss: 4.9039
                    Mean surrogate loss: -0.0046
                      Mean entropy loss: -2.8985
                            Mean reward: 92.29
                    Mean episode length: 223.50
                        Mean action std: 0.09
         Mean episode goal_per_1k_steps: 0.1689
         Mean episode mean_dist_to_ball: 1.0495
               Mean episode goals_total: 868.7084
--------------------------------------------------------------------------------
                         Iteration time: 11.47s
                           Time elapsed: 0:55:03
                                    ETA: 0:40:11

################################################################################
[1m                           Learning iteration 289/500                           [0m 

                               Run name: hierarchical_soccer_chase_hl
                            Total steps: 14254080 
                       Steps per second: 4294 
                        Collection time: 11.216s 
                          Learning time: 0.230s 
                        Mean value loss: 4.1048
                    Mean surrogate loss: -0.0018
                      Mean entropy loss: -2.8964
                            Mean reward: 97.88
                    Mean episode length: 233.45
                        Mean action std: 0.09
         Mean episode goal_per_1k_steps: 0.1383
         Mean episode mean_dist_to_ball: 1.0749
               Mean episode goals_total: 870.8750
--------------------------------------------------------------------------------
                         Iteration time: 11.45s
                           Time elapsed: 0:55:14
                                    ETA: 0:40:00

################################################################################
[1m                           Learning iteration 290/500                           [0m 

                               Run name: hierarchical_soccer_chase_hl
                            Total steps: 14303232 
                       Steps per second: 4289 
                        Collection time: 11.230s 
                          Learning time: 0.230s 
                        Mean value loss: 3.0435
                    Mean surrogate loss: -0.0019
                      Mean entropy loss: -2.9038
                            Mean reward: 101.13
                    Mean episode length: 234.85
                        Mean action std: 0.09
         Mean episode goal_per_1k_steps: 0.1668
         Mean episode mean_dist_to_ball: 1.0977
               Mean episode goals_total: 871.0000
--------------------------------------------------------------------------------
                         Iteration time: 11.46s
                           Time elapsed: 0:55:25
                                    ETA: 0:39:48

################################################################################
[1m                           Learning iteration 291/500                           [0m 

                               Run name: hierarchical_soccer_chase_hl
                            Total steps: 14352384 
                       Steps per second: 4280 
                        Collection time: 11.253s 
                          Learning time: 0.230s 
                        Mean value loss: 4.4718
                    Mean surrogate loss: -0.0030
                      Mean entropy loss: -2.9180
                            Mean reward: 99.98
                    Mean episode length: 231.30
                        Mean action std: 0.09
         Mean episode goal_per_1k_steps: 0.2482
         Mean episode mean_dist_to_ball: 1.1214
               Mean episode goals_total: 871.0000
--------------------------------------------------------------------------------
                         Iteration time: 11.48s
                           Time elapsed: 0:55:37
                                    ETA: 0:39:37

################################################################################
[1m                           Learning iteration 292/500                           [0m 

                               Run name: hierarchical_soccer_chase_hl
                            Total steps: 14401536 
                       Steps per second: 4281 
                        Collection time: 11.250s 
                          Learning time: 0.230s 
                        Mean value loss: 3.8011
                    Mean surrogate loss: -0.0027
                      Mean entropy loss: -2.9135
                            Mean reward: 92.47
                    Mean episode length: 221.17
                        Mean action std: 0.09
         Mean episode goal_per_1k_steps: 0.2665
         Mean episode mean_dist_to_ball: 1.1368
               Mean episode goals_total: 871.5000
--------------------------------------------------------------------------------
                         Iteration time: 11.48s
                           Time elapsed: 0:55:48
                                    ETA: 0:39:25

################################################################################
[1m                           Learning iteration 293/500                           [0m 

                               Run name: hierarchical_soccer_chase_hl
                            Total steps: 14450688 
                       Steps per second: 4280 
                        Collection time: 11.252s 
                          Learning time: 0.230s 
                        Mean value loss: 3.7920
                    Mean surrogate loss: -0.0020
                      Mean entropy loss: -2.8896
                            Mean reward: 98.59
                    Mean episode length: 231.37
                        Mean action std: 0.09
         Mean episode goal_per_1k_steps: 0.2726
         Mean episode mean_dist_to_ball: 1.0958
               Mean episode goals_total: 875.7084
--------------------------------------------------------------------------------
                         Iteration time: 11.48s
                           Time elapsed: 0:56:00
                                    ETA: 0:39:14

################################################################################
[1m                           Learning iteration 294/500                           [0m 

                               Run name: hierarchical_soccer_chase_hl
                            Total steps: 14499840 
                       Steps per second: 4293 
                        Collection time: 11.217s 
                          Learning time: 0.230s 
                        Mean value loss: 2.7876
                    Mean surrogate loss: -0.0025
                      Mean entropy loss: -2.9287
                            Mean reward: 99.10
                    Mean episode length: 232.30
                        Mean action std: 0.09
         Mean episode goal_per_1k_steps: 0.2502
         Mean episode mean_dist_to_ball: 1.0815
               Mean episode goals_total: 876.0417
--------------------------------------------------------------------------------
                         Iteration time: 11.45s
                           Time elapsed: 0:56:11
                                    ETA: 0:39:03

################################################################################
[1m                           Learning iteration 295/500                           [0m 

                               Run name: hierarchical_soccer_chase_hl
                            Total steps: 14548992 
                       Steps per second: 4289 
                        Collection time: 11.230s 
                          Learning time: 0.230s 
                        Mean value loss: 4.2012
                    Mean surrogate loss: -0.0013
                      Mean entropy loss: -2.9737
                            Mean reward: 101.32
                    Mean episode length: 237.05
                        Mean action std: 0.09
         Mean episode goal_per_1k_steps: 0.2645
         Mean episode mean_dist_to_ball: 1.0819
               Mean episode goals_total: 877.6250
--------------------------------------------------------------------------------
                         Iteration time: 11.46s
                           Time elapsed: 0:56:23
                                    ETA: 0:38:51

################################################################################
[1m                           Learning iteration 296/500                           [0m 

                               Run name: hierarchical_soccer_chase_hl
                            Total steps: 14598144 
                       Steps per second: 4297 
                        Collection time: 11.206s 
                          Learning time: 0.230s 
                        Mean value loss: 5.3133
                    Mean surrogate loss: -0.0034
                      Mean entropy loss: -3.0012
                            Mean reward: 96.48
                    Mean episode length: 221.03
                        Mean action std: 0.09
         Mean episode goal_per_1k_steps: 0.2401
         Mean episode mean_dist_to_ball: 1.0750
               Mean episode goals_total: 878.0000
--------------------------------------------------------------------------------
                         Iteration time: 11.44s
                           Time elapsed: 0:56:34
                                    ETA: 0:38:40

################################################################################
[1m                           Learning iteration 297/500                           [0m 

                               Run name: hierarchical_soccer_chase_hl
                            Total steps: 14647296 
                       Steps per second: 4282 
                        Collection time: 11.251s 
                          Learning time: 0.227s 
                        Mean value loss: 6.3943
                    Mean surrogate loss: -0.0035
                      Mean entropy loss: -3.0040
                            Mean reward: 96.71
                    Mean episode length: 226.62
                        Mean action std: 0.09
         Mean episode goal_per_1k_steps: 0.3072
         Mean episode mean_dist_to_ball: 1.0581
               Mean episode goals_total: 879.2084
--------------------------------------------------------------------------------
                         Iteration time: 11.48s
                           Time elapsed: 0:56:46
                                    ETA: 0:38:28

################################################################################
[1m                           Learning iteration 298/500                           [0m 

                               Run name: hierarchical_soccer_chase_hl
                            Total steps: 14696448 
                       Steps per second: 4278 
                        Collection time: 11.260s 
                          Learning time: 0.227s 
                        Mean value loss: 3.8370
                    Mean surrogate loss: -0.0018
                      Mean entropy loss: -3.0140
                            Mean reward: 98.72
                    Mean episode length: 229.22
                        Mean action std: 0.09
         Mean episode goal_per_1k_steps: 0.3845
         Mean episode mean_dist_to_ball: 1.0890
               Mean episode goals_total: 882.0000
--------------------------------------------------------------------------------
                         Iteration time: 11.49s
                           Time elapsed: 0:56:57
                                    ETA: 0:38:17

################################################################################
[1m                           Learning iteration 299/500                           [0m 

                               Run name: hierarchical_soccer_chase_hl
                            Total steps: 14745600 
                       Steps per second: 4282 
                        Collection time: 11.252s 
                          Learning time: 0.227s 
                        Mean value loss: 5.6729
                    Mean surrogate loss: -0.0029
                      Mean entropy loss: -2.9856
                            Mean reward: 98.51
                    Mean episode length: 228.46
                        Mean action std: 0.09
         Mean episode goal_per_1k_steps: 0.4150
         Mean episode mean_dist_to_ball: 1.1307
               Mean episode goals_total: 884.3334
--------------------------------------------------------------------------------
                         Iteration time: 11.48s
                           Time elapsed: 0:57:09
                                    ETA: 0:38:06

################################################################################
[1m                           Learning iteration 300/500                           [0m 

                               Run name: hierarchical_soccer_chase_hl
                            Total steps: 14794752 
                       Steps per second: 4283 
                        Collection time: 11.245s 
                          Learning time: 0.230s 
                        Mean value loss: 3.6373
                    Mean surrogate loss: -0.0028
                      Mean entropy loss: -3.0088
                            Mean reward: 100.74
                    Mean episode length: 228.84
                        Mean action std: 0.09
         Mean episode goal_per_1k_steps: 0.2808
         Mean episode mean_dist_to_ball: 1.1660
               Mean episode goals_total: 885.2084
--------------------------------------------------------------------------------
                         Iteration time: 11.48s
                           Time elapsed: 0:57:20
                                    ETA: 0:37:54

################################################################################
[1m                           Learning iteration 301/500                           [0m 

                               Run name: hierarchical_soccer_chase_hl
                            Total steps: 14843904 
                       Steps per second: 4278 
                        Collection time: 11.257s 
                          Learning time: 0.230s 
                        Mean value loss: 3.7527
                    Mean surrogate loss: -0.0025
                      Mean entropy loss: -3.0414
                            Mean reward: 101.54
                    Mean episode length: 227.98
                        Mean action std: 0.09
         Mean episode goal_per_1k_steps: 0.2096
         Mean episode mean_dist_to_ball: 1.1560
               Mean episode goals_total: 886.0000
--------------------------------------------------------------------------------
                         Iteration time: 11.49s
                           Time elapsed: 0:57:32
                                    ETA: 0:37:43

################################################################################
[1m                           Learning iteration 302/500                           [0m 

                               Run name: hierarchical_soccer_chase_hl
                            Total steps: 14893056 
                       Steps per second: 4264 
                        Collection time: 11.295s 
                          Learning time: 0.230s 
                        Mean value loss: 4.4373
                    Mean surrogate loss: -0.0026
                      Mean entropy loss: -3.0291
                            Mean reward: 94.91
                    Mean episode length: 221.25
                        Mean action std: 0.09
         Mean episode goal_per_1k_steps: 0.3377
         Mean episode mean_dist_to_ball: 1.1315
               Mean episode goals_total: 888.5834
--------------------------------------------------------------------------------
                         Iteration time: 11.52s
                           Time elapsed: 0:57:43
                                    ETA: 0:37:31

################################################################################
[1m                           Learning iteration 303/500                           [0m 

                               Run name: hierarchical_soccer_chase_hl
                            Total steps: 14942208 
                       Steps per second: 4284 
                        Collection time: 11.245s 
                          Learning time: 0.228s 
                        Mean value loss: 4.7901
                    Mean surrogate loss: -0.0029
                      Mean entropy loss: -3.0475
                            Mean reward: 93.46
                    Mean episode length: 218.55
                        Mean action std: 0.09
         Mean episode goal_per_1k_steps: 0.3215
         Mean episode mean_dist_to_ball: 1.0767
               Mean episode goals_total: 890.5834
--------------------------------------------------------------------------------
                         Iteration time: 11.47s
                           Time elapsed: 0:57:55
                                    ETA: 0:37:20

################################################################################
[1m                           Learning iteration 304/500                           [0m 

                               Run name: hierarchical_soccer_chase_hl
                            Total steps: 14991360 
                       Steps per second: 4280 
                        Collection time: 11.252s 
                          Learning time: 0.230s 
                        Mean value loss: 3.6115
                    Mean surrogate loss: -0.0025
                      Mean entropy loss: -3.0244
                            Mean reward: 97.45
                    Mean episode length: 238.51
                        Mean action std: 0.09
         Mean episode goal_per_1k_steps: 0.1831
         Mean episode mean_dist_to_ball: 1.0411
               Mean episode goals_total: 892.8750
--------------------------------------------------------------------------------
                         Iteration time: 11.48s
                           Time elapsed: 0:58:06
                                    ETA: 0:37:09

################################################################################
[1m                           Learning iteration 305/500                           [0m 

                               Run name: hierarchical_soccer_chase_hl
                            Total steps: 15040512 
                       Steps per second: 4288 
                        Collection time: 11.231s 
                          Learning time: 0.230s 
                        Mean value loss: 3.4898
                    Mean surrogate loss: -0.0027
                      Mean entropy loss: -3.0154
                            Mean reward: 98.56
                    Mean episode length: 228.21
                        Mean action std: 0.09
         Mean episode goal_per_1k_steps: 0.1383
         Mean episode mean_dist_to_ball: 1.0034
               Mean episode goals_total: 893.8334
--------------------------------------------------------------------------------
                         Iteration time: 11.46s
                           Time elapsed: 0:58:18
                                    ETA: 0:36:57

################################################################################
[1m                           Learning iteration 306/500                           [0m 

                               Run name: hierarchical_soccer_chase_hl
                            Total steps: 15089664 
                       Steps per second: 4288 
                        Collection time: 11.230s 
                          Learning time: 0.232s 
                        Mean value loss: 4.1361
                    Mean surrogate loss: -0.0017
                      Mean entropy loss: -3.0351
                            Mean reward: 97.86
                    Mean episode length: 234.25
                        Mean action std: 0.09
         Mean episode goal_per_1k_steps: 0.0793
         Mean episode mean_dist_to_ball: 0.9737
               Mean episode goals_total: 895.0000
--------------------------------------------------------------------------------
                         Iteration time: 11.46s
                           Time elapsed: 0:58:29
                                    ETA: 0:36:46

################################################################################
[1m                           Learning iteration 307/500                           [0m 

                               Run name: hierarchical_soccer_chase_hl
                            Total steps: 15138816 
                       Steps per second: 4287 
                        Collection time: 11.234s 
                          Learning time: 0.230s 
                        Mean value loss: 2.9297
                    Mean surrogate loss: -0.0013
                      Mean entropy loss: -3.0625
                            Mean reward: 97.10
                    Mean episode length: 233.62
                        Mean action std: 0.09
         Mean episode goal_per_1k_steps: 0.1953
         Mean episode mean_dist_to_ball: 0.9828
               Mean episode goals_total: 895.0000
--------------------------------------------------------------------------------
                         Iteration time: 11.46s
                           Time elapsed: 0:58:41
                                    ETA: 0:36:34

################################################################################
[1m                           Learning iteration 308/500                           [0m 

                               Run name: hierarchical_soccer_chase_hl
                            Total steps: 15187968 
                       Steps per second: 4274 
                        Collection time: 11.267s 
                          Learning time: 0.231s 
                        Mean value loss: 3.9494
                    Mean surrogate loss: -0.0025
                      Mean entropy loss: -3.0944
                            Mean reward: 97.69
                    Mean episode length: 233.35
                        Mean action std: 0.09
         Mean episode goal_per_1k_steps: 0.1892
         Mean episode mean_dist_to_ball: 0.9786
               Mean episode goals_total: 895.7084
--------------------------------------------------------------------------------
                         Iteration time: 11.50s
                           Time elapsed: 0:58:52
                                    ETA: 0:36:23

################################################################################
[1m                           Learning iteration 309/500                           [0m 

                               Run name: hierarchical_soccer_chase_hl
                            Total steps: 15237120 
                       Steps per second: 4289 
                        Collection time: 11.229s 
                          Learning time: 0.231s 
                        Mean value loss: 3.8175
                    Mean surrogate loss: -0.0025
                      Mean entropy loss: -3.0882
                            Mean reward: 103.08
                    Mean episode length: 230.09
                        Mean action std: 0.09
         Mean episode goal_per_1k_steps: 0.2441
         Mean episode mean_dist_to_ball: 0.9945
               Mean episode goals_total: 896.4584
--------------------------------------------------------------------------------
                         Iteration time: 11.46s
                           Time elapsed: 0:59:03
                                    ETA: 0:36:12

################################################################################
[1m                           Learning iteration 310/500                           [0m 

                               Run name: hierarchical_soccer_chase_hl
                            Total steps: 15286272 
                       Steps per second: 4291 
                        Collection time: 11.224s 
                          Learning time: 0.230s 
                        Mean value loss: 5.0613
                    Mean surrogate loss: -0.0034
                      Mean entropy loss: -3.1042
                            Mean reward: 97.45
                    Mean episode length: 222.06
                        Mean action std: 0.09
         Mean episode goal_per_1k_steps: 0.2584
         Mean episode mean_dist_to_ball: 1.0134
               Mean episode goals_total: 897.2084
--------------------------------------------------------------------------------
                         Iteration time: 11.45s
                           Time elapsed: 0:59:15
                                    ETA: 0:36:00

################################################################################
[1m                           Learning iteration 311/500                           [0m 

                               Run name: hierarchical_soccer_chase_hl
                            Total steps: 15335424 
                       Steps per second: 4292 
                        Collection time: 11.222s 
                          Learning time: 0.230s 
                        Mean value loss: 4.1572
                    Mean surrogate loss: -0.0006
                      Mean entropy loss: -3.0903
                            Mean reward: 99.70
                    Mean episode length: 229.78
                        Mean action std: 0.09
         Mean episode goal_per_1k_steps: 0.2848
         Mean episode mean_dist_to_ball: 1.0259
               Mean episode goals_total: 899.1667
--------------------------------------------------------------------------------
                         Iteration time: 11.45s
                           Time elapsed: 0:59:26
                                    ETA: 0:35:49

################################################################################
[1m                           Learning iteration 312/500                           [0m 

                               Run name: hierarchical_soccer_chase_hl
                            Total steps: 15384576 
                       Steps per second: 4284 
                        Collection time: 11.242s 
                          Learning time: 0.230s 
                        Mean value loss: 5.4224
                    Mean surrogate loss: -0.0008
                      Mean entropy loss: -3.1158
                            Mean reward: 97.67
                    Mean episode length: 225.12
                        Mean action std: 0.09
         Mean episode goal_per_1k_steps: 0.2299
         Mean episode mean_dist_to_ball: 1.0200
               Mean episode goals_total: 900.0000
--------------------------------------------------------------------------------
                         Iteration time: 11.47s
                           Time elapsed: 0:59:38
                                    ETA: 0:35:37

################################################################################
[1m                           Learning iteration 313/500                           [0m 

                               Run name: hierarchical_soccer_chase_hl
                            Total steps: 15433728 
                       Steps per second: 4296 
                        Collection time: 11.210s 
                          Learning time: 0.230s 
                        Mean value loss: 5.6328
                    Mean surrogate loss: -0.0028
                      Mean entropy loss: -3.1249
                            Mean reward: 100.31
                    Mean episode length: 231.06
                        Mean action std: 0.09
         Mean episode goal_per_1k_steps: 0.2116
         Mean episode mean_dist_to_ball: 0.9929
               Mean episode goals_total: 900.2917
--------------------------------------------------------------------------------
                         Iteration time: 11.44s
                           Time elapsed: 0:59:49
                                    ETA: 0:35:26

################################################################################
[1m                           Learning iteration 314/500                           [0m 

                               Run name: hierarchical_soccer_chase_hl
                            Total steps: 15482880 
                       Steps per second: 4293 
                        Collection time: 11.222s 
                          Learning time: 0.227s 
                        Mean value loss: 7.1903
                    Mean surrogate loss: -0.0028
                      Mean entropy loss: -3.1055
                            Mean reward: 99.48
                    Mean episode length: 221.67
                        Mean action std: 0.09
         Mean episode goal_per_1k_steps: 0.3764
         Mean episode mean_dist_to_ball: 0.9808
               Mean episode goals_total: 901.9584
--------------------------------------------------------------------------------
                         Iteration time: 11.45s
                           Time elapsed: 1:00:01
                                    ETA: 0:35:15

################################################################################
[1m                           Learning iteration 315/500                           [0m 

                               Run name: hierarchical_soccer_chase_hl
                            Total steps: 15532032 
                       Steps per second: 4300 
                        Collection time: 11.200s 
                          Learning time: 0.230s 
                        Mean value loss: 4.6626
                    Mean surrogate loss: -0.0019
                      Mean entropy loss: -3.1140
                            Mean reward: 100.03
                    Mean episode length: 228.41
                        Mean action std: 0.09
         Mean episode goal_per_1k_steps: 0.3621
         Mean episode mean_dist_to_ball: 1.0107
               Mean episode goals_total: 905.4584
--------------------------------------------------------------------------------
                         Iteration time: 11.43s
                           Time elapsed: 1:00:12
                                    ETA: 0:35:03

################################################################################
[1m                           Learning iteration 316/500                           [0m 

                               Run name: hierarchical_soccer_chase_hl
                            Total steps: 15581184 
                       Steps per second: 4286 
                        Collection time: 11.237s 
                          Learning time: 0.230s 
                        Mean value loss: 5.5098
                    Mean surrogate loss: -0.0032
                      Mean entropy loss: -3.1347
                            Mean reward: 95.00
                    Mean episode length: 222.77
                        Mean action std: 0.09
         Mean episode goal_per_1k_steps: 0.3784
         Mean episode mean_dist_to_ball: 1.0466
               Mean episode goals_total: 907.7500
--------------------------------------------------------------------------------
                         Iteration time: 11.47s
                           Time elapsed: 1:00:24
                                    ETA: 0:34:52

################################################################################
[1m                           Learning iteration 317/500                           [0m 

                               Run name: hierarchical_soccer_chase_hl
                            Total steps: 15630336 
                       Steps per second: 4294 
                        Collection time: 11.218s 
                          Learning time: 0.227s 
                        Mean value loss: 6.1876
                    Mean surrogate loss: -0.0011
                      Mean entropy loss: -3.1651
                            Mean reward: 101.32
                    Mean episode length: 231.11
                        Mean action std: 0.08
         Mean episode goal_per_1k_steps: 0.2096
         Mean episode mean_dist_to_ball: 1.0489
               Mean episode goals_total: 910.8750
--------------------------------------------------------------------------------
                         Iteration time: 11.45s
                           Time elapsed: 1:00:35
                                    ETA: 0:34:40

################################################################################
[1m                           Learning iteration 318/500                           [0m 

                               Run name: hierarchical_soccer_chase_hl
                            Total steps: 15679488 
                       Steps per second: 4298 
                        Collection time: 11.207s 
                          Learning time: 0.227s 
                        Mean value loss: 7.9369
                    Mean surrogate loss: -0.0030
                      Mean entropy loss: -3.1801
                            Mean reward: 96.67
                    Mean episode length: 224.04
                        Mean action std: 0.08
         Mean episode goal_per_1k_steps: 0.2604
         Mean episode mean_dist_to_ball: 1.1133
               Mean episode goals_total: 914.7084
--------------------------------------------------------------------------------
                         Iteration time: 11.43s
                           Time elapsed: 1:00:47
                                    ETA: 0:34:29

################################################################################
[1m                           Learning iteration 319/500                           [0m 

                               Run name: hierarchical_soccer_chase_hl
                            Total steps: 15728640 
                       Steps per second: 4284 
                        Collection time: 11.243s 
                          Learning time: 0.230s 
                        Mean value loss: 6.9200
                    Mean surrogate loss: -0.0029
                      Mean entropy loss: -3.1778
                            Mean reward: 97.06
                    Mean episode length: 229.85
                        Mean action std: 0.08
         Mean episode goal_per_1k_steps: 0.2502
         Mean episode mean_dist_to_ball: 1.1649
               Mean episode goals_total: 915.4584
--------------------------------------------------------------------------------
                         Iteration time: 11.47s
                           Time elapsed: 1:00:58
                                    ETA: 0:34:17

################################################################################
[1m                           Learning iteration 320/500                           [0m 

                               Run name: hierarchical_soccer_chase_hl
                            Total steps: 15777792 
                       Steps per second: 4291 
                        Collection time: 11.225s 
                          Learning time: 0.230s 
                        Mean value loss: 5.3731
                    Mean surrogate loss: -0.0022
                      Mean entropy loss: -3.1697
                            Mean reward: 96.83
                    Mean episode length: 235.38
                        Mean action std: 0.08
         Mean episode goal_per_1k_steps: 0.2645
         Mean episode mean_dist_to_ball: 1.2060
               Mean episode goals_total: 917.0417
--------------------------------------------------------------------------------
                         Iteration time: 11.45s
                           Time elapsed: 1:01:09
                                    ETA: 0:34:06

################################################################################
[1m                           Learning iteration 321/500                           [0m 

                               Run name: hierarchical_soccer_chase_hl
                            Total steps: 15826944 
                       Steps per second: 4281 
                        Collection time: 11.250s 
                          Learning time: 0.229s 
                        Mean value loss: 6.3934
                    Mean surrogate loss: -0.0022
                      Mean entropy loss: -3.1691
                            Mean reward: 101.72
                    Mean episode length: 227.64
                        Mean action std: 0.09
         Mean episode goal_per_1k_steps: 0.3215
         Mean episode mean_dist_to_ball: 1.2244
               Mean episode goals_total: 919.3750
--------------------------------------------------------------------------------
                         Iteration time: 11.48s
                           Time elapsed: 1:01:21
                                    ETA: 0:33:55

################################################################################
[1m                           Learning iteration 322/500                           [0m 

                               Run name: hierarchical_soccer_chase_hl
                            Total steps: 15876096 
                       Steps per second: 4291 
                        Collection time: 11.222s 
                          Learning time: 0.230s 
                        Mean value loss: 9.5055
                    Mean surrogate loss: -0.0037
                      Mean entropy loss: -3.1403
                            Mean reward: 85.58
                    Mean episode length: 206.43
                        Mean action std: 0.09
         Mean episode goal_per_1k_steps: 0.3133
         Mean episode mean_dist_to_ball: 1.2746
               Mean episode goals_total: 920.2500
--------------------------------------------------------------------------------
                         Iteration time: 11.45s
                           Time elapsed: 1:01:32
                                    ETA: 0:33:43

################################################################################
[1m                           Learning iteration 323/500                           [0m 

                               Run name: hierarchical_soccer_chase_hl
                            Total steps: 15925248 
                       Steps per second: 4290 
                        Collection time: 11.227s 
                          Learning time: 0.230s 
                        Mean value loss: 7.8182
                    Mean surrogate loss: -0.0035
                      Mean entropy loss: -3.1575
                            Mean reward: 94.23
                    Mean episode length: 219.12
                        Mean action std: 0.09
         Mean episode goal_per_1k_steps: 0.3805
         Mean episode mean_dist_to_ball: 1.2309
               Mean episode goals_total: 925.5417
--------------------------------------------------------------------------------
                         Iteration time: 11.46s
                           Time elapsed: 1:01:44
                                    ETA: 0:33:32

################################################################################
[1m                           Learning iteration 324/500                           [0m 

                               Run name: hierarchical_soccer_chase_hl
                            Total steps: 15974400 
                       Steps per second: 4298 
                        Collection time: 11.203s 
                          Learning time: 0.230s 
                        Mean value loss: 7.0335
                    Mean surrogate loss: -0.0012
                      Mean entropy loss: -3.1496
                            Mean reward: 91.74
                    Mean episode length: 209.54
                        Mean action std: 0.09
         Mean episode goal_per_1k_steps: 0.2421
         Mean episode mean_dist_to_ball: 1.2535
               Mean episode goals_total: 929.3334
--------------------------------------------------------------------------------
                         Iteration time: 11.43s
                           Time elapsed: 1:01:55
                                    ETA: 0:33:20

################################################################################
[1m                           Learning iteration 325/500                           [0m 

                               Run name: hierarchical_soccer_chase_hl
                            Total steps: 16023552 
                       Steps per second: 4294 
                        Collection time: 11.215s 
                          Learning time: 0.230s 
                        Mean value loss: 7.8239
                    Mean surrogate loss: -0.0031
                      Mean entropy loss: -3.1522
                            Mean reward: 86.04
                    Mean episode length: 210.60
                        Mean action std: 0.09
         Mean episode goal_per_1k_steps: 0.4517
         Mean episode mean_dist_to_ball: 1.2342
               Mean episode goals_total: 933.8334
--------------------------------------------------------------------------------
                         Iteration time: 11.44s
                           Time elapsed: 1:02:07
                                    ETA: 0:33:09

################################################################################
[1m                           Learning iteration 326/500                           [0m 

                               Run name: hierarchical_soccer_chase_hl
                            Total steps: 16072704 
                       Steps per second: 4292 
                        Collection time: 11.219s 
                          Learning time: 0.230s 
                        Mean value loss: 7.0258
                    Mean surrogate loss: -0.0005
                      Mean entropy loss: -3.1208
                            Mean reward: 92.78
                    Mean episode length: 221.42
                        Mean action std: 0.09
         Mean episode goal_per_1k_steps: 0.3805
         Mean episode mean_dist_to_ball: 1.1883
               Mean episode goals_total: 936.1667
--------------------------------------------------------------------------------
                         Iteration time: 11.45s
                           Time elapsed: 1:02:18
                                    ETA: 0:32:57

################################################################################
[1m                           Learning iteration 327/500                           [0m 

                               Run name: hierarchical_soccer_chase_hl
                            Total steps: 16121856 
                       Steps per second: 4284 
                        Collection time: 11.242s 
                          Learning time: 0.230s 
                        Mean value loss: 8.2921
                    Mean surrogate loss: -0.0045
                      Mean entropy loss: -3.0960
                            Mean reward: 92.00
                    Mean episode length: 217.29
                        Mean action std: 0.09
         Mean episode goal_per_1k_steps: 0.3703
         Mean episode mean_dist_to_ball: 1.1391
               Mean episode goals_total: 937.1250
--------------------------------------------------------------------------------
                         Iteration time: 11.47s
                           Time elapsed: 1:02:30
                                    ETA: 0:32:46

################################################################################
[1m                           Learning iteration 328/500                           [0m 

                               Run name: hierarchical_soccer_chase_hl
                            Total steps: 16171008 
                       Steps per second: 4293 
                        Collection time: 11.218s 
                          Learning time: 0.230s 
                        Mean value loss: 7.7527
                    Mean surrogate loss: -0.0027
                      Mean entropy loss: -3.0815
                            Mean reward: 95.04
                    Mean episode length: 224.80
                        Mean action std: 0.09
         Mean episode goal_per_1k_steps: 0.3703
         Mean episode mean_dist_to_ball: 1.1368
               Mean episode goals_total: 939.2917
--------------------------------------------------------------------------------
                         Iteration time: 11.45s
                           Time elapsed: 1:02:41
                                    ETA: 0:32:35

################################################################################
[1m                           Learning iteration 329/500                           [0m 

                               Run name: hierarchical_soccer_chase_hl
                            Total steps: 16220160 
                       Steps per second: 4285 
                        Collection time: 11.241s 
                          Learning time: 0.227s 
                        Mean value loss: 8.3043
                    Mean surrogate loss: -0.0034
                      Mean entropy loss: -3.1094
                            Mean reward: 92.55
                    Mean episode length: 222.09
                        Mean action std: 0.09
         Mean episode goal_per_1k_steps: 0.3947
         Mean episode mean_dist_to_ball: 1.1785
               Mean episode goals_total: 941.8750
--------------------------------------------------------------------------------
                         Iteration time: 11.47s
                           Time elapsed: 1:02:53
                                    ETA: 0:32:23

################################################################################
[1m                           Learning iteration 330/500                           [0m 

                               Run name: hierarchical_soccer_chase_hl
                            Total steps: 16269312 
                       Steps per second: 4287 
                        Collection time: 11.233s 
                          Learning time: 0.231s 
                        Mean value loss: 8.3087
                    Mean surrogate loss: -0.0022
                      Mean entropy loss: -3.0995
                            Mean reward: 96.81
                    Mean episode length: 219.50
                        Mean action std: 0.09
         Mean episode goal_per_1k_steps: 0.4781
         Mean episode mean_dist_to_ball: 1.1933
               Mean episode goals_total: 942.0000
--------------------------------------------------------------------------------
                         Iteration time: 11.46s
                           Time elapsed: 1:03:04
                                    ETA: 0:32:12

################################################################################
[1m                           Learning iteration 331/500                           [0m 

                               Run name: hierarchical_soccer_chase_hl
                            Total steps: 16318464 
                       Steps per second: 4297 
                        Collection time: 11.208s 
                          Learning time: 0.230s 
                        Mean value loss: 6.8782
                    Mean surrogate loss: -0.0029
                      Mean entropy loss: -3.1129
                            Mean reward: 90.23
                    Mean episode length: 212.47
                        Mean action std: 0.09
         Mean episode goal_per_1k_steps: 0.5595
         Mean episode mean_dist_to_ball: 1.1797
               Mean episode goals_total: 943.1667
--------------------------------------------------------------------------------
                         Iteration time: 11.44s
                           Time elapsed: 1:03:15
                                    ETA: 0:32:00

################################################################################
[1m                           Learning iteration 332/500                           [0m 

                               Run name: hierarchical_soccer_chase_hl
                            Total steps: 16367616 
                       Steps per second: 4290 
                        Collection time: 11.227s 
                          Learning time: 0.230s 
                        Mean value loss: 7.4494
                    Mean surrogate loss: -0.0031
                      Mean entropy loss: -3.1445
                            Mean reward: 94.32
                    Mean episode length: 219.79
                        Mean action std: 0.08
         Mean episode goal_per_1k_steps: 0.3764
         Mean episode mean_dist_to_ball: 1.1534
               Mean episode goals_total: 944.5417
--------------------------------------------------------------------------------
                         Iteration time: 11.46s
                           Time elapsed: 1:03:27
                                    ETA: 0:31:49

################################################################################
[1m                           Learning iteration 333/500                           [0m 

                               Run name: hierarchical_soccer_chase_hl
                            Total steps: 16416768 
                       Steps per second: 4293 
                        Collection time: 11.217s 
                          Learning time: 0.230s 
                        Mean value loss: 7.2667
                    Mean surrogate loss: -0.0038
                      Mean entropy loss: -3.1668
                            Mean reward: 96.79
                    Mean episode length: 224.85
                        Mean action std: 0.08
         Mean episode goal_per_1k_steps: 0.4476
         Mean episode mean_dist_to_ball: 1.1733
               Mean episode goals_total: 946.1667
--------------------------------------------------------------------------------
                         Iteration time: 11.45s
                           Time elapsed: 1:03:38
                                    ETA: 0:31:37

################################################################################
[1m                           Learning iteration 334/500                           [0m 

                               Run name: hierarchical_soccer_chase_hl
                            Total steps: 16465920 
                       Steps per second: 4291 
                        Collection time: 11.225s 
                          Learning time: 0.229s 
                        Mean value loss: 6.1115
                    Mean surrogate loss: -0.0013
                      Mean entropy loss: -3.1766
                            Mean reward: 96.38
                    Mean episode length: 228.03
                        Mean action std: 0.08
         Mean episode goal_per_1k_steps: 0.4964
         Mean episode mean_dist_to_ball: 1.1952
               Mean episode goals_total: 953.5417
--------------------------------------------------------------------------------
                         Iteration time: 11.45s
                           Time elapsed: 1:03:50
                                    ETA: 0:31:26

################################################################################
[1m                           Learning iteration 335/500                           [0m 

                               Run name: hierarchical_soccer_chase_hl
                            Total steps: 16515072 
                       Steps per second: 4293 
                        Collection time: 11.218s 
                          Learning time: 0.229s 
                        Mean value loss: 7.3694
                    Mean surrogate loss: -0.0026
                      Mean entropy loss: -3.1862
                            Mean reward: 96.77
                    Mean episode length: 211.24
                        Mean action std: 0.08
         Mean episode goal_per_1k_steps: 0.4598
         Mean episode mean_dist_to_ball: 1.2244
               Mean episode goals_total: 958.6250
--------------------------------------------------------------------------------
                         Iteration time: 11.45s
                           Time elapsed: 1:04:01
                                    ETA: 0:31:15

################################################################################
[1m                           Learning iteration 336/500                           [0m 

                               Run name: hierarchical_soccer_chase_hl
                            Total steps: 16564224 
                       Steps per second: 4296 
                        Collection time: 11.210s 
                          Learning time: 0.230s 
                        Mean value loss: 6.5945
                    Mean surrogate loss: -0.0037
                      Mean entropy loss: -3.1469
                            Mean reward: 87.81
                    Mean episode length: 211.78
                        Mean action std: 0.09
         Mean episode goal_per_1k_steps: 0.5961
         Mean episode mean_dist_to_ball: 1.2791
               Mean episode goals_total: 961.7917
--------------------------------------------------------------------------------
                         Iteration time: 11.44s
                           Time elapsed: 1:04:13
                                    ETA: 0:31:03

################################################################################
[1m                           Learning iteration 337/500                           [0m 

                               Run name: hierarchical_soccer_chase_hl
                            Total steps: 16613376 
                       Steps per second: 4294 
                        Collection time: 11.217s 
                          Learning time: 0.229s 
                        Mean value loss: 6.6400
                    Mean surrogate loss: -0.0029
                      Mean entropy loss: -3.1275
                            Mean reward: 94.36
                    Mean episode length: 219.12
                        Mean action std: 0.09
         Mean episode goal_per_1k_steps: 0.4049
         Mean episode mean_dist_to_ball: 1.2055
               Mean episode goals_total: 964.4584
--------------------------------------------------------------------------------
                         Iteration time: 11.45s
                           Time elapsed: 1:04:24
                                    ETA: 0:30:52

################################################################################
[1m                           Learning iteration 338/500                           [0m 

                               Run name: hierarchical_soccer_chase_hl
                            Total steps: 16662528 
                       Steps per second: 4293 
                        Collection time: 11.218s 
                          Learning time: 0.230s 
                        Mean value loss: 6.2217
                    Mean surrogate loss: -0.0014
                      Mean entropy loss: -3.1126
                            Mean reward: 100.30
                    Mean episode length: 231.81
                        Mean action std: 0.09
         Mean episode goal_per_1k_steps: 0.5615
         Mean episode mean_dist_to_ball: 1.1722
               Mean episode goals_total: 968.8334
--------------------------------------------------------------------------------
                         Iteration time: 11.45s
                           Time elapsed: 1:04:36
                                    ETA: 0:30:40

################################################################################
[1m                           Learning iteration 339/500                           [0m 

                               Run name: hierarchical_soccer_chase_hl
                            Total steps: 16711680 
                       Steps per second: 4286 
                        Collection time: 11.237s 
                          Learning time: 0.230s 
                        Mean value loss: 7.3626
                    Mean surrogate loss: -0.0037
                      Mean entropy loss: -3.1050
                            Mean reward: 98.19
                    Mean episode length: 216.74
                        Mean action std: 0.09
         Mean episode goal_per_1k_steps: 0.4272
         Mean episode mean_dist_to_ball: 1.2185
               Mean episode goals_total: 971.8750
--------------------------------------------------------------------------------
                         Iteration time: 11.47s
                           Time elapsed: 1:04:47
                                    ETA: 0:30:29

################################################################################
[1m                           Learning iteration 340/500                           [0m 

                               Run name: hierarchical_soccer_chase_hl
                            Total steps: 16760832 
                       Steps per second: 4281 
                        Collection time: 11.249s 
                          Learning time: 0.231s 
                        Mean value loss: 7.0746
                    Mean surrogate loss: -0.0034
                      Mean entropy loss: -3.0987
                            Mean reward: 93.43
                    Mean episode length: 221.01
                        Mean action std: 0.09
         Mean episode goal_per_1k_steps: 0.4618
         Mean episode mean_dist_to_ball: 1.2335
               Mean episode goals_total: 972.2084
--------------------------------------------------------------------------------
                         Iteration time: 11.48s
                           Time elapsed: 1:04:59
                                    ETA: 0:30:18

################################################################################
[1m                           Learning iteration 341/500                           [0m 

                               Run name: hierarchical_soccer_chase_hl
                            Total steps: 16809984 
                       Steps per second: 4279 
                        Collection time: 11.255s 
                          Learning time: 0.230s 
                        Mean value loss: 7.2355
                    Mean surrogate loss: -0.0025
                      Mean entropy loss: -3.1351
                            Mean reward: 95.47
                    Mean episode length: 212.44
                        Mean action std: 0.09
         Mean episode goal_per_1k_steps: 0.3845
         Mean episode mean_dist_to_ball: 1.2566
               Mean episode goals_total: 973.0000
--------------------------------------------------------------------------------
                         Iteration time: 11.48s
                           Time elapsed: 1:05:10
                                    ETA: 0:30:06

################################################################################
[1m                           Learning iteration 342/500                           [0m 

                               Run name: hierarchical_soccer_chase_hl
                            Total steps: 16859136 
                       Steps per second: 4285 
                        Collection time: 11.240s 
                          Learning time: 0.230s 
                        Mean value loss: 8.2307
                    Mean surrogate loss: -0.0026
                      Mean entropy loss: -3.1382
                            Mean reward: 89.40
                    Mean episode length: 204.27
                        Mean action std: 0.09
         Mean episode goal_per_1k_steps: 0.5676
         Mean episode mean_dist_to_ball: 1.2670
               Mean episode goals_total: 976.2500
--------------------------------------------------------------------------------
                         Iteration time: 11.47s
                           Time elapsed: 1:05:21
                                    ETA: 0:29:55

################################################################################
[1m                           Learning iteration 343/500                           [0m 

                               Run name: hierarchical_soccer_chase_hl
                            Total steps: 16908288 
                       Steps per second: 4269 
                        Collection time: 11.282s 
                          Learning time: 0.230s 
                        Mean value loss: 8.6202
                    Mean surrogate loss: -0.0029
                      Mean entropy loss: -3.1474
                            Mean reward: 91.06
                    Mean episode length: 209.69
                        Mean action std: 0.08
         Mean episode goal_per_1k_steps: 0.6897
         Mean episode mean_dist_to_ball: 1.2549
               Mean episode goals_total: 982.1250
--------------------------------------------------------------------------------
                         Iteration time: 11.51s
                           Time elapsed: 1:05:33
                                    ETA: 0:29:43

################################################################################
[1m                           Learning iteration 344/500                           [0m 

                               Run name: hierarchical_soccer_chase_hl
                            Total steps: 16957440 
                       Steps per second: 4284 
                        Collection time: 11.242s 
                          Learning time: 0.229s 
                        Mean value loss: 7.4512
                    Mean surrogate loss: -0.0020
                      Mean entropy loss: -3.1695
                            Mean reward: 96.81
                    Mean episode length: 225.79
                        Mean action std: 0.08
         Mean episode goal_per_1k_steps: 0.4028
         Mean episode mean_dist_to_ball: 1.2520
               Mean episode goals_total: 984.9167
--------------------------------------------------------------------------------
                         Iteration time: 11.47s
                           Time elapsed: 1:05:44
                                    ETA: 0:29:32

################################################################################
[1m                           Learning iteration 345/500                           [0m 

                               Run name: hierarchical_soccer_chase_hl
                            Total steps: 17006592 
                       Steps per second: 4284 
                        Collection time: 11.242s 
                          Learning time: 0.230s 
                        Mean value loss: 5.1301
                    Mean surrogate loss: -0.0034
                      Mean entropy loss: -3.1848
                            Mean reward: 95.53
                    Mean episode length: 225.98
                        Mean action std: 0.08
         Mean episode goal_per_1k_steps: 0.3052
         Mean episode mean_dist_to_ball: 1.2460
               Mean episode goals_total: 986.8334
--------------------------------------------------------------------------------
                         Iteration time: 11.47s
                           Time elapsed: 1:05:56
                                    ETA: 0:29:20

################################################################################
[1m                           Learning iteration 346/500                           [0m 

                               Run name: hierarchical_soccer_chase_hl
                            Total steps: 17055744 
                       Steps per second: 4278 
                        Collection time: 11.260s 
                          Learning time: 0.229s 
                        Mean value loss: 7.2700
                    Mean surrogate loss: -0.0035
                      Mean entropy loss: -3.1733
                            Mean reward: 90.86
                    Mean episode length: 207.94
                        Mean action std: 0.09
         Mean episode goal_per_1k_steps: 0.5208
         Mean episode mean_dist_to_ball: 1.2185
               Mean episode goals_total: 989.9584
--------------------------------------------------------------------------------
                         Iteration time: 11.49s
                           Time elapsed: 1:06:07
                                    ETA: 0:29:09

################################################################################
[1m                           Learning iteration 347/500                           [0m 

                               Run name: hierarchical_soccer_chase_hl
                            Total steps: 17104896 
                       Steps per second: 4288 
                        Collection time: 11.233s 
                          Learning time: 0.230s 
                        Mean value loss: 7.4806
                    Mean surrogate loss: -0.0022
                      Mean entropy loss: -3.1676
                            Mean reward: 92.46
                    Mean episode length: 220.39
                        Mean action std: 0.08
         Mean episode goal_per_1k_steps: 0.4476
         Mean episode mean_dist_to_ball: 1.1687
               Mean episode goals_total: 992.0834
--------------------------------------------------------------------------------
                         Iteration time: 11.46s
                           Time elapsed: 1:06:19
                                    ETA: 0:28:58

################################################################################
[1m                           Learning iteration 348/500                           [0m 

                               Run name: hierarchical_soccer_chase_hl
                            Total steps: 17154048 
                       Steps per second: 4287 
                        Collection time: 11.235s 
                          Learning time: 0.230s 
                        Mean value loss: 10.2508
                    Mean surrogate loss: -0.0031
                      Mean entropy loss: -3.1615
                            Mean reward: 86.22
                    Mean episode length: 213.65
                        Mean action std: 0.09
         Mean episode goal_per_1k_steps: 0.3418
         Mean episode mean_dist_to_ball: 1.1345
               Mean episode goals_total: 994.0000
--------------------------------------------------------------------------------
                         Iteration time: 11.46s
                           Time elapsed: 1:06:30
                                    ETA: 0:28:46

################################################################################
[1m                           Learning iteration 349/500                           [0m 

                               Run name: hierarchical_soccer_chase_hl
                            Total steps: 17203200 
                       Steps per second: 4262 
                        Collection time: 11.300s 
                          Learning time: 0.230s 
                        Mean value loss: 7.5205
                    Mean surrogate loss: -0.0032
                      Mean entropy loss: -3.1535
                            Mean reward: 88.72
                    Mean episode length: 214.73
                        Mean action std: 0.09
         Mean episode goal_per_1k_steps: 0.2523
         Mean episode mean_dist_to_ball: 1.1200
               Mean episode goals_total: 995.8750
--------------------------------------------------------------------------------
                         Iteration time: 11.53s
                           Time elapsed: 1:06:42
                                    ETA: 0:28:35

################################################################################
[1m                           Learning iteration 350/500                           [0m 

                               Run name: hierarchical_soccer_chase_hl
                            Total steps: 17252352 
                       Steps per second: 4273 
                        Collection time: 11.272s 
                          Learning time: 0.230s 
                        Mean value loss: 5.2185
                    Mean surrogate loss: -0.0029
                      Mean entropy loss: -3.1446
                            Mean reward: 100.03
                    Mean episode length: 221.62
                        Mean action std: 0.09
         Mean episode goal_per_1k_steps: 0.2991
         Mean episode mean_dist_to_ball: 1.1480
               Mean episode goals_total: 996.2084
--------------------------------------------------------------------------------
                         Iteration time: 11.50s
                           Time elapsed: 1:06:53
                                    ETA: 0:28:23

################################################################################
[1m                           Learning iteration 351/500                           [0m 

                               Run name: hierarchical_soccer_chase_hl
                            Total steps: 17301504 
                       Steps per second: 4270 
                        Collection time: 11.279s 
                          Learning time: 0.230s 
                        Mean value loss: 7.3129
                    Mean surrogate loss: -0.0025
                      Mean entropy loss: -3.1809
                            Mean reward: 92.42
                    Mean episode length: 215.87
                        Mean action std: 0.08
         Mean episode goal_per_1k_steps: 0.3337
         Mean episode mean_dist_to_ball: 1.1543
               Mean episode goals_total: 998.9584
--------------------------------------------------------------------------------
                         Iteration time: 11.51s
                           Time elapsed: 1:07:05
                                    ETA: 0:28:12

################################################################################
[1m                           Learning iteration 352/500                           [0m 

                               Run name: hierarchical_soccer_chase_hl
                            Total steps: 17350656 
                       Steps per second: 4279 
                        Collection time: 11.257s 
                          Learning time: 0.230s 
                        Mean value loss: 6.0819
                    Mean surrogate loss: -0.0029
                      Mean entropy loss: -3.1780
                            Mean reward: 94.10
                    Mean episode length: 223.15
                        Mean action std: 0.08
         Mean episode goal_per_1k_steps: 0.2604
         Mean episode mean_dist_to_ball: 1.1330
               Mean episode goals_total: 1000.5417
--------------------------------------------------------------------------------
                         Iteration time: 11.49s
                           Time elapsed: 1:07:16
                                    ETA: 0:28:01

################################################################################
[1m                           Learning iteration 353/500                           [0m 

                               Run name: hierarchical_soccer_chase_hl
                            Total steps: 17399808 
                       Steps per second: 4288 
                        Collection time: 11.234s 
                          Learning time: 0.229s 
                        Mean value loss: 4.3341
                    Mean surrogate loss: -0.0033
                      Mean entropy loss: -3.1831
                            Mean reward: 96.31
                    Mean episode length: 223.28
                        Mean action std: 0.08
         Mean episode goal_per_1k_steps: 0.3845
         Mean episode mean_dist_to_ball: 1.1259
               Mean episode goals_total: 1002.2917
--------------------------------------------------------------------------------
                         Iteration time: 11.46s
                           Time elapsed: 1:07:28
                                    ETA: 0:27:49

################################################################################
[1m                           Learning iteration 354/500                           [0m 

                               Run name: hierarchical_soccer_chase_hl
                            Total steps: 17448960 
                       Steps per second: 4297 
                        Collection time: 11.207s 
                          Learning time: 0.230s 
                        Mean value loss: 6.2620
                    Mean surrogate loss: -0.0019
                      Mean entropy loss: -3.2021
                            Mean reward: 100.27
                    Mean episode length: 231.94
                        Mean action std: 0.08
         Mean episode goal_per_1k_steps: 0.2889
         Mean episode mean_dist_to_ball: 1.1304
               Mean episode goals_total: 1004.8750
--------------------------------------------------------------------------------
                         Iteration time: 11.44s
                           Time elapsed: 1:07:39
                                    ETA: 0:27:38

################################################################################
[1m                           Learning iteration 355/500                           [0m 

                               Run name: hierarchical_soccer_chase_hl
                            Total steps: 17498112 
                       Steps per second: 4294 
                        Collection time: 11.216s 
                          Learning time: 0.230s 
                        Mean value loss: 5.9458
                    Mean surrogate loss: -0.0030
                      Mean entropy loss: -3.2048
                            Mean reward: 95.28
                    Mean episode length: 218.60
                        Mean action std: 0.08
         Mean episode goal_per_1k_steps: 0.2686
         Mean episode mean_dist_to_ball: 1.1328
               Mean episode goals_total: 1005.6250
--------------------------------------------------------------------------------
                         Iteration time: 11.45s
                           Time elapsed: 1:07:51
                                    ETA: 0:27:26

################################################################################
[1m                           Learning iteration 356/500                           [0m 

                               Run name: hierarchical_soccer_chase_hl
                            Total steps: 17547264 
                       Steps per second: 4289 
                        Collection time: 11.229s 
                          Learning time: 0.230s 
                        Mean value loss: 6.5233
                    Mean surrogate loss: -0.0032
                      Mean entropy loss: -3.1992
                            Mean reward: 91.81
                    Mean episode length: 214.34
                        Mean action std: 0.08
         Mean episode goal_per_1k_steps: 0.3255
         Mean episode mean_dist_to_ball: 1.0910
               Mean episode goals_total: 1006.7917
--------------------------------------------------------------------------------
                         Iteration time: 11.46s
                           Time elapsed: 1:08:02
                                    ETA: 0:27:15

################################################################################
[1m                           Learning iteration 357/500                           [0m 

                               Run name: hierarchical_soccer_chase_hl
                            Total steps: 17596416 
                       Steps per second: 4280 
                        Collection time: 11.252s 
                          Learning time: 0.230s 
                        Mean value loss: 5.8052
                    Mean surrogate loss: -0.0027
                      Mean entropy loss: -3.1877
                            Mean reward: 96.49
                    Mean episode length: 212.96
                        Mean action std: 0.08
         Mean episode goal_per_1k_steps: 0.3825
         Mean episode mean_dist_to_ball: 1.0707
               Mean episode goals_total: 1008.0834
--------------------------------------------------------------------------------
                         Iteration time: 11.48s
                           Time elapsed: 1:08:14
                                    ETA: 0:27:03

################################################################################
[1m                           Learning iteration 358/500                           [0m 

                               Run name: hierarchical_soccer_chase_hl
                            Total steps: 17645568 
                       Steps per second: 4287 
                        Collection time: 11.235s 
                          Learning time: 0.230s 
                        Mean value loss: 5.9080
                    Mean surrogate loss: -0.0029
                      Mean entropy loss: -3.1958
                            Mean reward: 95.44
                    Mean episode length: 215.16
                        Mean action std: 0.08
         Mean episode goal_per_1k_steps: 0.4761
         Mean episode mean_dist_to_ball: 1.1128
               Mean episode goals_total: 1009.7084
--------------------------------------------------------------------------------
                         Iteration time: 11.46s
                           Time elapsed: 1:08:25
                                    ETA: 0:26:52

################################################################################
[1m                           Learning iteration 359/500                           [0m 

                               Run name: hierarchical_soccer_chase_hl
                            Total steps: 17694720 
                       Steps per second: 4276 
                        Collection time: 11.265s 
                          Learning time: 0.230s 
                        Mean value loss: 7.2571
                    Mean surrogate loss: -0.0033
                      Mean entropy loss: -3.1648
                            Mean reward: 92.50
                    Mean episode length: 216.46
                        Mean action std: 0.08
         Mean episode goal_per_1k_steps: 0.7528
         Mean episode mean_dist_to_ball: 1.1110
               Mean episode goals_total: 1010.4584
--------------------------------------------------------------------------------
                         Iteration time: 11.49s
                           Time elapsed: 1:08:37
                                    ETA: 0:26:41

################################################################################
[1m                           Learning iteration 360/500                           [0m 

                               Run name: hierarchical_soccer_chase_hl
                            Total steps: 17743872 
                       Steps per second: 4281 
                        Collection time: 11.250s 
                          Learning time: 0.230s 
                        Mean value loss: 6.4011
                    Mean surrogate loss: -0.0026
                      Mean entropy loss: -3.1864
                            Mean reward: 95.53
                    Mean episode length: 219.12
                        Mean action std: 0.08
         Mean episode goal_per_1k_steps: 0.4435
         Mean episode mean_dist_to_ball: 1.1498
               Mean episode goals_total: 1011.4167
--------------------------------------------------------------------------------
                         Iteration time: 11.48s
                           Time elapsed: 1:08:48
                                    ETA: 0:26:29

################################################################################
[1m                           Learning iteration 361/500                           [0m 

                               Run name: hierarchical_soccer_chase_hl
                            Total steps: 17793024 
                       Steps per second: 4280 
                        Collection time: 11.253s 
                          Learning time: 0.230s 
                        Mean value loss: 7.0772
                    Mean surrogate loss: -0.0031
                      Mean entropy loss: -3.1606
                            Mean reward: 92.60
                    Mean episode length: 211.60
                        Mean action std: 0.09
         Mean episode goal_per_1k_steps: 0.3967
         Mean episode mean_dist_to_ball: 1.1532
               Mean episode goals_total: 1013.7500
--------------------------------------------------------------------------------
                         Iteration time: 11.48s
                           Time elapsed: 1:09:00
                                    ETA: 0:26:18

################################################################################
[1m                           Learning iteration 362/500                           [0m 

                               Run name: hierarchical_soccer_chase_hl
                            Total steps: 17842176 
                       Steps per second: 4291 
                        Collection time: 11.225s 
                          Learning time: 0.227s 
                        Mean value loss: 5.0138
                    Mean surrogate loss: -0.0022
                      Mean entropy loss: -3.1537
                            Mean reward: 94.20
                    Mean episode length: 221.20
                        Mean action std: 0.09
         Mean episode goal_per_1k_steps: 0.5452
         Mean episode mean_dist_to_ball: 1.1603
               Mean episode goals_total: 1018.5417
--------------------------------------------------------------------------------
                         Iteration time: 11.45s
                           Time elapsed: 1:09:11
                                    ETA: 0:26:06

################################################################################
[1m                           Learning iteration 363/500                           [0m 

                               Run name: hierarchical_soccer_chase_hl
                            Total steps: 17891328 
                       Steps per second: 4283 
                        Collection time: 11.247s 
                          Learning time: 0.227s 
                        Mean value loss: 7.0291
                    Mean surrogate loss: -0.0029
                      Mean entropy loss: -3.1657
                            Mean reward: 91.85
                    Mean episode length: 221.53
                        Mean action std: 0.08
         Mean episode goal_per_1k_steps: 0.4110
         Mean episode mean_dist_to_ball: 1.1847
               Mean episode goals_total: 1022.4167
--------------------------------------------------------------------------------
                         Iteration time: 11.47s
                           Time elapsed: 1:09:23
                                    ETA: 0:25:55

################################################################################
[1m                           Learning iteration 364/500                           [0m 

                               Run name: hierarchical_soccer_chase_hl
                            Total steps: 17940480 
                       Steps per second: 4289 
                        Collection time: 11.230s 
                          Learning time: 0.228s 
                        Mean value loss: 7.0817
                    Mean surrogate loss: -0.0024
                      Mean entropy loss: -3.1534
                            Mean reward: 95.17
                    Mean episode length: 209.86
                        Mean action std: 0.09
         Mean episode goal_per_1k_steps: 0.4171
         Mean episode mean_dist_to_ball: 1.1797
               Mean episode goals_total: 1024.8750
--------------------------------------------------------------------------------
                         Iteration time: 11.46s
                           Time elapsed: 1:09:34
                                    ETA: 0:25:43

################################################################################
[1m                           Learning iteration 365/500                           [0m 

                               Run name: hierarchical_soccer_chase_hl
                            Total steps: 17989632 
                       Steps per second: 4282 
                        Collection time: 11.248s 
                          Learning time: 0.230s 
                        Mean value loss: 8.5522
                    Mean surrogate loss: -0.0037
                      Mean entropy loss: -3.1400
                            Mean reward: 85.81
                    Mean episode length: 201.45
                        Mean action std: 0.09
         Mean episode goal_per_1k_steps: 0.6104
         Mean episode mean_dist_to_ball: 1.1786
               Mean episode goals_total: 1027.0834
--------------------------------------------------------------------------------
                         Iteration time: 11.48s
                           Time elapsed: 1:09:45
                                    ETA: 0:25:32

################################################################################
[1m                           Learning iteration 366/500                           [0m 

                               Run name: hierarchical_soccer_chase_hl
                            Total steps: 18038784 
                       Steps per second: 4278 
                        Collection time: 11.258s 
                          Learning time: 0.230s 
                        Mean value loss: 6.2786
                    Mean surrogate loss: -0.0026
                      Mean entropy loss: -3.1503
                            Mean reward: 97.53
                    Mean episode length: 220.53
                        Mean action std: 0.08
         Mean episode goal_per_1k_steps: 0.5717
         Mean episode mean_dist_to_ball: 1.1933
               Mean episode goals_total: 1030.5417
--------------------------------------------------------------------------------
                         Iteration time: 11.49s
                           Time elapsed: 1:09:57
                                    ETA: 0:25:21

################################################################################
[1m                           Learning iteration 367/500                           [0m 

                               Run name: hierarchical_soccer_chase_hl
                            Total steps: 18087936 
                       Steps per second: 4265 
                        Collection time: 11.294s 
                          Learning time: 0.230s 
                        Mean value loss: 6.9547
                    Mean surrogate loss: -0.0029
                      Mean entropy loss: -3.1734
                            Mean reward: 89.09
                    Mean episode length: 209.69
                        Mean action std: 0.08
         Mean episode goal_per_1k_steps: 0.5778
         Mean episode mean_dist_to_ball: 1.2246
               Mean episode goals_total: 1035.6250
--------------------------------------------------------------------------------
                         Iteration time: 11.52s
                           Time elapsed: 1:10:08
                                    ETA: 0:25:09

################################################################################
[1m                           Learning iteration 368/500                           [0m 

                               Run name: hierarchical_soccer_chase_hl
                            Total steps: 18137088 
                       Steps per second: 4261 
                        Collection time: 11.303s 
                          Learning time: 0.230s 
                        Mean value loss: 6.8745
                    Mean surrogate loss: -0.0038
                      Mean entropy loss: -3.1436
                            Mean reward: 91.51
                    Mean episode length: 205.46
                        Mean action std: 0.09
         Mean episode goal_per_1k_steps: 0.5758
         Mean episode mean_dist_to_ball: 1.1784
               Mean episode goals_total: 1043.0000
--------------------------------------------------------------------------------
                         Iteration time: 11.53s
                           Time elapsed: 1:10:20
                                    ETA: 0:24:58

################################################################################
[1m                           Learning iteration 369/500                           [0m 

                               Run name: hierarchical_soccer_chase_hl
                            Total steps: 18186240 
                       Steps per second: 4254 
                        Collection time: 11.322s 
                          Learning time: 0.230s 
                        Mean value loss: 6.0532
                    Mean surrogate loss: -0.0022
                      Mean entropy loss: -3.1470
                            Mean reward: 91.56
                    Mean episode length: 215.43
                        Mean action std: 0.09
         Mean episode goal_per_1k_steps: 0.5615
         Mean episode mean_dist_to_ball: 1.2113
               Mean episode goals_total: 1046.3750
--------------------------------------------------------------------------------
                         Iteration time: 11.55s
                           Time elapsed: 1:10:32
                                    ETA: 0:24:46

################################################################################
[1m                           Learning iteration 370/500                           [0m 

                               Run name: hierarchical_soccer_chase_hl
                            Total steps: 18235392 
                       Steps per second: 4277 
                        Collection time: 11.261s 
                          Learning time: 0.231s 
                        Mean value loss: 4.5953
                    Mean surrogate loss: -0.0024
                      Mean entropy loss: -3.1398
                            Mean reward: 100.91
                    Mean episode length: 226.56
                        Mean action std: 0.09
         Mean episode goal_per_1k_steps: 0.5412
         Mean episode mean_dist_to_ball: 1.2551
               Mean episode goals_total: 1048.8334
--------------------------------------------------------------------------------
                         Iteration time: 11.49s
                           Time elapsed: 1:10:43
                                    ETA: 0:24:35

################################################################################
[1m                           Learning iteration 371/500                           [0m 

                               Run name: hierarchical_soccer_chase_hl
                            Total steps: 18284544 
                       Steps per second: 4271 
                        Collection time: 11.278s 
                          Learning time: 0.230s 
                        Mean value loss: 5.9757
                    Mean surrogate loss: -0.0021
                      Mean entropy loss: -3.1287
                            Mean reward: 97.16
                    Mean episode length: 223.27
                        Mean action std: 0.09
         Mean episode goal_per_1k_steps: 0.3560
         Mean episode mean_dist_to_ball: 1.2043
               Mean episode goals_total: 1051.1667
--------------------------------------------------------------------------------
                         Iteration time: 11.51s
                           Time elapsed: 1:10:55
                                    ETA: 0:24:24

################################################################################
[1m                           Learning iteration 372/500                           [0m 

                               Run name: hierarchical_soccer_chase_hl
                            Total steps: 18333696 
                       Steps per second: 4268 
                        Collection time: 11.286s 
                          Learning time: 0.229s 
                        Mean value loss: 5.9873
                    Mean surrogate loss: -0.0032
                      Mean entropy loss: -3.1599
                            Mean reward: 95.00
                    Mean episode length: 223.93
                        Mean action std: 0.08
         Mean episode goal_per_1k_steps: 0.3133
         Mean episode mean_dist_to_ball: 1.1841
               Mean episode goals_total: 1053.0834
--------------------------------------------------------------------------------
                         Iteration time: 11.52s
                           Time elapsed: 1:11:06
                                    ETA: 0:24:12

################################################################################
[1m                           Learning iteration 373/500                           [0m 

                               Run name: hierarchical_soccer_chase_hl
                            Total steps: 18382848 
                       Steps per second: 4265 
                        Collection time: 11.294s 
                          Learning time: 0.230s 
                        Mean value loss: 7.2763
                    Mean surrogate loss: -0.0033
                      Mean entropy loss: -3.1709
                            Mean reward: 98.66
                    Mean episode length: 225.18
                        Mean action std: 0.08
         Mean episode goal_per_1k_steps: 0.5981
         Mean episode mean_dist_to_ball: 1.1979
               Mean episode goals_total: 1055.0000
--------------------------------------------------------------------------------
                         Iteration time: 11.52s
                           Time elapsed: 1:11:18
                                    ETA: 0:24:01

################################################################################
[1m                           Learning iteration 374/500                           [0m 

                               Run name: hierarchical_soccer_chase_hl
                            Total steps: 18432000 
                       Steps per second: 4264 
                        Collection time: 11.295s 
                          Learning time: 0.230s 
                        Mean value loss: 6.7266
                    Mean surrogate loss: -0.0023
                      Mean entropy loss: -3.1645
                            Mean reward: 97.04
                    Mean episode length: 220.77
                        Mean action std: 0.08
         Mean episode goal_per_1k_steps: 0.5697
         Mean episode mean_dist_to_ball: 1.1986
               Mean episode goals_total: 1056.9167
--------------------------------------------------------------------------------
                         Iteration time: 11.52s
                           Time elapsed: 1:11:29
                                    ETA: 0:23:49

################################################################################
[1m                           Learning iteration 375/500                           [0m 

                               Run name: hierarchical_soccer_chase_hl
                            Total steps: 18481152 
                       Steps per second: 4274 
                        Collection time: 11.272s 
                          Learning time: 0.228s 
                        Mean value loss: 5.9217
                    Mean surrogate loss: -0.0017
                      Mean entropy loss: -3.1782
                            Mean reward: 98.05
                    Mean episode length: 221.79
                        Mean action std: 0.08
         Mean episode goal_per_1k_steps: 0.5127
         Mean episode mean_dist_to_ball: 1.2335
               Mean episode goals_total: 1059.4584
--------------------------------------------------------------------------------
                         Iteration time: 11.50s
                           Time elapsed: 1:11:41
                                    ETA: 0:23:38

################################################################################
[1m                           Learning iteration 376/500                           [0m 

                               Run name: hierarchical_soccer_chase_hl
                            Total steps: 18530304 
                       Steps per second: 4274 
                        Collection time: 11.271s 
                          Learning time: 0.228s 
                        Mean value loss: 7.1619
                    Mean surrogate loss: -0.0039
                      Mean entropy loss: -3.1714
                            Mean reward: 90.65
                    Mean episode length: 210.02
                        Mean action std: 0.08
         Mean episode goal_per_1k_steps: 0.4354
         Mean episode mean_dist_to_ball: 1.2136
               Mean episode goals_total: 1063.7500
--------------------------------------------------------------------------------
                         Iteration time: 11.50s
                           Time elapsed: 1:11:52
                                    ETA: 0:23:27

################################################################################
[1m                           Learning iteration 377/500                           [0m 

                               Run name: hierarchical_soccer_chase_hl
                            Total steps: 18579456 
                       Steps per second: 4274 
                        Collection time: 11.272s 
                          Learning time: 0.228s 
                        Mean value loss: 6.9094
                    Mean surrogate loss: -0.0036
                      Mean entropy loss: -3.1644
                            Mean reward: 89.42
                    Mean episode length: 207.12
                        Mean action std: 0.08
         Mean episode goal_per_1k_steps: 0.4191
         Mean episode mean_dist_to_ball: 1.1896
               Mean episode goals_total: 1066.0834
--------------------------------------------------------------------------------
                         Iteration time: 11.50s
                           Time elapsed: 1:12:04
                                    ETA: 0:23:15

################################################################################
[1m                           Learning iteration 378/500                           [0m 

                               Run name: hierarchical_soccer_chase_hl
                            Total steps: 18628608 
                       Steps per second: 4273 
                        Collection time: 11.273s 
                          Learning time: 0.228s 
                        Mean value loss: 5.4241
                    Mean surrogate loss: -0.0029
                      Mean entropy loss: -3.1728
                            Mean reward: 95.14
                    Mean episode length: 215.28
                        Mean action std: 0.08
         Mean episode goal_per_1k_steps: 0.4252
         Mean episode mean_dist_to_ball: 1.1686
               Mean episode goals_total: 1067.2917
--------------------------------------------------------------------------------
                         Iteration time: 11.50s
                           Time elapsed: 1:12:15
                                    ETA: 0:23:04

################################################################################
[1m                           Learning iteration 379/500                           [0m 

                               Run name: hierarchical_soccer_chase_hl
                            Total steps: 18677760 
                       Steps per second: 4292 
                        Collection time: 11.223s 
                          Learning time: 0.227s 
                        Mean value loss: 7.4667
                    Mean surrogate loss: -0.0028
                      Mean entropy loss: -3.1617
                            Mean reward: 96.29
                    Mean episode length: 217.98
                        Mean action std: 0.09
         Mean episode goal_per_1k_steps: 0.3866
         Mean episode mean_dist_to_ball: 1.1396
               Mean episode goals_total: 1068.0000
--------------------------------------------------------------------------------
                         Iteration time: 11.45s
                           Time elapsed: 1:12:27
                                    ETA: 0:22:52

################################################################################
[1m                           Learning iteration 380/500                           [0m 

                               Run name: hierarchical_soccer_chase_hl
                            Total steps: 18726912 
                       Steps per second: 4289 
                        Collection time: 11.232s 
                          Learning time: 0.227s 
                        Mean value loss: 6.9100
                    Mean surrogate loss: -0.0039
                      Mean entropy loss: -3.1238
                            Mean reward: 95.01
                    Mean episode length: 216.15
                        Mean action std: 0.09
         Mean episode goal_per_1k_steps: 0.4293
         Mean episode mean_dist_to_ball: 1.1567
               Mean episode goals_total: 1068.8334
--------------------------------------------------------------------------------
                         Iteration time: 11.46s
                           Time elapsed: 1:12:38
                                    ETA: 0:22:41

################################################################################
[1m                           Learning iteration 381/500                           [0m 

                               Run name: hierarchical_soccer_chase_hl
                            Total steps: 18776064 
                       Steps per second: 4266 
                        Collection time: 11.292s 
                          Learning time: 0.227s 
                        Mean value loss: 7.8014
                    Mean surrogate loss: -0.0028
                      Mean entropy loss: -3.1216
                            Mean reward: 96.30
                    Mean episode length: 215.25
                        Mean action std: 0.09
         Mean episode goal_per_1k_steps: 0.4150
         Mean episode mean_dist_to_ball: 1.1369
               Mean episode goals_total: 1070.0000
--------------------------------------------------------------------------------
                         Iteration time: 11.52s
                           Time elapsed: 1:12:50
                                    ETA: 0:22:29

################################################################################
[1m                           Learning iteration 382/500                           [0m 

                               Run name: hierarchical_soccer_chase_hl
                            Total steps: 18825216 
                       Steps per second: 4290 
                        Collection time: 11.229s 
                          Learning time: 0.227s 
                        Mean value loss: 7.6651
                    Mean surrogate loss: -0.0032
                      Mean entropy loss: -3.1118
                            Mean reward: 95.83
                    Mean episode length: 211.27
                        Mean action std: 0.09
         Mean episode goal_per_1k_steps: 0.5615
         Mean episode mean_dist_to_ball: 1.0909
               Mean episode goals_total: 1075.5834
--------------------------------------------------------------------------------
                         Iteration time: 11.46s
                           Time elapsed: 1:13:01
                                    ETA: 0:22:18

################################################################################
[1m                           Learning iteration 383/500                           [0m 

                               Run name: hierarchical_soccer_chase_hl
                            Total steps: 18874368 
                       Steps per second: 4274 
                        Collection time: 11.270s 
                          Learning time: 0.228s 
                        Mean value loss: 5.8414
                    Mean surrogate loss: -0.0029
                      Mean entropy loss: -3.1369
                            Mean reward: 98.76
                    Mean episode length: 220.58
                        Mean action std: 0.09
         Mean episode goal_per_1k_steps: 0.5880
         Mean episode mean_dist_to_ball: 1.0961
               Mean episode goals_total: 1079.5834
--------------------------------------------------------------------------------
                         Iteration time: 11.50s
                           Time elapsed: 1:13:12
                                    ETA: 0:22:07

################################################################################
[1m                           Learning iteration 384/500                           [0m 

                               Run name: hierarchical_soccer_chase_hl
                            Total steps: 18923520 
                       Steps per second: 4289 
                        Collection time: 11.232s 
                          Learning time: 0.228s 
                        Mean value loss: 5.7705
                    Mean surrogate loss: -0.0021
                      Mean entropy loss: -3.1651
                            Mean reward: 97.43
                    Mean episode length: 217.67
                        Mean action std: 0.08
         Mean episode goal_per_1k_steps: 0.3337
         Mean episode mean_dist_to_ball: 1.1150
               Mean episode goals_total: 1082.0417
--------------------------------------------------------------------------------
                         Iteration time: 11.46s
                           Time elapsed: 1:13:24
                                    ETA: 0:21:55

################################################################################
[1m                           Learning iteration 385/500                           [0m 

                               Run name: hierarchical_soccer_chase_hl
                            Total steps: 18972672 
                       Steps per second: 4279 
                        Collection time: 11.258s 
                          Learning time: 0.227s 
                        Mean value loss: 5.4899
                    Mean surrogate loss: -0.0028
                      Mean entropy loss: -3.1790
                            Mean reward: 93.72
                    Mean episode length: 208.52
                        Mean action std: 0.08
         Mean episode goal_per_1k_steps: 0.5229
         Mean episode mean_dist_to_ball: 1.1368
               Mean episode goals_total: 1083.8334
--------------------------------------------------------------------------------
                         Iteration time: 11.48s
                           Time elapsed: 1:13:35
                                    ETA: 0:21:44

################################################################################
[1m                           Learning iteration 386/500                           [0m 

                               Run name: hierarchical_soccer_chase_hl
                            Total steps: 19021824 
                       Steps per second: 4281 
                        Collection time: 11.252s 
                          Learning time: 0.227s 
                        Mean value loss: 5.5083
                    Mean surrogate loss: -0.0032
                      Mean entropy loss: -3.1459
                            Mean reward: 91.65
                    Mean episode length: 208.12
                        Mean action std: 0.08
         Mean episode goal_per_1k_steps: 0.5025
         Mean episode mean_dist_to_ball: 1.1255
               Mean episode goals_total: 1086.1667
--------------------------------------------------------------------------------
                         Iteration time: 11.48s
                           Time elapsed: 1:13:47
                                    ETA: 0:21:32

################################################################################
[1m                           Learning iteration 387/500                           [0m 

                               Run name: hierarchical_soccer_chase_hl
                            Total steps: 19070976 
                       Steps per second: 4292 
                        Collection time: 11.224s 
                          Learning time: 0.227s 
                        Mean value loss: 4.5587
                    Mean surrogate loss: 0.0000
                      Mean entropy loss: -3.1791
                            Mean reward: 102.49
                    Mean episode length: 231.04
                        Mean action std: 0.08
         Mean episode goal_per_1k_steps: 0.4171
         Mean episode mean_dist_to_ball: 1.0848
               Mean episode goals_total: 1087.9584
--------------------------------------------------------------------------------
                         Iteration time: 11.45s
                           Time elapsed: 1:13:58
                                    ETA: 0:21:21

################################################################################
[1m                           Learning iteration 388/500                           [0m 

                               Run name: hierarchical_soccer_chase_hl
                            Total steps: 19120128 
                       Steps per second: 4290 
                        Collection time: 11.227s 
                          Learning time: 0.228s 
                        Mean value loss: 5.0525
                    Mean surrogate loss: -0.0029
                      Mean entropy loss: -3.1520
                            Mean reward: 97.18
                    Mean episode length: 219.97
                        Mean action std: 0.09
         Mean episode goal_per_1k_steps: 0.3398
         Mean episode mean_dist_to_ball: 1.0833
               Mean episode goals_total: 1089.0000
--------------------------------------------------------------------------------
                         Iteration time: 11.46s
                           Time elapsed: 1:14:10
                                    ETA: 0:21:09

################################################################################
[1m                           Learning iteration 389/500                           [0m 

                               Run name: hierarchical_soccer_chase_hl
                            Total steps: 19169280 
                       Steps per second: 4282 
                        Collection time: 11.249s 
                          Learning time: 0.228s 
                        Mean value loss: 6.1124
                    Mean surrogate loss: -0.0032
                      Mean entropy loss: -3.1573
                            Mean reward: 94.11
                    Mean episode length: 217.74
                        Mean action std: 0.08
         Mean episode goal_per_1k_steps: 0.3886
         Mean episode mean_dist_to_ball: 1.1016
               Mean episode goals_total: 1093.1667
--------------------------------------------------------------------------------
                         Iteration time: 11.48s
                           Time elapsed: 1:14:21
                                    ETA: 0:20:58

################################################################################
[1m                           Learning iteration 390/500                           [0m 

                               Run name: hierarchical_soccer_chase_hl
                            Total steps: 19218432 
                       Steps per second: 4273 
                        Collection time: 11.275s 
                          Learning time: 0.227s 
                        Mean value loss: 6.1266
                    Mean surrogate loss: -0.0017
                      Mean entropy loss: -3.1857
                            Mean reward: 95.42
                    Mean episode length: 214.52
                        Mean action std: 0.08
         Mean episode goal_per_1k_steps: 0.5290
         Mean episode mean_dist_to_ball: 1.1467
               Mean episode goals_total: 1096.6250
--------------------------------------------------------------------------------
                         Iteration time: 11.50s
                           Time elapsed: 1:14:33
                                    ETA: 0:20:47

################################################################################
[1m                           Learning iteration 391/500                           [0m 

                               Run name: hierarchical_soccer_chase_hl
                            Total steps: 19267584 
                       Steps per second: 4270 
                        Collection time: 11.278s 
                          Learning time: 0.230s 
                        Mean value loss: 8.1467
                    Mean surrogate loss: -0.0025
                      Mean entropy loss: -3.1936
                            Mean reward: 93.71
                    Mean episode length: 216.48
                        Mean action std: 0.08
         Mean episode goal_per_1k_steps: 0.4944
         Mean episode mean_dist_to_ball: 1.1588
               Mean episode goals_total: 1098.5834
--------------------------------------------------------------------------------
                         Iteration time: 11.51s
                           Time elapsed: 1:14:44
                                    ETA: 0:20:35

################################################################################
[1m                           Learning iteration 392/500                           [0m 

                               Run name: hierarchical_soccer_chase_hl
                            Total steps: 19316736 
                       Steps per second: 4268 
                        Collection time: 11.285s 
                          Learning time: 0.230s 
                        Mean value loss: 9.2596
                    Mean surrogate loss: -0.0028
                      Mean entropy loss: -3.2042
                            Mean reward: 90.83
                    Mean episode length: 202.45
                        Mean action std: 0.08
         Mean episode goal_per_1k_steps: 0.6632
         Mean episode mean_dist_to_ball: 1.1476
               Mean episode goals_total: 1099.9584
--------------------------------------------------------------------------------
                         Iteration time: 11.51s
                           Time elapsed: 1:14:56
                                    ETA: 0:20:24

################################################################################
[1m                           Learning iteration 393/500                           [0m 

                               Run name: hierarchical_soccer_chase_hl
                            Total steps: 19365888 
                       Steps per second: 4264 
                        Collection time: 11.296s 
                          Learning time: 0.230s 
                        Mean value loss: 4.8794
                    Mean surrogate loss: -0.0037
                      Mean entropy loss: -3.2153
                            Mean reward: 99.03
                    Mean episode length: 223.17
                        Mean action std: 0.08
         Mean episode goal_per_1k_steps: 0.5717
         Mean episode mean_dist_to_ball: 1.1541
               Mean episode goals_total: 1101.7084
--------------------------------------------------------------------------------
                         Iteration time: 11.53s
                           Time elapsed: 1:15:07
                                    ETA: 0:20:12

################################################################################
[1m                           Learning iteration 394/500                           [0m 

                               Run name: hierarchical_soccer_chase_hl
                            Total steps: 19415040 
                       Steps per second: 4260 
                        Collection time: 11.306s 
                          Learning time: 0.230s 
                        Mean value loss: 7.6909
                    Mean surrogate loss: -0.0034
                      Mean entropy loss: -3.2518
                            Mean reward: 93.64
                    Mean episode length: 218.63
                        Mean action std: 0.08
         Mean episode goal_per_1k_steps: 0.5493
         Mean episode mean_dist_to_ball: 1.1884
               Mean episode goals_total: 1107.8750
--------------------------------------------------------------------------------
                         Iteration time: 11.54s
                           Time elapsed: 1:15:19
                                    ETA: 0:20:01

################################################################################
[1m                           Learning iteration 395/500                           [0m 

                               Run name: hierarchical_soccer_chase_hl
                            Total steps: 19464192 
                       Steps per second: 4278 
                        Collection time: 11.257s 
                          Learning time: 0.230s 
                        Mean value loss: 7.1276
                    Mean surrogate loss: -0.0037
                      Mean entropy loss: -3.2356
                            Mean reward: 94.80
                    Mean episode length: 217.46
                        Mean action std: 0.08
         Mean episode goal_per_1k_steps: 0.3967
         Mean episode mean_dist_to_ball: 1.2069
               Mean episode goals_total: 1110.8334
--------------------------------------------------------------------------------
                         Iteration time: 11.49s
                           Time elapsed: 1:15:30
                                    ETA: 0:19:49

################################################################################
[1m                           Learning iteration 396/500                           [0m 

                               Run name: hierarchical_soccer_chase_hl
                            Total steps: 19513344 
                       Steps per second: 4257 
                        Collection time: 11.316s 
                          Learning time: 0.229s 
                        Mean value loss: 7.3448
                    Mean surrogate loss: -0.0036
                      Mean entropy loss: -3.2410
                            Mean reward: 92.60
                    Mean episode length: 215.02
                        Mean action std: 0.08
         Mean episode goal_per_1k_steps: 0.4944
         Mean episode mean_dist_to_ball: 1.2168
               Mean episode goals_total: 1113.5417
--------------------------------------------------------------------------------
                         Iteration time: 11.55s
                           Time elapsed: 1:15:42
                                    ETA: 0:19:38

################################################################################
[1m                           Learning iteration 397/500                           [0m 

                               Run name: hierarchical_soccer_chase_hl
                            Total steps: 19562496 
                       Steps per second: 4266 
                        Collection time: 11.292s 
                          Learning time: 0.230s 
                        Mean value loss: 8.3340
                    Mean surrogate loss: -0.0029
                      Mean entropy loss: -3.2240
                            Mean reward: 91.29
                    Mean episode length: 212.13
                        Mean action std: 0.08
         Mean episode goal_per_1k_steps: 0.5819
         Mean episode mean_dist_to_ball: 1.1991
               Mean episode goals_total: 1118.3750
--------------------------------------------------------------------------------
                         Iteration time: 11.52s
                           Time elapsed: 1:15:53
                                    ETA: 0:19:27

################################################################################
[1m                           Learning iteration 398/500                           [0m 

                               Run name: hierarchical_soccer_chase_hl
                            Total steps: 19611648 
                       Steps per second: 4256 
                        Collection time: 11.321s 
                          Learning time: 0.227s 
                        Mean value loss: 7.8639
                    Mean surrogate loss: -0.0029
                      Mean entropy loss: -3.2489
                            Mean reward: 89.33
                    Mean episode length: 214.03
                        Mean action std: 0.08
         Mean episode goal_per_1k_steps: 0.4781
         Mean episode mean_dist_to_ball: 1.2025
               Mean episode goals_total: 1125.1250
--------------------------------------------------------------------------------
                         Iteration time: 11.55s
                           Time elapsed: 1:16:05
                                    ETA: 0:19:15

################################################################################
[1m                           Learning iteration 399/500                           [0m 

                               Run name: hierarchical_soccer_chase_hl
                            Total steps: 19660800 
                       Steps per second: 4274 
                        Collection time: 11.271s 
                          Learning time: 0.227s 
                        Mean value loss: 6.2858
                    Mean surrogate loss: -0.0036
                      Mean entropy loss: -3.2174
                            Mean reward: 93.13
                    Mean episode length: 217.01
                        Mean action std: 0.08
         Mean episode goal_per_1k_steps: 0.4801
         Mean episode mean_dist_to_ball: 1.1828
               Mean episode goals_total: 1129.2917
--------------------------------------------------------------------------------
                         Iteration time: 11.50s
                           Time elapsed: 1:16:16
                                    ETA: 0:19:04

################################################################################
[1m                           Learning iteration 400/500                           [0m 

                               Run name: hierarchical_soccer_chase_hl
                            Total steps: 19709952 
                       Steps per second: 4274 
                        Collection time: 11.269s 
                          Learning time: 0.229s 
                        Mean value loss: 6.5131
                    Mean surrogate loss: -0.0037
                      Mean entropy loss: -3.2173
                            Mean reward: 93.73
                    Mean episode length: 212.05
                        Mean action std: 0.08
         Mean episode goal_per_1k_steps: 0.5798
         Mean episode mean_dist_to_ball: 1.2237
               Mean episode goals_total: 1133.6667
--------------------------------------------------------------------------------
                         Iteration time: 11.50s
                           Time elapsed: 1:16:28
                                    ETA: 0:18:52

################################################################################
[1m                           Learning iteration 401/500                           [0m 

                               Run name: hierarchical_soccer_chase_hl
                            Total steps: 19759104 
                       Steps per second: 4270 
                        Collection time: 11.280s 
                          Learning time: 0.230s 
                        Mean value loss: 6.0524
                    Mean surrogate loss: -0.0028
                      Mean entropy loss: -3.2182
                            Mean reward: 100.29
                    Mean episode length: 224.74
                        Mean action std: 0.08
         Mean episode goal_per_1k_steps: 0.4700
         Mean episode mean_dist_to_ball: 1.1920
               Mean episode goals_total: 1137.1667
--------------------------------------------------------------------------------
                         Iteration time: 11.51s
                           Time elapsed: 1:16:39
                                    ETA: 0:18:41

################################################################################
[1m                           Learning iteration 402/500                           [0m 

                               Run name: hierarchical_soccer_chase_hl
                            Total steps: 19808256 
                       Steps per second: 4272 
                        Collection time: 11.273s 
                          Learning time: 0.230s 
                        Mean value loss: 5.5705
                    Mean surrogate loss: -0.0025
                      Mean entropy loss: -3.2306
                            Mean reward: 97.20
                    Mean episode length: 220.55
                        Mean action std: 0.08
         Mean episode goal_per_1k_steps: 0.4964
         Mean episode mean_dist_to_ball: 1.2127
               Mean episode goals_total: 1139.8750
--------------------------------------------------------------------------------
                         Iteration time: 11.50s
                           Time elapsed: 1:16:51
                                    ETA: 0:18:29

################################################################################
[1m                           Learning iteration 403/500                           [0m 

                               Run name: hierarchical_soccer_chase_hl
                            Total steps: 19857408 
                       Steps per second: 4271 
                        Collection time: 11.275s 
                          Learning time: 0.231s 
                        Mean value loss: 6.0643
                    Mean surrogate loss: -0.0038
                      Mean entropy loss: -3.2573
                            Mean reward: 96.79
                    Mean episode length: 225.03
                        Mean action std: 0.08
         Mean episode goal_per_1k_steps: 0.3662
         Mean episode mean_dist_to_ball: 1.2128
               Mean episode goals_total: 1143.2917
--------------------------------------------------------------------------------
                         Iteration time: 11.51s
                           Time elapsed: 1:17:03
                                    ETA: 0:18:18

################################################################################
[1m                           Learning iteration 404/500                           [0m 

                               Run name: hierarchical_soccer_chase_hl
                            Total steps: 19906560 
                       Steps per second: 4272 
                        Collection time: 11.275s 
                          Learning time: 0.230s 
                        Mean value loss: 6.4584
                    Mean surrogate loss: -0.0030
                      Mean entropy loss: -3.2685
                            Mean reward: 96.94
                    Mean episode length: 222.44
                        Mean action std: 0.08
         Mean episode goal_per_1k_steps: 0.2482
         Mean episode mean_dist_to_ball: 1.1932
               Mean episode goals_total: 1145.3750
--------------------------------------------------------------------------------
                         Iteration time: 11.51s
                           Time elapsed: 1:17:14
                                    ETA: 0:18:07

################################################################################
[1m                           Learning iteration 405/500                           [0m 

                               Run name: hierarchical_soccer_chase_hl
                            Total steps: 19955712 
                       Steps per second: 4268 
                        Collection time: 11.286s 
                          Learning time: 0.231s 
                        Mean value loss: 7.0889
                    Mean surrogate loss: -0.0033
                      Mean entropy loss: -3.2845
                            Mean reward: 95.46
                    Mean episode length: 217.33
                        Mean action std: 0.08
         Mean episode goal_per_1k_steps: 0.4028
         Mean episode mean_dist_to_ball: 1.1746
               Mean episode goals_total: 1148.2500
--------------------------------------------------------------------------------
                         Iteration time: 11.52s
                           Time elapsed: 1:17:26
                                    ETA: 0:17:55

################################################################################
[1m                           Learning iteration 406/500                           [0m 

                               Run name: hierarchical_soccer_chase_hl
                            Total steps: 20004864 
                       Steps per second: 4274 
                        Collection time: 11.269s 
                          Learning time: 0.230s 
                        Mean value loss: 7.5019
                    Mean surrogate loss: -0.0025
                      Mean entropy loss: -3.2911
                            Mean reward: 95.92
                    Mean episode length: 219.71
                        Mean action std: 0.08
         Mean episode goal_per_1k_steps: 0.5147
         Mean episode mean_dist_to_ball: 1.1080
               Mean episode goals_total: 1151.3750
--------------------------------------------------------------------------------
                         Iteration time: 11.50s
                           Time elapsed: 1:17:37
                                    ETA: 0:17:44

################################################################################
[1m                           Learning iteration 407/500                           [0m 

                               Run name: hierarchical_soccer_chase_hl
                            Total steps: 20054016 
                       Steps per second: 4264 
                        Collection time: 11.294s 
                          Learning time: 0.231s 
                        Mean value loss: 7.7057
                    Mean surrogate loss: -0.0012
                      Mean entropy loss: -3.2509
                            Mean reward: 96.06
                    Mean episode length: 215.07
                        Mean action std: 0.08
         Mean episode goal_per_1k_steps: 0.4008
         Mean episode mean_dist_to_ball: 1.1205
               Mean episode goals_total: 1153.6250
--------------------------------------------------------------------------------
                         Iteration time: 11.53s
                           Time elapsed: 1:17:49
                                    ETA: 0:17:32

################################################################################
[1m                           Learning iteration 408/500                           [0m 

                               Run name: hierarchical_soccer_chase_hl
                            Total steps: 20103168 
                       Steps per second: 4259 
                        Collection time: 11.307s 
                          Learning time: 0.231s 
                        Mean value loss: 5.0703
                    Mean surrogate loss: -0.0015
                      Mean entropy loss: -3.2302
                            Mean reward: 96.79
                    Mean episode length: 214.06
                        Mean action std: 0.08
         Mean episode goal_per_1k_steps: 0.5452
         Mean episode mean_dist_to_ball: 1.2098
               Mean episode goals_total: 1157.4167
--------------------------------------------------------------------------------
                         Iteration time: 11.54s
                           Time elapsed: 1:18:00
                                    ETA: 0:17:21

################################################################################
[1m                           Learning iteration 409/500                           [0m 

                               Run name: hierarchical_soccer_chase_hl
                            Total steps: 20152320 
                       Steps per second: 4260 
                        Collection time: 11.305s 
                          Learning time: 0.230s 
                        Mean value loss: 8.2851
                    Mean surrogate loss: -0.0033
                      Mean entropy loss: -3.2297
                            Mean reward: 92.19
                    Mean episode length: 212.76
                        Mean action std: 0.08
         Mean episode goal_per_1k_steps: 0.8199
         Mean episode mean_dist_to_ball: 1.2578
               Mean episode goals_total: 1160.0000
--------------------------------------------------------------------------------
                         Iteration time: 11.54s
                           Time elapsed: 1:18:12
                                    ETA: 0:17:09

################################################################################
[1m                           Learning iteration 410/500                           [0m 

                               Run name: hierarchical_soccer_chase_hl
                            Total steps: 20201472 
                       Steps per second: 4267 
                        Collection time: 11.289s 
                          Learning time: 0.230s 
                        Mean value loss: 7.5390
                    Mean surrogate loss: -0.0022
                      Mean entropy loss: -3.2340
                            Mean reward: 93.83
                    Mean episode length: 220.27
                        Mean action std: 0.08
         Mean episode goal_per_1k_steps: 0.5778
         Mean episode mean_dist_to_ball: 1.2931
               Mean episode goals_total: 1164.6667
--------------------------------------------------------------------------------
                         Iteration time: 11.52s
                           Time elapsed: 1:18:23
                                    ETA: 0:16:58

################################################################################
[1m                           Learning iteration 411/500                           [0m 

                               Run name: hierarchical_soccer_chase_hl
                            Total steps: 20250624 
                       Steps per second: 4259 
                        Collection time: 11.310s 
                          Learning time: 0.230s 
                        Mean value loss: 6.6802
                    Mean surrogate loss: -0.0032
                      Mean entropy loss: -3.2593
                            Mean reward: 99.96
                    Mean episode length: 217.06
                        Mean action std: 0.08
         Mean episode goal_per_1k_steps: 0.4049
         Mean episode mean_dist_to_ball: 1.2756
               Mean episode goals_total: 1168.1667
--------------------------------------------------------------------------------
                         Iteration time: 11.54s
                           Time elapsed: 1:18:35
                                    ETA: 0:16:47

################################################################################
[1m                           Learning iteration 412/500                           [0m 

                               Run name: hierarchical_soccer_chase_hl
                            Total steps: 20299776 
                       Steps per second: 4268 
                        Collection time: 11.284s 
                          Learning time: 0.231s 
                        Mean value loss: 6.9611
                    Mean surrogate loss: -0.0040
                      Mean entropy loss: -3.2642
                            Mean reward: 97.26
                    Mean episode length: 224.05
                        Mean action std: 0.08
         Mean episode goal_per_1k_steps: 0.5839
         Mean episode mean_dist_to_ball: 1.3374
               Mean episode goals_total: 1170.2084
--------------------------------------------------------------------------------
                         Iteration time: 11.51s
                           Time elapsed: 1:18:46
                                    ETA: 0:16:35

################################################################################
[1m                           Learning iteration 413/500                           [0m 

                               Run name: hierarchical_soccer_chase_hl
                            Total steps: 20348928 
                       Steps per second: 4271 
                        Collection time: 11.277s 
                          Learning time: 0.229s 
                        Mean value loss: 7.2112
                    Mean surrogate loss: -0.0037
                      Mean entropy loss: -3.2834
                            Mean reward: 87.70
                    Mean episode length: 208.92
                        Mean action std: 0.08
         Mean episode goal_per_1k_steps: 0.3805
         Mean episode mean_dist_to_ball: 1.3578
               Mean episode goals_total: 1172.2917
--------------------------------------------------------------------------------
                         Iteration time: 11.51s
                           Time elapsed: 1:18:58
                                    ETA: 0:16:24

################################################################################
[1m                           Learning iteration 414/500                           [0m 

                               Run name: hierarchical_soccer_chase_hl
                            Total steps: 20398080 
                       Steps per second: 4279 
                        Collection time: 11.255s 
                          Learning time: 0.230s 
                        Mean value loss: 4.3442
                    Mean surrogate loss: -0.0017
                      Mean entropy loss: -3.3066
                            Mean reward: 98.79
                    Mean episode length: 230.90
                        Mean action std: 0.08
         Mean episode goal_per_1k_steps: 0.4537
         Mean episode mean_dist_to_ball: 1.2724
               Mean episode goals_total: 1175.6667
--------------------------------------------------------------------------------
                         Iteration time: 11.49s
                           Time elapsed: 1:19:09
                                    ETA: 0:16:12

################################################################################
[1m                           Learning iteration 415/500                           [0m 

                               Run name: hierarchical_soccer_chase_hl
                            Total steps: 20447232 
                       Steps per second: 4273 
                        Collection time: 11.274s 
                          Learning time: 0.227s 
                        Mean value loss: 4.7785
                    Mean surrogate loss: -0.0021
                      Mean entropy loss: -3.3143
                            Mean reward: 96.26
                    Mean episode length: 211.70
                        Mean action std: 0.08
         Mean episode goal_per_1k_steps: 0.3642
         Mean episode mean_dist_to_ball: 1.1988
               Mean episode goals_total: 1178.4584
--------------------------------------------------------------------------------
                         Iteration time: 11.50s
                           Time elapsed: 1:19:21
                                    ETA: 0:16:01

################################################################################
[1m                           Learning iteration 416/500                           [0m 

                               Run name: hierarchical_soccer_chase_hl
                            Total steps: 20496384 
                       Steps per second: 4285 
                        Collection time: 11.242s 
                          Learning time: 0.227s 
                        Mean value loss: 4.5269
                    Mean surrogate loss: -0.0023
                      Mean entropy loss: -3.3057
                            Mean reward: 99.95
                    Mean episode length: 225.89
                        Mean action std: 0.08
         Mean episode goal_per_1k_steps: 0.5249
         Mean episode mean_dist_to_ball: 1.1650
               Mean episode goals_total: 1181.1667
--------------------------------------------------------------------------------
                         Iteration time: 11.47s
                           Time elapsed: 1:19:32
                                    ETA: 0:15:49

################################################################################
[1m                           Learning iteration 417/500                           [0m 

                               Run name: hierarchical_soccer_chase_hl
                            Total steps: 20545536 
                       Steps per second: 4286 
                        Collection time: 11.240s 
                          Learning time: 0.227s 
                        Mean value loss: 5.6902
                    Mean surrogate loss: -0.0031
                      Mean entropy loss: -3.3355
                            Mean reward: 98.60
                    Mean episode length: 219.69
                        Mean action std: 0.08
         Mean episode goal_per_1k_steps: 0.3764
         Mean episode mean_dist_to_ball: 1.1589
               Mean episode goals_total: 1182.7917
--------------------------------------------------------------------------------
                         Iteration time: 11.47s
                           Time elapsed: 1:19:44
                                    ETA: 0:15:38

################################################################################
[1m                           Learning iteration 418/500                           [0m 

                               Run name: hierarchical_soccer_chase_hl
                            Total steps: 20594688 
                       Steps per second: 4275 
                        Collection time: 11.268s 
                          Learning time: 0.227s 
                        Mean value loss: 4.7747
                    Mean surrogate loss: -0.0028
                      Mean entropy loss: -3.3259
                            Mean reward: 98.30
                    Mean episode length: 223.69
                        Mean action std: 0.08
         Mean episode goal_per_1k_steps: 0.5046
         Mean episode mean_dist_to_ball: 1.1735
               Mean episode goals_total: 1186.5834
--------------------------------------------------------------------------------
                         Iteration time: 11.50s
                           Time elapsed: 1:19:55
                                    ETA: 0:15:27

################################################################################
[1m                           Learning iteration 419/500                           [0m 

                               Run name: hierarchical_soccer_chase_hl
                            Total steps: 20643840 
                       Steps per second: 4297 
                        Collection time: 11.209s 
                          Learning time: 0.227s 
                        Mean value loss: 7.3545
                    Mean surrogate loss: -0.0032
                      Mean entropy loss: -3.3446
                            Mean reward: 89.43
                    Mean episode length: 216.22
                        Mean action std: 0.08
         Mean episode goal_per_1k_steps: 0.3825
         Mean episode mean_dist_to_ball: 1.1287
               Mean episode goals_total: 1190.3334
--------------------------------------------------------------------------------
                         Iteration time: 11.44s
                           Time elapsed: 1:20:07
                                    ETA: 0:15:15

################################################################################
[1m                           Learning iteration 420/500                           [0m 

                               Run name: hierarchical_soccer_chase_hl
                            Total steps: 20692992 
                       Steps per second: 4281 
                        Collection time: 11.252s 
                          Learning time: 0.228s 
                        Mean value loss: 5.4210
                    Mean surrogate loss: -0.0034
                      Mean entropy loss: -3.2999
                            Mean reward: 99.88
                    Mean episode length: 230.10
                        Mean action std: 0.08
         Mean episode goal_per_1k_steps: 0.2360
         Mean episode mean_dist_to_ball: 1.1429
               Mean episode goals_total: 1191.0000
--------------------------------------------------------------------------------
                         Iteration time: 11.48s
                           Time elapsed: 1:20:18
                                    ETA: 0:15:04

################################################################################
[1m                           Learning iteration 421/500                           [0m 

                               Run name: hierarchical_soccer_chase_hl
                            Total steps: 20742144 
                       Steps per second: 4283 
                        Collection time: 11.247s 
                          Learning time: 0.227s 
                        Mean value loss: 6.3749
                    Mean surrogate loss: -0.0030
                      Mean entropy loss: -3.3043
                            Mean reward: 90.90
                    Mean episode length: 218.16
                        Mean action std: 0.08
         Mean episode goal_per_1k_steps: 0.2116
         Mean episode mean_dist_to_ball: 1.1477
               Mean episode goals_total: 1191.7500
--------------------------------------------------------------------------------
                         Iteration time: 11.47s
                           Time elapsed: 1:20:30
                                    ETA: 0:14:52

################################################################################
[1m                           Learning iteration 422/500                           [0m 

                               Run name: hierarchical_soccer_chase_hl
                            Total steps: 20791296 
                       Steps per second: 4274 
                        Collection time: 11.271s 
                          Learning time: 0.227s 
                        Mean value loss: 5.2804
                    Mean surrogate loss: -0.0021
                      Mean entropy loss: -3.2699
                            Mean reward: 98.40
                    Mean episode length: 218.33
                        Mean action std: 0.08
         Mean episode goal_per_1k_steps: 0.3540
         Mean episode mean_dist_to_ball: 1.1402
               Mean episode goals_total: 1193.2500
--------------------------------------------------------------------------------
                         Iteration time: 11.50s
                           Time elapsed: 1:20:41
                                    ETA: 0:14:41

################################################################################
[1m                           Learning iteration 423/500                           [0m 

                               Run name: hierarchical_soccer_chase_hl
                            Total steps: 20840448 
                       Steps per second: 4284 
                        Collection time: 11.243s 
                          Learning time: 0.228s 
                        Mean value loss: 5.5391
                    Mean surrogate loss: -0.0015
                      Mean entropy loss: -3.2510
                            Mean reward: 98.50
                    Mean episode length: 222.76
                        Mean action std: 0.08
         Mean episode goal_per_1k_steps: 0.3825
         Mean episode mean_dist_to_ball: 1.1549
               Mean episode goals_total: 1196.2917
--------------------------------------------------------------------------------
                         Iteration time: 11.47s
                           Time elapsed: 1:20:52
                                    ETA: 0:14:29

################################################################################
[1m                           Learning iteration 424/500                           [0m 

                               Run name: hierarchical_soccer_chase_hl
                            Total steps: 20889600 
                       Steps per second: 4286 
                        Collection time: 11.240s 
                          Learning time: 0.228s 
                        Mean value loss: 6.5078
                    Mean surrogate loss: -0.0037
                      Mean entropy loss: -3.2692
                            Mean reward: 97.72
                    Mean episode length: 217.25
                        Mean action std: 0.08
         Mean episode goal_per_1k_steps: 0.4496
         Mean episode mean_dist_to_ball: 1.1446
               Mean episode goals_total: 1199.4167
--------------------------------------------------------------------------------
                         Iteration time: 11.47s
                           Time elapsed: 1:21:04
                                    ETA: 0:14:18

################################################################################
[1m                           Learning iteration 425/500                           [0m 

                               Run name: hierarchical_soccer_chase_hl
                            Total steps: 20938752 
                       Steps per second: 4279 
                        Collection time: 11.259s 
                          Learning time: 0.228s 
                        Mean value loss: 5.6621
                    Mean surrogate loss: -0.0026
                      Mean entropy loss: -3.2512
                            Mean reward: 95.97
                    Mean episode length: 217.56
                        Mean action std: 0.08
         Mean episode goal_per_1k_steps: 0.4232
         Mean episode mean_dist_to_ball: 1.1391
               Mean episode goals_total: 1202.2084
--------------------------------------------------------------------------------
                         Iteration time: 11.49s
                           Time elapsed: 1:21:15
                                    ETA: 0:14:06

################################################################################
[1m                           Learning iteration 426/500                           [0m 

                               Run name: hierarchical_soccer_chase_hl
                            Total steps: 20987904 
                       Steps per second: 4296 
                        Collection time: 11.213s 
                          Learning time: 0.228s 
                        Mean value loss: 5.3429
                    Mean surrogate loss: -0.0031
                      Mean entropy loss: -3.2365
                            Mean reward: 100.23
                    Mean episode length: 225.12
                        Mean action std: 0.08
         Mean episode goal_per_1k_steps: 0.4740
         Mean episode mean_dist_to_ball: 1.0942
               Mean episode goals_total: 1204.5417
--------------------------------------------------------------------------------
                         Iteration time: 11.44s
                           Time elapsed: 1:21:27
                                    ETA: 0:13:55

################################################################################
[1m                           Learning iteration 427/500                           [0m 

                               Run name: hierarchical_soccer_chase_hl
                            Total steps: 21037056 
                       Steps per second: 4281 
                        Collection time: 11.254s 
                          Learning time: 0.227s 
                        Mean value loss: 5.7916
                    Mean surrogate loss: -0.0031
                      Mean entropy loss: -3.2234
                            Mean reward: 98.53
                    Mean episode length: 219.10
                        Mean action std: 0.08
         Mean episode goal_per_1k_steps: 0.3805
         Mean episode mean_dist_to_ball: 1.1110
               Mean episode goals_total: 1208.1250
--------------------------------------------------------------------------------
                         Iteration time: 11.48s
                           Time elapsed: 1:21:38
                                    ETA: 0:13:44

################################################################################
[1m                           Learning iteration 428/500                           [0m 

                               Run name: hierarchical_soccer_chase_hl
                            Total steps: 21086208 
                       Steps per second: 4299 
                        Collection time: 11.205s 
                          Learning time: 0.228s 
                        Mean value loss: 5.8791
                    Mean surrogate loss: -0.0020
                      Mean entropy loss: -3.1965
                            Mean reward: 97.24
                    Mean episode length: 222.26
                        Mean action std: 0.08
         Mean episode goal_per_1k_steps: 0.3947
         Mean episode mean_dist_to_ball: 1.1576
               Mean episode goals_total: 1214.2917
--------------------------------------------------------------------------------
                         Iteration time: 11.43s
                           Time elapsed: 1:21:50
                                    ETA: 0:13:32

################################################################################
[1m                           Learning iteration 429/500                           [0m 

                               Run name: hierarchical_soccer_chase_hl
                            Total steps: 21135360 
                       Steps per second: 4282 
                        Collection time: 11.248s 
                          Learning time: 0.230s 
                        Mean value loss: 5.5954
                    Mean surrogate loss: -0.0025
                      Mean entropy loss: -3.2237
                            Mean reward: 100.72
                    Mean episode length: 224.73
                        Mean action std: 0.08
         Mean episode goal_per_1k_steps: 0.4435
         Mean episode mean_dist_to_ball: 1.1630
               Mean episode goals_total: 1217.4584
--------------------------------------------------------------------------------
                         Iteration time: 11.48s
                           Time elapsed: 1:22:01
                                    ETA: 0:13:21

################################################################################
[1m                           Learning iteration 430/500                           [0m 

                               Run name: hierarchical_soccer_chase_hl
                            Total steps: 21184512 
                       Steps per second: 4282 
                        Collection time: 11.246s 
                          Learning time: 0.230s 
                        Mean value loss: 4.6453
                    Mean surrogate loss: -0.0038
                      Mean entropy loss: -3.2246
                            Mean reward: 93.97
                    Mean episode length: 217.10
                        Mean action std: 0.08
         Mean episode goal_per_1k_steps: 0.4537
         Mean episode mean_dist_to_ball: 1.2309
               Mean episode goals_total: 1221.6250
--------------------------------------------------------------------------------
                         Iteration time: 11.48s
                           Time elapsed: 1:22:13
                                    ETA: 0:13:09

################################################################################
[1m                           Learning iteration 431/500                           [0m 

                               Run name: hierarchical_soccer_chase_hl
                            Total steps: 21233664 
                       Steps per second: 4281 
                        Collection time: 11.251s 
                          Learning time: 0.230s 
                        Mean value loss: 5.7984
                    Mean surrogate loss: -0.0031
                      Mean entropy loss: -3.2222
                            Mean reward: 96.73
                    Mean episode length: 220.46
                        Mean action std: 0.08
         Mean episode goal_per_1k_steps: 0.3520
         Mean episode mean_dist_to_ball: 1.1982
               Mean episode goals_total: 1225.1250
--------------------------------------------------------------------------------
                         Iteration time: 11.48s
                           Time elapsed: 1:22:24
                                    ETA: 0:12:58

################################################################################
[1m                           Learning iteration 432/500                           [0m 

                               Run name: hierarchical_soccer_chase_hl
                            Total steps: 21282816 
                       Steps per second: 4289 
                        Collection time: 11.229s 
                          Learning time: 0.230s 
                        Mean value loss: 4.3497
                    Mean surrogate loss: -0.0017
                      Mean entropy loss: -3.2247
                            Mean reward: 100.43
                    Mean episode length: 231.04
                        Mean action std: 0.08
         Mean episode goal_per_1k_steps: 0.2563
         Mean episode mean_dist_to_ball: 1.1581
               Mean episode goals_total: 1227.9584
--------------------------------------------------------------------------------
                         Iteration time: 11.46s
                           Time elapsed: 1:22:36
                                    ETA: 0:12:46

################################################################################
[1m                           Learning iteration 433/500                           [0m 

                               Run name: hierarchical_soccer_chase_hl
                            Total steps: 21331968 
                       Steps per second: 4295 
                        Collection time: 11.211s 
                          Learning time: 0.230s 
                        Mean value loss: 5.0299
                    Mean surrogate loss: -0.0028
                      Mean entropy loss: -3.1977
                            Mean reward: 99.42
                    Mean episode length: 225.13
                        Mean action std: 0.08
         Mean episode goal_per_1k_steps: 0.3316
         Mean episode mean_dist_to_ball: 1.1569
               Mean episode goals_total: 1230.1250
--------------------------------------------------------------------------------
                         Iteration time: 11.44s
                           Time elapsed: 1:22:47
                                    ETA: 0:12:35

################################################################################
[1m                           Learning iteration 434/500                           [0m 

                               Run name: hierarchical_soccer_chase_hl
                            Total steps: 21381120 
                       Steps per second: 4288 
                        Collection time: 11.231s 
                          Learning time: 0.230s 
                        Mean value loss: 6.7672
                    Mean surrogate loss: -0.0034
                      Mean entropy loss: -3.2171
                            Mean reward: 90.49
                    Mean episode length: 218.17
                        Mean action std: 0.08
         Mean episode goal_per_1k_steps: 0.2706
         Mean episode mean_dist_to_ball: 1.1237
               Mean episode goals_total: 1231.8750
--------------------------------------------------------------------------------
                         Iteration time: 11.46s
                           Time elapsed: 1:22:59
                                    ETA: 0:12:24

################################################################################
[1m                           Learning iteration 435/500                           [0m 

                               Run name: hierarchical_soccer_chase_hl
                            Total steps: 21430272 
                       Steps per second: 4295 
                        Collection time: 11.214s 
                          Learning time: 0.229s 
                        Mean value loss: 6.6733
                    Mean surrogate loss: -0.0023
                      Mean entropy loss: -3.2196
                            Mean reward: 97.21
                    Mean episode length: 221.43
                        Mean action std: 0.08
         Mean episode goal_per_1k_steps: 0.2645
         Mean episode mean_dist_to_ball: 1.0763
               Mean episode goals_total: 1232.8334
--------------------------------------------------------------------------------
                         Iteration time: 11.44s
                           Time elapsed: 1:23:10
                                    ETA: 0:12:12

################################################################################
[1m                           Learning iteration 436/500                           [0m 

                               Run name: hierarchical_soccer_chase_hl
                            Total steps: 21479424 
                       Steps per second: 4284 
                        Collection time: 11.242s 
                          Learning time: 0.229s 
                        Mean value loss: 6.0660
                    Mean surrogate loss: -0.0024
                      Mean entropy loss: -3.2503
                            Mean reward: 94.32
                    Mean episode length: 210.33
                        Mean action std: 0.08
         Mean episode goal_per_1k_steps: 0.4313
         Mean episode mean_dist_to_ball: 1.0418
               Mean episode goals_total: 1234.7500
--------------------------------------------------------------------------------
                         Iteration time: 11.47s
                           Time elapsed: 1:23:21
                                    ETA: 0:12:01

################################################################################
[1m                           Learning iteration 437/500                           [0m 

                               Run name: hierarchical_soccer_chase_hl
                            Total steps: 21528576 
                       Steps per second: 4283 
                        Collection time: 11.246s 
                          Learning time: 0.229s 
                        Mean value loss: 4.6236
                    Mean surrogate loss: -0.0035
                      Mean entropy loss: -3.2771
                            Mean reward: 101.38
                    Mean episode length: 228.56
                        Mean action std: 0.08
         Mean episode goal_per_1k_steps: 0.4191
         Mean episode mean_dist_to_ball: 1.0310
               Mean episode goals_total: 1237.7500
--------------------------------------------------------------------------------
                         Iteration time: 11.48s
                           Time elapsed: 1:23:33
                                    ETA: 0:11:49

################################################################################
[1m                           Learning iteration 438/500                           [0m 

                               Run name: hierarchical_soccer_chase_hl
                            Total steps: 21577728 
                       Steps per second: 4292 
                        Collection time: 11.218s 
                          Learning time: 0.232s 
                        Mean value loss: 4.6346
                    Mean surrogate loss: -0.0029
                      Mean entropy loss: -3.2885
                            Mean reward: 97.71
                    Mean episode length: 224.98
                        Mean action std: 0.08
         Mean episode goal_per_1k_steps: 0.3642
         Mean episode mean_dist_to_ball: 1.0434
               Mean episode goals_total: 1241.0000
--------------------------------------------------------------------------------
                         Iteration time: 11.45s
                           Time elapsed: 1:23:44
                                    ETA: 0:11:38

################################################################################
[1m                           Learning iteration 439/500                           [0m 

                               Run name: hierarchical_soccer_chase_hl
                            Total steps: 21626880 
                       Steps per second: 4274 
                        Collection time: 11.267s 
                          Learning time: 0.232s 
                        Mean value loss: 5.0361
                    Mean surrogate loss: -0.0019
                      Mean entropy loss: -3.3149
                            Mean reward: 101.51
                    Mean episode length: 228.27
                        Mean action std: 0.08
         Mean episode goal_per_1k_steps: 0.3092
         Mean episode mean_dist_to_ball: 1.0388
               Mean episode goals_total: 1242.9167
--------------------------------------------------------------------------------
                         Iteration time: 11.50s
                           Time elapsed: 1:23:56
                                    ETA: 0:11:26

################################################################################
[1m                           Learning iteration 440/500                           [0m 

                               Run name: hierarchical_soccer_chase_hl
                            Total steps: 21676032 
                       Steps per second: 4262 
                        Collection time: 11.301s 
                          Learning time: 0.232s 
                        Mean value loss: 3.4757
                    Mean surrogate loss: -0.0029
                      Mean entropy loss: -3.3080
                            Mean reward: 99.24
                    Mean episode length: 220.50
                        Mean action std: 0.08
         Mean episode goal_per_1k_steps: 0.3276
         Mean episode mean_dist_to_ball: 1.0706
               Mean episode goals_total: 1244.8334
--------------------------------------------------------------------------------
                         Iteration time: 11.53s
                           Time elapsed: 1:24:07
                                    ETA: 0:11:15

################################################################################
[1m                           Learning iteration 441/500                           [0m 

                               Run name: hierarchical_soccer_chase_hl
                            Total steps: 21725184 
                       Steps per second: 4274 
                        Collection time: 11.271s 
                          Learning time: 0.227s 
                        Mean value loss: 5.5759
                    Mean surrogate loss: -0.0024
                      Mean entropy loss: -3.3315
                            Mean reward: 99.85
                    Mean episode length: 223.26
                        Mean action std: 0.08
         Mean episode goal_per_1k_steps: 0.4985
         Mean episode mean_dist_to_ball: 1.1448
               Mean episode goals_total: 1249.5417
--------------------------------------------------------------------------------
                         Iteration time: 11.50s
                           Time elapsed: 1:24:19
                                    ETA: 0:11:03

################################################################################
[1m                           Learning iteration 442/500                           [0m 

                               Run name: hierarchical_soccer_chase_hl
                            Total steps: 21774336 
                       Steps per second: 4298 
                        Collection time: 11.208s 
                          Learning time: 0.227s 
                        Mean value loss: 5.9569
                    Mean surrogate loss: -0.0025
                      Mean entropy loss: -3.3534
                            Mean reward: 100.62
                    Mean episode length: 224.81
                        Mean action std: 0.08
         Mean episode goal_per_1k_steps: 0.5290
         Mean episode mean_dist_to_ball: 1.1758
               Mean episode goals_total: 1253.1667
--------------------------------------------------------------------------------
                         Iteration time: 11.44s
                           Time elapsed: 1:24:30
                                    ETA: 0:10:52

################################################################################
[1m                           Learning iteration 443/500                           [0m 

                               Run name: hierarchical_soccer_chase_hl
                            Total steps: 21823488 
                       Steps per second: 4298 
                        Collection time: 11.204s 
                          Learning time: 0.230s 
                        Mean value loss: 5.0917
                    Mean surrogate loss: -0.0039
                      Mean entropy loss: -3.3644
                            Mean reward: 97.29
                    Mean episode length: 223.49
                        Mean action std: 0.08
         Mean episode goal_per_1k_steps: 0.6104
         Mean episode mean_dist_to_ball: 1.1624
               Mean episode goals_total: 1257.1250
--------------------------------------------------------------------------------
                         Iteration time: 11.43s
                           Time elapsed: 1:24:42
                                    ETA: 0:10:41

################################################################################
[1m                           Learning iteration 444/500                           [0m 

                               Run name: hierarchical_soccer_chase_hl
                            Total steps: 21872640 
                       Steps per second: 4292 
                        Collection time: 11.221s 
                          Learning time: 0.230s 
                        Mean value loss: 5.3133
                    Mean surrogate loss: -0.0028
                      Mean entropy loss: -3.3734
                            Mean reward: 97.30
                    Mean episode length: 222.41
                        Mean action std: 0.08
         Mean episode goal_per_1k_steps: 0.4598
         Mean episode mean_dist_to_ball: 1.1600
               Mean episode goals_total: 1258.9584
--------------------------------------------------------------------------------
                         Iteration time: 11.45s
                           Time elapsed: 1:24:53
                                    ETA: 0:10:29

################################################################################
[1m                           Learning iteration 445/500                           [0m 

                               Run name: hierarchical_soccer_chase_hl
                            Total steps: 21921792 
                       Steps per second: 4282 
                        Collection time: 11.247s 
                          Learning time: 0.230s 
                        Mean value loss: 5.4241
                    Mean surrogate loss: -0.0034
                      Mean entropy loss: -3.3738
                            Mean reward: 98.59
                    Mean episode length: 225.97
                        Mean action std: 0.08
         Mean episode goal_per_1k_steps: 0.4862
         Mean episode mean_dist_to_ball: 1.1808
               Mean episode goals_total: 1261.6250
--------------------------------------------------------------------------------
                         Iteration time: 11.48s
                           Time elapsed: 1:25:05
                                    ETA: 0:10:18

################################################################################
[1m                           Learning iteration 446/500                           [0m 

                               Run name: hierarchical_soccer_chase_hl
                            Total steps: 21970944 
                       Steps per second: 4293 
                        Collection time: 11.221s 
                          Learning time: 0.227s 
                        Mean value loss: 5.5809
                    Mean surrogate loss: -0.0027
                      Mean entropy loss: -3.3761
                            Mean reward: 94.49
                    Mean episode length: 214.23
                        Mean action std: 0.08
         Mean episode goal_per_1k_steps: 0.3906
         Mean episode mean_dist_to_ball: 1.2058
               Mean episode goals_total: 1263.5417
--------------------------------------------------------------------------------
                         Iteration time: 11.45s
                           Time elapsed: 1:25:16
                                    ETA: 0:10:06

################################################################################
[1m                           Learning iteration 447/500                           [0m 

                               Run name: hierarchical_soccer_chase_hl
                            Total steps: 22020096 
                       Steps per second: 4282 
                        Collection time: 11.251s 
                          Learning time: 0.227s 
                        Mean value loss: 6.2949
                    Mean surrogate loss: -0.0028
                      Mean entropy loss: -3.3745
                            Mean reward: 92.06
                    Mean episode length: 213.29
                        Mean action std: 0.08
         Mean episode goal_per_1k_steps: 0.4618
         Mean episode mean_dist_to_ball: 1.1940
               Mean episode goals_total: 1266.5000
--------------------------------------------------------------------------------
                         Iteration time: 11.48s
                           Time elapsed: 1:25:28
                                    ETA: 0:09:55

################################################################################
[1m                           Learning iteration 448/500                           [0m 

                               Run name: hierarchical_soccer_chase_hl
                            Total steps: 22069248 
                       Steps per second: 4287 
                        Collection time: 11.237s 
                          Learning time: 0.227s 
                        Mean value loss: 5.8837
                    Mean surrogate loss: -0.0027
                      Mean entropy loss: -3.3563
                            Mean reward: 97.00
                    Mean episode length: 215.53
                        Mean action std: 0.08
         Mean episode goal_per_1k_steps: 0.4842
         Mean episode mean_dist_to_ball: 1.1528
               Mean episode goals_total: 1268.7084
--------------------------------------------------------------------------------
                         Iteration time: 11.46s
                           Time elapsed: 1:25:39
                                    ETA: 0:09:43

################################################################################
[1m                           Learning iteration 449/500                           [0m 

                               Run name: hierarchical_soccer_chase_hl
                            Total steps: 22118400 
                       Steps per second: 4306 
                        Collection time: 11.186s 
                          Learning time: 0.228s 
                        Mean value loss: 5.5326
                    Mean surrogate loss: -0.0026
                      Mean entropy loss: -3.3438
                            Mean reward: 101.67
                    Mean episode length: 226.44
                        Mean action std: 0.08
         Mean episode goal_per_1k_steps: 0.3560
         Mean episode mean_dist_to_ball: 1.1286
               Mean episode goals_total: 1271.7917
--------------------------------------------------------------------------------
                         Iteration time: 11.41s
                           Time elapsed: 1:25:51
                                    ETA: 0:09:32

################################################################################
[1m                           Learning iteration 450/500                           [0m 

                               Run name: hierarchical_soccer_chase_hl
                            Total steps: 22167552 
                       Steps per second: 4289 
                        Collection time: 11.232s 
                          Learning time: 0.226s 
                        Mean value loss: 9.4380
                    Mean surrogate loss: -0.0028
                      Mean entropy loss: -3.3352
                            Mean reward: 94.91
                    Mean episode length: 221.30
                        Mean action std: 0.08
         Mean episode goal_per_1k_steps: 0.3723
         Mean episode mean_dist_to_ball: 1.1371
               Mean episode goals_total: 1274.2500
--------------------------------------------------------------------------------
                         Iteration time: 11.46s
                           Time elapsed: 1:26:02
                                    ETA: 0:09:20

################################################################################
[1m                           Learning iteration 451/500                           [0m 

                               Run name: hierarchical_soccer_chase_hl
                            Total steps: 22216704 
                       Steps per second: 4299 
                        Collection time: 11.204s 
                          Learning time: 0.228s 
                        Mean value loss: 4.7753
                    Mean surrogate loss: -0.0027
                      Mean entropy loss: -3.3373
                            Mean reward: 100.14
                    Mean episode length: 226.27
                        Mean action std: 0.08
         Mean episode goal_per_1k_steps: 0.3967
         Mean episode mean_dist_to_ball: 1.1293
               Mean episode goals_total: 1275.7917
--------------------------------------------------------------------------------
                         Iteration time: 11.43s
                           Time elapsed: 1:26:13
                                    ETA: 0:09:09

################################################################################
[1m                           Learning iteration 452/500                           [0m 

                               Run name: hierarchical_soccer_chase_hl
                            Total steps: 22265856 
                       Steps per second: 4291 
                        Collection time: 11.227s 
                          Learning time: 0.227s 
                        Mean value loss: 7.0756
                    Mean surrogate loss: -0.0040
                      Mean entropy loss: -3.3215
                            Mean reward: 90.96
                    Mean episode length: 205.09
                        Mean action std: 0.08
         Mean episode goal_per_1k_steps: 0.3052
         Mean episode mean_dist_to_ball: 1.0970
               Mean episode goals_total: 1278.0417
--------------------------------------------------------------------------------
                         Iteration time: 11.45s
                           Time elapsed: 1:26:25
                                    ETA: 0:08:57

################################################################################
[1m                           Learning iteration 453/500                           [0m 

                               Run name: hierarchical_soccer_chase_hl
                            Total steps: 22315008 
                       Steps per second: 4292 
                        Collection time: 11.222s 
                          Learning time: 0.230s 
                        Mean value loss: 5.7555
                    Mean surrogate loss: -0.0035
                      Mean entropy loss: -3.3239
                            Mean reward: 103.77
                    Mean episode length: 224.85
                        Mean action std: 0.08
         Mean episode goal_per_1k_steps: 0.4720
         Mean episode mean_dist_to_ball: 1.0675
               Mean episode goals_total: 1280.4167
--------------------------------------------------------------------------------
                         Iteration time: 11.45s
                           Time elapsed: 1:26:36
                                    ETA: 0:08:46

################################################################################
[1m                           Learning iteration 454/500                           [0m 

                               Run name: hierarchical_soccer_chase_hl
                            Total steps: 22364160 
                       Steps per second: 4301 
                        Collection time: 11.198s 
                          Learning time: 0.229s 
                        Mean value loss: 5.3381
                    Mean surrogate loss: -0.0017
                      Mean entropy loss: -3.3229
                            Mean reward: 95.42
                    Mean episode length: 220.04
                        Mean action std: 0.08
         Mean episode goal_per_1k_steps: 0.5636
         Mean episode mean_dist_to_ball: 1.1057
               Mean episode goals_total: 1282.3334
--------------------------------------------------------------------------------
                         Iteration time: 11.43s
                           Time elapsed: 1:26:48
                                    ETA: 0:08:35

################################################################################
[1m                           Learning iteration 455/500                           [0m 

                               Run name: hierarchical_soccer_chase_hl
                            Total steps: 22413312 
                       Steps per second: 4299 
                        Collection time: 11.202s 
                          Learning time: 0.230s 
                        Mean value loss: 8.1856
                    Mean surrogate loss: -0.0034
                      Mean entropy loss: -3.3013
                            Mean reward: 90.42
                    Mean episode length: 208.64
                        Mean action std: 0.08
         Mean episode goal_per_1k_steps: 0.3276
         Mean episode mean_dist_to_ball: 1.1654
               Mean episode goals_total: 1284.8750
--------------------------------------------------------------------------------
                         Iteration time: 11.43s
                           Time elapsed: 1:26:59
                                    ETA: 0:08:23

################################################################################
[1m                           Learning iteration 456/500                           [0m 

                               Run name: hierarchical_soccer_chase_hl
                            Total steps: 22462464 
                       Steps per second: 4284 
                        Collection time: 11.245s 
                          Learning time: 0.227s 
                        Mean value loss: 6.4861
                    Mean surrogate loss: -0.0036
                      Mean entropy loss: -3.2658
                            Mean reward: 97.41
                    Mean episode length: 223.39
                        Mean action std: 0.08
         Mean episode goal_per_1k_steps: 0.4191
         Mean episode mean_dist_to_ball: 1.1793
               Mean episode goals_total: 1286.7917
--------------------------------------------------------------------------------
                         Iteration time: 11.47s
                           Time elapsed: 1:27:11
                                    ETA: 0:08:12

################################################################################
[1m                           Learning iteration 457/500                           [0m 

                               Run name: hierarchical_soccer_chase_hl
                            Total steps: 22511616 
                       Steps per second: 4300 
                        Collection time: 11.201s 
                          Learning time: 0.227s 
                        Mean value loss: 4.2670
                    Mean surrogate loss: -0.0027
                      Mean entropy loss: -3.2604
                            Mean reward: 97.58
                    Mean episode length: 220.15
                        Mean action std: 0.08
         Mean episode goal_per_1k_steps: 0.2380
         Mean episode mean_dist_to_ball: 1.1674
               Mean episode goals_total: 1287.9584
--------------------------------------------------------------------------------
                         Iteration time: 11.43s
                           Time elapsed: 1:27:22
                                    ETA: 0:08:00

################################################################################
[1m                           Learning iteration 458/500                           [0m 

                               Run name: hierarchical_soccer_chase_hl
                            Total steps: 22560768 
                       Steps per second: 4285 
                        Collection time: 11.238s 
                          Learning time: 0.232s 
                        Mean value loss: 5.3381
                    Mean surrogate loss: -0.0030
                      Mean entropy loss: -3.2552
                            Mean reward: 95.41
                    Mean episode length: 220.26
                        Mean action std: 0.08
         Mean episode goal_per_1k_steps: 0.3194
         Mean episode mean_dist_to_ball: 1.1426
               Mean episode goals_total: 1288.7084
--------------------------------------------------------------------------------
                         Iteration time: 11.47s
                           Time elapsed: 1:27:34
                                    ETA: 0:07:49

################################################################################
[1m                           Learning iteration 459/500                           [0m 

                               Run name: hierarchical_soccer_chase_hl
                            Total steps: 22609920 
                       Steps per second: 4261 
                        Collection time: 11.301s 
                          Learning time: 0.232s 
                        Mean value loss: 4.4467
                    Mean surrogate loss: -0.0020
                      Mean entropy loss: -3.2350
                            Mean reward: 101.26
                    Mean episode length: 230.10
                        Mean action std: 0.08
         Mean episode goal_per_1k_steps: 0.2197
         Mean episode mean_dist_to_ball: 1.0956
               Mean episode goals_total: 1289.9584
--------------------------------------------------------------------------------
                         Iteration time: 11.53s
                           Time elapsed: 1:27:45
                                    ETA: 0:07:37

################################################################################
[1m                           Learning iteration 460/500                           [0m 

                               Run name: hierarchical_soccer_chase_hl
                            Total steps: 22659072 
                       Steps per second: 4274 
                        Collection time: 11.267s 
                          Learning time: 0.232s 
                        Mean value loss: 2.9404
                    Mean surrogate loss: -0.0010
                      Mean entropy loss: -3.2346
                            Mean reward: 105.45
                    Mean episode length: 232.12
                        Mean action std: 0.08
         Mean episode goal_per_1k_steps: 0.2075
         Mean episode mean_dist_to_ball: 1.1030
               Mean episode goals_total: 1292.6250
--------------------------------------------------------------------------------
                         Iteration time: 11.50s
                           Time elapsed: 1:27:57
                                    ETA: 0:07:26

################################################################################
[1m                           Learning iteration 461/500                           [0m 

                               Run name: hierarchical_soccer_chase_hl
                            Total steps: 22708224 
                       Steps per second: 4272 
                        Collection time: 11.273s 
                          Learning time: 0.232s 
                        Mean value loss: 4.9562
                    Mean surrogate loss: -0.0030
                      Mean entropy loss: -3.2348
                            Mean reward: 96.59
                    Mean episode length: 226.79
                        Mean action std: 0.08
         Mean episode goal_per_1k_steps: 0.2218
         Mean episode mean_dist_to_ball: 1.1528
               Mean episode goals_total: 1293.0000
--------------------------------------------------------------------------------
                         Iteration time: 11.50s
                           Time elapsed: 1:28:08
                                    ETA: 0:07:14

################################################################################
[1m                           Learning iteration 462/500                           [0m 

                               Run name: hierarchical_soccer_chase_hl
                            Total steps: 22757376 
                       Steps per second: 4288 
                        Collection time: 11.232s 
                          Learning time: 0.230s 
                        Mean value loss: 4.7499
                    Mean surrogate loss: -0.0026
                      Mean entropy loss: -3.2355
                            Mean reward: 95.69
                    Mean episode length: 223.64
                        Mean action std: 0.08
         Mean episode goal_per_1k_steps: 0.3052
         Mean episode mean_dist_to_ball: 1.0799
               Mean episode goals_total: 1293.0000
--------------------------------------------------------------------------------
                         Iteration time: 11.46s
                           Time elapsed: 1:28:20
                                    ETA: 0:07:03

################################################################################
[1m                           Learning iteration 463/500                           [0m 

                               Run name: hierarchical_soccer_chase_hl
                            Total steps: 22806528 
                       Steps per second: 4286 
                        Collection time: 11.237s 
                          Learning time: 0.230s 
                        Mean value loss: 6.2794
                    Mean surrogate loss: -0.0029
                      Mean entropy loss: -3.2422
                            Mean reward: 100.72
                    Mean episode length: 231.44
                        Mean action std: 0.08
         Mean episode goal_per_1k_steps: 0.2116
         Mean episode mean_dist_to_ball: 1.0794
               Mean episode goals_total: 1293.7084
--------------------------------------------------------------------------------
                         Iteration time: 11.47s
                           Time elapsed: 1:28:31
                                    ETA: 0:06:52

################################################################################
[1m                           Learning iteration 464/500                           [0m 

                               Run name: hierarchical_soccer_chase_hl
                            Total steps: 22855680 
                       Steps per second: 4288 
                        Collection time: 11.231s 
                          Learning time: 0.230s 
                        Mean value loss: 4.0789
                    Mean surrogate loss: -0.0027
                      Mean entropy loss: -3.2541
                            Mean reward: 105.61
                    Mean episode length: 236.17
                        Mean action std: 0.08
         Mean episode goal_per_1k_steps: 0.1973
         Mean episode mean_dist_to_ball: 1.1110
               Mean episode goals_total: 1294.0417
--------------------------------------------------------------------------------
                         Iteration time: 11.46s
                           Time elapsed: 1:28:43
                                    ETA: 0:06:40

################################################################################
[1m                           Learning iteration 465/500                           [0m 

                               Run name: hierarchical_soccer_chase_hl
                            Total steps: 22904832 
                       Steps per second: 4285 
                        Collection time: 11.238s 
                          Learning time: 0.230s 
                        Mean value loss: 13.1139
                    Mean surrogate loss: 0.0035
                      Mean entropy loss: -3.2533
                            Mean reward: 95.82
                    Mean episode length: 221.59
                        Mean action std: 0.08
         Mean episode goal_per_1k_steps: 0.3255
         Mean episode mean_dist_to_ball: 1.1044
               Mean episode goals_total: 1296.0417
--------------------------------------------------------------------------------
                         Iteration time: 11.47s
                           Time elapsed: 1:28:54
                                    ETA: 0:06:29

################################################################################
[1m                           Learning iteration 466/500                           [0m 

                               Run name: hierarchical_soccer_chase_hl
                            Total steps: 22953984 
                       Steps per second: 4297 
                        Collection time: 11.206s 
                          Learning time: 0.230s 
                        Mean value loss: 4.9357
                    Mean surrogate loss: -0.0027
                      Mean entropy loss: -3.2428
                            Mean reward: 100.27
                    Mean episode length: 222.22
                        Mean action std: 0.08
         Mean episode goal_per_1k_steps: 0.2645
         Mean episode mean_dist_to_ball: 1.0940
               Mean episode goals_total: 1298.3750
--------------------------------------------------------------------------------
                         Iteration time: 11.44s
                           Time elapsed: 1:29:05
                                    ETA: 0:06:17

################################################################################
[1m                           Learning iteration 467/500                           [0m 

                               Run name: hierarchical_soccer_chase_hl
                            Total steps: 23003136 
                       Steps per second: 4280 
                        Collection time: 11.256s 
                          Learning time: 0.227s 
                        Mean value loss: 5.5389
                    Mean surrogate loss: -0.0026
                      Mean entropy loss: -3.2171
                            Mean reward: 102.29
                    Mean episode length: 230.38
                        Mean action std: 0.08
         Mean episode goal_per_1k_steps: 0.3052
         Mean episode mean_dist_to_ball: 1.1005
               Mean episode goals_total: 1299.5417
--------------------------------------------------------------------------------
                         Iteration time: 11.48s
                           Time elapsed: 1:29:17
                                    ETA: 0:06:06

################################################################################
[1m                           Learning iteration 468/500                           [0m 

                               Run name: hierarchical_soccer_chase_hl
                            Total steps: 23052288 
                       Steps per second: 4295 
                        Collection time: 11.215s 
                          Learning time: 0.227s 
                        Mean value loss: 6.1457
                    Mean surrogate loss: -0.0030
                      Mean entropy loss: -3.2117
                            Mean reward: 98.61
                    Mean episode length: 220.85
                        Mean action std: 0.08
         Mean episode goal_per_1k_steps: 0.3825
         Mean episode mean_dist_to_ball: 1.0814
               Mean episode goals_total: 1301.4167
--------------------------------------------------------------------------------
                         Iteration time: 11.44s
                           Time elapsed: 1:29:28
                                    ETA: 0:05:54

################################################################################
[1m                           Learning iteration 469/500                           [0m 

                               Run name: hierarchical_soccer_chase_hl
                            Total steps: 23101440 
                       Steps per second: 4314 
                        Collection time: 11.166s 
                          Learning time: 0.227s 
                        Mean value loss: 4.9108
                    Mean surrogate loss: -0.0009
                      Mean entropy loss: -3.2055
                            Mean reward: 101.43
                    Mean episode length: 227.34
                        Mean action std: 0.08
         Mean episode goal_per_1k_steps: 0.4985
         Mean episode mean_dist_to_ball: 1.0496
               Mean episode goals_total: 1302.0000
--------------------------------------------------------------------------------
                         Iteration time: 11.39s
                           Time elapsed: 1:29:40
                                    ETA: 0:05:43

################################################################################
[1m                           Learning iteration 470/500                           [0m 

                               Run name: hierarchical_soccer_chase_hl
                            Total steps: 23150592 
                       Steps per second: 4290 
                        Collection time: 11.226s 
                          Learning time: 0.229s 
                        Mean value loss: 6.1656
                    Mean surrogate loss: -0.0027
                      Mean entropy loss: -3.2226
                            Mean reward: 98.03
                    Mean episode length: 227.92
                        Mean action std: 0.08
         Mean episode goal_per_1k_steps: 0.2787
         Mean episode mean_dist_to_ball: 1.0602
               Mean episode goals_total: 1302.0000
--------------------------------------------------------------------------------
                         Iteration time: 11.46s
                           Time elapsed: 1:29:51
                                    ETA: 0:05:31

################################################################################
[1m                           Learning iteration 471/500                           [0m 

                               Run name: hierarchical_soccer_chase_hl
                            Total steps: 23199744 
                       Steps per second: 4269 
                        Collection time: 11.285s 
                          Learning time: 0.229s 
                        Mean value loss: 6.0046
                    Mean surrogate loss: -0.0026
                      Mean entropy loss: -3.2211
                            Mean reward: 98.04
                    Mean episode length: 223.26
                        Mean action std: 0.08
         Mean episode goal_per_1k_steps: 0.3825
         Mean episode mean_dist_to_ball: 1.1103
               Mean episode goals_total: 1303.9584
--------------------------------------------------------------------------------
                         Iteration time: 11.51s
                           Time elapsed: 1:30:03
                                    ETA: 0:05:20

################################################################################
[1m                           Learning iteration 472/500                           [0m 

                               Run name: hierarchical_soccer_chase_hl
                            Total steps: 23248896 
                       Steps per second: 4272 
                        Collection time: 11.272s 
                          Learning time: 0.232s 
                        Mean value loss: 4.4883
                    Mean surrogate loss: -0.0022
                      Mean entropy loss: -3.2196
                            Mean reward: 100.97
                    Mean episode length: 231.60
                        Mean action std: 0.08
         Mean episode goal_per_1k_steps: 0.3825
         Mean episode mean_dist_to_ball: 1.1406
               Mean episode goals_total: 1306.6250
--------------------------------------------------------------------------------
                         Iteration time: 11.50s
                           Time elapsed: 1:30:14
                                    ETA: 0:05:09

################################################################################
[1m                           Learning iteration 473/500                           [0m 

                               Run name: hierarchical_soccer_chase_hl
                            Total steps: 23298048 
                       Steps per second: 4273 
                        Collection time: 11.269s 
                          Learning time: 0.232s 
                        Mean value loss: 5.6001
                    Mean surrogate loss: -0.0024
                      Mean entropy loss: -3.2546
                            Mean reward: 98.10
                    Mean episode length: 226.68
                        Mean action std: 0.08
         Mean episode goal_per_1k_steps: 0.3337
         Mean episode mean_dist_to_ball: 1.1366
               Mean episode goals_total: 1309.0000
--------------------------------------------------------------------------------
                         Iteration time: 11.50s
                           Time elapsed: 1:30:26
                                    ETA: 0:04:57

################################################################################
[1m                           Learning iteration 474/500                           [0m 

                               Run name: hierarchical_soccer_chase_hl
                            Total steps: 23347200 
                       Steps per second: 4274 
                        Collection time: 11.267s 
                          Learning time: 0.232s 
                        Mean value loss: 6.5489
                    Mean surrogate loss: -0.0031
                      Mean entropy loss: -3.2704
                            Mean reward: 94.90
                    Mean episode length: 221.44
                        Mean action std: 0.08
         Mean episode goal_per_1k_steps: 0.3682
         Mean episode mean_dist_to_ball: 1.1551
               Mean episode goals_total: 1311.7917
--------------------------------------------------------------------------------
                         Iteration time: 11.50s
                           Time elapsed: 1:30:37
                                    ETA: 0:04:46

################################################################################
[1m                           Learning iteration 475/500                           [0m 

                               Run name: hierarchical_soccer_chase_hl
                            Total steps: 23396352 
                       Steps per second: 4285 
                        Collection time: 11.241s 
                          Learning time: 0.230s 
                        Mean value loss: 5.6721
                    Mean surrogate loss: -0.0031
                      Mean entropy loss: -3.2725
                            Mean reward: 100.50
                    Mean episode length: 230.94
                        Mean action std: 0.08
         Mean episode goal_per_1k_steps: 0.4150
         Mean episode mean_dist_to_ball: 1.1567
               Mean episode goals_total: 1313.8334
--------------------------------------------------------------------------------
                         Iteration time: 11.47s
                           Time elapsed: 1:30:49
                                    ETA: 0:04:34

################################################################################
[1m                           Learning iteration 476/500                           [0m 

                               Run name: hierarchical_soccer_chase_hl
                            Total steps: 23445504 
                       Steps per second: 4300 
                        Collection time: 11.200s 
                          Learning time: 0.230s 
                        Mean value loss: 4.6323
                    Mean surrogate loss: -0.0027
                      Mean entropy loss: -3.2932
                            Mean reward: 103.39
                    Mean episode length: 228.88
                        Mean action std: 0.08
         Mean episode goal_per_1k_steps: 0.4862
         Mean episode mean_dist_to_ball: 1.1888
               Mean episode goals_total: 1316.1250
--------------------------------------------------------------------------------
                         Iteration time: 11.43s
                           Time elapsed: 1:31:00
                                    ETA: 0:04:23

################################################################################
[1m                           Learning iteration 477/500                           [0m 

                               Run name: hierarchical_soccer_chase_hl
                            Total steps: 23494656 
                       Steps per second: 4307 
                        Collection time: 11.181s 
                          Learning time: 0.230s 
                        Mean value loss: 7.8426
                    Mean surrogate loss: -0.0043
                      Mean entropy loss: -3.3063
                            Mean reward: 98.10
                    Mean episode length: 218.87
                        Mean action std: 0.08
         Mean episode goal_per_1k_steps: 0.4354
         Mean episode mean_dist_to_ball: 1.2460
               Mean episode goals_total: 1319.7500
--------------------------------------------------------------------------------
                         Iteration time: 11.41s
                           Time elapsed: 1:31:12
                                    ETA: 0:04:11

################################################################################
[1m                           Learning iteration 478/500                           [0m 

                               Run name: hierarchical_soccer_chase_hl
                            Total steps: 23543808 
                       Steps per second: 4296 
                        Collection time: 11.210s 
                          Learning time: 0.230s 
                        Mean value loss: 4.1310
                    Mean surrogate loss: -0.0029
                      Mean entropy loss: -3.3142
                            Mean reward: 96.44
                    Mean episode length: 223.57
                        Mean action std: 0.08
         Mean episode goal_per_1k_steps: 0.3764
         Mean episode mean_dist_to_ball: 1.2404
               Mean episode goals_total: 1323.0000
--------------------------------------------------------------------------------
                         Iteration time: 11.44s
                           Time elapsed: 1:31:23
                                    ETA: 0:04:00

################################################################################
[1m                           Learning iteration 479/500                           [0m 

                               Run name: hierarchical_soccer_chase_hl
                            Total steps: 23592960 
                       Steps per second: 4308 
                        Collection time: 11.178s 
                          Learning time: 0.230s 
                        Mean value loss: 4.3489
                    Mean surrogate loss: -0.0022
                      Mean entropy loss: -3.3273
                            Mean reward: 99.81
                    Mean episode length: 223.38
                        Mean action std: 0.08
         Mean episode goal_per_1k_steps: 0.3215
         Mean episode mean_dist_to_ball: 1.2029
               Mean episode goals_total: 1325.3750
--------------------------------------------------------------------------------
                         Iteration time: 11.41s
                           Time elapsed: 1:31:34
                                    ETA: 0:03:48

################################################################################
[1m                           Learning iteration 480/500                           [0m 

                               Run name: hierarchical_soccer_chase_hl
                            Total steps: 23642112 
                       Steps per second: 4302 
                        Collection time: 11.195s 
                          Learning time: 0.230s 
                        Mean value loss: 5.0917
                    Mean surrogate loss: -0.0025
                      Mean entropy loss: -3.3406
                            Mean reward: 103.69
                    Mean episode length: 232.07
                        Mean action std: 0.08
         Mean episode goal_per_1k_steps: 0.2116
         Mean episode mean_dist_to_ball: 1.1715
               Mean episode goals_total: 1327.0000
--------------------------------------------------------------------------------
                         Iteration time: 11.43s
                           Time elapsed: 1:31:46
                                    ETA: 0:03:37

################################################################################
[1m                           Learning iteration 481/500                           [0m 

                               Run name: hierarchical_soccer_chase_hl
                            Total steps: 23691264 
                       Steps per second: 4300 
                        Collection time: 11.199s 
                          Learning time: 0.230s 
                        Mean value loss: 6.0902
                    Mean surrogate loss: -0.0033
                      Mean entropy loss: -3.3592
                            Mean reward: 94.16
                    Mean episode length: 214.70
                        Mean action std: 0.08
         Mean episode goal_per_1k_steps: 0.4232
         Mean episode mean_dist_to_ball: 1.1801
               Mean episode goals_total: 1328.5417
--------------------------------------------------------------------------------
                         Iteration time: 11.43s
                           Time elapsed: 1:31:57
                                    ETA: 0:03:26

################################################################################
[1m                           Learning iteration 482/500                           [0m 

                               Run name: hierarchical_soccer_chase_hl
                            Total steps: 23740416 
                       Steps per second: 4296 
                        Collection time: 11.209s 
                          Learning time: 0.230s 
                        Mean value loss: 6.1327
                    Mean surrogate loss: -0.0033
                      Mean entropy loss: -3.3548
                            Mean reward: 98.02
                    Mean episode length: 221.96
                        Mean action std: 0.08
         Mean episode goal_per_1k_steps: 0.3276
         Mean episode mean_dist_to_ball: 1.1997
               Mean episode goals_total: 1330.3750
--------------------------------------------------------------------------------
                         Iteration time: 11.44s
                           Time elapsed: 1:32:09
                                    ETA: 0:03:14

################################################################################
[1m                           Learning iteration 483/500                           [0m 

                               Run name: hierarchical_soccer_chase_hl
                            Total steps: 23789568 
                       Steps per second: 4293 
                        Collection time: 11.219s 
                          Learning time: 0.230s 
                        Mean value loss: 6.7526
                    Mean surrogate loss: -0.0020
                      Mean entropy loss: -3.3405
                            Mean reward: 101.58
                    Mean episode length: 234.05
                        Mean action std: 0.08
         Mean episode goal_per_1k_steps: 0.4618
         Mean episode mean_dist_to_ball: 1.1920
               Mean episode goals_total: 1334.0000
--------------------------------------------------------------------------------
                         Iteration time: 11.45s
                           Time elapsed: 1:32:20
                                    ETA: 0:03:03

################################################################################
[1m                           Learning iteration 484/500                           [0m 

                               Run name: hierarchical_soccer_chase_hl
                            Total steps: 23838720 
                       Steps per second: 4308 
                        Collection time: 11.178s 
                          Learning time: 0.230s 
                        Mean value loss: 5.4094
                    Mean surrogate loss: -0.0031
                      Mean entropy loss: -3.3261
                            Mean reward: 98.42
                    Mean episode length: 229.18
                        Mean action std: 0.08
         Mean episode goal_per_1k_steps: 0.2360
         Mean episode mean_dist_to_ball: 1.1781
               Mean episode goals_total: 1335.0417
--------------------------------------------------------------------------------
                         Iteration time: 11.41s
                           Time elapsed: 1:32:32
                                    ETA: 0:02:51

################################################################################
[1m                           Learning iteration 485/500                           [0m 

                               Run name: hierarchical_soccer_chase_hl
                            Total steps: 23887872 
                       Steps per second: 4294 
                        Collection time: 11.214s 
                          Learning time: 0.230s 
                        Mean value loss: 5.1486
                    Mean surrogate loss: -0.0020
                      Mean entropy loss: -3.3353
                            Mean reward: 102.30
                    Mean episode length: 226.59
                        Mean action std: 0.08
         Mean episode goal_per_1k_steps: 0.2909
         Mean episode mean_dist_to_ball: 1.1690
               Mean episode goals_total: 1337.4584
--------------------------------------------------------------------------------
                         Iteration time: 11.44s
                           Time elapsed: 1:32:43
                                    ETA: 0:02:40

################################################################################
[1m                           Learning iteration 486/500                           [0m 

                               Run name: hierarchical_soccer_chase_hl
                            Total steps: 23937024 
                       Steps per second: 4303 
                        Collection time: 11.194s 
                          Learning time: 0.228s 
                        Mean value loss: 5.2737
                    Mean surrogate loss: -0.0042
                      Mean entropy loss: -3.3626
                            Mean reward: 98.66
                    Mean episode length: 226.35
                        Mean action std: 0.08
         Mean episode goal_per_1k_steps: 0.3235
         Mean episode mean_dist_to_ball: 1.1692
               Mean episode goals_total: 1339.3750
--------------------------------------------------------------------------------
                         Iteration time: 11.42s
                           Time elapsed: 1:32:54
                                    ETA: 0:02:28

################################################################################
[1m                           Learning iteration 487/500                           [0m 

                               Run name: hierarchical_soccer_chase_hl
                            Total steps: 23986176 
                       Steps per second: 4313 
                        Collection time: 11.168s 
                          Learning time: 0.227s 
                        Mean value loss: 5.5708
                    Mean surrogate loss: -0.0024
                      Mean entropy loss: -3.3599
                            Mean reward: 98.51
                    Mean episode length: 233.98
                        Mean action std: 0.08
         Mean episode goal_per_1k_steps: 0.2747
         Mean episode mean_dist_to_ball: 1.1825
               Mean episode goals_total: 1340.0000
--------------------------------------------------------------------------------
                         Iteration time: 11.40s
                           Time elapsed: 1:33:06
                                    ETA: 0:02:17

################################################################################
[1m                           Learning iteration 488/500                           [0m 

                               Run name: hierarchical_soccer_chase_hl
                            Total steps: 24035328 
                       Steps per second: 4308 
                        Collection time: 11.181s 
                          Learning time: 0.227s 
                        Mean value loss: 4.6226
                    Mean surrogate loss: -0.0029
                      Mean entropy loss: -3.3572
                            Mean reward: 99.40
                    Mean episode length: 226.12
                        Mean action std: 0.08
         Mean episode goal_per_1k_steps: 0.3398
         Mean episode mean_dist_to_ball: 1.1786
               Mean episode goals_total: 1340.7084
--------------------------------------------------------------------------------
                         Iteration time: 11.41s
                           Time elapsed: 1:33:17
                                    ETA: 0:02:05

################################################################################
[1m                           Learning iteration 489/500                           [0m 

                               Run name: hierarchical_soccer_chase_hl
                            Total steps: 24084480 
                       Steps per second: 4289 
                        Collection time: 11.231s 
                          Learning time: 0.228s 
                        Mean value loss: 7.5729
                    Mean surrogate loss: -0.0033
                      Mean entropy loss: -3.3669
                            Mean reward: 96.79
                    Mean episode length: 216.41
                        Mean action std: 0.08
         Mean episode goal_per_1k_steps: 0.3560
         Mean episode mean_dist_to_ball: 1.1591
               Mean episode goals_total: 1341.9167
--------------------------------------------------------------------------------
                         Iteration time: 11.46s
                           Time elapsed: 1:33:29
                                    ETA: 0:01:54

################################################################################
[1m                           Learning iteration 490/500                           [0m 

                               Run name: hierarchical_soccer_chase_hl
                            Total steps: 24133632 
                       Steps per second: 4303 
                        Collection time: 11.194s 
                          Learning time: 0.227s 
                        Mean value loss: 5.1899
                    Mean surrogate loss: -0.0035
                      Mean entropy loss: -3.3684
                            Mean reward: 93.62
                    Mean episode length: 222.94
                        Mean action std: 0.08
         Mean episode goal_per_1k_steps: 0.4049
         Mean episode mean_dist_to_ball: 1.1821
               Mean episode goals_total: 1343.0000
--------------------------------------------------------------------------------
                         Iteration time: 11.42s
                           Time elapsed: 1:33:40
                                    ETA: 0:01:43

################################################################################
[1m                           Learning iteration 491/500                           [0m 

                               Run name: hierarchical_soccer_chase_hl
                            Total steps: 24182784 
                       Steps per second: 4300 
                        Collection time: 11.200s 
                          Learning time: 0.230s 
                        Mean value loss: 4.7924
                    Mean surrogate loss: -0.0031
                      Mean entropy loss: -3.3940
                            Mean reward: 99.29
                    Mean episode length: 224.28
                        Mean action std: 0.08
         Mean episode goal_per_1k_steps: 0.2543
         Mean episode mean_dist_to_ball: 1.1978
               Mean episode goals_total: 1343.0000
--------------------------------------------------------------------------------
                         Iteration time: 11.43s
                           Time elapsed: 1:33:51
                                    ETA: 0:01:31

################################################################################
[1m                           Learning iteration 492/500                           [0m 

                               Run name: hierarchical_soccer_chase_hl
                            Total steps: 24231936 
                       Steps per second: 4291 
                        Collection time: 11.223s 
                          Learning time: 0.230s 
                        Mean value loss: 5.8395
                    Mean surrogate loss: -0.0035
                      Mean entropy loss: -3.3709
                            Mean reward: 99.44
                    Mean episode length: 221.75
                        Mean action std: 0.08
         Mean episode goal_per_1k_steps: 0.3764
         Mean episode mean_dist_to_ball: 1.2506
               Mean episode goals_total: 1344.5000
--------------------------------------------------------------------------------
                         Iteration time: 11.45s
                           Time elapsed: 1:34:03
                                    ETA: 0:01:20

################################################################################
[1m                           Learning iteration 493/500                           [0m 

                               Run name: hierarchical_soccer_chase_hl
                            Total steps: 24281088 
                       Steps per second: 4297 
                        Collection time: 11.208s 
                          Learning time: 0.230s 
                        Mean value loss: 6.3215
                    Mean surrogate loss: -0.0033
                      Mean entropy loss: -3.3339
                            Mean reward: 97.63
                    Mean episode length: 218.85
                        Mean action std: 0.08
         Mean episode goal_per_1k_steps: 0.3560
         Mean episode mean_dist_to_ball: 1.2346
               Mean episode goals_total: 1345.7084
--------------------------------------------------------------------------------
                         Iteration time: 11.44s
                           Time elapsed: 1:34:14
                                    ETA: 0:01:08

################################################################################
[1m                           Learning iteration 494/500                           [0m 

                               Run name: hierarchical_soccer_chase_hl
                            Total steps: 24330240 
                       Steps per second: 4299 
                        Collection time: 11.202s 
                          Learning time: 0.230s 
                        Mean value loss: 3.8061
                    Mean surrogate loss: -0.0040
                      Mean entropy loss: -3.3469
                            Mean reward: 105.17
                    Mean episode length: 231.44
                        Mean action std: 0.08
         Mean episode goal_per_1k_steps: 0.2706
         Mean episode mean_dist_to_ball: 1.2269
               Mean episode goals_total: 1347.3334
--------------------------------------------------------------------------------
                         Iteration time: 11.43s
                           Time elapsed: 1:34:26
                                    ETA: 0:00:57

################################################################################
[1m                           Learning iteration 495/500                           [0m 

                               Run name: hierarchical_soccer_chase_hl
                            Total steps: 24379392 
                       Steps per second: 4301 
                        Collection time: 11.196s 
                          Learning time: 0.229s 
                        Mean value loss: 4.6741
                    Mean surrogate loss: -0.0025
                      Mean entropy loss: -3.3707
                            Mean reward: 97.50
                    Mean episode length: 216.97
                        Mean action std: 0.08
         Mean episode goal_per_1k_steps: 0.4211
         Mean episode mean_dist_to_ball: 1.2289
               Mean episode goals_total: 1348.2084
--------------------------------------------------------------------------------
                         Iteration time: 11.43s
                           Time elapsed: 1:34:37
                                    ETA: 0:00:45

################################################################################
[1m                           Learning iteration 496/500                           [0m 

                               Run name: hierarchical_soccer_chase_hl
                            Total steps: 24428544 
                       Steps per second: 4301 
                        Collection time: 11.197s 
                          Learning time: 0.229s 
                        Mean value loss: 6.0500
                    Mean surrogate loss: -0.0032
                      Mean entropy loss: -3.4115
                            Mean reward: 94.57
                    Mean episode length: 223.53
                        Mean action std: 0.08
         Mean episode goal_per_1k_steps: 0.4679
         Mean episode mean_dist_to_ball: 1.2357
               Mean episode goals_total: 1350.1667
--------------------------------------------------------------------------------
                         Iteration time: 11.43s
                           Time elapsed: 1:34:49
                                    ETA: 0:00:34

################################################################################
[1m                           Learning iteration 497/500                           [0m 

                               Run name: hierarchical_soccer_chase_hl
                            Total steps: 24477696 
                       Steps per second: 4285 
                        Collection time: 11.242s 
                          Learning time: 0.228s 
                        Mean value loss: 6.6677
                    Mean surrogate loss: -0.0029
                      Mean entropy loss: -3.4110
                            Mean reward: 96.65
                    Mean episode length: 215.31
                        Mean action std: 0.08
         Mean episode goal_per_1k_steps: 0.4903
         Mean episode mean_dist_to_ball: 1.2224
               Mean episode goals_total: 1352.3334
--------------------------------------------------------------------------------
                         Iteration time: 11.47s
                           Time elapsed: 1:35:00
                                    ETA: 0:00:22

################################################################################
[1m                           Learning iteration 498/500                           [0m 

                               Run name: hierarchical_soccer_chase_hl
                            Total steps: 24526848 
                       Steps per second: 4305 
                        Collection time: 11.188s 
                          Learning time: 0.227s 
                        Mean value loss: 6.5233
                    Mean surrogate loss: -0.0036
                      Mean entropy loss: -3.4217
                            Mean reward: 92.41
                    Mean episode length: 218.88
                        Mean action std: 0.08
         Mean episode goal_per_1k_steps: 0.4150
         Mean episode mean_dist_to_ball: 1.2004
               Mean episode goals_total: 1355.5834
--------------------------------------------------------------------------------
                         Iteration time: 11.42s
                           Time elapsed: 1:35:12
                                    ETA: 0:00:11

################################################################################
[1m                           Learning iteration 499/500                           [0m 

                               Run name: hierarchical_soccer_chase_hl
                            Total steps: 24576000 
                       Steps per second: 4315 
                        Collection time: 11.159s 
                          Learning time: 0.230s 
                        Mean value loss: 5.0190
                    Mean surrogate loss: -0.0038
                      Mean entropy loss: -3.4079
                            Mean reward: 93.07
                    Mean episode length: 219.81
                        Mean action std: 0.08
         Mean episode goal_per_1k_steps: 0.1689
         Mean episode mean_dist_to_ball: 1.1319
               Mean episode goals_total: 1358.3750
--------------------------------------------------------------------------------
                         Iteration time: 11.39s
                           Time elapsed: 1:35:23
                                    ETA: 0:00:00


=== Training complete ===
  Models saved in: runs/hierarchical_soccer_chase_hl
  Best model: runs/hierarchical_soccer_chase_hl/model_500.pt
