[38;5;226m[Genesis] [04:23:49] [WARNING] Mesh is not watertight. Falling back to convex hull for estimating inertial properties.[0m
[38;5;226m[Genesis] [04:23:49] [WARNING] Mesh is not watertight. Falling back to convex hull for estimating inertial properties.[0m
[38;5;226m[Genesis] [04:23:49] [WARNING] Mesh is not watertight. Falling back to convex hull for estimating inertial properties.[0m
[38;5;226m[Genesis] [04:23:49] [WARNING] Mesh is not watertight. Falling back to convex hull for estimating inertial properties.[0m
[hierarchical] Walk model normalizer loaded: mean=torch.Size([1, 720])
[hierarchical] Frozen walk model loaded from /workspace/booster_deploy/tasks/locomotion/models/t1_walk.pt
[hierarchical] HL obs dim=19, HL action dim=3
[hierarchical] HL dt=0.100s, decimation=5
[hierarchical] HL clip: lin=1.2 m/s, ang=1.2 rad/s
--------------------------------------------------------------------------------
Resolved observation sets: 
	 actor :  ['policy']
	 critic :  ['policy']
--------------------------------------------------------------------------------
Actor Model: MLPModel(
  (obs_normalizer): Identity()
  (distribution): GaussianDistribution()
  (mlp): MLP(
    (0): Linear(in_features=19, out_features=256, bias=True)
    (1): ELU(alpha=1.0)
    (2): Linear(in_features=256, out_features=128, bias=True)
    (3): ELU(alpha=1.0)
    (4): Linear(in_features=128, out_features=64, bias=True)
    (5): ELU(alpha=1.0)
    (6): Linear(in_features=64, out_features=3, bias=True)
  )
)
Critic Model: MLPModel(
  (obs_normalizer): Identity()
  (mlp): MLP(
    (0): Linear(in_features=19, out_features=256, bias=True)
    (1): ELU(alpha=1.0)
    (2): Linear(in_features=256, out_features=128, bias=True)
    (3): ELU(alpha=1.0)
    (4): Linear(in_features=128, out_features=64, bias=True)
    (5): ELU(alpha=1.0)
    (6): Linear(in_features=64, out_features=1, bias=True)
  )
)

============================================================
  Hierarchical Soccer Training
============================================================
  High-level obs dim:    19
  High-level action dim: 3 (vx, vy, wz)
  Low-level model:       /workspace/booster_deploy/tasks/locomotion/models/t1_walk.pt
  Decimation:            5 (HL dt = 0.100s)
  Envs:                  2048
  Max iterations:        500
  Save interval:         50
  Log dir:               runs/hierarchical_soccer_coop_hl
============================================================

Could not find git repository in /opt/venv/lib/python3.12/site-packages/rsl_rl/__init__.py. Skipping.
################################################################################
[1m                            Learning iteration 0/500                            [0m 

                               Run name: hierarchical_soccer_coop_hl
                            Total steps: 49152 
                       Steps per second: 2332 
                        Collection time: 20.379s 
                          Learning time: 0.696s 
                        Mean value loss: 94.3572
                    Mean surrogate loss: 0.0097
                      Mean entropy loss: 4.2410
                            Mean reward: -24.72
                    Mean episode length: 19.25
                        Mean action std: 0.99
         Mean episode goal_per_1k_steps: 0.0000
         Mean episode mean_dist_to_ball: 3.2842
               Mean episode goals_total: 0.0000
--------------------------------------------------------------------------------
                         Iteration time: 21.07s
                           Time elapsed: 0:00:21
                                    ETA: 2:55:16

################################################################################
[1m                            Learning iteration 1/500                            [0m 

                               Run name: hierarchical_soccer_coop_hl
                            Total steps: 98304 
                       Steps per second: 2980 
                        Collection time: 16.208s 
                          Learning time: 0.283s 
                        Mean value loss: 115.2424
                    Mean surrogate loss: 0.0018
                      Mean entropy loss: 4.2044
                            Mean reward: -25.31
                    Mean episode length: 21.65
                        Mean action std: 0.97
         Mean episode goal_per_1k_steps: 0.0000
         Mean episode mean_dist_to_ball: 3.2685
               Mean episode goals_total: 0.0000
--------------------------------------------------------------------------------
                         Iteration time: 16.49s
                           Time elapsed: 0:00:37
                                    ETA: 2:35:53

################################################################################
[1m                            Learning iteration 2/500                            [0m 

                               Run name: hierarchical_soccer_coop_hl
                            Total steps: 147456 
                       Steps per second: 2968 
                        Collection time: 16.272s 
                          Learning time: 0.287s 
                        Mean value loss: 108.0183
                    Mean surrogate loss: 0.0005
                      Mean entropy loss: 4.0922
                            Mean reward: -25.82
                    Mean episode length: 23.67
                        Mean action std: 0.93
         Mean episode goal_per_1k_steps: 0.0000
         Mean episode mean_dist_to_ball: 3.3168
               Mean episode goals_total: 0.0000
--------------------------------------------------------------------------------
                         Iteration time: 16.56s
                           Time elapsed: 0:00:54
                                    ETA: 2:29:26

################################################################################
[1m                            Learning iteration 3/500                            [0m 

                               Run name: hierarchical_soccer_coop_hl
                            Total steps: 196608 
                       Steps per second: 2986 
                        Collection time: 16.170s 
                          Learning time: 0.287s 
                        Mean value loss: 103.3263
                    Mean surrogate loss: -0.0012
                      Mean entropy loss: 3.9897
                            Mean reward: -25.75
                    Mean episode length: 23.11
                        Mean action std: 0.91
         Mean episode goal_per_1k_steps: 0.0000
         Mean episode mean_dist_to_ball: 3.3257
               Mean episode goals_total: 0.0000
--------------------------------------------------------------------------------
                         Iteration time: 16.46s
                           Time elapsed: 0:01:10
                                    ETA: 2:25:52

################################################################################
[1m                            Learning iteration 4/500                            [0m 

                               Run name: hierarchical_soccer_coop_hl
                            Total steps: 245760 
                       Steps per second: 2958 
                        Collection time: 16.328s 
                          Learning time: 0.287s 
                        Mean value loss: 98.7868
                    Mean surrogate loss: -0.0016
                      Mean entropy loss: 3.9200
                            Mean reward: -25.43
                    Mean episode length: 25.05
                        Mean action std: 0.89
         Mean episode goal_per_1k_steps: 0.0203
         Mean episode mean_dist_to_ball: 3.3708
               Mean episode goals_total: 0.0000
--------------------------------------------------------------------------------
                         Iteration time: 16.61s
                           Time elapsed: 0:01:27
                                    ETA: 2:23:52

################################################################################
[1m                            Learning iteration 5/500                            [0m 

                               Run name: hierarchical_soccer_coop_hl
                            Total steps: 294912 
                       Steps per second: 2980 
                        Collection time: 16.201s 
                          Learning time: 0.290s 
                        Mean value loss: 94.1027
                    Mean surrogate loss: -0.0024
                      Mean entropy loss: 3.8454
                            Mean reward: -23.34
                    Mean episode length: 21.84
                        Mean action std: 0.87
         Mean episode goal_per_1k_steps: 0.0203
         Mean episode mean_dist_to_ball: 3.3261
               Mean episode goals_total: 0.0000
--------------------------------------------------------------------------------
                         Iteration time: 16.49s
                           Time elapsed: 0:01:43
                                    ETA: 2:22:16

################################################################################
[1m                            Learning iteration 6/500                            [0m 

                               Run name: hierarchical_soccer_coop_hl
                            Total steps: 344064 
                       Steps per second: 2984 
                        Collection time: 16.182s 
                          Learning time: 0.288s 
                        Mean value loss: 79.1088
                    Mean surrogate loss: -0.0027
                      Mean entropy loss: 3.7535
                            Mean reward: -22.72
                    Mean episode length: 24.19
                        Mean action std: 0.85
         Mean episode goal_per_1k_steps: 0.0000
         Mean episode mean_dist_to_ball: 3.3649
               Mean episode goals_total: 0.0000
--------------------------------------------------------------------------------
                         Iteration time: 16.47s
                           Time elapsed: 0:02:00
                                    ETA: 2:21:02

################################################################################
[1m                            Learning iteration 7/500                            [0m 

                               Run name: hierarchical_soccer_coop_hl
                            Total steps: 393216 
                       Steps per second: 2972 
                        Collection time: 16.251s 
                          Learning time: 0.284s 
                        Mean value loss: 78.9858
                    Mean surrogate loss: -0.0030
                      Mean entropy loss: 3.6983
                            Mean reward: -22.53
                    Mean episode length: 26.32
                        Mean action std: 0.83
         Mean episode goal_per_1k_steps: 0.0000
         Mean episode mean_dist_to_ball: 3.3350
               Mean episode goals_total: 0.0000
--------------------------------------------------------------------------------
                         Iteration time: 16.53s
                           Time elapsed: 0:02:16
                                    ETA: 2:20:06

################################################################################
[1m                            Learning iteration 8/500                            [0m 

                               Run name: hierarchical_soccer_coop_hl
                            Total steps: 442368 
                       Steps per second: 3011 
                        Collection time: 16.030s 
                          Learning time: 0.291s 
                        Mean value loss: 68.4722
                    Mean surrogate loss: -0.0035
                      Mean entropy loss: 3.6141
                            Mean reward: -21.60
                    Mean episode length: 26.73
                        Mean action std: 0.81
         Mean episode goal_per_1k_steps: 0.0000
         Mean episode mean_dist_to_ball: 3.3428
               Mean episode goals_total: 0.0000
--------------------------------------------------------------------------------
                         Iteration time: 16.32s
                           Time elapsed: 0:02:33
                                    ETA: 2:19:07

################################################################################
[1m                            Learning iteration 9/500                            [0m 

                               Run name: hierarchical_soccer_coop_hl
                            Total steps: 491520 
                       Steps per second: 2994 
                        Collection time: 16.127s 
                          Learning time: 0.289s 
                        Mean value loss: 65.1886
                    Mean surrogate loss: -0.0035
                      Mean entropy loss: 3.5384
                            Mean reward: -23.13
                    Mean episode length: 27.16
                        Mean action std: 0.79
         Mean episode goal_per_1k_steps: 0.0407
         Mean episode mean_dist_to_ball: 3.3440
               Mean episode goals_total: 0.8750
--------------------------------------------------------------------------------
                         Iteration time: 16.42s
                           Time elapsed: 0:02:49
                                    ETA: 2:18:22

################################################################################
[1m                           Learning iteration 10/500                            [0m 

                               Run name: hierarchical_soccer_coop_hl
                            Total steps: 540672 
                       Steps per second: 3914 
                        Collection time: 12.324s 
                          Learning time: 0.232s 
                        Mean value loss: 55.4045
                    Mean surrogate loss: -0.0023
                      Mean entropy loss: 3.4802
                            Mean reward: -19.63
                    Mean episode length: 25.20
                        Mean action std: 0.77
         Mean episode goal_per_1k_steps: 0.0000
         Mean episode mean_dist_to_ball: 3.3512
               Mean episode goals_total: 1.0000
--------------------------------------------------------------------------------
                         Iteration time: 12.56s
                           Time elapsed: 0:03:01
                                    ETA: 2:14:50

################################################################################
[1m                           Learning iteration 11/500                            [0m 

                               Run name: hierarchical_soccer_coop_hl
                            Total steps: 589824 
                       Steps per second: 4500 
                        Collection time: 10.689s 
                          Learning time: 0.232s 
                        Mean value loss: 52.9590
                    Mean surrogate loss: -0.0030
                      Mean entropy loss: 3.4153
                            Mean reward: -19.95
                    Mean episode length: 27.62
                        Mean action std: 0.76
         Mean episode goal_per_1k_steps: 0.0000
         Mean episode mean_dist_to_ball: 3.3427
               Mean episode goals_total: 1.0000
--------------------------------------------------------------------------------
                         Iteration time: 10.92s
                           Time elapsed: 0:03:12
                                    ETA: 2:10:44

################################################################################
[1m                           Learning iteration 12/500                            [0m 

                               Run name: hierarchical_soccer_coop_hl
                            Total steps: 638976 
                       Steps per second: 4521 
                        Collection time: 10.640s 
                          Learning time: 0.230s 
                        Mean value loss: 46.4486
                    Mean surrogate loss: -0.0030
                      Mean entropy loss: 3.3522
                            Mean reward: -19.64
                    Mean episode length: 28.90
                        Mean action std: 0.74
         Mean episode goal_per_1k_steps: 0.0203
         Mean episode mean_dist_to_ball: 3.3746
               Mean episode goals_total: 1.0000
--------------------------------------------------------------------------------
                         Iteration time: 10.87s
                           Time elapsed: 0:03:23
                                    ETA: 2:07:13

################################################################################
[1m                           Learning iteration 13/500                            [0m 

                               Run name: hierarchical_soccer_coop_hl
                            Total steps: 688128 
                       Steps per second: 4567 
                        Collection time: 10.530s 
                          Learning time: 0.230s 
                        Mean value loss: 45.4070
                    Mean surrogate loss: -0.0037
                      Mean entropy loss: 3.2802
                            Mean reward: -18.74
                    Mean episode length: 30.74
                        Mean action std: 0.73
         Mean episode goal_per_1k_steps: 0.0000
         Mean episode mean_dist_to_ball: 3.3231
               Mean episode goals_total: 1.0000
--------------------------------------------------------------------------------
                         Iteration time: 10.76s
                           Time elapsed: 0:03:34
                                    ETA: 2:04:07

################################################################################
[1m                           Learning iteration 14/500                            [0m 

                               Run name: hierarchical_soccer_coop_hl
                            Total steps: 737280 
                       Steps per second: 4541 
                        Collection time: 10.594s 
                          Learning time: 0.230s 
                        Mean value loss: 40.0312
                    Mean surrogate loss: -0.0032
                      Mean entropy loss: 3.2128
                            Mean reward: -20.18
                    Mean episode length: 33.84
                        Mean action std: 0.71
         Mean episode goal_per_1k_steps: 0.0224
         Mean episode mean_dist_to_ball: 3.2952
               Mean episode goals_total: 1.8750
--------------------------------------------------------------------------------
                         Iteration time: 10.82s
                           Time elapsed: 0:03:45
                                    ETA: 2:01:26

################################################################################
[1m                           Learning iteration 15/500                            [0m 

                               Run name: hierarchical_soccer_coop_hl
                            Total steps: 786432 
                       Steps per second: 4549 
                        Collection time: 10.574s 
                          Learning time: 0.230s 
                        Mean value loss: 39.7116
                    Mean surrogate loss: -0.0039
                      Mean entropy loss: 3.1590
                            Mean reward: -20.64
                    Mean episode length: 33.42
                        Mean action std: 0.70
         Mean episode goal_per_1k_steps: 0.0285
         Mean episode mean_dist_to_ball: 3.2598
               Mean episode goals_total: 2.0000
--------------------------------------------------------------------------------
                         Iteration time: 10.80s
                           Time elapsed: 0:03:56
                                    ETA: 1:59:04

################################################################################
[1m                           Learning iteration 16/500                            [0m 

                               Run name: hierarchical_soccer_coop_hl
                            Total steps: 835584 
                       Steps per second: 4564 
                        Collection time: 10.541s 
                          Learning time: 0.227s 
                        Mean value loss: 32.4179
                    Mean surrogate loss: -0.0030
                      Mean entropy loss: 3.0917
                            Mean reward: -16.16
                    Mean episode length: 29.56
                        Mean action std: 0.68
         Mean episode goal_per_1k_steps: 0.0468
         Mean episode mean_dist_to_ball: 3.2580
               Mean episode goals_total: 2.3750
--------------------------------------------------------------------------------
                         Iteration time: 10.77s
                           Time elapsed: 0:04:06
                                    ETA: 1:56:55

################################################################################
[1m                           Learning iteration 17/500                            [0m 

                               Run name: hierarchical_soccer_coop_hl
                            Total steps: 884736 
                       Steps per second: 4512 
                        Collection time: 10.664s 
                          Learning time: 0.229s 
                        Mean value loss: 31.8412
                    Mean surrogate loss: -0.0025
                      Mean entropy loss: 3.0262
                            Mean reward: -18.64
                    Mean episode length: 35.76
                        Mean action std: 0.67
         Mean episode goal_per_1k_steps: 0.0448
         Mean episode mean_dist_to_ball: 3.2434
               Mean episode goals_total: 4.0833
--------------------------------------------------------------------------------
                         Iteration time: 10.89s
                           Time elapsed: 0:04:17
                                    ETA: 1:55:04

################################################################################
[1m                           Learning iteration 18/500                            [0m 

                               Run name: hierarchical_soccer_coop_hl
                            Total steps: 933888 
                       Steps per second: 4571 
                        Collection time: 10.524s 
                          Learning time: 0.227s 
                        Mean value loss: 27.5147
                    Mean surrogate loss: -0.0017
                      Mean entropy loss: 2.9859
                            Mean reward: -16.58
                    Mean episode length: 33.42
                        Mean action std: 0.66
         Mean episode goal_per_1k_steps: 0.0000
         Mean episode mean_dist_to_ball: 3.1948
               Mean episode goals_total: 5.0000
--------------------------------------------------------------------------------
                         Iteration time: 10.75s
                           Time elapsed: 0:04:28
                                    ETA: 1:53:19

################################################################################
[1m                           Learning iteration 19/500                            [0m 

                               Run name: hierarchical_soccer_coop_hl
                            Total steps: 983040 
                       Steps per second: 4559 
                        Collection time: 10.553s 
                          Learning time: 0.228s 
                        Mean value loss: 27.9404
                    Mean surrogate loss: -0.0028
                      Mean entropy loss: 2.9275
                            Mean reward: -14.64
                    Mean episode length: 40.64
                        Mean action std: 0.65
         Mean episode goal_per_1k_steps: 0.0224
         Mean episode mean_dist_to_ball: 3.2474
               Mean episode goals_total: 5.0417
--------------------------------------------------------------------------------
                         Iteration time: 10.78s
                           Time elapsed: 0:04:39
                                    ETA: 1:51:44

################################################################################
[1m                           Learning iteration 20/500                            [0m 

                               Run name: hierarchical_soccer_coop_hl
                            Total steps: 1032192 
                       Steps per second: 4555 
                        Collection time: 10.560s 
                          Learning time: 0.229s 
                        Mean value loss: 26.7064
                    Mean surrogate loss: -0.0007
                      Mean entropy loss: 2.8849
                            Mean reward: -14.67
                    Mean episode length: 33.04
                        Mean action std: 0.64
         Mean episode goal_per_1k_steps: 0.0387
         Mean episode mean_dist_to_ball: 3.2982
               Mean episode goals_total: 6.0000
--------------------------------------------------------------------------------
                         Iteration time: 10.79s
                           Time elapsed: 0:04:50
                                    ETA: 1:50:18

################################################################################
[1m                           Learning iteration 21/500                            [0m 

                               Run name: hierarchical_soccer_coop_hl
                            Total steps: 1081344 
                       Steps per second: 4571 
                        Collection time: 10.521s 
                          Learning time: 0.230s 
                        Mean value loss: 24.6128
                    Mean surrogate loss: -0.0024
                      Mean entropy loss: 2.8320
                            Mean reward: -10.93
                    Mean episode length: 44.23
                        Mean action std: 0.63
         Mean episode goal_per_1k_steps: 0.0183
         Mean episode mean_dist_to_ball: 3.2270
               Mean episode goals_total: 6.0000
--------------------------------------------------------------------------------
                         Iteration time: 10.75s
                           Time elapsed: 0:05:00
                                    ETA: 1:48:57

################################################################################
[1m                           Learning iteration 22/500                            [0m 

                               Run name: hierarchical_soccer_coop_hl
                            Total steps: 1130496 
                       Steps per second: 4565 
                        Collection time: 10.536s 
                          Learning time: 0.230s 
                        Mean value loss: 21.7938
                    Mean surrogate loss: -0.0024
                      Mean entropy loss: 2.7635
                            Mean reward: -14.72
                    Mean episode length: 39.60
                        Mean action std: 0.61
         Mean episode goal_per_1k_steps: 0.0081
         Mean episode mean_dist_to_ball: 3.1975
               Mean episode goals_total: 6.1250
--------------------------------------------------------------------------------
                         Iteration time: 10.77s
                           Time elapsed: 0:05:11
                                    ETA: 1:47:43

################################################################################
[1m                           Learning iteration 23/500                            [0m 

                               Run name: hierarchical_soccer_coop_hl
                            Total steps: 1179648 
                       Steps per second: 4574 
                        Collection time: 10.516s 
                          Learning time: 0.230s 
                        Mean value loss: 24.0490
                    Mean surrogate loss: -0.0033
                      Mean entropy loss: 2.6966
                            Mean reward: -12.19
                    Mean episode length: 44.68
                        Mean action std: 0.60
         Mean episode goal_per_1k_steps: 0.0346
         Mean episode mean_dist_to_ball: 3.2564
               Mean episode goals_total: 7.0000
--------------------------------------------------------------------------------
                         Iteration time: 10.75s
                           Time elapsed: 0:05:22
                                    ETA: 1:46:34

################################################################################
[1m                           Learning iteration 24/500                            [0m 

                               Run name: hierarchical_soccer_coop_hl
                            Total steps: 1228800 
                       Steps per second: 4514 
                        Collection time: 10.656s 
                          Learning time: 0.230s 
                        Mean value loss: 21.9636
                    Mean surrogate loss: -0.0034
                      Mean entropy loss: 2.6421
                            Mean reward: -13.92
                    Mean episode length: 40.91
                        Mean action std: 0.59
         Mean episode goal_per_1k_steps: 0.0854
         Mean episode mean_dist_to_ball: 3.2061
               Mean episode goals_total: 8.3750
--------------------------------------------------------------------------------
                         Iteration time: 10.89s
                           Time elapsed: 0:05:33
                                    ETA: 1:45:32

################################################################################
[1m                           Learning iteration 25/500                            [0m 

                               Run name: hierarchical_soccer_coop_hl
                            Total steps: 1277952 
                       Steps per second: 4592 
                        Collection time: 10.473s 
                          Learning time: 0.230s 
                        Mean value loss: 21.0972
                    Mean surrogate loss: -0.0031
                      Mean entropy loss: 2.5862
                            Mean reward: -10.43
                    Mean episode length: 40.75
                        Mean action std: 0.58
         Mean episode goal_per_1k_steps: 0.0671
         Mean episode mean_dist_to_ball: 3.1983
               Mean episode goals_total: 10.0000
--------------------------------------------------------------------------------
                         Iteration time: 10.70s
                           Time elapsed: 0:05:44
                                    ETA: 1:44:31

################################################################################
[1m                           Learning iteration 26/500                            [0m 

                               Run name: hierarchical_soccer_coop_hl
                            Total steps: 1327104 
                       Steps per second: 4584 
                        Collection time: 10.492s 
                          Learning time: 0.230s 
                        Mean value loss: 21.1278
                    Mean surrogate loss: 0.0002
                      Mean entropy loss: 2.5388
                            Mean reward: -8.83
                    Mean episode length: 52.28
                        Mean action std: 0.57
         Mean episode goal_per_1k_steps: 0.1241
         Mean episode mean_dist_to_ball: 3.1980
               Mean episode goals_total: 10.3750
--------------------------------------------------------------------------------
                         Iteration time: 10.72s
                           Time elapsed: 0:05:54
                                    ETA: 1:43:34

################################################################################
[1m                           Learning iteration 27/500                            [0m 

                               Run name: hierarchical_soccer_coop_hl
                            Total steps: 1376256 
                       Steps per second: 4576 
                        Collection time: 10.513s 
                          Learning time: 0.227s 
                        Mean value loss: 20.9999
                    Mean surrogate loss: -0.0034
                      Mean entropy loss: 2.4868
                            Mean reward: -12.60
                    Mean episode length: 47.52
                        Mean action std: 0.56
         Mean episode goal_per_1k_steps: 0.2035
         Mean episode mean_dist_to_ball: 3.2379
               Mean episode goals_total: 12.2083
--------------------------------------------------------------------------------
                         Iteration time: 10.74s
                           Time elapsed: 0:06:05
                                    ETA: 1:42:40

################################################################################
[1m                           Learning iteration 28/500                            [0m 

                               Run name: hierarchical_soccer_coop_hl
                            Total steps: 1425408 
                       Steps per second: 4585 
                        Collection time: 10.493s 
                          Learning time: 0.227s 
                        Mean value loss: 18.2563
                    Mean surrogate loss: -0.0052
                      Mean entropy loss: 2.4201
                            Mean reward: -10.19
                    Mean episode length: 43.00
                        Mean action std: 0.55
         Mean episode goal_per_1k_steps: 0.0977
         Mean episode mean_dist_to_ball: 3.2061
               Mean episode goals_total: 15.4167
--------------------------------------------------------------------------------
                         Iteration time: 10.72s
                           Time elapsed: 0:06:16
                                    ETA: 1:41:49

################################################################################
[1m                           Learning iteration 29/500                            [0m 

                               Run name: hierarchical_soccer_coop_hl
                            Total steps: 1474560 
                       Steps per second: 4572 
                        Collection time: 10.523s 
                          Learning time: 0.228s 
                        Mean value loss: 19.2221
                    Mean surrogate loss: -0.0046
                      Mean entropy loss: 2.3528
                            Mean reward: -11.66
                    Mean episode length: 50.43
                        Mean action std: 0.54
         Mean episode goal_per_1k_steps: 0.2035
         Mean episode mean_dist_to_ball: 3.1905
               Mean episode goals_total: 16.0417
--------------------------------------------------------------------------------
                         Iteration time: 10.75s
                           Time elapsed: 0:06:26
                                    ETA: 1:41:01

################################################################################
[1m                           Learning iteration 30/500                            [0m 

                               Run name: hierarchical_soccer_coop_hl
                            Total steps: 1523712 
                       Steps per second: 4599 
                        Collection time: 10.458s 
                          Learning time: 0.227s 
                        Mean value loss: 17.0738
                    Mean surrogate loss: -0.0027
                      Mean entropy loss: 2.3110
                            Mean reward: -10.80
                    Mean episode length: 49.84
                        Mean action std: 0.53
         Mean episode goal_per_1k_steps: 0.1750
         Mean episode mean_dist_to_ball: 3.1574
               Mean episode goals_total: 17.8333
--------------------------------------------------------------------------------
                         Iteration time: 10.69s
                           Time elapsed: 0:06:37
                                    ETA: 1:40:15

################################################################################
[1m                           Learning iteration 31/500                            [0m 

                               Run name: hierarchical_soccer_coop_hl
                            Total steps: 1572864 
                       Steps per second: 4584 
                        Collection time: 10.490s 
                          Learning time: 0.231s 
                        Mean value loss: 16.6160
                    Mean surrogate loss: -0.0040
                      Mean entropy loss: 2.2428
                            Mean reward: -7.45
                    Mean episode length: 54.26
                        Mean action std: 0.51
         Mean episode goal_per_1k_steps: 0.1729
         Mean episode mean_dist_to_ball: 3.2211
               Mean episode goals_total: 20.5417
--------------------------------------------------------------------------------
                         Iteration time: 10.72s
                           Time elapsed: 0:06:48
                                    ETA: 1:39:32

################################################################################
[1m                           Learning iteration 32/500                            [0m 

                               Run name: hierarchical_soccer_coop_hl
                            Total steps: 1622016 
                       Steps per second: 4619 
                        Collection time: 10.411s 
                          Learning time: 0.229s 
                        Mean value loss: 14.3129
                    Mean surrogate loss: -0.0044
                      Mean entropy loss: 2.1688
                            Mean reward: -4.50
                    Mean episode length: 70.66
                        Mean action std: 0.50
         Mean episode goal_per_1k_steps: 0.2909
         Mean episode mean_dist_to_ball: 3.3314
               Mean episode goals_total: 25.8333
--------------------------------------------------------------------------------
                         Iteration time: 10.64s
                           Time elapsed: 0:06:58
                                    ETA: 1:38:49

################################################################################
[1m                           Learning iteration 33/500                            [0m 

                               Run name: hierarchical_soccer_coop_hl
                            Total steps: 1671168 
                       Steps per second: 4601 
                        Collection time: 10.451s 
                          Learning time: 0.230s 
                        Mean value loss: 15.4505
                    Mean surrogate loss: -0.0027
                      Mean entropy loss: 2.0767
                            Mean reward: -6.19
                    Mean episode length: 62.54
                        Mean action std: 0.48
         Mean episode goal_per_1k_steps: 0.1485
         Mean episode mean_dist_to_ball: 3.4150
               Mean episode goals_total: 26.7083
--------------------------------------------------------------------------------
                         Iteration time: 10.68s
                           Time elapsed: 0:07:09
                                    ETA: 1:38:08

################################################################################
[1m                           Learning iteration 34/500                            [0m 

                               Run name: hierarchical_soccer_coop_hl
                            Total steps: 1720320 
                       Steps per second: 4590 
                        Collection time: 10.479s 
                          Learning time: 0.230s 
                        Mean value loss: 15.1814
                    Mean surrogate loss: -0.0021
                      Mean entropy loss: 1.9806
                            Mean reward: -4.57
                    Mean episode length: 75.44
                        Mean action std: 0.47
         Mean episode goal_per_1k_steps: 0.2502
         Mean episode mean_dist_to_ball: 3.4971
               Mean episode goals_total: 29.7083
--------------------------------------------------------------------------------
                         Iteration time: 10.71s
                           Time elapsed: 0:07:20
                                    ETA: 1:37:30

################################################################################
[1m                           Learning iteration 35/500                            [0m 

                               Run name: hierarchical_soccer_coop_hl
                            Total steps: 1769472 
                       Steps per second: 4588 
                        Collection time: 10.481s 
                          Learning time: 0.230s 
                        Mean value loss: 15.5475
                    Mean surrogate loss: -0.0043
                      Mean entropy loss: 1.9049
                            Mean reward: 0.59
                    Mean episode length: 82.59
                        Mean action std: 0.46
         Mean episode goal_per_1k_steps: 0.1953
         Mean episode mean_dist_to_ball: 3.3995
               Mean episode goals_total: 33.6667
--------------------------------------------------------------------------------
                         Iteration time: 10.71s
                           Time elapsed: 0:07:31
                                    ETA: 1:36:53

################################################################################
[1m                           Learning iteration 36/500                            [0m 

                               Run name: hierarchical_soccer_coop_hl
                            Total steps: 1818624 
                       Steps per second: 4602 
                        Collection time: 10.448s 
                          Learning time: 0.231s 
                        Mean value loss: 14.5557
                    Mean surrogate loss: -0.0029
                      Mean entropy loss: 1.8292
                            Mean reward: 3.49
                    Mean episode length: 97.79
                        Mean action std: 0.45
         Mean episode goal_per_1k_steps: 0.3743
         Mean episode mean_dist_to_ball: 3.3756
               Mean episode goals_total: 39.9167
--------------------------------------------------------------------------------
                         Iteration time: 10.68s
                           Time elapsed: 0:07:41
                                    ETA: 1:36:18

################################################################################
[1m                           Learning iteration 37/500                            [0m 

                               Run name: hierarchical_soccer_coop_hl
                            Total steps: 1867776 
                       Steps per second: 4605 
                        Collection time: 10.443s 
                          Learning time: 0.230s 
                        Mean value loss: 13.4727
                    Mean surrogate loss: -0.0030
                      Mean entropy loss: 1.7655
                            Mean reward: 9.01
                    Mean episode length: 111.75
                        Mean action std: 0.44
         Mean episode goal_per_1k_steps: 0.2726
         Mean episode mean_dist_to_ball: 3.3588
               Mean episode goals_total: 44.1667
--------------------------------------------------------------------------------
                         Iteration time: 10.67s
                           Time elapsed: 0:07:52
                                    ETA: 1:35:43

################################################################################
[1m                           Learning iteration 38/500                            [0m 

                               Run name: hierarchical_soccer_coop_hl
                            Total steps: 1916928 
                       Steps per second: 4614 
                        Collection time: 10.421s 
                          Learning time: 0.230s 
                        Mean value loss: 13.2033
                    Mean surrogate loss: -0.0036
                      Mean entropy loss: 1.7001
                            Mean reward: 11.21
                    Mean episode length: 116.29
                        Mean action std: 0.43
         Mean episode goal_per_1k_steps: 0.3621
         Mean episode mean_dist_to_ball: 3.3882
               Mean episode goals_total: 47.7083
--------------------------------------------------------------------------------
                         Iteration time: 10.65s
                           Time elapsed: 0:08:03
                                    ETA: 1:35:10

################################################################################
[1m                           Learning iteration 39/500                            [0m 

                               Run name: hierarchical_soccer_coop_hl
                            Total steps: 1966080 
                       Steps per second: 4612 
                        Collection time: 10.425s 
                          Learning time: 0.230s 
                        Mean value loss: 12.8916
                    Mean surrogate loss: -0.0030
                      Mean entropy loss: 1.6514
                            Mean reward: 7.20
                    Mean episode length: 114.83
                        Mean action std: 0.42
         Mean episode goal_per_1k_steps: 0.3845
         Mean episode mean_dist_to_ball: 3.4908
               Mean episode goals_total: 53.4583
--------------------------------------------------------------------------------
                         Iteration time: 10.66s
                           Time elapsed: 0:08:13
                                    ETA: 1:34:38

################################################################################
[1m                           Learning iteration 40/500                            [0m 

                               Run name: hierarchical_soccer_coop_hl
                            Total steps: 2015232 
                       Steps per second: 4591 
                        Collection time: 10.474s 
                          Learning time: 0.231s 
                        Mean value loss: 13.1093
                    Mean surrogate loss: -0.0004
                      Mean entropy loss: 1.5994
                            Mean reward: 17.97
                    Mean episode length: 134.51
                        Mean action std: 0.41
         Mean episode goal_per_1k_steps: 0.3153
         Mean episode mean_dist_to_ball: 3.5546
               Mean episode goals_total: 57.4583
--------------------------------------------------------------------------------
                         Iteration time: 10.70s
                           Time elapsed: 0:08:24
                                    ETA: 1:34:07

################################################################################
[1m                           Learning iteration 41/500                            [0m 

                               Run name: hierarchical_soccer_coop_hl
                            Total steps: 2064384 
                       Steps per second: 4603 
                        Collection time: 10.447s 
                          Learning time: 0.230s 
                        Mean value loss: 12.7696
                    Mean surrogate loss: -0.0029
                      Mean entropy loss: 1.5231
                            Mean reward: 13.71
                    Mean episode length: 138.80
                        Mean action std: 0.40
         Mean episode goal_per_1k_steps: 0.4679
         Mean episode mean_dist_to_ball: 3.5476
               Mean episode goals_total: 61.7083
--------------------------------------------------------------------------------
                         Iteration time: 10.68s
                           Time elapsed: 0:08:35
                                    ETA: 1:33:37

################################################################################
[1m                           Learning iteration 42/500                            [0m 

                               Run name: hierarchical_soccer_coop_hl
                            Total steps: 2113536 
                       Steps per second: 4606 
                        Collection time: 10.439s 
                          Learning time: 0.230s 
                        Mean value loss: 12.3497
                    Mean surrogate loss: -0.0036
                      Mean entropy loss: 1.4372
                            Mean reward: 20.87
                    Mean episode length: 157.31
                        Mean action std: 0.39
         Mean episode goal_per_1k_steps: 0.2889
         Mean episode mean_dist_to_ball: 3.5207
               Mean episode goals_total: 65.2083
--------------------------------------------------------------------------------
                         Iteration time: 10.67s
                           Time elapsed: 0:08:45
                                    ETA: 1:33:08

################################################################################
[1m                           Learning iteration 43/500                            [0m 

                               Run name: hierarchical_soccer_coop_hl
                            Total steps: 2162688 
                       Steps per second: 4600 
                        Collection time: 10.455s 
                          Learning time: 0.230s 
                        Mean value loss: 12.2666
                    Mean surrogate loss: -0.0030
                      Mean entropy loss: 1.3759
                            Mean reward: 26.71
                    Mean episode length: 155.51
                        Mean action std: 0.39
         Mean episode goal_per_1k_steps: 0.4171
         Mean episode mean_dist_to_ball: 3.4543
               Mean episode goals_total: 70.2917
--------------------------------------------------------------------------------
                         Iteration time: 10.68s
                           Time elapsed: 0:08:56
                                    ETA: 1:32:39

################################################################################
[1m                           Learning iteration 44/500                            [0m 

                               Run name: hierarchical_soccer_coop_hl
                            Total steps: 2211840 
                       Steps per second: 4603 
                        Collection time: 10.447s 
                          Learning time: 0.230s 
                        Mean value loss: 11.4385
                    Mean surrogate loss: -0.0024
                      Mean entropy loss: 1.3216
                            Mean reward: 24.94
                    Mean episode length: 133.39
                        Mean action std: 0.38
         Mean episode goal_per_1k_steps: 0.5697
         Mean episode mean_dist_to_ball: 3.3511
               Mean episode goals_total: 77.7083
--------------------------------------------------------------------------------
                         Iteration time: 10.68s
                           Time elapsed: 0:09:07
                                    ETA: 1:32:12

################################################################################
[1m                           Learning iteration 45/500                            [0m 

                               Run name: hierarchical_soccer_coop_hl
                            Total steps: 2260992 
                       Steps per second: 4602 
                        Collection time: 10.449s 
                          Learning time: 0.230s 
                        Mean value loss: 13.5802
                    Mean surrogate loss: 0.0004
                      Mean entropy loss: 1.2585
                            Mean reward: 24.22
                    Mean episode length: 155.34
                        Mean action std: 0.37
         Mean episode goal_per_1k_steps: 0.4130
         Mean episode mean_dist_to_ball: 3.3591
               Mean episode goals_total: 85.2917
--------------------------------------------------------------------------------
                         Iteration time: 10.68s
                           Time elapsed: 0:09:17
                                    ETA: 1:31:45

################################################################################
[1m                           Learning iteration 46/500                            [0m 

                               Run name: hierarchical_soccer_coop_hl
                            Total steps: 2310144 
                       Steps per second: 4596 
                        Collection time: 10.467s 
                          Learning time: 0.227s 
                        Mean value loss: 11.5070
                    Mean surrogate loss: -0.0044
                      Mean entropy loss: 1.2075
                            Mean reward: 26.77
                    Mean episode length: 156.52
                        Mean action std: 0.36
         Mean episode goal_per_1k_steps: 0.6185
         Mean episode mean_dist_to_ball: 3.2781
               Mean episode goals_total: 94.6667
--------------------------------------------------------------------------------
                         Iteration time: 10.69s
                           Time elapsed: 0:09:28
                                    ETA: 1:31:19

################################################################################
[1m                           Learning iteration 47/500                            [0m 

                               Run name: hierarchical_soccer_coop_hl
                            Total steps: 2359296 
                       Steps per second: 4609 
                        Collection time: 10.437s 
                          Learning time: 0.227s 
                        Mean value loss: 11.6663
                    Mean surrogate loss: -0.0039
                      Mean entropy loss: 1.1433
                            Mean reward: 29.56
                    Mean episode length: 164.69
                        Mean action std: 0.35
         Mean episode goal_per_1k_steps: 0.4924
         Mean episode mean_dist_to_ball: 3.3058
               Mean episode goals_total: 102.4167
--------------------------------------------------------------------------------
                         Iteration time: 10.66s
                           Time elapsed: 0:09:39
                                    ETA: 1:30:54

################################################################################
[1m                           Learning iteration 48/500                            [0m 

                               Run name: hierarchical_soccer_coop_hl
                            Total steps: 2408448 
                       Steps per second: 4591 
                        Collection time: 10.477s 
                          Learning time: 0.227s 
                        Mean value loss: 10.7586
                    Mean surrogate loss: -0.0028
                      Mean entropy loss: 1.0859
                            Mean reward: 32.04
                    Mean episode length: 167.56
                        Mean action std: 0.35
         Mean episode goal_per_1k_steps: 0.6144
         Mean episode mean_dist_to_ball: 3.3909
               Mean episode goals_total: 113.1667
--------------------------------------------------------------------------------
                         Iteration time: 10.70s
                           Time elapsed: 0:09:49
                                    ETA: 1:30:29

################################################################################
[1m                           Learning iteration 49/500                            [0m 

                               Run name: hierarchical_soccer_coop_hl
                            Total steps: 2457600 
                       Steps per second: 4570 
                        Collection time: 10.527s 
                          Learning time: 0.227s 
                        Mean value loss: 11.1036
                    Mean surrogate loss: -0.0042
                      Mean entropy loss: 1.0369
                            Mean reward: 36.57
                    Mean episode length: 179.30
                        Mean action std: 0.34
         Mean episode goal_per_1k_steps: 0.5046
         Mean episode mean_dist_to_ball: 3.4674
               Mean episode goals_total: 121.4167
--------------------------------------------------------------------------------
                         Iteration time: 10.75s
                           Time elapsed: 0:10:00
                                    ETA: 1:30:05

################################################################################
[1m                           Learning iteration 50/500                            [0m 

                               Run name: hierarchical_soccer_coop_hl
                            Total steps: 2506752 
                       Steps per second: 4495 
                        Collection time: 10.707s 
                          Learning time: 0.227s 
                        Mean value loss: 12.3601
                    Mean surrogate loss: -0.0015
                      Mean entropy loss: 0.9617
                            Mean reward: 33.49
                    Mean episode length: 188.36
                        Mean action std: 0.34
         Mean episode goal_per_1k_steps: 0.5778
         Mean episode mean_dist_to_ball: 3.4369
               Mean episode goals_total: 132.2917
--------------------------------------------------------------------------------
                         Iteration time: 10.93s
                           Time elapsed: 0:10:11
                                    ETA: 1:29:44

################################################################################
[1m                           Learning iteration 51/500                            [0m 

                               Run name: hierarchical_soccer_coop_hl
                            Total steps: 2555904 
                       Steps per second: 4460 
                        Collection time: 10.789s 
                          Learning time: 0.230s 
                        Mean value loss: 10.4419
                    Mean surrogate loss: -0.0013
                      Mean entropy loss: 0.9301
                            Mean reward: 37.55
                    Mean episode length: 184.69
                        Mean action std: 0.33
         Mean episode goal_per_1k_steps: 0.6653
         Mean episode mean_dist_to_ball: 3.4192
               Mean episode goals_total: 140.0000
--------------------------------------------------------------------------------
                         Iteration time: 11.02s
                           Time elapsed: 0:10:22
                                    ETA: 1:29:23

################################################################################
[1m                           Learning iteration 52/500                            [0m 

                               Run name: hierarchical_soccer_coop_hl
                            Total steps: 2605056 
                       Steps per second: 4441 
                        Collection time: 10.836s 
                          Learning time: 0.230s 
                        Mean value loss: 10.9607
                    Mean surrogate loss: -0.0034
                      Mean entropy loss: 0.8879
                            Mean reward: 43.25
                    Mean episode length: 187.31
                        Mean action std: 0.33
         Mean episode goal_per_1k_steps: 0.7385
         Mean episode mean_dist_to_ball: 3.3732
               Mean episode goals_total: 149.3333
--------------------------------------------------------------------------------
                         Iteration time: 11.07s
                           Time elapsed: 0:10:33
                                    ETA: 1:29:04

################################################################################
[1m                           Learning iteration 53/500                            [0m 

                               Run name: hierarchical_soccer_coop_hl
                            Total steps: 2654208 
                       Steps per second: 4421 
                        Collection time: 10.886s 
                          Learning time: 0.230s 
                        Mean value loss: 10.8709
                    Mean surrogate loss: -0.0015
                      Mean entropy loss: 0.8407
                            Mean reward: 40.87
                    Mean episode length: 187.21
                        Mean action std: 0.32
         Mean episode goal_per_1k_steps: 0.4842
         Mean episode mean_dist_to_ball: 3.3653
               Mean episode goals_total: 154.4583
--------------------------------------------------------------------------------
                         Iteration time: 11.12s
                           Time elapsed: 0:10:44
                                    ETA: 1:28:45

################################################################################
[1m                           Learning iteration 54/500                            [0m 

                               Run name: hierarchical_soccer_coop_hl
                            Total steps: 2703360 
                       Steps per second: 4417 
                        Collection time: 10.896s 
                          Learning time: 0.230s 
                        Mean value loss: 10.8176
                    Mean surrogate loss: -0.0026
                      Mean entropy loss: 0.8096
                            Mean reward: 42.30
                    Mean episode length: 185.99
                        Mean action std: 0.32
         Mean episode goal_per_1k_steps: 0.8016
         Mean episode mean_dist_to_ball: 3.3290
               Mean episode goals_total: 166.6250
--------------------------------------------------------------------------------
                         Iteration time: 11.13s
                           Time elapsed: 0:10:55
                                    ETA: 1:28:26

################################################################################
[1m                           Learning iteration 55/500                            [0m 

                               Run name: hierarchical_soccer_coop_hl
                            Total steps: 2752512 
                       Steps per second: 4379 
                        Collection time: 10.994s 
                          Learning time: 0.230s 
                        Mean value loss: 10.2126
                    Mean surrogate loss: -0.0012
                      Mean entropy loss: 0.7759
                            Mean reward: 43.68
                    Mean episode length: 183.32
                        Mean action std: 0.31
         Mean episode goal_per_1k_steps: 0.7487
         Mean episode mean_dist_to_ball: 3.3583
               Mean episode goals_total: 180.2083
--------------------------------------------------------------------------------
                         Iteration time: 11.22s
                           Time elapsed: 0:11:07
                                    ETA: 1:28:09

################################################################################
[1m                           Learning iteration 56/500                            [0m 

                               Run name: hierarchical_soccer_coop_hl
                            Total steps: 2801664 
                       Steps per second: 4378 
                        Collection time: 10.996s 
                          Learning time: 0.230s 
                        Mean value loss: 10.5992
                    Mean surrogate loss: -0.0029
                      Mean entropy loss: 0.7567
                            Mean reward: 39.50
                    Mean episode length: 180.40
                        Mean action std: 0.31
         Mean episode goal_per_1k_steps: 0.7202
         Mean episode mean_dist_to_ball: 3.4499
               Mean episode goals_total: 190.5833
--------------------------------------------------------------------------------
                         Iteration time: 11.23s
                           Time elapsed: 0:11:18
                                    ETA: 1:27:52

################################################################################
[1m                           Learning iteration 57/500                            [0m 

                               Run name: hierarchical_soccer_coop_hl
                            Total steps: 2850816 
                       Steps per second: 4384 
                        Collection time: 10.984s 
                          Learning time: 0.228s 
                        Mean value loss: 10.6701
                    Mean surrogate loss: -0.0014
                      Mean entropy loss: 0.6867
                            Mean reward: 47.33
                    Mean episode length: 192.16
                        Mean action std: 0.31
         Mean episode goal_per_1k_steps: 0.4456
         Mean episode mean_dist_to_ball: 3.4608
               Mean episode goals_total: 200.4583
--------------------------------------------------------------------------------
                         Iteration time: 11.21s
                           Time elapsed: 0:11:29
                                    ETA: 1:27:35

################################################################################
[1m                           Learning iteration 58/500                            [0m 

                               Run name: hierarchical_soccer_coop_hl
                            Total steps: 2899968 
                       Steps per second: 4373 
                        Collection time: 11.009s 
                          Learning time: 0.230s 
                        Mean value loss: 10.0202
                    Mean surrogate loss: -0.0039
                      Mean entropy loss: 0.6342
                            Mean reward: 44.57
                    Mean episode length: 194.64
                        Mean action std: 0.30
         Mean episode goal_per_1k_steps: 0.7385
         Mean episode mean_dist_to_ball: 3.4240
               Mean episode goals_total: 210.8750
--------------------------------------------------------------------------------
                         Iteration time: 11.24s
                           Time elapsed: 0:11:40
                                    ETA: 1:27:18

################################################################################
[1m                           Learning iteration 59/500                            [0m 

                               Run name: hierarchical_soccer_coop_hl
                            Total steps: 2949120 
                       Steps per second: 4367 
                        Collection time: 11.023s 
                          Learning time: 0.230s 
                        Mean value loss: 9.4527
                    Mean surrogate loss: -0.0025
                      Mean entropy loss: 0.5915
                            Mean reward: 47.47
                    Mean episode length: 191.41
                        Mean action std: 0.30
         Mean episode goal_per_1k_steps: 0.5615
         Mean episode mean_dist_to_ball: 3.4771
               Mean episode goals_total: 222.5833
--------------------------------------------------------------------------------
                         Iteration time: 11.25s
                           Time elapsed: 0:11:52
                                    ETA: 1:27:01

################################################################################
[1m                           Learning iteration 60/500                            [0m 

                               Run name: hierarchical_soccer_coop_hl
                            Total steps: 2998272 
                       Steps per second: 4348 
                        Collection time: 11.074s 
                          Learning time: 0.230s 
                        Mean value loss: 9.7744
                    Mean surrogate loss: -0.0033
                      Mean entropy loss: 0.5586
                            Mean reward: 50.23
                    Mean episode length: 202.18
                        Mean action std: 0.29
         Mean episode goal_per_1k_steps: 0.7385
         Mean episode mean_dist_to_ball: 3.4993
               Mean episode goals_total: 234.4583
--------------------------------------------------------------------------------
                         Iteration time: 11.30s
                           Time elapsed: 0:12:03
                                    ETA: 1:26:45

################################################################################
[1m                           Learning iteration 61/500                            [0m 

                               Run name: hierarchical_soccer_coop_hl
                            Total steps: 3047424 
                       Steps per second: 4322 
                        Collection time: 11.140s 
                          Learning time: 0.230s 
                        Mean value loss: 9.2738
                    Mean surrogate loss: -0.0018
                      Mean entropy loss: 0.5011
                            Mean reward: 58.13
                    Mean episode length: 210.47
                        Mean action std: 0.29
         Mean episode goal_per_1k_steps: 0.4903
         Mean episode mean_dist_to_ball: 3.4714
               Mean episode goals_total: 243.2917
--------------------------------------------------------------------------------
                         Iteration time: 11.37s
                           Time elapsed: 0:12:14
                                    ETA: 1:26:30

################################################################################
[1m                           Learning iteration 62/500                            [0m 

                               Run name: hierarchical_soccer_coop_hl
                            Total steps: 3096576 
                       Steps per second: 4309 
                        Collection time: 11.175s 
                          Learning time: 0.230s 
                        Mean value loss: 9.4995
                    Mean surrogate loss: 0.0006
                      Mean entropy loss: 0.4761
                            Mean reward: 51.63
                    Mean episode length: 208.21
                        Mean action std: 0.28
         Mean episode goal_per_1k_steps: 0.6470
         Mean episode mean_dist_to_ball: 3.3561
               Mean episode goals_total: 249.5417
--------------------------------------------------------------------------------
                         Iteration time: 11.41s
                           Time elapsed: 0:12:26
                                    ETA: 1:26:15

################################################################################
[1m                           Learning iteration 63/500                            [0m 

                               Run name: hierarchical_soccer_coop_hl
                            Total steps: 3145728 
                       Steps per second: 4320 
                        Collection time: 11.146s 
                          Learning time: 0.230s 
                        Mean value loss: 8.0621
                    Mean surrogate loss: -0.0027
                      Mean entropy loss: 0.4165
                            Mean reward: 59.18
                    Mean episode length: 214.83
                        Mean action std: 0.28
         Mean episode goal_per_1k_steps: 0.5798
         Mean episode mean_dist_to_ball: 3.3348
               Mean episode goals_total: 255.7083
--------------------------------------------------------------------------------
                         Iteration time: 11.38s
                           Time elapsed: 0:12:37
                                    ETA: 1:26:00

################################################################################
[1m                           Learning iteration 64/500                            [0m 

                               Run name: hierarchical_soccer_coop_hl
                            Total steps: 3194880 
                       Steps per second: 4307 
                        Collection time: 11.179s 
                          Learning time: 0.230s 
                        Mean value loss: 8.1698
                    Mean surrogate loss: -0.0034
                      Mean entropy loss: 0.3679
                            Mean reward: 55.53
                    Mean episode length: 202.47
                        Mean action std: 0.28
         Mean episode goal_per_1k_steps: 0.5615
         Mean episode mean_dist_to_ball: 3.3909
               Mean episode goals_total: 264.5417
--------------------------------------------------------------------------------
                         Iteration time: 11.41s
                           Time elapsed: 0:12:48
                                    ETA: 1:25:45

################################################################################
[1m                           Learning iteration 65/500                            [0m 

                               Run name: hierarchical_soccer_coop_hl
                            Total steps: 3244032 
                       Steps per second: 4293 
                        Collection time: 11.218s 
                          Learning time: 0.230s 
                        Mean value loss: 7.6763
                    Mean surrogate loss: 0.0007
                      Mean entropy loss: 0.3226
                            Mean reward: 54.69
                    Mean episode length: 203.53
                        Mean action std: 0.27
         Mean episode goal_per_1k_steps: 0.7833
         Mean episode mean_dist_to_ball: 3.3856
               Mean episode goals_total: 272.7500
--------------------------------------------------------------------------------
                         Iteration time: 11.45s
                           Time elapsed: 0:13:00
                                    ETA: 1:25:31

################################################################################
[1m                           Learning iteration 66/500                            [0m 

                               Run name: hierarchical_soccer_coop_hl
                            Total steps: 3293184 
                       Steps per second: 4284 
                        Collection time: 11.243s 
                          Learning time: 0.230s 
                        Mean value loss: 7.7378
                    Mean surrogate loss: -0.0040
                      Mean entropy loss: 0.2775
                            Mean reward: 53.89
                    Mean episode length: 190.98
                        Mean action std: 0.26
         Mean episode goal_per_1k_steps: 0.5514
         Mean episode mean_dist_to_ball: 3.4185
               Mean episode goals_total: 281.7083
--------------------------------------------------------------------------------
                         Iteration time: 11.47s
                           Time elapsed: 0:13:11
                                    ETA: 1:25:17

################################################################################
[1m                           Learning iteration 67/500                            [0m 

                               Run name: hierarchical_soccer_coop_hl
                            Total steps: 3342336 
                       Steps per second: 4281 
                        Collection time: 11.252s 
                          Learning time: 0.229s 
                        Mean value loss: 8.0204
                    Mean surrogate loss: -0.0052
                      Mean entropy loss: 0.2115
                            Mean reward: 57.21
                    Mean episode length: 206.32
                        Mean action std: 0.26
         Mean episode goal_per_1k_steps: 0.6571
         Mean episode mean_dist_to_ball: 3.4814
               Mean episode goals_total: 288.4583
--------------------------------------------------------------------------------
                         Iteration time: 11.48s
                           Time elapsed: 0:13:23
                                    ETA: 1:25:03

################################################################################
[1m                           Learning iteration 68/500                            [0m 

                               Run name: hierarchical_soccer_coop_hl
                            Total steps: 3391488 
                       Steps per second: 4247 
                        Collection time: 11.340s 
                          Learning time: 0.232s 
                        Mean value loss: 8.0111
                    Mean surrogate loss: -0.0025
                      Mean entropy loss: 0.1684
                            Mean reward: 63.18
                    Mean episode length: 221.75
                        Mean action std: 0.26
         Mean episode goal_per_1k_steps: 0.5473
         Mean episode mean_dist_to_ball: 3.5395
               Mean episode goals_total: 295.4167
--------------------------------------------------------------------------------
                         Iteration time: 11.57s
                           Time elapsed: 0:13:34
                                    ETA: 1:24:50

################################################################################
[1m                           Learning iteration 69/500                            [0m 

                               Run name: hierarchical_soccer_coop_hl
                            Total steps: 3440640 
                       Steps per second: 4257 
                        Collection time: 11.316s 
                          Learning time: 0.229s 
                        Mean value loss: 8.0979
                    Mean surrogate loss: -0.0022
                      Mean entropy loss: 0.1362
                            Mean reward: 60.82
                    Mean episode length: 204.27
                        Mean action std: 0.25
         Mean episode goal_per_1k_steps: 0.6104
         Mean episode mean_dist_to_ball: 3.5890
               Mean episode goals_total: 301.7500
--------------------------------------------------------------------------------
                         Iteration time: 11.54s
                           Time elapsed: 0:13:46
                                    ETA: 1:24:36

################################################################################
[1m                           Learning iteration 70/500                            [0m 

                               Run name: hierarchical_soccer_coop_hl
                            Total steps: 3489792 
                       Steps per second: 4276 
                        Collection time: 11.263s 
                          Learning time: 0.230s 
                        Mean value loss: 8.7134
                    Mean surrogate loss: -0.0019
                      Mean entropy loss: 0.1005
                            Mean reward: 65.35
                    Mean episode length: 220.50
                        Mean action std: 0.25
         Mean episode goal_per_1k_steps: 0.8280
         Mean episode mean_dist_to_ball: 3.6556
               Mean episode goals_total: 316.8333
--------------------------------------------------------------------------------
                         Iteration time: 11.49s
                           Time elapsed: 0:13:57
                                    ETA: 1:24:23

################################################################################
[1m                           Learning iteration 71/500                            [0m 

                               Run name: hierarchical_soccer_coop_hl
                            Total steps: 3538944 
                       Steps per second: 4274 
                        Collection time: 11.270s 
                          Learning time: 0.230s 
                        Mean value loss: 8.9725
                    Mean surrogate loss: -0.0015
                      Mean entropy loss: 0.0696
                            Mean reward: 59.98
                    Mean episode length: 205.95
                        Mean action std: 0.25
         Mean episode goal_per_1k_steps: 0.7650
         Mean episode mean_dist_to_ball: 3.5912
               Mean episode goals_total: 329.2500
--------------------------------------------------------------------------------
                         Iteration time: 11.50s
                           Time elapsed: 0:14:09
                                    ETA: 1:24:09

################################################################################
[1m                           Learning iteration 72/500                            [0m 

                               Run name: hierarchical_soccer_coop_hl
                            Total steps: 3588096 
                       Steps per second: 4281 
                        Collection time: 11.251s 
                          Learning time: 0.230s 
                        Mean value loss: 7.7922
                    Mean surrogate loss: -0.0021
                      Mean entropy loss: 0.0386
                            Mean reward: 58.72
                    Mean episode length: 207.21
                        Mean action std: 0.25
         Mean episode goal_per_1k_steps: 0.6978
         Mean episode mean_dist_to_ball: 3.4689
               Mean episode goals_total: 341.4583
--------------------------------------------------------------------------------
                         Iteration time: 11.48s
                           Time elapsed: 0:14:20
                                    ETA: 1:23:55

################################################################################
[1m                           Learning iteration 73/500                            [0m 

                               Run name: hierarchical_soccer_coop_hl
                            Total steps: 3637248 
                       Steps per second: 4292 
                        Collection time: 11.220s 
                          Learning time: 0.230s 
                        Mean value loss: 7.3759
                    Mean surrogate loss: -0.0018
                      Mean entropy loss: 0.0151
                            Mean reward: 63.40
                    Mean episode length: 211.41
                        Mean action std: 0.24
         Mean episode goal_per_1k_steps: 0.7365
         Mean episode mean_dist_to_ball: 3.3072
               Mean episode goals_total: 346.4167
--------------------------------------------------------------------------------
                         Iteration time: 11.45s
                           Time elapsed: 0:14:32
                                    ETA: 1:23:42

################################################################################
[1m                           Learning iteration 74/500                            [0m 

                               Run name: hierarchical_soccer_coop_hl
                            Total steps: 3686400 
                       Steps per second: 4275 
                        Collection time: 11.266s 
                          Learning time: 0.230s 
                        Mean value loss: 7.2703
                    Mean surrogate loss: -0.0039
                      Mean entropy loss: -0.0026
                            Mean reward: 64.77
                    Mean episode length: 213.74
                        Mean action std: 0.24
         Mean episode goal_per_1k_steps: 0.6551
         Mean episode mean_dist_to_ball: 3.3007
               Mean episode goals_total: 352.6667
--------------------------------------------------------------------------------
                         Iteration time: 11.50s
                           Time elapsed: 0:14:43
                                    ETA: 1:23:28

################################################################################
[1m                           Learning iteration 75/500                            [0m 

                               Run name: hierarchical_soccer_coop_hl
                            Total steps: 3735552 
                       Steps per second: 4286 
                        Collection time: 11.236s 
                          Learning time: 0.230s 
                        Mean value loss: 7.2190
                    Mean surrogate loss: -0.0017
                      Mean entropy loss: -0.0317
                            Mean reward: 63.06
                    Mean episode length: 201.28
                        Mean action std: 0.24
         Mean episode goal_per_1k_steps: 0.6551
         Mean episode mean_dist_to_ball: 3.2764
               Mean episode goals_total: 363.9583
--------------------------------------------------------------------------------
                         Iteration time: 11.47s
                           Time elapsed: 0:14:55
                                    ETA: 1:23:15

################################################################################
[1m                           Learning iteration 76/500                            [0m 

                               Run name: hierarchical_soccer_coop_hl
                            Total steps: 3784704 
                       Steps per second: 4279 
                        Collection time: 11.254s 
                          Learning time: 0.231s 
                        Mean value loss: 7.5351
                    Mean surrogate loss: -0.0035
                      Mean entropy loss: -0.0463
                            Mean reward: 62.23
                    Mean episode length: 202.78
                        Mean action std: 0.24
         Mean episode goal_per_1k_steps: 0.8057
         Mean episode mean_dist_to_ball: 3.1943
               Mean episode goals_total: 373.6667
--------------------------------------------------------------------------------
                         Iteration time: 11.48s
                           Time elapsed: 0:15:06
                                    ETA: 1:23:01

################################################################################
[1m                           Learning iteration 77/500                            [0m 

                               Run name: hierarchical_soccer_coop_hl
                            Total steps: 3833856 
                       Steps per second: 4278 
                        Collection time: 11.259s 
                          Learning time: 0.230s 
                        Mean value loss: 7.8565
                    Mean surrogate loss: -0.0024
                      Mean entropy loss: -0.0966
                            Mean reward: 66.62
                    Mean episode length: 207.11
                        Mean action std: 0.23
         Mean episode goal_per_1k_steps: 0.8280
         Mean episode mean_dist_to_ball: 3.1255
               Mean episode goals_total: 384.7500
--------------------------------------------------------------------------------
                         Iteration time: 11.49s
                           Time elapsed: 0:15:18
                                    ETA: 1:22:48

################################################################################
[1m                           Learning iteration 78/500                            [0m 

                               Run name: hierarchical_soccer_coop_hl
                            Total steps: 3883008 
                       Steps per second: 4297 
                        Collection time: 11.208s 
                          Learning time: 0.231s 
                        Mean value loss: 7.6226
                    Mean surrogate loss: -0.0029
                      Mean entropy loss: -0.1421
                            Mean reward: 65.73
                    Mean episode length: 210.63
                        Mean action std: 0.23
         Mean episode goal_per_1k_steps: 0.8748
         Mean episode mean_dist_to_ball: 3.0491
               Mean episode goals_total: 397.2500
--------------------------------------------------------------------------------
                         Iteration time: 11.44s
                           Time elapsed: 0:15:29
                                    ETA: 1:22:34

################################################################################
[1m                           Learning iteration 79/500                            [0m 

                               Run name: hierarchical_soccer_coop_hl
                            Total steps: 3932160 
                       Steps per second: 4275 
                        Collection time: 11.265s 
                          Learning time: 0.231s 
                        Mean value loss: 7.5709
                    Mean surrogate loss: 0.0002
                      Mean entropy loss: -0.1722
                            Mean reward: 62.39
                    Mean episode length: 203.14
                        Mean action std: 0.23
         Mean episode goal_per_1k_steps: 0.9033
         Mean episode mean_dist_to_ball: 2.9618
               Mean episode goals_total: 409.9583
--------------------------------------------------------------------------------
                         Iteration time: 11.50s
                           Time elapsed: 0:15:41
                                    ETA: 1:22:21

################################################################################
[1m                           Learning iteration 80/500                            [0m 

                               Run name: hierarchical_soccer_coop_hl
                            Total steps: 3981312 
                       Steps per second: 4275 
                        Collection time: 11.265s 
                          Learning time: 0.230s 
                        Mean value loss: 7.1170
                    Mean surrogate loss: -0.0042
                      Mean entropy loss: -0.2302
                            Mean reward: 67.40
                    Mean episode length: 212.63
                        Mean action std: 0.22
         Mean episode goal_per_1k_steps: 1.0844
         Mean episode mean_dist_to_ball: 2.8287
               Mean episode goals_total: 427.7083
--------------------------------------------------------------------------------
                         Iteration time: 11.50s
                           Time elapsed: 0:15:52
                                    ETA: 1:22:08

################################################################################
[1m                           Learning iteration 81/500                            [0m 

                               Run name: hierarchical_soccer_coop_hl
                            Total steps: 4030464 
                       Steps per second: 4277 
                        Collection time: 11.259s 
                          Learning time: 0.230s 
                        Mean value loss: 6.3481
                    Mean surrogate loss: -0.0015
                      Mean entropy loss: -0.2786
                            Mean reward: 65.26
                    Mean episode length: 203.41
                        Mean action std: 0.22
         Mean episode goal_per_1k_steps: 1.0234
         Mean episode mean_dist_to_ball: 2.7650
               Mean episode goals_total: 447.6250
--------------------------------------------------------------------------------
                         Iteration time: 11.49s
                           Time elapsed: 0:16:04
                                    ETA: 1:21:55

################################################################################
[1m                           Learning iteration 82/500                            [0m 

                               Run name: hierarchical_soccer_coop_hl
                            Total steps: 4079616 
                       Steps per second: 4270 
                        Collection time: 11.281s 
                          Learning time: 0.230s 
                        Mean value loss: 6.0609
                    Mean surrogate loss: -0.0041
                      Mean entropy loss: -0.3307
                            Mean reward: 66.90
                    Mean episode length: 207.63
                        Mean action std: 0.22
         Mean episode goal_per_1k_steps: 0.8606
         Mean episode mean_dist_to_ball: 2.7875
               Mean episode goals_total: 458.3750
--------------------------------------------------------------------------------
                         Iteration time: 11.51s
                           Time elapsed: 0:16:15
                                    ETA: 1:21:42

################################################################################
[1m                           Learning iteration 83/500                            [0m 

                               Run name: hierarchical_soccer_coop_hl
                            Total steps: 4128768 
                       Steps per second: 4257 
                        Collection time: 11.315s 
                          Learning time: 0.230s 
                        Mean value loss: 6.5815
                    Mean surrogate loss: -0.0034
                      Mean entropy loss: -0.3650
                            Mean reward: 62.97
                    Mean episode length: 198.82
                        Mean action std: 0.21
         Mean episode goal_per_1k_steps: 0.8972
         Mean episode mean_dist_to_ball: 2.7235
               Mean episode goals_total: 466.5833
--------------------------------------------------------------------------------
                         Iteration time: 11.55s
                           Time elapsed: 0:16:27
                                    ETA: 1:21:29

################################################################################
[1m                           Learning iteration 84/500                            [0m 

                               Run name: hierarchical_soccer_coop_hl
                            Total steps: 4177920 
                       Steps per second: 4255 
                        Collection time: 11.320s 
                          Learning time: 0.230s 
                        Mean value loss: 6.3480
                    Mean surrogate loss: -0.0032
                      Mean entropy loss: -0.3966
                            Mean reward: 63.75
                    Mean episode length: 207.93
                        Mean action std: 0.21
         Mean episode goal_per_1k_steps: 1.1434
         Mean episode mean_dist_to_ball: 2.7308
               Mean episode goals_total: 483.6250
--------------------------------------------------------------------------------
                         Iteration time: 11.55s
                           Time elapsed: 0:16:38
                                    ETA: 1:21:16

################################################################################
[1m                           Learning iteration 85/500                            [0m 

                               Run name: hierarchical_soccer_coop_hl
                            Total steps: 4227072 
                       Steps per second: 4259 
                        Collection time: 11.308s 
                          Learning time: 0.230s 
                        Mean value loss: 5.9720
                    Mean surrogate loss: -0.0025
                      Mean entropy loss: -0.4306
                            Mean reward: 67.90
                    Mean episode length: 211.75
                        Mean action std: 0.21
         Mean episode goal_per_1k_steps: 0.6938
         Mean episode mean_dist_to_ball: 2.6549
               Mean episode goals_total: 498.5833
--------------------------------------------------------------------------------
                         Iteration time: 11.54s
                           Time elapsed: 0:16:50
                                    ETA: 1:21:03

################################################################################
[1m                           Learning iteration 86/500                            [0m 

                               Run name: hierarchical_soccer_coop_hl
                            Total steps: 4276224 
                       Steps per second: 4266 
                        Collection time: 11.289s 
                          Learning time: 0.230s 
                        Mean value loss: 6.3968
                    Mean surrogate loss: -0.0023
                      Mean entropy loss: -0.4371
                            Mean reward: 64.29
                    Mean episode length: 207.72
                        Mean action std: 0.21
         Mean episode goal_per_1k_steps: 1.1169
         Mean episode mean_dist_to_ball: 2.5850
               Mean episode goals_total: 514.5417
--------------------------------------------------------------------------------
                         Iteration time: 11.52s
                           Time elapsed: 0:17:01
                                    ETA: 1:20:51

################################################################################
[1m                           Learning iteration 87/500                            [0m 

                               Run name: hierarchical_soccer_coop_hl
                            Total steps: 4325376 
                       Steps per second: 4268 
                        Collection time: 11.285s 
                          Learning time: 0.230s 
                        Mean value loss: 6.2607
                    Mean surrogate loss: -0.0029
                      Mean entropy loss: -0.4939
                            Mean reward: 66.24
                    Mean episode length: 206.08
                        Mean action std: 0.21
         Mean episode goal_per_1k_steps: 1.0661
         Mean episode mean_dist_to_ball: 2.5565
               Mean episode goals_total: 531.2917
--------------------------------------------------------------------------------
                         Iteration time: 11.51s
                           Time elapsed: 0:17:13
                                    ETA: 1:20:38

################################################################################
[1m                           Learning iteration 88/500                            [0m 

                               Run name: hierarchical_soccer_coop_hl
                            Total steps: 4374528 
                       Steps per second: 4254 
                        Collection time: 11.323s 
                          Learning time: 0.230s 
                        Mean value loss: 5.5497
                    Mean surrogate loss: -0.0046
                      Mean entropy loss: -0.5091
                            Mean reward: 68.70
                    Mean episode length: 202.01
                        Mean action std: 0.20
         Mean episode goal_per_1k_steps: 1.1027
         Mean episode mean_dist_to_ball: 2.6001
               Mean episode goals_total: 546.2500
--------------------------------------------------------------------------------
                         Iteration time: 11.55s
                           Time elapsed: 0:17:24
                                    ETA: 1:20:25

################################################################################
[1m                           Learning iteration 89/500                            [0m 

                               Run name: hierarchical_soccer_coop_hl
                            Total steps: 4423680 
                       Steps per second: 4237 
                        Collection time: 11.369s 
                          Learning time: 0.230s 
                        Mean value loss: 5.8819
                    Mean surrogate loss: -0.0022
                      Mean entropy loss: -0.5594
                            Mean reward: 64.70
                    Mean episode length: 204.82
                        Mean action std: 0.20
         Mean episode goal_per_1k_steps: 0.9928
         Mean episode mean_dist_to_ball: 2.6660
               Mean episode goals_total: 560.3750
--------------------------------------------------------------------------------
                         Iteration time: 11.60s
                           Time elapsed: 0:17:36
                                    ETA: 1:20:13

################################################################################
[1m                           Learning iteration 90/500                            [0m 

                               Run name: hierarchical_soccer_coop_hl
                            Total steps: 4472832 
                       Steps per second: 4239 
                        Collection time: 11.363s 
                          Learning time: 0.230s 
                        Mean value loss: 4.9769
                    Mean surrogate loss: -0.0028
                      Mean entropy loss: -0.6301
                            Mean reward: 69.88
                    Mean episode length: 210.04
                        Mean action std: 0.20
         Mean episode goal_per_1k_steps: 0.8891
         Mean episode mean_dist_to_ball: 2.7434
               Mean episode goals_total: 571.2917
--------------------------------------------------------------------------------
                         Iteration time: 11.59s
                           Time elapsed: 0:17:48
                                    ETA: 1:20:00

################################################################################
[1m                           Learning iteration 91/500                            [0m 

                               Run name: hierarchical_soccer_coop_hl
                            Total steps: 4521984 
                       Steps per second: 4244 
                        Collection time: 11.350s 
                          Learning time: 0.231s 
                        Mean value loss: 5.2722
                    Mean surrogate loss: -0.0028
                      Mean entropy loss: -0.6577
                            Mean reward: 64.39
                    Mean episode length: 209.95
                        Mean action std: 0.20
         Mean episode goal_per_1k_steps: 0.8118
         Mean episode mean_dist_to_ball: 2.8042
               Mean episode goals_total: 583.0000
--------------------------------------------------------------------------------
                         Iteration time: 11.58s
                           Time elapsed: 0:17:59
                                    ETA: 1:19:48

################################################################################
[1m                           Learning iteration 92/500                            [0m 

                               Run name: hierarchical_soccer_coop_hl
                            Total steps: 4571136 
                       Steps per second: 4237 
                        Collection time: 11.370s 
                          Learning time: 0.230s 
                        Mean value loss: 4.5299
                    Mean surrogate loss: -0.0031
                      Mean entropy loss: -0.6857
                            Mean reward: 71.70
                    Mean episode length: 215.01
                        Mean action std: 0.19
         Mean episode goal_per_1k_steps: 0.7996
         Mean episode mean_dist_to_ball: 2.7973
               Mean episode goals_total: 593.1250
--------------------------------------------------------------------------------
                         Iteration time: 11.60s
                           Time elapsed: 0:18:11
                                    ETA: 1:19:36

################################################################################
[1m                           Learning iteration 93/500                            [0m 

                               Run name: hierarchical_soccer_coop_hl
                            Total steps: 4620288 
                       Steps per second: 4239 
                        Collection time: 11.362s 
                          Learning time: 0.230s 
                        Mean value loss: 4.6185
                    Mean surrogate loss: -0.0039
                      Mean entropy loss: -0.7339
                            Mean reward: 73.54
                    Mean episode length: 218.96
                        Mean action std: 0.19
         Mean episode goal_per_1k_steps: 0.8952
         Mean episode mean_dist_to_ball: 2.8285
               Mean episode goals_total: 603.7084
--------------------------------------------------------------------------------
                         Iteration time: 11.59s
                           Time elapsed: 0:18:22
                                    ETA: 1:19:23

################################################################################
[1m                           Learning iteration 94/500                            [0m 

                               Run name: hierarchical_soccer_coop_hl
                            Total steps: 4669440 
                       Steps per second: 4247 
                        Collection time: 11.342s 
                          Learning time: 0.230s 
                        Mean value loss: 5.0697
                    Mean surrogate loss: -0.0022
                      Mean entropy loss: -0.7815
                            Mean reward: 69.52
                    Mean episode length: 214.56
                        Mean action std: 0.19
         Mean episode goal_per_1k_steps: 0.8850
         Mean episode mean_dist_to_ball: 2.7629
               Mean episode goals_total: 613.5417
--------------------------------------------------------------------------------
                         Iteration time: 11.57s
                           Time elapsed: 0:18:34
                                    ETA: 1:19:11

################################################################################
[1m                           Learning iteration 95/500                            [0m 

                               Run name: hierarchical_soccer_coop_hl
                            Total steps: 4718592 
                       Steps per second: 4264 
                        Collection time: 11.297s 
                          Learning time: 0.230s 
                        Mean value loss: 4.6430
                    Mean surrogate loss: -0.0015
                      Mean entropy loss: -0.8242
                            Mean reward: 72.07
                    Mean episode length: 221.53
                        Mean action std: 0.18
         Mean episode goal_per_1k_steps: 0.5147
         Mean episode mean_dist_to_ball: 2.7046
               Mean episode goals_total: 622.2500
--------------------------------------------------------------------------------
                         Iteration time: 11.53s
                           Time elapsed: 0:18:46
                                    ETA: 1:18:58

################################################################################
[1m                           Learning iteration 96/500                            [0m 

                               Run name: hierarchical_soccer_coop_hl
                            Total steps: 4767744 
                       Steps per second: 4246 
                        Collection time: 11.346s 
                          Learning time: 0.230s 
                        Mean value loss: 4.4960
                    Mean surrogate loss: -0.0023
                      Mean entropy loss: -0.8471
                            Mean reward: 74.90
                    Mean episode length: 223.27
                        Mean action std: 0.18
         Mean episode goal_per_1k_steps: 0.7894
         Mean episode mean_dist_to_ball: 2.7402
               Mean episode goals_total: 629.2084
--------------------------------------------------------------------------------
                         Iteration time: 11.58s
                           Time elapsed: 0:18:57
                                    ETA: 1:18:46

################################################################################
[1m                           Learning iteration 97/500                            [0m 

                               Run name: hierarchical_soccer_coop_hl
                            Total steps: 4816896 
                       Steps per second: 4244 
                        Collection time: 11.351s 
                          Learning time: 0.230s 
                        Mean value loss: 3.9991
                    Mean surrogate loss: -0.0022
                      Mean entropy loss: -0.8771
                            Mean reward: 69.20
                    Mean episode length: 213.35
                        Mean action std: 0.18
         Mean episode goal_per_1k_steps: 0.7487
         Mean episode mean_dist_to_ball: 2.7629
               Mean episode goals_total: 638.5834
--------------------------------------------------------------------------------
                         Iteration time: 11.58s
                           Time elapsed: 0:19:09
                                    ETA: 1:18:33

################################################################################
[1m                           Learning iteration 98/500                            [0m 

                               Run name: hierarchical_soccer_coop_hl
                            Total steps: 4866048 
                       Steps per second: 4252 
                        Collection time: 11.329s 
                          Learning time: 0.229s 
                        Mean value loss: 4.3658
                    Mean surrogate loss: -0.0005
                      Mean entropy loss: -0.8898
                            Mean reward: 70.08
                    Mean episode length: 219.56
                        Mean action std: 0.18
         Mean episode goal_per_1k_steps: 0.8280
         Mean episode mean_dist_to_ball: 2.7365
               Mean episode goals_total: 646.7084
--------------------------------------------------------------------------------
                         Iteration time: 11.56s
                           Time elapsed: 0:19:20
                                    ETA: 1:18:21

################################################################################
[1m                           Learning iteration 99/500                            [0m 

                               Run name: hierarchical_soccer_coop_hl
                            Total steps: 4915200 
                       Steps per second: 4237 
                        Collection time: 11.370s 
                          Learning time: 0.229s 
                        Mean value loss: 4.6819
                    Mean surrogate loss: -0.0013
                      Mean entropy loss: -0.9361
                            Mean reward: 72.72
                    Mean episode length: 221.57
                        Mean action std: 0.18
         Mean episode goal_per_1k_steps: 0.6551
         Mean episode mean_dist_to_ball: 2.7569
               Mean episode goals_total: 652.2917
--------------------------------------------------------------------------------
                         Iteration time: 11.60s
                           Time elapsed: 0:19:32
                                    ETA: 1:18:09

################################################################################
[1m                           Learning iteration 100/500                           [0m 

                               Run name: hierarchical_soccer_coop_hl
                            Total steps: 4964352 
                       Steps per second: 4246 
                        Collection time: 11.344s 
                          Learning time: 0.229s 
                        Mean value loss: 4.7570
                    Mean surrogate loss: -0.0041
                      Mean entropy loss: -0.9439
                            Mean reward: 72.18
                    Mean episode length: 217.12
                        Mean action std: 0.18
         Mean episode goal_per_1k_steps: 0.9867
         Mean episode mean_dist_to_ball: 2.7387
               Mean episode goals_total: 663.8334
--------------------------------------------------------------------------------
                         Iteration time: 11.57s
                           Time elapsed: 0:19:43
                                    ETA: 1:17:57

################################################################################
[1m                           Learning iteration 101/500                           [0m 

                               Run name: hierarchical_soccer_coop_hl
                            Total steps: 5013504 
                       Steps per second: 4257 
                        Collection time: 11.316s 
                          Learning time: 0.228s 
                        Mean value loss: 3.9704
                    Mean surrogate loss: -0.0019
                      Mean entropy loss: -0.9802
                            Mean reward: 75.90
                    Mean episode length: 223.12
                        Mean action std: 0.17
         Mean episode goal_per_1k_steps: 0.7426
         Mean episode mean_dist_to_ball: 2.6964
               Mean episode goals_total: 674.7500
--------------------------------------------------------------------------------
                         Iteration time: 11.54s
                           Time elapsed: 0:19:55
                                    ETA: 1:17:44

################################################################################
[1m                           Learning iteration 102/500                           [0m 

                               Run name: hierarchical_soccer_coop_hl
                            Total steps: 5062656 
                       Steps per second: 4243 
                        Collection time: 11.355s 
                          Learning time: 0.228s 
                        Mean value loss: 3.8793
                    Mean surrogate loss: -0.0004
                      Mean entropy loss: -0.9954
                            Mean reward: 75.75
                    Mean episode length: 224.33
                        Mean action std: 0.17
         Mean episode goal_per_1k_steps: 0.7670
         Mean episode mean_dist_to_ball: 2.7284
               Mean episode goals_total: 680.7084
--------------------------------------------------------------------------------
                         Iteration time: 11.58s
                           Time elapsed: 0:20:07
                                    ETA: 1:17:32

################################################################################
[1m                           Learning iteration 103/500                           [0m 

                               Run name: hierarchical_soccer_coop_hl
                            Total steps: 5111808 
                       Steps per second: 4242 
                        Collection time: 11.358s 
                          Learning time: 0.228s 
                        Mean value loss: 4.3813
                    Mean surrogate loss: -0.0031
                      Mean entropy loss: -1.0354
                            Mean reward: 74.20
                    Mean episode length: 219.85
                        Mean action std: 0.17
         Mean episode goal_per_1k_steps: 0.6856
         Mean episode mean_dist_to_ball: 2.7160
               Mean episode goals_total: 689.2917
--------------------------------------------------------------------------------
                         Iteration time: 11.59s
                           Time elapsed: 0:20:18
                                    ETA: 1:17:20

################################################################################
[1m                           Learning iteration 104/500                           [0m 

                               Run name: hierarchical_soccer_coop_hl
                            Total steps: 5160960 
                       Steps per second: 4233 
                        Collection time: 11.379s 
                          Learning time: 0.231s 
                        Mean value loss: 4.3316
                    Mean surrogate loss: -0.0045
                      Mean entropy loss: -1.0639
                            Mean reward: 75.70
                    Mean episode length: 218.90
                        Mean action std: 0.17
         Mean episode goal_per_1k_steps: 0.7141
         Mean episode mean_dist_to_ball: 2.7121
               Mean episode goals_total: 693.4167
--------------------------------------------------------------------------------
                         Iteration time: 11.61s
                           Time elapsed: 0:20:30
                                    ETA: 1:17:08

################################################################################
[1m                           Learning iteration 105/500                           [0m 

                               Run name: hierarchical_soccer_coop_hl
                            Total steps: 5210112 
                       Steps per second: 4230 
                        Collection time: 11.390s 
                          Learning time: 0.230s 
                        Mean value loss: 4.2311
                    Mean surrogate loss: -0.0039
                      Mean entropy loss: -1.1020
                            Mean reward: 74.74
                    Mean episode length: 221.85
                        Mean action std: 0.17
         Mean episode goal_per_1k_steps: 0.6816
         Mean episode mean_dist_to_ball: 2.7887
               Mean episode goals_total: 696.4167
--------------------------------------------------------------------------------
                         Iteration time: 11.62s
                           Time elapsed: 0:20:41
                                    ETA: 1:16:55

################################################################################
[1m                           Learning iteration 106/500                           [0m 

                               Run name: hierarchical_soccer_coop_hl
                            Total steps: 5259264 
                       Steps per second: 4226 
                        Collection time: 11.400s 
                          Learning time: 0.230s 
                        Mean value loss: 3.6367
                    Mean surrogate loss: -0.0029
                      Mean entropy loss: -1.1351
                            Mean reward: 74.88
                    Mean episode length: 219.06
                        Mean action std: 0.17
         Mean episode goal_per_1k_steps: 0.6999
         Mean episode mean_dist_to_ball: 2.8132
               Mean episode goals_total: 701.1250
--------------------------------------------------------------------------------
                         Iteration time: 11.63s
                           Time elapsed: 0:20:53
                                    ETA: 1:16:43

################################################################################
[1m                           Learning iteration 107/500                           [0m 

                               Run name: hierarchical_soccer_coop_hl
                            Total steps: 5308416 
                       Steps per second: 4230 
                        Collection time: 11.388s 
                          Learning time: 0.230s 
                        Mean value loss: 3.0381
                    Mean surrogate loss: -0.0021
                      Mean entropy loss: -1.1487
                            Mean reward: 74.86
                    Mean episode length: 231.89
                        Mean action std: 0.16
         Mean episode goal_per_1k_steps: 0.6714
         Mean episode mean_dist_to_ball: 2.8839
               Mean episode goals_total: 706.1250
--------------------------------------------------------------------------------
                         Iteration time: 11.62s
                           Time elapsed: 0:21:05
                                    ETA: 1:16:31

################################################################################
[1m                           Learning iteration 108/500                           [0m 

                               Run name: hierarchical_soccer_coop_hl
                            Total steps: 5357568 
                       Steps per second: 4219 
                        Collection time: 11.419s 
                          Learning time: 0.230s 
                        Mean value loss: 4.4382
                    Mean surrogate loss: -0.0038
                      Mean entropy loss: -1.1809
                            Mean reward: 73.69
                    Mean episode length: 218.85
                        Mean action std: 0.16
         Mean episode goal_per_1k_steps: 0.4679
         Mean episode mean_dist_to_ball: 2.8742
               Mean episode goals_total: 709.2917
--------------------------------------------------------------------------------
                         Iteration time: 11.65s
                           Time elapsed: 0:21:16
                                    ETA: 1:16:19

################################################################################
[1m                           Learning iteration 109/500                           [0m 

                               Run name: hierarchical_soccer_coop_hl
                            Total steps: 5406720 
                       Steps per second: 4218 
                        Collection time: 11.421s 
                          Learning time: 0.230s 
                        Mean value loss: 3.8320
                    Mean surrogate loss: -0.0038
                      Mean entropy loss: -1.2340
                            Mean reward: 73.10
                    Mean episode length: 228.91
                        Mean action std: 0.16
         Mean episode goal_per_1k_steps: 0.6388
         Mean episode mean_dist_to_ball: 2.8714
               Mean episode goals_total: 713.8334
--------------------------------------------------------------------------------
                         Iteration time: 11.65s
                           Time elapsed: 0:21:28
                                    ETA: 1:16:07

################################################################################
[1m                           Learning iteration 110/500                           [0m 

                               Run name: hierarchical_soccer_coop_hl
                            Total steps: 5455872 
                       Steps per second: 4216 
                        Collection time: 11.426s 
                          Learning time: 0.230s 
                        Mean value loss: 3.8674
                    Mean surrogate loss: -0.0026
                      Mean entropy loss: -1.2469
                            Mean reward: 72.86
                    Mean episode length: 216.85
                        Mean action std: 0.16
         Mean episode goal_per_1k_steps: 0.4313
         Mean episode mean_dist_to_ball: 2.8857
               Mean episode goals_total: 719.2084
--------------------------------------------------------------------------------
                         Iteration time: 11.66s
                           Time elapsed: 0:21:40
                                    ETA: 1:15:56

################################################################################
[1m                           Learning iteration 111/500                           [0m 

                               Run name: hierarchical_soccer_coop_hl
                            Total steps: 5505024 
                       Steps per second: 4233 
                        Collection time: 11.381s 
                          Learning time: 0.230s 
                        Mean value loss: 4.2366
                    Mean surrogate loss: -0.0014
                      Mean entropy loss: -1.2907
                            Mean reward: 70.19
                    Mean episode length: 221.63
                        Mean action std: 0.16
         Mean episode goal_per_1k_steps: 0.5066
         Mean episode mean_dist_to_ball: 2.8114
               Mean episode goals_total: 721.9584
--------------------------------------------------------------------------------
                         Iteration time: 11.61s
                           Time elapsed: 0:21:51
                                    ETA: 1:15:44

################################################################################
[1m                           Learning iteration 112/500                           [0m 

                               Run name: hierarchical_soccer_coop_hl
                            Total steps: 5554176 
                       Steps per second: 4227 
                        Collection time: 11.398s 
                          Learning time: 0.229s 
                        Mean value loss: 3.1389
                    Mean surrogate loss: -0.0034
                      Mean entropy loss: -1.3318
                            Mean reward: 77.28
                    Mean episode length: 221.82
                        Mean action std: 0.16
         Mean episode goal_per_1k_steps: 0.6002
         Mean episode mean_dist_to_ball: 2.6897
               Mean episode goals_total: 726.3750
--------------------------------------------------------------------------------
                         Iteration time: 11.63s
                           Time elapsed: 0:22:03
                                    ETA: 1:15:32

################################################################################
[1m                           Learning iteration 113/500                           [0m 

                               Run name: hierarchical_soccer_coop_hl
                            Total steps: 5603328 
                       Steps per second: 4230 
                        Collection time: 11.389s 
                          Learning time: 0.230s 
                        Mean value loss: 3.4309
                    Mean surrogate loss: -0.0016
                      Mean entropy loss: -1.3724
                            Mean reward: 72.55
                    Mean episode length: 223.55
                        Mean action std: 0.15
         Mean episode goal_per_1k_steps: 0.6368
         Mean episode mean_dist_to_ball: 2.6144
               Mean episode goals_total: 730.5834
--------------------------------------------------------------------------------
                         Iteration time: 11.62s
                           Time elapsed: 0:22:14
                                    ETA: 1:15:19

################################################################################
[1m                           Learning iteration 114/500                           [0m 

                               Run name: hierarchical_soccer_coop_hl
                            Total steps: 5652480 
                       Steps per second: 4228 
                        Collection time: 11.390s 
                          Learning time: 0.233s 
                        Mean value loss: 3.6576
                    Mean surrogate loss: -0.0033
                      Mean entropy loss: -1.3978
                            Mean reward: 70.79
                    Mean episode length: 228.59
                        Mean action std: 0.15
         Mean episode goal_per_1k_steps: 0.3438
         Mean episode mean_dist_to_ball: 2.5637
               Mean episode goals_total: 732.5000
--------------------------------------------------------------------------------
                         Iteration time: 11.62s
                           Time elapsed: 0:22:26
                                    ETA: 1:15:07

################################################################################
[1m                           Learning iteration 115/500                           [0m 

                               Run name: hierarchical_soccer_coop_hl
                            Total steps: 5701632 
                       Steps per second: 4229 
                        Collection time: 11.390s 
                          Learning time: 0.230s 
                        Mean value loss: 2.9101
                    Mean surrogate loss: -0.0031
                      Mean entropy loss: -1.4422
                            Mean reward: 75.81
                    Mean episode length: 229.94
                        Mean action std: 0.15
         Mean episode goal_per_1k_steps: 0.3642
         Mean episode mean_dist_to_ball: 2.5262
               Mean episode goals_total: 734.8334
--------------------------------------------------------------------------------
                         Iteration time: 11.62s
                           Time elapsed: 0:22:38
                                    ETA: 1:14:55

################################################################################
[1m                           Learning iteration 116/500                           [0m 

                               Run name: hierarchical_soccer_coop_hl
                            Total steps: 5750784 
                       Steps per second: 4241 
                        Collection time: 11.358s 
                          Learning time: 0.230s 
                        Mean value loss: 3.3406
                    Mean surrogate loss: -0.0011
                      Mean entropy loss: -1.4770
                            Mean reward: 76.87
                    Mean episode length: 224.06
                        Mean action std: 0.15
         Mean episode goal_per_1k_steps: 0.4598
         Mean episode mean_dist_to_ball: 2.5348
               Mean episode goals_total: 736.3750
--------------------------------------------------------------------------------
                         Iteration time: 11.59s
                           Time elapsed: 0:22:49
                                    ETA: 1:14:43

################################################################################
[1m                           Learning iteration 117/500                           [0m 

                               Run name: hierarchical_soccer_coop_hl
                            Total steps: 5799936 
                       Steps per second: 4233 
                        Collection time: 11.379s 
                          Learning time: 0.231s 
                        Mean value loss: 3.6504
                    Mean surrogate loss: -0.0034
                      Mean entropy loss: -1.5140
                            Mean reward: 73.32
                    Mean episode length: 217.38
                        Mean action std: 0.15
         Mean episode goal_per_1k_steps: 0.5554
         Mean episode mean_dist_to_ball: 2.5635
               Mean episode goals_total: 739.0417
--------------------------------------------------------------------------------
                         Iteration time: 11.61s
                           Time elapsed: 0:23:01
                                    ETA: 1:14:31

################################################################################
[1m                           Learning iteration 118/500                           [0m 

                               Run name: hierarchical_soccer_coop_hl
                            Total steps: 5849088 
                       Steps per second: 4237 
                        Collection time: 11.370s 
                          Learning time: 0.230s 
                        Mean value loss: 3.3346
                    Mean surrogate loss: -0.0030
                      Mean entropy loss: -1.5499
                            Mean reward: 73.56
                    Mean episode length: 221.48
                        Mean action std: 0.14
         Mean episode goal_per_1k_steps: 0.4191
         Mean episode mean_dist_to_ball: 2.5272
               Mean episode goals_total: 741.0000
--------------------------------------------------------------------------------
                         Iteration time: 11.60s
                           Time elapsed: 0:23:12
                                    ETA: 1:14:19

################################################################################
[1m                           Learning iteration 119/500                           [0m 

                               Run name: hierarchical_soccer_coop_hl
                            Total steps: 5898240 
                       Steps per second: 4246 
                        Collection time: 11.344s 
                          Learning time: 0.231s 
                        Mean value loss: 3.0127
                    Mean surrogate loss: -0.0030
                      Mean entropy loss: -1.5859
                            Mean reward: 78.60
                    Mean episode length: 227.09
                        Mean action std: 0.14
         Mean episode goal_per_1k_steps: 0.4374
         Mean episode mean_dist_to_ball: 2.4642
               Mean episode goals_total: 742.5417
--------------------------------------------------------------------------------
                         Iteration time: 11.58s
                           Time elapsed: 0:23:24
                                    ETA: 1:14:07

################################################################################
[1m                           Learning iteration 120/500                           [0m 

                               Run name: hierarchical_soccer_coop_hl
                            Total steps: 5947392 
                       Steps per second: 4235 
                        Collection time: 11.375s 
                          Learning time: 0.230s 
                        Mean value loss: 2.8979
                    Mean surrogate loss: -0.0021
                      Mean entropy loss: -1.6546
                            Mean reward: 79.07
                    Mean episode length: 232.58
                        Mean action std: 0.14
         Mean episode goal_per_1k_steps: 0.4272
         Mean episode mean_dist_to_ball: 2.4619
               Mean episode goals_total: 745.6250
--------------------------------------------------------------------------------
                         Iteration time: 11.60s
                           Time elapsed: 0:23:36
                                    ETA: 1:13:55

################################################################################
[1m                           Learning iteration 121/500                           [0m 

                               Run name: hierarchical_soccer_coop_hl
                            Total steps: 5996544 
                       Steps per second: 4242 
                        Collection time: 11.358s 
                          Learning time: 0.227s 
                        Mean value loss: 2.1016
                    Mean surrogate loss: -0.0008
                      Mean entropy loss: -1.6702
                            Mean reward: 80.67
                    Mean episode length: 229.30
                        Mean action std: 0.14
         Mean episode goal_per_1k_steps: 0.4374
         Mean episode mean_dist_to_ball: 2.4717
               Mean episode goals_total: 746.0000
--------------------------------------------------------------------------------
                         Iteration time: 11.58s
                           Time elapsed: 0:23:47
                                    ETA: 1:13:43

################################################################################
[1m                           Learning iteration 122/500                           [0m 

                               Run name: hierarchical_soccer_coop_hl
                            Total steps: 6045696 
                       Steps per second: 4243 
                        Collection time: 11.356s 
                          Learning time: 0.227s 
                        Mean value loss: 2.4422
                    Mean surrogate loss: -0.0014
                      Mean entropy loss: -1.7231
                            Mean reward: 79.60
                    Mean episode length: 232.10
                        Mean action std: 0.14
         Mean episode goal_per_1k_steps: 0.4150
         Mean episode mean_dist_to_ball: 2.4811
               Mean episode goals_total: 748.7084
--------------------------------------------------------------------------------
                         Iteration time: 11.58s
                           Time elapsed: 0:23:59
                                    ETA: 1:13:31

################################################################################
[1m                           Learning iteration 123/500                           [0m 

                               Run name: hierarchical_soccer_coop_hl
                            Total steps: 6094848 
                       Steps per second: 4243 
                        Collection time: 11.354s 
                          Learning time: 0.230s 
                        Mean value loss: 3.4928
                    Mean surrogate loss: -0.0025
                      Mean entropy loss: -1.7846
                            Mean reward: 78.74
                    Mean episode length: 221.70
                        Mean action std: 0.13
         Mean episode goal_per_1k_steps: 0.4049
         Mean episode mean_dist_to_ball: 2.4765
               Mean episode goals_total: 751.0000
--------------------------------------------------------------------------------
                         Iteration time: 11.58s
                           Time elapsed: 0:24:10
                                    ETA: 1:13:19

################################################################################
[1m                           Learning iteration 124/500                           [0m 

                               Run name: hierarchical_soccer_coop_hl
                            Total steps: 6144000 
                       Steps per second: 4239 
                        Collection time: 11.363s 
                          Learning time: 0.230s 
                        Mean value loss: 3.0661
                    Mean surrogate loss: -0.0019
                      Mean entropy loss: -1.7706
                            Mean reward: 78.59
                    Mean episode length: 224.33
                        Mean action std: 0.13
         Mean episode goal_per_1k_steps: 0.4211
         Mean episode mean_dist_to_ball: 2.4381
               Mean episode goals_total: 751.4584
--------------------------------------------------------------------------------
                         Iteration time: 11.59s
                           Time elapsed: 0:24:22
                                    ETA: 1:13:07

################################################################################
[1m                           Learning iteration 125/500                           [0m 

                               Run name: hierarchical_soccer_coop_hl
                            Total steps: 6193152 
                       Steps per second: 4247 
                        Collection time: 11.343s 
                          Learning time: 0.229s 
                        Mean value loss: 3.1009
                    Mean surrogate loss: -0.0018
                      Mean entropy loss: -1.8419
                            Mean reward: 80.88
                    Mean episode length: 225.19
                        Mean action std: 0.13
         Mean episode goal_per_1k_steps: 0.4781
         Mean episode mean_dist_to_ball: 2.4342
               Mean episode goals_total: 753.0417
--------------------------------------------------------------------------------
                         Iteration time: 11.57s
                           Time elapsed: 0:24:34
                                    ETA: 1:12:55

################################################################################
[1m                           Learning iteration 126/500                           [0m 

                               Run name: hierarchical_soccer_coop_hl
                            Total steps: 6242304 
                       Steps per second: 4237 
                        Collection time: 11.370s 
                          Learning time: 0.228s 
                        Mean value loss: 2.4873
                    Mean surrogate loss: -0.0031
                      Mean entropy loss: -1.8460
                            Mean reward: 84.35
                    Mean episode length: 234.08
                        Mean action std: 0.13
         Mean episode goal_per_1k_steps: 0.4354
         Mean episode mean_dist_to_ball: 2.4069
               Mean episode goals_total: 755.7917
--------------------------------------------------------------------------------
                         Iteration time: 11.60s
                           Time elapsed: 0:24:45
                                    ETA: 1:12:43

################################################################################
[1m                           Learning iteration 127/500                           [0m 

                               Run name: hierarchical_soccer_coop_hl
                            Total steps: 6291456 
                       Steps per second: 4251 
                        Collection time: 11.333s 
                          Learning time: 0.228s 
                        Mean value loss: 3.0890
                    Mean surrogate loss: -0.0033
                      Mean entropy loss: -1.8986
                            Mean reward: 81.04
                    Mean episode length: 224.76
                        Mean action std: 0.13
         Mean episode goal_per_1k_steps: 0.4150
         Mean episode mean_dist_to_ball: 2.4000
               Mean episode goals_total: 756.0000
--------------------------------------------------------------------------------
                         Iteration time: 11.56s
                           Time elapsed: 0:24:57
                                    ETA: 1:12:31

################################################################################
[1m                           Learning iteration 128/500                           [0m 

                               Run name: hierarchical_soccer_coop_hl
                            Total steps: 6340608 
                       Steps per second: 4252 
                        Collection time: 11.331s 
                          Learning time: 0.227s 
                        Mean value loss: 2.7203
                    Mean surrogate loss: -0.0031
                      Mean entropy loss: -1.9214
                            Mean reward: 80.04
                    Mean episode length: 221.86
                        Mean action std: 0.13
         Mean episode goal_per_1k_steps: 0.3845
         Mean episode mean_dist_to_ball: 2.4326
               Mean episode goals_total: 756.0000
--------------------------------------------------------------------------------
                         Iteration time: 11.56s
                           Time elapsed: 0:25:08
                                    ETA: 1:12:19

################################################################################
[1m                           Learning iteration 129/500                           [0m 

                               Run name: hierarchical_soccer_coop_hl
                            Total steps: 6389760 
                       Steps per second: 4246 
                        Collection time: 11.344s 
                          Learning time: 0.230s 
                        Mean value loss: 2.7518
                    Mean surrogate loss: -0.0027
                      Mean entropy loss: -1.9335
                            Mean reward: 80.43
                    Mean episode length: 233.45
                        Mean action std: 0.13
         Mean episode goal_per_1k_steps: 0.3764
         Mean episode mean_dist_to_ball: 2.4467
               Mean episode goals_total: 756.1250
--------------------------------------------------------------------------------
                         Iteration time: 11.57s
                           Time elapsed: 0:25:20
                                    ETA: 1:12:07

################################################################################
[1m                           Learning iteration 130/500                           [0m 

                               Run name: hierarchical_soccer_coop_hl
                            Total steps: 6438912 
                       Steps per second: 4255 
                        Collection time: 11.320s 
                          Learning time: 0.230s 
                        Mean value loss: 2.9135
                    Mean surrogate loss: -0.0018
                      Mean entropy loss: -1.9725
                            Mean reward: 81.19
                    Mean episode length: 228.87
                        Mean action std: 0.12
         Mean episode goal_per_1k_steps: 0.4740
         Mean episode mean_dist_to_ball: 2.4456
               Mean episode goals_total: 759.0000
--------------------------------------------------------------------------------
                         Iteration time: 11.55s
                           Time elapsed: 0:25:31
                                    ETA: 1:11:55

################################################################################
[1m                           Learning iteration 131/500                           [0m 

                               Run name: hierarchical_soccer_coop_hl
                            Total steps: 6488064 
                       Steps per second: 4253 
                        Collection time: 11.326s 
                          Learning time: 0.230s 
                        Mean value loss: 3.4483
                    Mean surrogate loss: -0.0027
                      Mean entropy loss: -1.9979
                            Mean reward: 80.68
                    Mean episode length: 220.53
                        Mean action std: 0.12
         Mean episode goal_per_1k_steps: 0.3906
         Mean episode mean_dist_to_ball: 2.4095
               Mean episode goals_total: 759.7917
--------------------------------------------------------------------------------
                         Iteration time: 11.56s
                           Time elapsed: 0:25:43
                                    ETA: 1:11:42

################################################################################
[1m                           Learning iteration 132/500                           [0m 

                               Run name: hierarchical_soccer_coop_hl
                            Total steps: 6537216 
                       Steps per second: 4240 
                        Collection time: 11.362s 
                          Learning time: 0.230s 
                        Mean value loss: 2.3109
                    Mean surrogate loss: -0.0026
                      Mean entropy loss: -2.0234
                            Mean reward: 80.97
                    Mean episode length: 234.71
                        Mean action std: 0.12
         Mean episode goal_per_1k_steps: 0.4944
         Mean episode mean_dist_to_ball: 2.4454
               Mean episode goals_total: 761.5000
--------------------------------------------------------------------------------
                         Iteration time: 11.59s
                           Time elapsed: 0:25:55
                                    ETA: 1:11:30

################################################################################
[1m                           Learning iteration 133/500                           [0m 

                               Run name: hierarchical_soccer_coop_hl
                            Total steps: 6586368 
                       Steps per second: 4247 
                        Collection time: 11.343s 
                          Learning time: 0.230s 
                        Mean value loss: 2.4906
                    Mean surrogate loss: -0.0028
                      Mean entropy loss: -2.0797
                            Mean reward: 79.85
                    Mean episode length: 228.43
                        Mean action std: 0.12
         Mean episode goal_per_1k_steps: 0.2645
         Mean episode mean_dist_to_ball: 2.4032
               Mean episode goals_total: 762.0000
--------------------------------------------------------------------------------
                         Iteration time: 11.57s
                           Time elapsed: 0:26:06
                                    ETA: 1:11:18

################################################################################
[1m                           Learning iteration 134/500                           [0m 

                               Run name: hierarchical_soccer_coop_hl
                            Total steps: 6635520 
                       Steps per second: 4239 
                        Collection time: 11.363s 
                          Learning time: 0.230s 
                        Mean value loss: 2.7989
                    Mean surrogate loss: -0.0037
                      Mean entropy loss: -2.1059
                            Mean reward: 84.41
                    Mean episode length: 229.61
                        Mean action std: 0.12
         Mean episode goal_per_1k_steps: 0.3581
         Mean episode mean_dist_to_ball: 2.3524
               Mean episode goals_total: 762.8750
--------------------------------------------------------------------------------
                         Iteration time: 11.59s
                           Time elapsed: 0:26:18
                                    ETA: 1:11:07

################################################################################
[1m                           Learning iteration 135/500                           [0m 

                               Run name: hierarchical_soccer_coop_hl
                            Total steps: 6684672 
                       Steps per second: 4254 
                        Collection time: 11.324s 
                          Learning time: 0.230s 
                        Mean value loss: 2.5503
                    Mean surrogate loss: -0.0028
                      Mean entropy loss: -2.1609
                            Mean reward: 80.50
                    Mean episode length: 225.84
                        Mean action std: 0.12
         Mean episode goal_per_1k_steps: 0.4252
         Mean episode mean_dist_to_ball: 2.3246
               Mean episode goals_total: 763.4167
--------------------------------------------------------------------------------
                         Iteration time: 11.55s
                           Time elapsed: 0:26:29
                                    ETA: 1:10:54

################################################################################
[1m                           Learning iteration 136/500                           [0m 

                               Run name: hierarchical_soccer_coop_hl
                            Total steps: 6733824 
                       Steps per second: 4244 
                        Collection time: 11.351s 
                          Learning time: 0.230s 
                        Mean value loss: 2.7965
                    Mean surrogate loss: -0.0025
                      Mean entropy loss: -2.1646
                            Mean reward: 81.51
                    Mean episode length: 228.86
                        Mean action std: 0.12
         Mean episode goal_per_1k_steps: 0.3703
         Mean episode mean_dist_to_ball: 2.2757
               Mean episode goals_total: 765.7917
--------------------------------------------------------------------------------
                         Iteration time: 11.58s
                           Time elapsed: 0:26:41
                                    ETA: 1:10:42

################################################################################
[1m                           Learning iteration 137/500                           [0m 

                               Run name: hierarchical_soccer_coop_hl
                            Total steps: 6782976 
                       Steps per second: 4252 
                        Collection time: 11.330s 
                          Learning time: 0.230s 
                        Mean value loss: 2.9280
                    Mean surrogate loss: -0.0010
                      Mean entropy loss: -2.1891
                            Mean reward: 82.77
                    Mean episode length: 234.37
                        Mean action std: 0.12
         Mean episode goal_per_1k_steps: 0.2502
         Mean episode mean_dist_to_ball: 2.2632
               Mean episode goals_total: 767.9167
--------------------------------------------------------------------------------
                         Iteration time: 11.56s
                           Time elapsed: 0:26:52
                                    ETA: 1:10:30

################################################################################
[1m                           Learning iteration 138/500                           [0m 

                               Run name: hierarchical_soccer_coop_hl
                            Total steps: 6832128 
                       Steps per second: 4257 
                        Collection time: 11.315s 
                          Learning time: 0.231s 
                        Mean value loss: 2.0830
                    Mean surrogate loss: -0.0013
                      Mean entropy loss: -2.1921
                            Mean reward: 78.55
                    Mean episode length: 235.54
                        Mean action std: 0.12
         Mean episode goal_per_1k_steps: 0.2157
         Mean episode mean_dist_to_ball: 2.2332
               Mean episode goals_total: 768.0000
--------------------------------------------------------------------------------
                         Iteration time: 11.55s
                           Time elapsed: 0:27:04
                                    ETA: 1:10:18

################################################################################
[1m                           Learning iteration 139/500                           [0m 

                               Run name: hierarchical_soccer_coop_hl
                            Total steps: 6881280 
                       Steps per second: 4257 
                        Collection time: 11.317s 
                          Learning time: 0.227s 
                        Mean value loss: 2.1438
                    Mean surrogate loss: -0.0006
                      Mean entropy loss: -2.2064
                            Mean reward: 81.90
                    Mean episode length: 228.13
                        Mean action std: 0.12
         Mean episode goal_per_1k_steps: 0.2177
         Mean episode mean_dist_to_ball: 2.2554
               Mean episode goals_total: 768.5000
--------------------------------------------------------------------------------
                         Iteration time: 11.54s
                           Time elapsed: 0:27:15
                                    ETA: 1:10:06

################################################################################
[1m                           Learning iteration 140/500                           [0m 

                               Run name: hierarchical_soccer_coop_hl
                            Total steps: 6930432 
                       Steps per second: 4258 
                        Collection time: 11.315s 
                          Learning time: 0.228s 
                        Mean value loss: 2.1002
                    Mean surrogate loss: -0.0021
                      Mean entropy loss: -2.2298
                            Mean reward: 83.55
                    Mean episode length: 234.06
                        Mean action std: 0.11
         Mean episode goal_per_1k_steps: 0.3194
         Mean episode mean_dist_to_ball: 2.2596
               Mean episode goals_total: 771.2500
--------------------------------------------------------------------------------
                         Iteration time: 11.54s
                           Time elapsed: 0:27:27
                                    ETA: 1:09:54

################################################################################
[1m                           Learning iteration 141/500                           [0m 

                               Run name: hierarchical_soccer_coop_hl
                            Total steps: 6979584 
                       Steps per second: 4273 
                        Collection time: 11.275s 
                          Learning time: 0.227s 
                        Mean value loss: 2.1971
                    Mean surrogate loss: -0.0018
                      Mean entropy loss: -2.2517
                            Mean reward: 83.82
                    Mean episode length: 237.03
                        Mean action std: 0.11
         Mean episode goal_per_1k_steps: 0.2014
         Mean episode mean_dist_to_ball: 2.2449
               Mean episode goals_total: 772.7500
--------------------------------------------------------------------------------
                         Iteration time: 11.50s
                           Time elapsed: 0:27:39
                                    ETA: 1:09:42

################################################################################
[1m                           Learning iteration 142/500                           [0m 

                               Run name: hierarchical_soccer_coop_hl
                            Total steps: 7028736 
                       Steps per second: 4264 
                        Collection time: 11.296s 
                          Learning time: 0.230s 
                        Mean value loss: 2.3014
                    Mean surrogate loss: -0.0029
                      Mean entropy loss: -2.2689
                            Mean reward: 80.53
                    Mean episode length: 228.72
                        Mean action std: 0.11
         Mean episode goal_per_1k_steps: 0.2177
         Mean episode mean_dist_to_ball: 2.2600
               Mean episode goals_total: 774.1250
--------------------------------------------------------------------------------
                         Iteration time: 11.53s
                           Time elapsed: 0:27:50
                                    ETA: 1:09:30

################################################################################
[1m                           Learning iteration 143/500                           [0m 

                               Run name: hierarchical_soccer_coop_hl
                            Total steps: 7077888 
                       Steps per second: 4268 
                        Collection time: 11.285s 
                          Learning time: 0.230s 
                        Mean value loss: 1.6500
                    Mean surrogate loss: -0.0030
                      Mean entropy loss: -2.2960
                            Mean reward: 85.59
                    Mean episode length: 237.85
                        Mean action std: 0.11
         Mean episode goal_per_1k_steps: 0.3194
         Mean episode mean_dist_to_ball: 2.2677
               Mean episode goals_total: 775.0000
--------------------------------------------------------------------------------
                         Iteration time: 11.52s
                           Time elapsed: 0:28:02
                                    ETA: 1:09:18

################################################################################
[1m                           Learning iteration 144/500                           [0m 

                               Run name: hierarchical_soccer_coop_hl
                            Total steps: 7127040 
                       Steps per second: 4269 
                        Collection time: 11.282s 
                          Learning time: 0.230s 
                        Mean value loss: 2.0556
                    Mean surrogate loss: -0.0017
                      Mean entropy loss: -2.3139
                            Mean reward: 83.33
                    Mean episode length: 232.86
                        Mean action std: 0.11
         Mean episode goal_per_1k_steps: 0.2421
         Mean episode mean_dist_to_ball: 2.3018
               Mean episode goals_total: 777.6667
--------------------------------------------------------------------------------
                         Iteration time: 11.51s
                           Time elapsed: 0:28:13
                                    ETA: 1:09:06

################################################################################
[1m                           Learning iteration 145/500                           [0m 

                               Run name: hierarchical_soccer_coop_hl
                            Total steps: 7176192 
                       Steps per second: 4267 
                        Collection time: 11.287s 
                          Learning time: 0.230s 
                        Mean value loss: 2.5197
                    Mean surrogate loss: -0.0016
                      Mean entropy loss: -2.3111
                            Mean reward: 80.81
                    Mean episode length: 224.74
                        Mean action std: 0.11
         Mean episode goal_per_1k_steps: 0.3113
         Mean episode mean_dist_to_ball: 2.2828
               Mean episode goals_total: 779.6250
--------------------------------------------------------------------------------
                         Iteration time: 11.52s
                           Time elapsed: 0:28:25
                                    ETA: 1:08:54

################################################################################
[1m                           Learning iteration 146/500                           [0m 

                               Run name: hierarchical_soccer_coop_hl
                            Total steps: 7225344 
                       Steps per second: 4256 
                        Collection time: 11.317s 
                          Learning time: 0.230s 
                        Mean value loss: 2.3619
                    Mean surrogate loss: -0.0017
                      Mean entropy loss: -2.3548
                            Mean reward: 83.46
                    Mean episode length: 236.40
                        Mean action std: 0.11
         Mean episode goal_per_1k_steps: 0.2584
         Mean episode mean_dist_to_ball: 2.2428
               Mean episode goals_total: 783.1667
--------------------------------------------------------------------------------
                         Iteration time: 11.55s
                           Time elapsed: 0:28:36
                                    ETA: 1:08:42

################################################################################
[1m                           Learning iteration 147/500                           [0m 

                               Run name: hierarchical_soccer_coop_hl
                            Total steps: 7274496 
                       Steps per second: 4263 
                        Collection time: 11.298s 
                          Learning time: 0.229s 
                        Mean value loss: 3.1507
                    Mean surrogate loss: -0.0029
                      Mean entropy loss: -2.3706
                            Mean reward: 79.13
                    Mean episode length: 221.83
                        Mean action std: 0.11
         Mean episode goal_per_1k_steps: 0.3479
         Mean episode mean_dist_to_ball: 2.1498
               Mean episode goals_total: 784.9584
--------------------------------------------------------------------------------
                         Iteration time: 11.53s
                           Time elapsed: 0:28:48
                                    ETA: 1:08:30

################################################################################
[1m                           Learning iteration 148/500                           [0m 

                               Run name: hierarchical_soccer_coop_hl
                            Total steps: 7323648 
                       Steps per second: 4259 
                        Collection time: 11.310s 
                          Learning time: 0.230s 
                        Mean value loss: 1.5649
                    Mean surrogate loss: -0.0018
                      Mean entropy loss: -2.4281
                            Mean reward: 82.96
                    Mean episode length: 232.54
                        Mean action std: 0.11
         Mean episode goal_per_1k_steps: 0.1689
         Mean episode mean_dist_to_ball: 2.0934
               Mean episode goals_total: 785.7084
--------------------------------------------------------------------------------
                         Iteration time: 11.54s
                           Time elapsed: 0:28:59
                                    ETA: 1:08:18

################################################################################
[1m                           Learning iteration 149/500                           [0m 

                               Run name: hierarchical_soccer_coop_hl
                            Total steps: 7372800 
                       Steps per second: 4255 
                        Collection time: 11.321s 
                          Learning time: 0.230s 
                        Mean value loss: 3.2550
                    Mean surrogate loss: -0.0037
                      Mean entropy loss: -2.4149
                            Mean reward: 81.42
                    Mean episode length: 222.63
                        Mean action std: 0.11
         Mean episode goal_per_1k_steps: 0.3194
         Mean episode mean_dist_to_ball: 2.0468
               Mean episode goals_total: 786.5417
--------------------------------------------------------------------------------
                         Iteration time: 11.55s
                           Time elapsed: 0:29:11
                                    ETA: 1:08:06

################################################################################
[1m                           Learning iteration 150/500                           [0m 

                               Run name: hierarchical_soccer_coop_hl
                            Total steps: 7421952 
                       Steps per second: 4244 
                        Collection time: 11.350s 
                          Learning time: 0.230s 
                        Mean value loss: 2.3636
                    Mean surrogate loss: -0.0024
                      Mean entropy loss: -2.4063
                            Mean reward: 83.83
                    Mean episode length: 234.44
                        Mean action std: 0.11
         Mean episode goal_per_1k_steps: 0.3601
         Mean episode mean_dist_to_ball: 2.0617
               Mean episode goals_total: 790.4584
--------------------------------------------------------------------------------
                         Iteration time: 11.58s
                           Time elapsed: 0:29:22
                                    ETA: 1:07:54

################################################################################
[1m                           Learning iteration 151/500                           [0m 

                               Run name: hierarchical_soccer_coop_hl
                            Total steps: 7471104 
                       Steps per second: 4254 
                        Collection time: 11.325s 
                          Learning time: 0.228s 
                        Mean value loss: 2.1342
                    Mean surrogate loss: -0.0033
                      Mean entropy loss: -2.4500
                            Mean reward: 80.29
                    Mean episode length: 230.48
                        Mean action std: 0.11
         Mean episode goal_per_1k_steps: 0.2645
         Mean episode mean_dist_to_ball: 2.0635
               Mean episode goals_total: 792.7917
--------------------------------------------------------------------------------
                         Iteration time: 11.55s
                           Time elapsed: 0:29:34
                                    ETA: 1:07:42

################################################################################
[1m                           Learning iteration 152/500                           [0m 

                               Run name: hierarchical_soccer_coop_hl
                            Total steps: 7520256 
                       Steps per second: 4259 
                        Collection time: 11.312s 
                          Learning time: 0.228s 
                        Mean value loss: 1.7238
                    Mean surrogate loss: -0.0019
                      Mean entropy loss: -2.4541
                            Mean reward: 85.43
                    Mean episode length: 236.31
                        Mean action std: 0.11
         Mean episode goal_per_1k_steps: 0.2645
         Mean episode mean_dist_to_ball: 2.0474
               Mean episode goals_total: 794.5000
--------------------------------------------------------------------------------
                         Iteration time: 11.54s
                           Time elapsed: 0:29:45
                                    ETA: 1:07:30

################################################################################
[1m                           Learning iteration 153/500                           [0m 

                               Run name: hierarchical_soccer_coop_hl
                            Total steps: 7569408 
                       Steps per second: 4262 
                        Collection time: 11.302s 
                          Learning time: 0.228s 
                        Mean value loss: 1.7815
                    Mean surrogate loss: -0.0015
                      Mean entropy loss: -2.4931
                            Mean reward: 85.26
                    Mean episode length: 228.50
                        Mean action std: 0.11
         Mean episode goal_per_1k_steps: 0.3316
         Mean episode mean_dist_to_ball: 2.0800
               Mean episode goals_total: 796.0000
--------------------------------------------------------------------------------
                         Iteration time: 11.53s
                           Time elapsed: 0:29:57
                                    ETA: 1:07:18

################################################################################
[1m                           Learning iteration 154/500                           [0m 

                               Run name: hierarchical_soccer_coop_hl
                            Total steps: 7618560 
                       Steps per second: 4250 
                        Collection time: 11.332s 
                          Learning time: 0.231s 
                        Mean value loss: 1.7551
                    Mean surrogate loss: -0.0032
                      Mean entropy loss: -2.5062
                            Mean reward: 82.64
                    Mean episode length: 229.79
                        Mean action std: 0.10
         Mean episode goal_per_1k_steps: 0.3642
         Mean episode mean_dist_to_ball: 2.1334
               Mean episode goals_total: 797.9167
--------------------------------------------------------------------------------
                         Iteration time: 11.56s
                           Time elapsed: 0:30:09
                                    ETA: 1:07:06

################################################################################
[1m                           Learning iteration 155/500                           [0m 

                               Run name: hierarchical_soccer_coop_hl
                            Total steps: 7667712 
                       Steps per second: 4255 
                        Collection time: 11.320s 
                          Learning time: 0.230s 
                        Mean value loss: 1.7233
                    Mean surrogate loss: -0.0019
                      Mean entropy loss: -2.5275
                            Mean reward: 84.96
                    Mean episode length: 235.65
                        Mean action std: 0.10
         Mean episode goal_per_1k_steps: 0.2706
         Mean episode mean_dist_to_ball: 2.1983
               Mean episode goals_total: 799.0000
--------------------------------------------------------------------------------
                         Iteration time: 11.55s
                           Time elapsed: 0:30:20
                                    ETA: 1:06:54

################################################################################
[1m                           Learning iteration 156/500                           [0m 

                               Run name: hierarchical_soccer_coop_hl
                            Total steps: 7716864 
                       Steps per second: 4264 
                        Collection time: 11.295s 
                          Learning time: 0.230s 
                        Mean value loss: 2.1381
                    Mean surrogate loss: -0.0018
                      Mean entropy loss: -2.5609
                            Mean reward: 85.54
                    Mean episode length: 231.71
                        Mean action std: 0.10
         Mean episode goal_per_1k_steps: 0.2787
         Mean episode mean_dist_to_ball: 2.2259
               Mean episode goals_total: 799.0000
--------------------------------------------------------------------------------
                         Iteration time: 11.53s
                           Time elapsed: 0:30:32
                                    ETA: 1:06:42

################################################################################
[1m                           Learning iteration 157/500                           [0m 

                               Run name: hierarchical_soccer_coop_hl
                            Total steps: 7766016 
                       Steps per second: 4266 
                        Collection time: 11.290s 
                          Learning time: 0.230s 
                        Mean value loss: 1.5357
                    Mean surrogate loss: -0.0027
                      Mean entropy loss: -2.5939
                            Mean reward: 86.42
                    Mean episode length: 234.95
                        Mean action std: 0.10
         Mean episode goal_per_1k_steps: 0.3072
         Mean episode mean_dist_to_ball: 2.2423
               Mean episode goals_total: 802.1250
--------------------------------------------------------------------------------
                         Iteration time: 11.52s
                           Time elapsed: 0:30:43
                                    ETA: 1:06:30

################################################################################
[1m                           Learning iteration 158/500                           [0m 

                               Run name: hierarchical_soccer_coop_hl
                            Total steps: 7815168 
                       Steps per second: 4253 
                        Collection time: 11.326s 
                          Learning time: 0.230s 
                        Mean value loss: 2.4915
                    Mean surrogate loss: -0.0024
                      Mean entropy loss: -2.6277
                            Mean reward: 83.39
                    Mean episode length: 230.04
                        Mean action std: 0.10
         Mean episode goal_per_1k_steps: 0.3072
         Mean episode mean_dist_to_ball: 2.2471
               Mean episode goals_total: 804.2917
--------------------------------------------------------------------------------
                         Iteration time: 11.56s
                           Time elapsed: 0:30:55
                                    ETA: 1:06:18

################################################################################
[1m                           Learning iteration 159/500                           [0m 

                               Run name: hierarchical_soccer_coop_hl
                            Total steps: 7864320 
                       Steps per second: 4266 
                        Collection time: 11.292s 
                          Learning time: 0.230s 
                        Mean value loss: 2.3296
                    Mean surrogate loss: -0.0025
                      Mean entropy loss: -2.6320
                            Mean reward: 83.19
                    Mean episode length: 233.11
                        Mean action std: 0.10
         Mean episode goal_per_1k_steps: 0.3194
         Mean episode mean_dist_to_ball: 2.1908
               Mean episode goals_total: 806.7917
--------------------------------------------------------------------------------
                         Iteration time: 11.52s
                           Time elapsed: 0:31:06
                                    ETA: 1:06:06

################################################################################
[1m                           Learning iteration 160/500                           [0m 

                               Run name: hierarchical_soccer_coop_hl
                            Total steps: 7913472 
                       Steps per second: 4253 
                        Collection time: 11.326s 
                          Learning time: 0.230s 
                        Mean value loss: 2.1740
                    Mean surrogate loss: -0.0026
                      Mean entropy loss: -2.6874
                            Mean reward: 85.30
                    Mean episode length: 229.15
                        Mean action std: 0.10
         Mean episode goal_per_1k_steps: 0.2319
         Mean episode mean_dist_to_ball: 2.1510
               Mean episode goals_total: 809.0417
--------------------------------------------------------------------------------
                         Iteration time: 11.56s
                           Time elapsed: 0:31:18
                                    ETA: 1:05:54

################################################################################
[1m                           Learning iteration 161/500                           [0m 

                               Run name: hierarchical_soccer_coop_hl
                            Total steps: 7962624 
                       Steps per second: 4265 
                        Collection time: 11.294s 
                          Learning time: 0.230s 
                        Mean value loss: 2.1445
                    Mean surrogate loss: -0.0025
                      Mean entropy loss: -2.6825
                            Mean reward: 85.58
                    Mean episode length: 237.10
                        Mean action std: 0.10
         Mean episode goal_per_1k_steps: 0.1750
         Mean episode mean_dist_to_ball: 2.0772
               Mean episode goals_total: 811.7917
--------------------------------------------------------------------------------
                         Iteration time: 11.52s
                           Time elapsed: 0:31:29
                                    ETA: 1:05:42

################################################################################
[1m                           Learning iteration 162/500                           [0m 

                               Run name: hierarchical_soccer_coop_hl
                            Total steps: 8011776 
                       Steps per second: 4263 
                        Collection time: 11.301s 
                          Learning time: 0.228s 
                        Mean value loss: 1.8103
                    Mean surrogate loss: -0.0031
                      Mean entropy loss: -2.7194
                            Mean reward: 86.83
                    Mean episode length: 226.05
                        Mean action std: 0.10
         Mean episode goal_per_1k_steps: 0.2035
         Mean episode mean_dist_to_ball: 2.0290
               Mean episode goals_total: 812.2500
--------------------------------------------------------------------------------
                         Iteration time: 11.53s
                           Time elapsed: 0:31:41
                                    ETA: 1:05:30

################################################################################
[1m                           Learning iteration 163/500                           [0m 

                               Run name: hierarchical_soccer_coop_hl
                            Total steps: 8060928 
                       Steps per second: 4257 
                        Collection time: 11.317s 
                          Learning time: 0.228s 
                        Mean value loss: 2.0839
                    Mean surrogate loss: -0.0019
                      Mean entropy loss: -2.7526
                            Mean reward: 86.62
                    Mean episode length: 229.95
                        Mean action std: 0.10
         Mean episode goal_per_1k_steps: 0.3398
         Mean episode mean_dist_to_ball: 2.0480
               Mean episode goals_total: 815.0000
--------------------------------------------------------------------------------
                         Iteration time: 11.54s
                           Time elapsed: 0:31:52
                                    ETA: 1:05:19

################################################################################
[1m                           Learning iteration 164/500                           [0m 

                               Run name: hierarchical_soccer_coop_hl
                            Total steps: 8110080 
                       Steps per second: 4259 
                        Collection time: 11.308s 
                          Learning time: 0.231s 
                        Mean value loss: 2.4351
                    Mean surrogate loss: -0.0032
                      Mean entropy loss: -2.7600
                            Mean reward: 85.43
                    Mean episode length: 227.83
                        Mean action std: 0.10
         Mean episode goal_per_1k_steps: 0.2584
         Mean episode mean_dist_to_ball: 2.0716
               Mean episode goals_total: 816.9584
--------------------------------------------------------------------------------
                         Iteration time: 11.54s
                           Time elapsed: 0:32:04
                                    ETA: 1:05:07

################################################################################
[1m                           Learning iteration 165/500                           [0m 

                               Run name: hierarchical_soccer_coop_hl
                            Total steps: 8159232 
                       Steps per second: 4251 
                        Collection time: 11.330s 
                          Learning time: 0.231s 
                        Mean value loss: 2.8901
                    Mean surrogate loss: -0.0028
                      Mean entropy loss: -2.7783
                            Mean reward: 83.53
                    Mean episode length: 229.61
                        Mean action std: 0.10
         Mean episode goal_per_1k_steps: 0.4069
         Mean episode mean_dist_to_ball: 2.0611
               Mean episode goals_total: 819.2084
--------------------------------------------------------------------------------
                         Iteration time: 11.56s
                           Time elapsed: 0:32:15
                                    ETA: 1:04:55

################################################################################
[1m                           Learning iteration 166/500                           [0m 

                               Run name: hierarchical_soccer_coop_hl
                            Total steps: 8208384 
                       Steps per second: 4255 
                        Collection time: 11.321s 
                          Learning time: 0.228s 
                        Mean value loss: 2.7011
                    Mean surrogate loss: -0.0039
                      Mean entropy loss: -2.7812
                            Mean reward: 84.41
                    Mean episode length: 228.83
                        Mean action std: 0.10
         Mean episode goal_per_1k_steps: 0.3703
         Mean episode mean_dist_to_ball: 2.0657
               Mean episode goals_total: 820.7500
--------------------------------------------------------------------------------
                         Iteration time: 11.55s
                           Time elapsed: 0:32:27
                                    ETA: 1:04:43

################################################################################
[1m                           Learning iteration 167/500                           [0m 

                               Run name: hierarchical_soccer_coop_hl
                            Total steps: 8257536 
                       Steps per second: 4250 
                        Collection time: 11.335s 
                          Learning time: 0.228s 
                        Mean value loss: 2.4017
                    Mean surrogate loss: -0.0030
                      Mean entropy loss: -2.7920
                            Mean reward: 86.35
                    Mean episode length: 229.82
                        Mean action std: 0.09
         Mean episode goal_per_1k_steps: 0.4456
         Mean episode mean_dist_to_ball: 2.1311
               Mean episode goals_total: 822.7917
--------------------------------------------------------------------------------
                         Iteration time: 11.56s
                           Time elapsed: 0:32:39
                                    ETA: 1:04:31

################################################################################
[1m                           Learning iteration 168/500                           [0m 

                               Run name: hierarchical_soccer_coop_hl
                            Total steps: 8306688 
                       Steps per second: 4255 
                        Collection time: 11.323s 
                          Learning time: 0.228s 
                        Mean value loss: 2.0842
                    Mean surrogate loss: -0.0017
                      Mean entropy loss: -2.8121
                            Mean reward: 86.69
                    Mean episode length: 232.50
                        Mean action std: 0.09
         Mean episode goal_per_1k_steps: 0.3418
         Mean episode mean_dist_to_ball: 2.1166
               Mean episode goals_total: 826.0000
--------------------------------------------------------------------------------
                         Iteration time: 11.55s
                           Time elapsed: 0:32:50
                                    ETA: 1:04:19

################################################################################
[1m                           Learning iteration 169/500                           [0m 

                               Run name: hierarchical_soccer_coop_hl
                            Total steps: 8355840 
                       Steps per second: 4262 
                        Collection time: 11.304s 
                          Learning time: 0.228s 
                        Mean value loss: 2.5042
                    Mean surrogate loss: -0.0014
                      Mean entropy loss: -2.7945
                            Mean reward: 88.55
                    Mean episode length: 227.99
                        Mean action std: 0.10
         Mean episode goal_per_1k_steps: 0.2604
         Mean episode mean_dist_to_ball: 2.1209
               Mean episode goals_total: 827.9584
--------------------------------------------------------------------------------
                         Iteration time: 11.53s
                           Time elapsed: 0:33:02
                                    ETA: 1:04:07

################################################################################
[1m                           Learning iteration 170/500                           [0m 

                               Run name: hierarchical_soccer_coop_hl
                            Total steps: 8404992 
                       Steps per second: 4255 
                        Collection time: 11.320s 
                          Learning time: 0.230s 
                        Mean value loss: 2.9335
                    Mean surrogate loss: -0.0022
                      Mean entropy loss: -2.7792
                            Mean reward: 87.43
                    Mean episode length: 232.65
                        Mean action std: 0.10
         Mean episode goal_per_1k_steps: 0.3621
         Mean episode mean_dist_to_ball: 2.1440
               Mean episode goals_total: 830.0000
--------------------------------------------------------------------------------
                         Iteration time: 11.55s
                           Time elapsed: 0:33:13
                                    ETA: 1:03:55

################################################################################
[1m                           Learning iteration 171/500                           [0m 

                               Run name: hierarchical_soccer_coop_hl
                            Total steps: 8454144 
                       Steps per second: 4247 
                        Collection time: 11.344s 
                          Learning time: 0.227s 
                        Mean value loss: 2.2513
                    Mean surrogate loss: -0.0022
                      Mean entropy loss: -2.7755
                            Mean reward: 87.31
                    Mean episode length: 233.98
                        Mean action std: 0.10
         Mean episode goal_per_1k_steps: 0.3662
         Mean episode mean_dist_to_ball: 2.1445
               Mean episode goals_total: 830.0000
--------------------------------------------------------------------------------
                         Iteration time: 11.57s
                           Time elapsed: 0:33:25
                                    ETA: 1:03:44

################################################################################
[1m                           Learning iteration 172/500                           [0m 

                               Run name: hierarchical_soccer_coop_hl
                            Total steps: 8503296 
                       Steps per second: 4255 
                        Collection time: 11.323s 
                          Learning time: 0.227s 
                        Mean value loss: 1.4408
                    Mean surrogate loss: -0.0020
                      Mean entropy loss: -2.7781
                            Mean reward: 83.94
                    Mean episode length: 237.27
                        Mean action std: 0.10
         Mean episode goal_per_1k_steps: 0.2665
         Mean episode mean_dist_to_ball: 2.1443
               Mean episode goals_total: 830.9584
--------------------------------------------------------------------------------
                         Iteration time: 11.55s
                           Time elapsed: 0:33:36
                                    ETA: 1:03:32

################################################################################
[1m                           Learning iteration 173/500                           [0m 

                               Run name: hierarchical_soccer_coop_hl
                            Total steps: 8552448 
                       Steps per second: 4260 
                        Collection time: 11.309s 
                          Learning time: 0.227s 
                        Mean value loss: 2.2915
                    Mean surrogate loss: -0.0015
                      Mean entropy loss: -2.7734
                            Mean reward: 85.87
                    Mean episode length: 233.11
                        Mean action std: 0.10
         Mean episode goal_per_1k_steps: 0.2991
         Mean episode mean_dist_to_ball: 2.1431
               Mean episode goals_total: 832.0000
--------------------------------------------------------------------------------
                         Iteration time: 11.54s
                           Time elapsed: 0:33:48
                                    ETA: 1:03:20

################################################################################
[1m                           Learning iteration 174/500                           [0m 

                               Run name: hierarchical_soccer_coop_hl
                            Total steps: 8601600 
                       Steps per second: 4259 
                        Collection time: 11.308s 
                          Learning time: 0.230s 
                        Mean value loss: 1.8458
                    Mean surrogate loss: -0.0027
                      Mean entropy loss: -2.7590
                            Mean reward: 88.56
                    Mean episode length: 232.79
                        Mean action std: 0.10
         Mean episode goal_per_1k_steps: 0.4354
         Mean episode mean_dist_to_ball: 2.0993
               Mean episode goals_total: 834.3750
--------------------------------------------------------------------------------
                         Iteration time: 11.54s
                           Time elapsed: 0:33:59
                                    ETA: 1:03:08

################################################################################
[1m                           Learning iteration 175/500                           [0m 

                               Run name: hierarchical_soccer_coop_hl
                            Total steps: 8650752 
                       Steps per second: 4249 
                        Collection time: 11.337s 
                          Learning time: 0.230s 
                        Mean value loss: 1.5749
                    Mean surrogate loss: -0.0022
                      Mean entropy loss: -2.8077
                            Mean reward: 87.30
                    Mean episode length: 229.80
                        Mean action std: 0.10
         Mean episode goal_per_1k_steps: 0.3011
         Mean episode mean_dist_to_ball: 2.1247
               Mean episode goals_total: 836.8334
--------------------------------------------------------------------------------
                         Iteration time: 11.57s
                           Time elapsed: 0:34:11
                                    ETA: 1:02:56

################################################################################
[1m                           Learning iteration 176/500                           [0m 

                               Run name: hierarchical_soccer_coop_hl
                            Total steps: 8699904 
                       Steps per second: 4242 
                        Collection time: 11.354s 
                          Learning time: 0.230s 
                        Mean value loss: 3.0415
                    Mean surrogate loss: -0.0004
                      Mean entropy loss: -2.7861
                            Mean reward: 85.21
                    Mean episode length: 232.70
                        Mean action std: 0.10
         Mean episode goal_per_1k_steps: 0.3642
         Mean episode mean_dist_to_ball: 2.1029
               Mean episode goals_total: 838.7917
--------------------------------------------------------------------------------
                         Iteration time: 11.58s
                           Time elapsed: 0:34:23
                                    ETA: 1:02:44

################################################################################
[1m                           Learning iteration 177/500                           [0m 

                               Run name: hierarchical_soccer_coop_hl
                            Total steps: 8749056 
                       Steps per second: 4250 
                        Collection time: 11.332s 
                          Learning time: 0.233s 
                        Mean value loss: 2.1581
                    Mean surrogate loss: -0.0022
                      Mean entropy loss: -2.7575
                            Mean reward: 84.01
                    Mean episode length: 226.68
                        Mean action std: 0.10
         Mean episode goal_per_1k_steps: 0.3337
         Mean episode mean_dist_to_ball: 2.0402
               Mean episode goals_total: 839.1250
--------------------------------------------------------------------------------
                         Iteration time: 11.57s
                           Time elapsed: 0:34:34
                                    ETA: 1:02:32

################################################################################
[1m                           Learning iteration 178/500                           [0m 

                               Run name: hierarchical_soccer_coop_hl
                            Total steps: 8798208 
                       Steps per second: 4250 
                        Collection time: 11.335s 
                          Learning time: 0.228s 
                        Mean value loss: 2.4319
                    Mean surrogate loss: -0.0027
                      Mean entropy loss: -2.7617
                            Mean reward: 84.29
                    Mean episode length: 231.07
                        Mean action std: 0.10
         Mean episode goal_per_1k_steps: 0.2808
         Mean episode mean_dist_to_ball: 2.0376
               Mean episode goals_total: 841.0000
--------------------------------------------------------------------------------
                         Iteration time: 11.56s
                           Time elapsed: 0:34:46
                                    ETA: 1:02:21

################################################################################
[1m                           Learning iteration 179/500                           [0m 

                               Run name: hierarchical_soccer_coop_hl
                            Total steps: 8847360 
                       Steps per second: 4243 
                        Collection time: 11.356s 
                          Learning time: 0.227s 
                        Mean value loss: 2.1557
                    Mean surrogate loss: -0.0026
                      Mean entropy loss: -2.8000
                            Mean reward: 86.33
                    Mean episode length: 226.17
                        Mean action std: 0.09
         Mean episode goal_per_1k_steps: 0.2319
         Mean episode mean_dist_to_ball: 1.9772
               Mean episode goals_total: 842.0000
--------------------------------------------------------------------------------
                         Iteration time: 11.58s
                           Time elapsed: 0:34:57
                                    ETA: 1:02:09

################################################################################
[1m                           Learning iteration 180/500                           [0m 

                               Run name: hierarchical_soccer_coop_hl
                            Total steps: 8896512 
                       Steps per second: 4239 
                        Collection time: 11.365s 
                          Learning time: 0.229s 
                        Mean value loss: 2.0667
                    Mean surrogate loss: -0.0021
                      Mean entropy loss: -2.8429
                            Mean reward: 86.58
                    Mean episode length: 232.08
                        Mean action std: 0.09
         Mean episode goal_per_1k_steps: 0.4578
         Mean episode mean_dist_to_ball: 2.0077
               Mean episode goals_total: 842.6250
--------------------------------------------------------------------------------
                         Iteration time: 11.59s
                           Time elapsed: 0:35:09
                                    ETA: 1:01:57

################################################################################
[1m                           Learning iteration 181/500                           [0m 

                               Run name: hierarchical_soccer_coop_hl
                            Total steps: 8945664 
                       Steps per second: 4221 
                        Collection time: 11.413s 
                          Learning time: 0.229s 
                        Mean value loss: 2.2008
                    Mean surrogate loss: -0.0026
                      Mean entropy loss: -2.8384
                            Mean reward: 85.97
                    Mean episode length: 235.45
                        Mean action std: 0.09
         Mean episode goal_per_1k_steps: 0.2889
         Mean episode mean_dist_to_ball: 2.0290
               Mean episode goals_total: 843.3750
--------------------------------------------------------------------------------
                         Iteration time: 11.64s
                           Time elapsed: 0:35:21
                                    ETA: 1:01:45

################################################################################
[1m                           Learning iteration 182/500                           [0m 

                               Run name: hierarchical_soccer_coop_hl
                            Total steps: 8994816 
                       Steps per second: 4231 
                        Collection time: 11.388s 
                          Learning time: 0.227s 
                        Mean value loss: 1.8009
                    Mean surrogate loss: -0.0011
                      Mean entropy loss: -2.8970
                            Mean reward: 89.28
                    Mean episode length: 232.06
                        Mean action std: 0.09
         Mean episode goal_per_1k_steps: 0.3133
         Mean episode mean_dist_to_ball: 2.0080
               Mean episode goals_total: 844.5417
--------------------------------------------------------------------------------
                         Iteration time: 11.62s
                           Time elapsed: 0:35:32
                                    ETA: 1:01:34

################################################################################
[1m                           Learning iteration 183/500                           [0m 

                               Run name: hierarchical_soccer_coop_hl
                            Total steps: 9043968 
                       Steps per second: 4245 
                        Collection time: 11.348s 
                          Learning time: 0.230s 
                        Mean value loss: 1.9459
                    Mean surrogate loss: -0.0023
                      Mean entropy loss: -2.9011
                            Mean reward: 86.79
                    Mean episode length: 233.78
                        Mean action std: 0.09
         Mean episode goal_per_1k_steps: 0.2706
         Mean episode mean_dist_to_ball: 2.0253
               Mean episode goals_total: 845.7084
--------------------------------------------------------------------------------
                         Iteration time: 11.58s
                           Time elapsed: 0:35:44
                                    ETA: 1:01:22

################################################################################
[1m                           Learning iteration 184/500                           [0m 

                               Run name: hierarchical_soccer_coop_hl
                            Total steps: 9093120 
                       Steps per second: 4246 
                        Collection time: 11.344s 
                          Learning time: 0.230s 
                        Mean value loss: 1.8024
                    Mean surrogate loss: -0.0025
                      Mean entropy loss: -2.9100
                            Mean reward: 88.65
                    Mean episode length: 235.27
                        Mean action std: 0.09
         Mean episode goal_per_1k_steps: 0.2299
         Mean episode mean_dist_to_ball: 2.0210
               Mean episode goals_total: 846.9167
--------------------------------------------------------------------------------
                         Iteration time: 11.57s
                           Time elapsed: 0:35:55
                                    ETA: 1:01:10

################################################################################
[1m                           Learning iteration 185/500                           [0m 

                               Run name: hierarchical_soccer_coop_hl
                            Total steps: 9142272 
                       Steps per second: 4243 
                        Collection time: 11.353s 
                          Learning time: 0.231s 
                        Mean value loss: 1.6082
                    Mean surrogate loss: -0.0017
                      Mean entropy loss: -2.9142
                            Mean reward: 87.12
                    Mean episode length: 231.10
                        Mean action std: 0.09
         Mean episode goal_per_1k_steps: 0.3113
         Mean episode mean_dist_to_ball: 2.0270
               Mean episode goals_total: 848.0000
--------------------------------------------------------------------------------
                         Iteration time: 11.58s
                           Time elapsed: 0:36:07
                                    ETA: 1:00:58

################################################################################
[1m                           Learning iteration 186/500                           [0m 

                               Run name: hierarchical_soccer_coop_hl
                            Total steps: 9191424 
                       Steps per second: 4234 
                        Collection time: 11.375s 
                          Learning time: 0.231s 
                        Mean value loss: 1.5421
                    Mean surrogate loss: -0.0025
                      Mean entropy loss: -2.9148
                            Mean reward: 88.15
                    Mean episode length: 237.90
                        Mean action std: 0.09
         Mean episode goal_per_1k_steps: 0.2930
         Mean episode mean_dist_to_ball: 1.9879
               Mean episode goals_total: 848.7917
--------------------------------------------------------------------------------
                         Iteration time: 11.61s
                           Time elapsed: 0:36:18
                                    ETA: 1:00:47

################################################################################
[1m                           Learning iteration 187/500                           [0m 

                               Run name: hierarchical_soccer_coop_hl
                            Total steps: 9240576 
                       Steps per second: 4226 
                        Collection time: 11.399s 
                          Learning time: 0.230s 
                        Mean value loss: 2.1536
                    Mean surrogate loss: -0.0022
                      Mean entropy loss: -2.9369
                            Mean reward: 89.10
                    Mean episode length: 233.42
                        Mean action std: 0.09
         Mean episode goal_per_1k_steps: 0.3276
         Mean episode mean_dist_to_ball: 1.9639
               Mean episode goals_total: 850.7500
--------------------------------------------------------------------------------
                         Iteration time: 11.63s
                           Time elapsed: 0:36:30
                                    ETA: 1:00:35

################################################################################
[1m                           Learning iteration 188/500                           [0m 

                               Run name: hierarchical_soccer_coop_hl
                            Total steps: 9289728 
                       Steps per second: 4232 
                        Collection time: 11.386s 
                          Learning time: 0.228s 
                        Mean value loss: 2.4451
                    Mean surrogate loss: -0.0034
                      Mean entropy loss: -2.9687
                            Mean reward: 88.15
                    Mean episode length: 228.30
                        Mean action std: 0.09
         Mean episode goal_per_1k_steps: 0.2319
         Mean episode mean_dist_to_ball: 1.9518
               Mean episode goals_total: 854.0000
--------------------------------------------------------------------------------
                         Iteration time: 11.61s
                           Time elapsed: 0:36:42
                                    ETA: 1:00:23

################################################################################
[1m                           Learning iteration 189/500                           [0m 

                               Run name: hierarchical_soccer_coop_hl
                            Total steps: 9338880 
                       Steps per second: 4225 
                        Collection time: 11.405s 
                          Learning time: 0.228s 
                        Mean value loss: 1.6763
                    Mean surrogate loss: -0.0019
                      Mean entropy loss: -2.9614
                            Mean reward: 83.84
                    Mean episode length: 232.36
                        Mean action std: 0.09
         Mean episode goal_per_1k_steps: 0.2563
         Mean episode mean_dist_to_ball: 1.9464
               Mean episode goals_total: 855.0000
--------------------------------------------------------------------------------
                         Iteration time: 11.63s
                           Time elapsed: 0:36:53
                                    ETA: 1:00:12

################################################################################
[1m                           Learning iteration 190/500                           [0m 

                               Run name: hierarchical_soccer_coop_hl
                            Total steps: 9388032 
                       Steps per second: 4243 
                        Collection time: 11.356s 
                          Learning time: 0.227s 
                        Mean value loss: 1.8608
                    Mean surrogate loss: -0.0020
                      Mean entropy loss: -2.9789
                            Mean reward: 86.74
                    Mean episode length: 235.31
                        Mean action std: 0.09
         Mean episode goal_per_1k_steps: 0.3357
         Mean episode mean_dist_to_ball: 1.9566
               Mean episode goals_total: 855.0000
--------------------------------------------------------------------------------
                         Iteration time: 11.58s
                           Time elapsed: 0:37:05
                                    ETA: 1:00:00

################################################################################
[1m                           Learning iteration 191/500                           [0m 

                               Run name: hierarchical_soccer_coop_hl
                            Total steps: 9437184 
                       Steps per second: 4143 
                        Collection time: 11.432s 
                          Learning time: 0.431s 
                        Mean value loss: 1.9351
                    Mean surrogate loss: -0.0014
                      Mean entropy loss: -2.9477
                            Mean reward: 91.61
                    Mean episode length: 236.47
                        Mean action std: 0.09
         Mean episode goal_per_1k_steps: 0.2157
         Mean episode mean_dist_to_ball: 1.9431
               Mean episode goals_total: 855.0000
--------------------------------------------------------------------------------
                         Iteration time: 11.86s
                           Time elapsed: 0:37:17
                                    ETA: 0:59:48

################################################################################
[1m                           Learning iteration 192/500                           [0m 

                               Run name: hierarchical_soccer_coop_hl
                            Total steps: 9486336 
                       Steps per second: 2526 
                        Collection time: 19.227s 
                          Learning time: 0.228s 
                        Mean value loss: 2.1135
                    Mean surrogate loss: -0.0025
                      Mean entropy loss: -2.9524
                            Mean reward: 86.48
                    Mean episode length: 228.51
                        Mean action std: 0.09
         Mean episode goal_per_1k_steps: 0.1668
         Mean episode mean_dist_to_ball: 1.9064
               Mean episode goals_total: 855.0000
--------------------------------------------------------------------------------
                         Iteration time: 19.46s
                           Time elapsed: 0:37:36
                                    ETA: 0:59:49

################################################################################
[1m                           Learning iteration 193/500                           [0m 

                               Run name: hierarchical_soccer_coop_hl
                            Total steps: 9535488 
                       Steps per second: 4268 
                        Collection time: 11.290s 
                          Learning time: 0.226s 
                        Mean value loss: 2.5508
                    Mean surrogate loss: -0.0033
                      Mean entropy loss: -2.9693
                            Mean reward: 88.19
                    Mean episode length: 228.53
                        Mean action std: 0.09
         Mean episode goal_per_1k_steps: 0.2177
         Mean episode mean_dist_to_ball: 1.9025
               Mean episode goals_total: 855.2917
--------------------------------------------------------------------------------
                         Iteration time: 11.52s
                           Time elapsed: 0:37:48
                                    ETA: 0:59:37

################################################################################
[1m                           Learning iteration 194/500                           [0m 

                               Run name: hierarchical_soccer_coop_hl
                            Total steps: 9584640 
                       Steps per second: 4216 
                        Collection time: 11.428s 
                          Learning time: 0.230s 
                        Mean value loss: 2.1195
                    Mean surrogate loss: -0.0038
                      Mean entropy loss: -2.9678
                            Mean reward: 87.36
                    Mean episode length: 234.52
                        Mean action std: 0.09
         Mean episode goal_per_1k_steps: 0.2380
         Mean episode mean_dist_to_ball: 1.9668
               Mean episode goals_total: 856.0000
--------------------------------------------------------------------------------
                         Iteration time: 11.66s
                           Time elapsed: 0:37:59
                                    ETA: 0:59:26

################################################################################
[1m                           Learning iteration 195/500                           [0m 

                               Run name: hierarchical_soccer_coop_hl
                            Total steps: 9633792 
                       Steps per second: 4215 
                        Collection time: 11.430s 
                          Learning time: 0.229s 
                        Mean value loss: 2.2190
                    Mean surrogate loss: -0.0021
                      Mean entropy loss: -2.9738
                            Mean reward: 87.64
                    Mean episode length: 233.20
                        Mean action std: 0.09
         Mean episode goal_per_1k_steps: 0.1994
         Mean episode mean_dist_to_ball: 2.0229
               Mean episode goals_total: 856.2084
--------------------------------------------------------------------------------
                         Iteration time: 11.66s
                           Time elapsed: 0:38:11
                                    ETA: 0:59:14

################################################################################
[1m                           Learning iteration 196/500                           [0m 

                               Run name: hierarchical_soccer_coop_hl
                            Total steps: 9682944 
                       Steps per second: 4208 
                        Collection time: 11.449s 
                          Learning time: 0.229s 
                        Mean value loss: 2.3884
                    Mean surrogate loss: -0.0036
                      Mean entropy loss: -2.9667
                            Mean reward: 88.91
                    Mean episode length: 223.96
                        Mean action std: 0.09
         Mean episode goal_per_1k_steps: 0.2340
         Mean episode mean_dist_to_ball: 2.0051
               Mean episode goals_total: 857.0000
--------------------------------------------------------------------------------
                         Iteration time: 11.68s
                           Time elapsed: 0:38:23
                                    ETA: 0:59:02

################################################################################
[1m                           Learning iteration 197/500                           [0m 

                               Run name: hierarchical_soccer_coop_hl
                            Total steps: 9732096 
                       Steps per second: 4219 
                        Collection time: 11.417s 
                          Learning time: 0.232s 
                        Mean value loss: 3.0410
                    Mean surrogate loss: -0.0024
                      Mean entropy loss: -2.9789
                            Mean reward: 83.77
                    Mean episode length: 231.40
                        Mean action std: 0.09
         Mean episode goal_per_1k_steps: 0.2930
         Mean episode mean_dist_to_ball: 2.0346
               Mean episode goals_total: 857.0000
--------------------------------------------------------------------------------
                         Iteration time: 11.65s
                           Time elapsed: 0:38:34
                                    ETA: 0:58:50

################################################################################
[1m                           Learning iteration 198/500                           [0m 

                               Run name: hierarchical_soccer_coop_hl
                            Total steps: 9781248 
                       Steps per second: 4215 
                        Collection time: 11.428s 
                          Learning time: 0.232s 
                        Mean value loss: 2.0685
                    Mean surrogate loss: -0.0027
                      Mean entropy loss: -2.9579
                            Mean reward: 84.67
                    Mean episode length: 232.58
                        Mean action std: 0.09
         Mean episode goal_per_1k_steps: 0.1485
         Mean episode mean_dist_to_ball: 2.0385
               Mean episode goals_total: 857.2917
--------------------------------------------------------------------------------
                         Iteration time: 11.66s
                           Time elapsed: 0:38:46
                                    ETA: 0:58:39

################################################################################
[1m                           Learning iteration 199/500                           [0m 

                               Run name: hierarchical_soccer_coop_hl
                            Total steps: 9830400 
                       Steps per second: 4211 
                        Collection time: 11.438s 
                          Learning time: 0.232s 
                        Mean value loss: 2.5685
                    Mean surrogate loss: -0.0024
                      Mean entropy loss: -2.9573
                            Mean reward: 90.64
                    Mean episode length: 233.87
                        Mean action std: 0.09
         Mean episode goal_per_1k_steps: 0.3866
         Mean episode mean_dist_to_ball: 2.0101
               Mean episode goals_total: 858.9167
--------------------------------------------------------------------------------
                         Iteration time: 11.67s
                           Time elapsed: 0:38:58
                                    ETA: 0:58:27

################################################################################
[1m                           Learning iteration 200/500                           [0m 

                               Run name: hierarchical_soccer_coop_hl
                            Total steps: 9879552 
                       Steps per second: 4208 
                        Collection time: 11.447s 
                          Learning time: 0.234s 
                        Mean value loss: 2.6937
                    Mean surrogate loss: -0.0026
                      Mean entropy loss: -2.9460
                            Mean reward: 89.89
                    Mean episode length: 231.50
                        Mean action std: 0.09
         Mean episode goal_per_1k_steps: 0.1485
         Mean episode mean_dist_to_ball: 1.9703
               Mean episode goals_total: 860.0000
--------------------------------------------------------------------------------
                         Iteration time: 11.68s
                           Time elapsed: 0:39:09
                                    ETA: 0:58:15

################################################################################
[1m                           Learning iteration 201/500                           [0m 

                               Run name: hierarchical_soccer_coop_hl
                            Total steps: 9928704 
                       Steps per second: 4228 
                        Collection time: 11.393s 
                          Learning time: 0.230s 
                        Mean value loss: 2.1602
                    Mean surrogate loss: -0.0022
                      Mean entropy loss: -2.9414
                            Mean reward: 88.54
                    Mean episode length: 231.56
                        Mean action std: 0.09
         Mean episode goal_per_1k_steps: 0.2075
         Mean episode mean_dist_to_ball: 1.9599
               Mean episode goals_total: 860.3750
--------------------------------------------------------------------------------
                         Iteration time: 11.62s
                           Time elapsed: 0:39:21
                                    ETA: 0:58:03

################################################################################
[1m                           Learning iteration 202/500                           [0m 

                               Run name: hierarchical_soccer_coop_hl
                            Total steps: 9977856 
                       Steps per second: 4240 
                        Collection time: 11.360s 
                          Learning time: 0.230s 
                        Mean value loss: 2.0218
                    Mean surrogate loss: -0.0026
                      Mean entropy loss: -2.9688
                            Mean reward: 89.33
                    Mean episode length: 234.48
                        Mean action std: 0.09
         Mean episode goal_per_1k_steps: 0.2482
         Mean episode mean_dist_to_ball: 1.8780
               Mean episode goals_total: 861.6667
--------------------------------------------------------------------------------
                         Iteration time: 11.59s
                           Time elapsed: 0:39:33
                                    ETA: 0:57:52

################################################################################
[1m                           Learning iteration 203/500                           [0m 

                               Run name: hierarchical_soccer_coop_hl
                            Total steps: 10027008 
                       Steps per second: 4222 
                        Collection time: 11.409s 
                          Learning time: 0.230s 
                        Mean value loss: 2.1266
                    Mean surrogate loss: -0.0023
                      Mean entropy loss: -2.9634
                            Mean reward: 88.80
                    Mean episode length: 235.68
                        Mean action std: 0.09
         Mean episode goal_per_1k_steps: 0.2177
         Mean episode mean_dist_to_ball: 1.8188
               Mean episode goals_total: 863.2917
--------------------------------------------------------------------------------
                         Iteration time: 11.64s
                           Time elapsed: 0:39:44
                                    ETA: 0:57:40

################################################################################
[1m                           Learning iteration 204/500                           [0m 

                               Run name: hierarchical_soccer_coop_hl
                            Total steps: 10076160 
                       Steps per second: 4228 
                        Collection time: 11.393s 
                          Learning time: 0.230s 
                        Mean value loss: 2.2038
                    Mean surrogate loss: -0.0027
                      Mean entropy loss: -2.9824
                            Mean reward: 89.90
                    Mean episode length: 231.25
                        Mean action std: 0.09
         Mean episode goal_per_1k_steps: 0.3276
         Mean episode mean_dist_to_ball: 1.7328
               Mean episode goals_total: 865.3334
--------------------------------------------------------------------------------
                         Iteration time: 11.62s
                           Time elapsed: 0:39:56
                                    ETA: 0:57:28

################################################################################
[1m                           Learning iteration 205/500                           [0m 

                               Run name: hierarchical_soccer_coop_hl
                            Total steps: 10125312 
                       Steps per second: 4238 
                        Collection time: 11.366s 
                          Learning time: 0.230s 
                        Mean value loss: 1.6838
                    Mean surrogate loss: -0.0025
                      Mean entropy loss: -2.9727
                            Mean reward: 91.18
                    Mean episode length: 238.61
                        Mean action std: 0.09
         Mean episode goal_per_1k_steps: 0.2197
         Mean episode mean_dist_to_ball: 1.6991
               Mean episode goals_total: 866.6250
--------------------------------------------------------------------------------
                         Iteration time: 11.60s
                           Time elapsed: 0:40:07
                                    ETA: 0:57:16

################################################################################
[1m                           Learning iteration 206/500                           [0m 

                               Run name: hierarchical_soccer_coop_hl
                            Total steps: 10174464 
                       Steps per second: 4237 
                        Collection time: 11.368s 
                          Learning time: 0.230s 
                        Mean value loss: 1.6236
                    Mean surrogate loss: -0.0017
                      Mean entropy loss: -3.0130
                            Mean reward: 88.69
                    Mean episode length: 234.33
                        Mean action std: 0.09
         Mean episode goal_per_1k_steps: 0.1628
         Mean episode mean_dist_to_ball: 1.6851
               Mean episode goals_total: 867.0000
--------------------------------------------------------------------------------
                         Iteration time: 11.60s
                           Time elapsed: 0:40:19
                                    ETA: 0:57:04

################################################################################
[1m                           Learning iteration 207/500                           [0m 

                               Run name: hierarchical_soccer_coop_hl
                            Total steps: 10223616 
                       Steps per second: 4242 
                        Collection time: 11.355s 
                          Learning time: 0.230s 
                        Mean value loss: 2.4663
                    Mean surrogate loss: -0.0008
                      Mean entropy loss: -3.0005
                            Mean reward: 93.73
                    Mean episode length: 236.29
                        Mean action std: 0.09
         Mean episode goal_per_1k_steps: 0.2319
         Mean episode mean_dist_to_ball: 1.6519
               Mean episode goals_total: 867.0000
--------------------------------------------------------------------------------
                         Iteration time: 11.59s
                           Time elapsed: 0:40:31
                                    ETA: 0:56:52

################################################################################
[1m                           Learning iteration 208/500                           [0m 

                               Run name: hierarchical_soccer_coop_hl
                            Total steps: 10272768 
                       Steps per second: 4236 
                        Collection time: 11.373s 
                          Learning time: 0.230s 
                        Mean value loss: 2.2156
                    Mean surrogate loss: -0.0022
                      Mean entropy loss: -3.0028
                            Mean reward: 89.93
                    Mean episode length: 232.91
                        Mean action std: 0.09
         Mean episode goal_per_1k_steps: 0.1953
         Mean episode mean_dist_to_ball: 1.6244
               Mean episode goals_total: 867.7084
--------------------------------------------------------------------------------
                         Iteration time: 11.60s
                           Time elapsed: 0:40:42
                                    ETA: 0:56:41

################################################################################
[1m                           Learning iteration 209/500                           [0m 

                               Run name: hierarchical_soccer_coop_hl
                            Total steps: 10321920 
                       Steps per second: 4227 
                        Collection time: 11.395s 
                          Learning time: 0.230s 
                        Mean value loss: 1.9996
                    Mean surrogate loss: -0.0025
                      Mean entropy loss: -2.9731
                            Mean reward: 94.16
                    Mean episode length: 238.34
                        Mean action std: 0.09
         Mean episode goal_per_1k_steps: 0.2421
         Mean episode mean_dist_to_ball: 1.6499
               Mean episode goals_total: 868.4584
--------------------------------------------------------------------------------
                         Iteration time: 11.63s
                           Time elapsed: 0:40:54
                                    ETA: 0:56:29

################################################################################
[1m                           Learning iteration 210/500                           [0m 

                               Run name: hierarchical_soccer_coop_hl
                            Total steps: 10371072 
                       Steps per second: 4217 
                        Collection time: 11.426s 
                          Learning time: 0.228s 
                        Mean value loss: 3.3814
                    Mean surrogate loss: -0.0032
                      Mean entropy loss: -3.0057
                            Mean reward: 88.90
                    Mean episode length: 221.81
                        Mean action std: 0.09
         Mean episode goal_per_1k_steps: 0.2462
         Mean episode mean_dist_to_ball: 1.6757
               Mean episode goals_total: 869.0000
--------------------------------------------------------------------------------
                         Iteration time: 11.65s
                           Time elapsed: 0:41:06
                                    ETA: 0:56:17

################################################################################
[1m                           Learning iteration 211/500                           [0m 

                               Run name: hierarchical_soccer_coop_hl
                            Total steps: 10420224 
                       Steps per second: 4191 
                        Collection time: 11.491s 
                          Learning time: 0.235s 
                        Mean value loss: 2.1656
                    Mean surrogate loss: -0.0024
                      Mean entropy loss: -2.9823
                            Mean reward: 91.20
                    Mean episode length: 231.47
                        Mean action std: 0.09
         Mean episode goal_per_1k_steps: 0.2096
         Mean episode mean_dist_to_ball: 1.6727
               Mean episode goals_total: 869.0000
--------------------------------------------------------------------------------
                         Iteration time: 11.73s
                           Time elapsed: 0:41:17
                                    ETA: 0:56:06

################################################################################
[1m                           Learning iteration 212/500                           [0m 

                               Run name: hierarchical_soccer_coop_hl
                            Total steps: 10469376 
                       Steps per second: 2570 
                        Collection time: 18.891s 
                          Learning time: 0.227s 
                        Mean value loss: 2.1033
                    Mean surrogate loss: -0.0021
                      Mean entropy loss: -3.0124
                            Mean reward: 89.59
                    Mean episode length: 231.46
                        Mean action std: 0.09
         Mean episode goal_per_1k_steps: 0.2787
         Mean episode mean_dist_to_ball: 1.6712
               Mean episode goals_total: 869.6667
--------------------------------------------------------------------------------
                         Iteration time: 19.12s
                           Time elapsed: 0:41:36
                                    ETA: 0:56:04

################################################################################
[1m                           Learning iteration 213/500                           [0m 

                               Run name: hierarchical_soccer_coop_hl
                            Total steps: 10518528 
                       Steps per second: 4244 
                        Collection time: 11.352s 
                          Learning time: 0.229s 
                        Mean value loss: 2.2409
                    Mean surrogate loss: -0.0025
                      Mean entropy loss: -3.0137
                            Mean reward: 92.40
                    Mean episode length: 234.24
                        Mean action std: 0.09
         Mean episode goal_per_1k_steps: 0.3194
         Mean episode mean_dist_to_ball: 1.6777
               Mean episode goals_total: 871.8750
--------------------------------------------------------------------------------
                         Iteration time: 11.58s
                           Time elapsed: 0:41:48
                                    ETA: 0:55:52

################################################################################
[1m                           Learning iteration 214/500                           [0m 

                               Run name: hierarchical_soccer_coop_hl
                            Total steps: 10567680 
                       Steps per second: 4232 
                        Collection time: 11.386s 
                          Learning time: 0.228s 
                        Mean value loss: 2.8886
                    Mean surrogate loss: -0.0028
                      Mean entropy loss: -3.0352
                            Mean reward: 89.25
                    Mean episode length: 223.86
                        Mean action std: 0.09
         Mean episode goal_per_1k_steps: 0.2380
         Mean episode mean_dist_to_ball: 1.6996
               Mean episode goals_total: 874.0834
--------------------------------------------------------------------------------
                         Iteration time: 11.61s
                           Time elapsed: 0:42:00
                                    ETA: 0:55:40

################################################################################
[1m                           Learning iteration 215/500                           [0m 

                               Run name: hierarchical_soccer_coop_hl
                            Total steps: 10616832 
                       Steps per second: 4223 
                        Collection time: 11.406s 
                          Learning time: 0.232s 
                        Mean value loss: 2.8182
                    Mean surrogate loss: -0.0024
                      Mean entropy loss: -3.0456
                            Mean reward: 86.79
                    Mean episode length: 229.73
                        Mean action std: 0.09
         Mean episode goal_per_1k_steps: 0.2563
         Mean episode mean_dist_to_ball: 1.6995
               Mean episode goals_total: 876.6250
--------------------------------------------------------------------------------
                         Iteration time: 11.64s
                           Time elapsed: 0:42:11
                                    ETA: 0:55:28

################################################################################
[1m                           Learning iteration 216/500                           [0m 

                               Run name: hierarchical_soccer_coop_hl
                            Total steps: 10665984 
                       Steps per second: 4222 
                        Collection time: 11.410s 
                          Learning time: 0.230s 
                        Mean value loss: 2.3685
                    Mean surrogate loss: -0.0021
                      Mean entropy loss: -3.0634
                            Mean reward: 89.54
                    Mean episode length: 234.72
                        Mean action std: 0.09
         Mean episode goal_per_1k_steps: 0.2462
         Mean episode mean_dist_to_ball: 1.7247
               Mean episode goals_total: 878.1667
--------------------------------------------------------------------------------
                         Iteration time: 11.64s
                           Time elapsed: 0:42:23
                                    ETA: 0:55:16

################################################################################
[1m                           Learning iteration 217/500                           [0m 

                               Run name: hierarchical_soccer_coop_hl
                            Total steps: 10715136 
                       Steps per second: 4212 
                        Collection time: 11.438s 
                          Learning time: 0.229s 
                        Mean value loss: 2.0867
                    Mean surrogate loss: -0.0030
                      Mean entropy loss: -3.1005
                            Mean reward: 87.53
                    Mean episode length: 232.07
                        Mean action std: 0.09
         Mean episode goal_per_1k_steps: 0.1892
         Mean episode mean_dist_to_ball: 1.7204
               Mean episode goals_total: 879.0000
--------------------------------------------------------------------------------
                         Iteration time: 11.67s
                           Time elapsed: 0:42:35
                                    ETA: 0:55:05

################################################################################
[1m                           Learning iteration 218/500                           [0m 

                               Run name: hierarchical_soccer_coop_hl
                            Total steps: 10764288 
                       Steps per second: 4229 
                        Collection time: 11.392s 
                          Learning time: 0.230s 
                        Mean value loss: 2.0886
                    Mean surrogate loss: -0.0027
                      Mean entropy loss: -3.1335
                            Mean reward: 88.49
                    Mean episode length: 230.81
                        Mean action std: 0.08
         Mean episode goal_per_1k_steps: 0.2686
         Mean episode mean_dist_to_ball: 1.7019
               Mean episode goals_total: 879.7084
--------------------------------------------------------------------------------
                         Iteration time: 11.62s
                           Time elapsed: 0:42:46
                                    ETA: 0:54:53

################################################################################
[1m                           Learning iteration 219/500                           [0m 

                               Run name: hierarchical_soccer_coop_hl
                            Total steps: 10813440 
                       Steps per second: 4220 
                        Collection time: 11.416s 
                          Learning time: 0.230s 
                        Mean value loss: 1.5636
                    Mean surrogate loss: -0.0021
                      Mean entropy loss: -3.1283
                            Mean reward: 92.00
                    Mean episode length: 231.99
                        Mean action std: 0.09
         Mean episode goal_per_1k_steps: 0.2380
         Mean episode mean_dist_to_ball: 1.6963
               Mean episode goals_total: 880.0000
--------------------------------------------------------------------------------
                         Iteration time: 11.65s
                           Time elapsed: 0:42:58
                                    ETA: 0:54:41

################################################################################
[1m                           Learning iteration 220/500                           [0m 

                               Run name: hierarchical_soccer_coop_hl
                            Total steps: 10862592 
                       Steps per second: 4231 
                        Collection time: 11.385s 
                          Learning time: 0.230s 
                        Mean value loss: 2.9706
                    Mean surrogate loss: -0.0027
                      Mean entropy loss: -3.1291
                            Mean reward: 92.18
                    Mean episode length: 232.93
                        Mean action std: 0.09
         Mean episode goal_per_1k_steps: 0.2482
         Mean episode mean_dist_to_ball: 1.7286
               Mean episode goals_total: 880.0000
--------------------------------------------------------------------------------
                         Iteration time: 11.62s
                           Time elapsed: 0:43:09
                                    ETA: 0:54:29

################################################################################
[1m                           Learning iteration 221/500                           [0m 

                               Run name: hierarchical_soccer_coop_hl
                            Total steps: 10911744 
                       Steps per second: 4231 
                        Collection time: 11.386s 
                          Learning time: 0.230s 
                        Mean value loss: 3.4809
                    Mean surrogate loss: -0.0021
                      Mean entropy loss: -3.1374
                            Mean reward: 91.04
                    Mean episode length: 226.73
                        Mean action std: 0.08
         Mean episode goal_per_1k_steps: 0.2563
         Mean episode mean_dist_to_ball: 1.7229
               Mean episode goals_total: 880.3750
--------------------------------------------------------------------------------
                         Iteration time: 11.62s
                           Time elapsed: 0:43:21
                                    ETA: 0:54:17

################################################################################
[1m                           Learning iteration 222/500                           [0m 

                               Run name: hierarchical_soccer_coop_hl
                            Total steps: 10960896 
                       Steps per second: 4219 
                        Collection time: 11.419s 
                          Learning time: 0.230s 
                        Mean value loss: 2.1046
                    Mean surrogate loss: -0.0028
                      Mean entropy loss: -3.1610
                            Mean reward: 90.96
                    Mean episode length: 232.24
                        Mean action std: 0.08
         Mean episode goal_per_1k_steps: 0.2563
         Mean episode mean_dist_to_ball: 1.6909
               Mean episode goals_total: 882.0834
--------------------------------------------------------------------------------
                         Iteration time: 11.65s
                           Time elapsed: 0:43:33
                                    ETA: 0:54:05

################################################################################
[1m                           Learning iteration 223/500                           [0m 

                               Run name: hierarchical_soccer_coop_hl
                            Total steps: 11010048 
                       Steps per second: 4232 
                        Collection time: 11.382s 
                          Learning time: 0.230s 
                        Mean value loss: 2.7669
                    Mean surrogate loss: -0.0018
                      Mean entropy loss: -3.1529
                            Mean reward: 90.54
                    Mean episode length: 233.22
                        Mean action std: 0.08
         Mean episode goal_per_1k_steps: 0.2909
         Mean episode mean_dist_to_ball: 1.6785
               Mean episode goals_total: 883.2917
--------------------------------------------------------------------------------
                         Iteration time: 11.61s
                           Time elapsed: 0:43:44
                                    ETA: 0:53:54

################################################################################
[1m                           Learning iteration 224/500                           [0m 

                               Run name: hierarchical_soccer_coop_hl
                            Total steps: 11059200 
                       Steps per second: 2440 
                        Collection time: 19.914s 
                          Learning time: 0.225s 
                        Mean value loss: 2.7018
                    Mean surrogate loss: -0.0026
                      Mean entropy loss: -3.1333
                            Mean reward: 91.31
                    Mean episode length: 228.74
                        Mean action std: 0.09
         Mean episode goal_per_1k_steps: 0.2014
         Mean episode mean_dist_to_ball: 1.6435
               Mean episode goals_total: 884.8750
--------------------------------------------------------------------------------
                         Iteration time: 20.14s
                           Time elapsed: 0:44:04
                                    ETA: 0:53:52

################################################################################
[1m                           Learning iteration 225/500                           [0m 

                               Run name: hierarchical_soccer_coop_hl
                            Total steps: 11108352 
                       Steps per second: 4268 
                        Collection time: 11.287s 
                          Learning time: 0.227s 
                        Mean value loss: 2.6309
                    Mean surrogate loss: -0.0030
                      Mean entropy loss: -3.1232
                            Mean reward: 90.80
                    Mean episode length: 227.89
                        Mean action std: 0.09
         Mean episode goal_per_1k_steps: 0.2258
         Mean episode mean_dist_to_ball: 1.6628
               Mean episode goals_total: 885.2084
--------------------------------------------------------------------------------
                         Iteration time: 11.51s
                           Time elapsed: 0:44:16
                                    ETA: 0:53:40

################################################################################
[1m                           Learning iteration 226/500                           [0m 

                               Run name: hierarchical_soccer_coop_hl
                            Total steps: 11157504 
                       Steps per second: 3909 
                        Collection time: 12.335s 
                          Learning time: 0.236s 
                        Mean value loss: 1.9569
                    Mean surrogate loss: -0.0026
                      Mean entropy loss: -3.1322
                            Mean reward: 90.41
                    Mean episode length: 237.50
                        Mean action std: 0.08
         Mean episode goal_per_1k_steps: 0.3621
         Mean episode mean_dist_to_ball: 1.7274
               Mean episode goals_total: 886.0000
--------------------------------------------------------------------------------
                         Iteration time: 12.57s
                           Time elapsed: 0:44:29
                                    ETA: 0:53:29

################################################################################
[1m                           Learning iteration 227/500                           [0m 

                               Run name: hierarchical_soccer_coop_hl
                            Total steps: 11206656 
                       Steps per second: 3789 
                        Collection time: 12.733s 
                          Learning time: 0.237s 
                        Mean value loss: 2.5945
                    Mean surrogate loss: -0.0023
                      Mean entropy loss: -3.1286
                            Mean reward: 92.25
                    Mean episode length: 231.70
                        Mean action std: 0.09
         Mean episode goal_per_1k_steps: 0.3337
         Mean episode mean_dist_to_ball: 1.7439
               Mean episode goals_total: 886.0000
--------------------------------------------------------------------------------
                         Iteration time: 12.97s
                           Time elapsed: 0:44:41
                                    ETA: 0:53:19

################################################################################
[1m                           Learning iteration 228/500                           [0m 

                               Run name: hierarchical_soccer_coop_hl
                            Total steps: 11255808 
                       Steps per second: 4195 
                        Collection time: 11.488s 
                          Learning time: 0.227s 
                        Mean value loss: 2.0760
                    Mean surrogate loss: -0.0018
                      Mean entropy loss: -3.1085
                            Mean reward: 94.10
                    Mean episode length: 232.60
                        Mean action std: 0.09
         Mean episode goal_per_1k_steps: 0.2950
         Mean episode mean_dist_to_ball: 1.7708
               Mean episode goals_total: 886.5834
--------------------------------------------------------------------------------
                         Iteration time: 11.72s
                           Time elapsed: 0:44:53
                                    ETA: 0:53:07

################################################################################
[1m                           Learning iteration 229/500                           [0m 

                               Run name: hierarchical_soccer_coop_hl
                            Total steps: 11304960 
                       Steps per second: 4237 
                        Collection time: 11.370s 
                          Learning time: 0.230s 
                        Mean value loss: 2.0774
                    Mean surrogate loss: -0.0023
                      Mean entropy loss: -3.1029
                            Mean reward: 91.14
                    Mean episode length: 238.82
                        Mean action std: 0.09
         Mean episode goal_per_1k_steps: 0.2889
         Mean episode mean_dist_to_ball: 1.7441
               Mean episode goals_total: 888.0417
--------------------------------------------------------------------------------
                         Iteration time: 11.60s
                           Time elapsed: 0:45:05
                                    ETA: 0:52:55

################################################################################
[1m                           Learning iteration 230/500                           [0m 

                               Run name: hierarchical_soccer_coop_hl
                            Total steps: 11354112 
                       Steps per second: 4240 
                        Collection time: 11.362s 
                          Learning time: 0.229s 
                        Mean value loss: 2.0453
                    Mean surrogate loss: -0.0018
                      Mean entropy loss: -3.0958
                            Mean reward: 92.03
                    Mean episode length: 229.48
                        Mean action std: 0.09
         Mean episode goal_per_1k_steps: 0.1648
         Mean episode mean_dist_to_ball: 1.7311
               Mean episode goals_total: 889.6250
--------------------------------------------------------------------------------
                         Iteration time: 11.59s
                           Time elapsed: 0:45:16
                                    ETA: 0:52:43

################################################################################
[1m                           Learning iteration 231/500                           [0m 

                               Run name: hierarchical_soccer_coop_hl
                            Total steps: 11403264 
                       Steps per second: 4228 
                        Collection time: 11.393s 
                          Learning time: 0.230s 
                        Mean value loss: 3.1853
                    Mean surrogate loss: -0.0022
                      Mean entropy loss: -3.1262
                            Mean reward: 92.53
                    Mean episode length: 233.63
                        Mean action std: 0.09
         Mean episode goal_per_1k_steps: 0.3052
         Mean episode mean_dist_to_ball: 1.6952
               Mean episode goals_total: 891.1667
--------------------------------------------------------------------------------
                         Iteration time: 11.62s
                           Time elapsed: 0:45:28
                                    ETA: 0:52:31

################################################################################
[1m                           Learning iteration 232/500                           [0m 

                               Run name: hierarchical_soccer_coop_hl
                            Total steps: 11452416 
                       Steps per second: 4221 
                        Collection time: 11.415s 
                          Learning time: 0.227s 
                        Mean value loss: 1.7571
                    Mean surrogate loss: -0.0022
                      Mean entropy loss: -3.0968
                            Mean reward: 97.29
                    Mean episode length: 230.16
                        Mean action std: 0.09
         Mean episode goal_per_1k_steps: 0.2970
         Mean episode mean_dist_to_ball: 1.6663
               Mean episode goals_total: 892.6667
--------------------------------------------------------------------------------
                         Iteration time: 11.64s
                           Time elapsed: 0:45:40
                                    ETA: 0:52:20

################################################################################
[1m                           Learning iteration 233/500                           [0m 

                               Run name: hierarchical_soccer_coop_hl
                            Total steps: 11501568 
                       Steps per second: 4220 
                        Collection time: 11.417s 
                          Learning time: 0.230s 
                        Mean value loss: 2.6101
                    Mean surrogate loss: -0.0021
                      Mean entropy loss: -3.1151
                            Mean reward: 88.93
                    Mean episode length: 233.66
                        Mean action std: 0.09
         Mean episode goal_per_1k_steps: 0.3479
         Mean episode mean_dist_to_ball: 1.7084
               Mean episode goals_total: 894.2917
--------------------------------------------------------------------------------
                         Iteration time: 11.65s
                           Time elapsed: 0:45:51
                                    ETA: 0:52:08

################################################################################
[1m                           Learning iteration 234/500                           [0m 

                               Run name: hierarchical_soccer_coop_hl
                            Total steps: 11550720 
                       Steps per second: 4198 
                        Collection time: 11.473s 
                          Learning time: 0.232s 
                        Mean value loss: 2.2105
                    Mean surrogate loss: -0.0018
                      Mean entropy loss: -3.1317
                            Mean reward: 90.33
                    Mean episode length: 232.18
                        Mean action std: 0.08
         Mean episode goal_per_1k_steps: 0.3113
         Mean episode mean_dist_to_ball: 1.6657
               Mean episode goals_total: 895.0000
--------------------------------------------------------------------------------
                         Iteration time: 11.71s
                           Time elapsed: 0:46:03
                                    ETA: 0:51:56

################################################################################
[1m                           Learning iteration 235/500                           [0m 

                               Run name: hierarchical_soccer_coop_hl
                            Total steps: 11599872 
                       Steps per second: 4211 
                        Collection time: 11.439s 
                          Learning time: 0.232s 
                        Mean value loss: 3.5440
                    Mean surrogate loss: -0.0028
                      Mean entropy loss: -3.1489
                            Mean reward: 92.16
                    Mean episode length: 229.28
                        Mean action std: 0.09
         Mean episode goal_per_1k_steps: 0.3153
         Mean episode mean_dist_to_ball: 1.6238
               Mean episode goals_total: 895.2084
--------------------------------------------------------------------------------
                         Iteration time: 11.67s
                           Time elapsed: 0:46:15
                                    ETA: 0:51:44

################################################################################
[1m                           Learning iteration 236/500                           [0m 

                               Run name: hierarchical_soccer_coop_hl
                            Total steps: 11649024 
                       Steps per second: 4198 
                        Collection time: 11.476s 
                          Learning time: 0.232s 
                        Mean value loss: 2.9918
                    Mean surrogate loss: -0.0027
                      Mean entropy loss: -3.1149
                            Mean reward: 90.55
                    Mean episode length: 227.36
                        Mean action std: 0.09
         Mean episode goal_per_1k_steps: 0.3357
         Mean episode mean_dist_to_ball: 1.6249
               Mean episode goals_total: 896.3750
--------------------------------------------------------------------------------
                         Iteration time: 11.71s
                           Time elapsed: 0:46:26
                                    ETA: 0:51:32

################################################################################
[1m                           Learning iteration 237/500                           [0m 

                               Run name: hierarchical_soccer_coop_hl
                            Total steps: 11698176 
                       Steps per second: 4205 
                        Collection time: 11.457s 
                          Learning time: 0.230s 
                        Mean value loss: 3.1652
                    Mean surrogate loss: -0.0023
                      Mean entropy loss: -3.1069
                            Mean reward: 90.64
                    Mean episode length: 233.18
                        Mean action std: 0.09
         Mean episode goal_per_1k_steps: 0.3113
         Mean episode mean_dist_to_ball: 1.6195
               Mean episode goals_total: 897.9584
--------------------------------------------------------------------------------
                         Iteration time: 11.69s
                           Time elapsed: 0:46:38
                                    ETA: 0:51:20

################################################################################
[1m                           Learning iteration 238/500                           [0m 

                               Run name: hierarchical_soccer_coop_hl
                            Total steps: 11747328 
                       Steps per second: 4238 
                        Collection time: 11.365s 
                          Learning time: 0.230s 
                        Mean value loss: 2.5748
                    Mean surrogate loss: -0.0029
                      Mean entropy loss: -3.0900
                            Mean reward: 91.35
                    Mean episode length: 228.50
                        Mean action std: 0.09
         Mean episode goal_per_1k_steps: 0.2991
         Mean episode mean_dist_to_ball: 1.6442
               Mean episode goals_total: 898.2917
--------------------------------------------------------------------------------
                         Iteration time: 11.60s
                           Time elapsed: 0:46:50
                                    ETA: 0:51:08

################################################################################
[1m                           Learning iteration 239/500                           [0m 

                               Run name: hierarchical_soccer_coop_hl
                            Total steps: 11796480 
                       Steps per second: 4078 
                        Collection time: 11.827s 
                          Learning time: 0.225s 
                        Mean value loss: 2.0856
                    Mean surrogate loss: -0.0025
                      Mean entropy loss: -3.0999
                            Mean reward: 91.24
                    Mean episode length: 235.85
                        Mean action std: 0.09
         Mean episode goal_per_1k_steps: 0.2808
         Mean episode mean_dist_to_ball: 1.6219
               Mean episode goals_total: 900.3750
--------------------------------------------------------------------------------
                         Iteration time: 12.05s
                           Time elapsed: 0:47:02
                                    ETA: 0:50:57

################################################################################
[1m                           Learning iteration 240/500                           [0m 

                               Run name: hierarchical_soccer_coop_hl
                            Total steps: 11845632 
                       Steps per second: 2597 
                        Collection time: 18.699s 
                          Learning time: 0.222s 
                        Mean value loss: 2.3156
                    Mean surrogate loss: -0.0014
                      Mean entropy loss: -3.0688
                            Mean reward: 97.14
                    Mean episode length: 237.61
                        Mean action std: 0.09
         Mean episode goal_per_1k_steps: 0.1872
         Mean episode mean_dist_to_ball: 1.5986
               Mean episode goals_total: 902.0000
--------------------------------------------------------------------------------
                         Iteration time: 18.92s
                           Time elapsed: 0:47:21
                                    ETA: 0:50:53

################################################################################
[1m                           Learning iteration 241/500                           [0m 

                               Run name: hierarchical_soccer_coop_hl
                            Total steps: 11894784 
                       Steps per second: 4132 
                        Collection time: 11.651s 
                          Learning time: 0.243s 
                        Mean value loss: 2.7314
                    Mean surrogate loss: -0.0036
                      Mean entropy loss: -3.0692
                            Mean reward: 88.42
                    Mean episode length: 230.24
                        Mean action std: 0.09
         Mean episode goal_per_1k_steps: 0.2055
         Mean episode mean_dist_to_ball: 1.6192
               Mean episode goals_total: 903.5834
--------------------------------------------------------------------------------
                         Iteration time: 11.89s
                           Time elapsed: 0:47:33
                                    ETA: 0:50:41

################################################################################
[1m                           Learning iteration 242/500                           [0m 

                               Run name: hierarchical_soccer_coop_hl
                            Total steps: 11943936 
                       Steps per second: 3844 
                        Collection time: 12.551s 
                          Learning time: 0.233s 
                        Mean value loss: 2.5275
                    Mean surrogate loss: -0.0029
                      Mean entropy loss: -3.0504
                            Mean reward: 95.58
                    Mean episode length: 232.00
                        Mean action std: 0.09
         Mean episode goal_per_1k_steps: 0.2218
         Mean episode mean_dist_to_ball: 1.6122
               Mean episode goals_total: 905.0834
--------------------------------------------------------------------------------
                         Iteration time: 12.78s
                           Time elapsed: 0:47:45
                                    ETA: 0:50:30

################################################################################
[1m                           Learning iteration 243/500                           [0m 

                               Run name: hierarchical_soccer_coop_hl
                            Total steps: 11993088 
                       Steps per second: 4010 
                        Collection time: 12.029s 
                          Learning time: 0.228s 
                        Mean value loss: 3.3801
                    Mean surrogate loss: -0.0027
                      Mean entropy loss: -3.0325
                            Mean reward: 93.87
                    Mean episode length: 231.09
                        Mean action std: 0.09
         Mean episode goal_per_1k_steps: 0.2563
         Mean episode mean_dist_to_ball: 1.6150
               Mean episode goals_total: 906.7084
--------------------------------------------------------------------------------
                         Iteration time: 12.26s
                           Time elapsed: 0:47:58
                                    ETA: 0:50:19

################################################################################
[1m                           Learning iteration 244/500                           [0m 

                               Run name: hierarchical_soccer_coop_hl
                            Total steps: 12042240 
                       Steps per second: 4226 
                        Collection time: 11.402s 
                          Learning time: 0.227s 
                        Mean value loss: 3.2966
                    Mean surrogate loss: -0.0026
                      Mean entropy loss: -3.0492
                            Mean reward: 93.92
                    Mean episode length: 234.45
                        Mean action std: 0.09
         Mean episode goal_per_1k_steps: 0.1506
         Mean episode mean_dist_to_ball: 1.6009
               Mean episode goals_total: 907.8750
--------------------------------------------------------------------------------
                         Iteration time: 11.63s
                           Time elapsed: 0:48:09
                                    ETA: 0:50:07

################################################################################
[1m                           Learning iteration 245/500                           [0m 

                               Run name: hierarchical_soccer_coop_hl
                            Total steps: 12091392 
                       Steps per second: 4228 
                        Collection time: 11.395s 
                          Learning time: 0.228s 
                        Mean value loss: 3.2024
                    Mean surrogate loss: -0.0024
                      Mean entropy loss: -3.0360
                            Mean reward: 94.37
                    Mean episode length: 231.89
                        Mean action std: 0.09
         Mean episode goal_per_1k_steps: 0.2035
         Mean episode mean_dist_to_ball: 1.5710
               Mean episode goals_total: 908.6250
--------------------------------------------------------------------------------
                         Iteration time: 11.62s
                           Time elapsed: 0:48:21
                                    ETA: 0:49:55

################################################################################
[1m                           Learning iteration 246/500                           [0m 

                               Run name: hierarchical_soccer_coop_hl
                            Total steps: 12140544 
                       Steps per second: 4225 
                        Collection time: 11.403s 
                          Learning time: 0.228s 
                        Mean value loss: 3.7873
                    Mean surrogate loss: -0.0035
                      Mean entropy loss: -3.0454
                            Mean reward: 90.16
                    Mean episode length: 229.93
                        Mean action std: 0.09
         Mean episode goal_per_1k_steps: 0.1831
         Mean episode mean_dist_to_ball: 1.5520
               Mean episode goals_total: 909.7917
--------------------------------------------------------------------------------
                         Iteration time: 11.63s
                           Time elapsed: 0:48:32
                                    ETA: 0:49:43

################################################################################
[1m                           Learning iteration 247/500                           [0m 

                               Run name: hierarchical_soccer_coop_hl
                            Total steps: 12189696 
                       Steps per second: 4237 
                        Collection time: 11.372s 
                          Learning time: 0.227s 
                        Mean value loss: 2.3674
                    Mean surrogate loss: -0.0025
                      Mean entropy loss: -3.0377
                            Mean reward: 94.61
                    Mean episode length: 239.08
                        Mean action std: 0.09
         Mean episode goal_per_1k_steps: 0.2787
         Mean episode mean_dist_to_ball: 1.5601
               Mean episode goals_total: 912.5834
--------------------------------------------------------------------------------
                         Iteration time: 11.60s
                           Time elapsed: 0:48:44
                                    ETA: 0:49:31

################################################################################
[1m                           Learning iteration 248/500                           [0m 

                               Run name: hierarchical_soccer_coop_hl
                            Total steps: 12238848 
                       Steps per second: 4218 
                        Collection time: 11.422s 
                          Learning time: 0.229s 
                        Mean value loss: 3.1793
                    Mean surrogate loss: -0.0036
                      Mean entropy loss: -3.0409
                            Mean reward: 91.18
                    Mean episode length: 222.92
                        Mean action std: 0.09
         Mean episode goal_per_1k_steps: 0.2319
         Mean episode mean_dist_to_ball: 1.5615
               Mean episode goals_total: 915.0000
--------------------------------------------------------------------------------
                         Iteration time: 11.65s
                           Time elapsed: 0:48:56
                                    ETA: 0:49:19

################################################################################
[1m                           Learning iteration 249/500                           [0m 

                               Run name: hierarchical_soccer_coop_hl
                            Total steps: 12288000 
                       Steps per second: 4226 
                        Collection time: 11.398s 
                          Learning time: 0.231s 
                        Mean value loss: 2.4285
                    Mean surrogate loss: -0.0025
                      Mean entropy loss: -3.0465
                            Mean reward: 91.46
                    Mean episode length: 229.69
                        Mean action std: 0.09
         Mean episode goal_per_1k_steps: 0.3703
         Mean episode mean_dist_to_ball: 1.5613
               Mean episode goals_total: 918.7084
--------------------------------------------------------------------------------
                         Iteration time: 11.63s
                           Time elapsed: 0:49:07
                                    ETA: 0:49:07

################################################################################
[1m                           Learning iteration 250/500                           [0m 

                               Run name: hierarchical_soccer_coop_hl
                            Total steps: 12337152 
                       Steps per second: 4237 
                        Collection time: 11.370s 
                          Learning time: 0.230s 
                        Mean value loss: 2.2838
                    Mean surrogate loss: -0.0014
                      Mean entropy loss: -3.0622
                            Mean reward: 93.80
                    Mean episode length: 232.41
                        Mean action std: 0.09
         Mean episode goal_per_1k_steps: 0.3499
         Mean episode mean_dist_to_ball: 1.5475
               Mean episode goals_total: 921.2084
--------------------------------------------------------------------------------
                         Iteration time: 11.60s
                           Time elapsed: 0:49:19
                                    ETA: 0:48:55

################################################################################
[1m                           Learning iteration 251/500                           [0m 

                               Run name: hierarchical_soccer_coop_hl
                            Total steps: 12386304 
                       Steps per second: 2845 
                        Collection time: 17.034s 
                          Learning time: 0.237s 
                        Mean value loss: 2.7342
                    Mean surrogate loss: -0.0016
                      Mean entropy loss: -3.0558
                            Mean reward: 95.12
                    Mean episode length: 233.74
                        Mean action std: 0.09
         Mean episode goal_per_1k_steps: 0.3133
         Mean episode mean_dist_to_ball: 1.5848
               Mean episode goals_total: 924.3334
--------------------------------------------------------------------------------
                         Iteration time: 17.27s
                           Time elapsed: 0:49:36
                                    ETA: 0:48:49

################################################################################
[1m                           Learning iteration 252/500                           [0m 

                               Run name: hierarchical_soccer_coop_hl
                            Total steps: 12435456 
                       Steps per second: 3534 
                        Collection time: 13.680s 
                          Learning time: 0.227s 
                        Mean value loss: 2.2765
                    Mean surrogate loss: -0.0031
                      Mean entropy loss: -3.0733
                            Mean reward: 93.56
                    Mean episode length: 235.07
                        Mean action std: 0.09
         Mean episode goal_per_1k_steps: 0.2584
         Mean episode mean_dist_to_ball: 1.6189
               Mean episode goals_total: 926.1250
--------------------------------------------------------------------------------
                         Iteration time: 13.91s
                           Time elapsed: 0:49:50
                                    ETA: 0:48:39

################################################################################
[1m                           Learning iteration 253/500                           [0m 

                               Run name: hierarchical_soccer_coop_hl
                            Total steps: 12484608 
                       Steps per second: 4230 
                        Collection time: 11.391s 
                          Learning time: 0.227s 
                        Mean value loss: 3.5313
                    Mean surrogate loss: -0.0024
                      Mean entropy loss: -3.0732
                            Mean reward: 92.24
                    Mean episode length: 232.22
                        Mean action std: 0.09
         Mean episode goal_per_1k_steps: 0.2584
         Mean episode mean_dist_to_ball: 1.6549
               Mean episode goals_total: 928.0000
--------------------------------------------------------------------------------
                         Iteration time: 11.62s
                           Time elapsed: 0:50:02
                                    ETA: 0:48:27

################################################################################
[1m                           Learning iteration 254/500                           [0m 

                               Run name: hierarchical_soccer_coop_hl
                            Total steps: 12533760 
                       Steps per second: 4275 
                        Collection time: 11.270s 
                          Learning time: 0.227s 
                        Mean value loss: 4.3688
                    Mean surrogate loss: -0.0040
                      Mean entropy loss: -3.0706
                            Mean reward: 94.64
                    Mean episode length: 231.87
                        Mean action std: 0.09
         Mean episode goal_per_1k_steps: 0.2136
         Mean episode mean_dist_to_ball: 1.6864
               Mean episode goals_total: 929.0000
--------------------------------------------------------------------------------
                         Iteration time: 11.50s
                           Time elapsed: 0:50:13
                                    ETA: 0:48:15

################################################################################
[1m                           Learning iteration 255/500                           [0m 

                               Run name: hierarchical_soccer_coop_hl
                            Total steps: 12582912 
                       Steps per second: 4234 
                        Collection time: 11.378s 
                          Learning time: 0.230s 
                        Mean value loss: 3.7646
                    Mean surrogate loss: -0.0022
                      Mean entropy loss: -3.0747
                            Mean reward: 94.96
                    Mean episode length: 231.02
                        Mean action std: 0.09
         Mean episode goal_per_1k_steps: 0.3092
         Mean episode mean_dist_to_ball: 1.7170
               Mean episode goals_total: 929.6250
--------------------------------------------------------------------------------
                         Iteration time: 11.61s
                           Time elapsed: 0:50:25
                                    ETA: 0:48:03

################################################################################
[1m                           Learning iteration 256/500                           [0m 

                               Run name: hierarchical_soccer_coop_hl
                            Total steps: 12632064 
                       Steps per second: 4238 
                        Collection time: 11.365s 
                          Learning time: 0.230s 
                        Mean value loss: 2.3971
                    Mean surrogate loss: -0.0017
                      Mean entropy loss: -3.0835
                            Mean reward: 96.10
                    Mean episode length: 235.57
                        Mean action std: 0.09
         Mean episode goal_per_1k_steps: 0.1912
         Mean episode mean_dist_to_ball: 1.7589
               Mean episode goals_total: 930.0000
--------------------------------------------------------------------------------
                         Iteration time: 11.60s
                           Time elapsed: 0:50:36
                                    ETA: 0:47:51

################################################################################
[1m                           Learning iteration 257/500                           [0m 

                               Run name: hierarchical_soccer_coop_hl
                            Total steps: 12681216 
                       Steps per second: 4229 
                        Collection time: 11.391s 
                          Learning time: 0.230s 
                        Mean value loss: 4.0227
                    Mean surrogate loss: -0.0016
                      Mean entropy loss: -3.0718
                            Mean reward: 90.17
                    Mean episode length: 226.52
                        Mean action std: 0.09
         Mean episode goal_per_1k_steps: 0.3215
         Mean episode mean_dist_to_ball: 1.7979
               Mean episode goals_total: 930.1250
--------------------------------------------------------------------------------
                         Iteration time: 11.62s
                           Time elapsed: 0:50:48
                                    ETA: 0:47:39

################################################################################
[1m                           Learning iteration 258/500                           [0m 

                               Run name: hierarchical_soccer_coop_hl
                            Total steps: 12730368 
                       Steps per second: 4222 
                        Collection time: 11.411s 
                          Learning time: 0.230s 
                        Mean value loss: 3.5402
                    Mean surrogate loss: -0.0024
                      Mean entropy loss: -3.0516
                            Mean reward: 90.94
                    Mean episode length: 232.14
                        Mean action std: 0.09
         Mean episode goal_per_1k_steps: 0.2502
         Mean episode mean_dist_to_ball: 1.7565
               Mean episode goals_total: 931.7084
--------------------------------------------------------------------------------
                         Iteration time: 11.64s
                           Time elapsed: 0:51:00
                                    ETA: 0:47:27

################################################################################
[1m                           Learning iteration 259/500                           [0m 

                               Run name: hierarchical_soccer_coop_hl
                            Total steps: 12779520 
                       Steps per second: 4225 
                        Collection time: 11.402s 
                          Learning time: 0.230s 
                        Mean value loss: 2.8092
                    Mean surrogate loss: -0.0027
                      Mean entropy loss: -3.0590
                            Mean reward: 91.05
                    Mean episode length: 229.48
                        Mean action std: 0.09
         Mean episode goal_per_1k_steps: 0.2136
         Mean episode mean_dist_to_ball: 1.7040
               Mean episode goals_total: 932.0000
--------------------------------------------------------------------------------
                         Iteration time: 11.63s
                           Time elapsed: 0:51:11
                                    ETA: 0:47:15

################################################################################
[1m                           Learning iteration 260/500                           [0m 

                               Run name: hierarchical_soccer_coop_hl
                            Total steps: 12828672 
                       Steps per second: 4234 
                        Collection time: 11.378s 
                          Learning time: 0.230s 
                        Mean value loss: 4.4920
                    Mean surrogate loss: -0.0023
                      Mean entropy loss: -3.0491
                            Mean reward: 90.75
                    Mean episode length: 227.99
                        Mean action std: 0.09
         Mean episode goal_per_1k_steps: 0.2441
         Mean episode mean_dist_to_ball: 1.6519
               Mean episode goals_total: 932.2084
--------------------------------------------------------------------------------
                         Iteration time: 11.61s
                           Time elapsed: 0:51:23
                                    ETA: 0:47:03

################################################################################
[1m                           Learning iteration 261/500                           [0m 

                               Run name: hierarchical_soccer_coop_hl
                            Total steps: 12877824 
                       Steps per second: 4220 
                        Collection time: 11.415s 
                          Learning time: 0.231s 
                        Mean value loss: 5.3582
                    Mean surrogate loss: -0.0036
                      Mean entropy loss: -3.0833
                            Mean reward: 91.66
                    Mean episode length: 226.02
                        Mean action std: 0.09
         Mean episode goal_per_1k_steps: 0.2991
         Mean episode mean_dist_to_ball: 1.6437
               Mean episode goals_total: 933.7917
--------------------------------------------------------------------------------
                         Iteration time: 11.65s
                           Time elapsed: 0:51:35
                                    ETA: 0:46:51

################################################################################
[1m                           Learning iteration 262/500                           [0m 

                               Run name: hierarchical_soccer_coop_hl
                            Total steps: 12926976 
                       Steps per second: 4235 
                        Collection time: 11.376s 
                          Learning time: 0.230s 
                        Mean value loss: 3.1211
                    Mean surrogate loss: -0.0033
                      Mean entropy loss: -3.0504
                            Mean reward: 92.12
                    Mean episode length: 229.63
                        Mean action std: 0.09
         Mean episode goal_per_1k_steps: 0.1953
         Mean episode mean_dist_to_ball: 1.6143
               Mean episode goals_total: 934.0000
--------------------------------------------------------------------------------
                         Iteration time: 11.61s
                           Time elapsed: 0:51:46
                                    ETA: 0:46:39

################################################################################
[1m                           Learning iteration 263/500                           [0m 

                               Run name: hierarchical_soccer_coop_hl
                            Total steps: 12976128 
                       Steps per second: 4233 
                        Collection time: 11.379s 
                          Learning time: 0.230s 
                        Mean value loss: 2.3488
                    Mean surrogate loss: -0.0016
                      Mean entropy loss: -3.0656
                            Mean reward: 93.06
                    Mean episode length: 236.94
                        Mean action std: 0.09
         Mean episode goal_per_1k_steps: 0.2828
         Mean episode mean_dist_to_ball: 1.5189
               Mean episode goals_total: 934.0000
--------------------------------------------------------------------------------
                         Iteration time: 11.61s
                           Time elapsed: 0:51:58
                                    ETA: 0:46:27

################################################################################
[1m                           Learning iteration 264/500                           [0m 

                               Run name: hierarchical_soccer_coop_hl
                            Total steps: 13025280 
                       Steps per second: 4232 
                        Collection time: 11.384s 
                          Learning time: 0.229s 
                        Mean value loss: 2.3259
                    Mean surrogate loss: -0.0031
                      Mean entropy loss: -3.0789
                            Mean reward: 90.65
                    Mean episode length: 233.07
                        Mean action std: 0.09
         Mean episode goal_per_1k_steps: 0.1363
         Mean episode mean_dist_to_ball: 1.5283
               Mean episode goals_total: 934.0417
--------------------------------------------------------------------------------
                         Iteration time: 11.61s
                           Time elapsed: 0:52:09
                                    ETA: 0:46:15

################################################################################
[1m                           Learning iteration 265/500                           [0m 

                               Run name: hierarchical_soccer_coop_hl
                            Total steps: 13074432 
                       Steps per second: 4226 
                        Collection time: 11.399s 
                          Learning time: 0.230s 
                        Mean value loss: 2.5732
                    Mean surrogate loss: -0.0020
                      Mean entropy loss: -3.0930
                            Mean reward: 95.12
                    Mean episode length: 237.03
                        Mean action std: 0.09
         Mean episode goal_per_1k_steps: 0.3174
         Mean episode mean_dist_to_ball: 1.5050
               Mean episode goals_total: 935.6250
--------------------------------------------------------------------------------
                         Iteration time: 11.63s
                           Time elapsed: 0:52:21
                                    ETA: 0:46:03

################################################################################
[1m                           Learning iteration 266/500                           [0m 

                               Run name: hierarchical_soccer_coop_hl
                            Total steps: 13123584 
                       Steps per second: 4230 
                        Collection time: 11.387s 
                          Learning time: 0.230s 
                        Mean value loss: 3.5467
                    Mean surrogate loss: -0.0025
                      Mean entropy loss: -3.0787
                            Mean reward: 90.88
                    Mean episode length: 229.05
                        Mean action std: 0.09
         Mean episode goal_per_1k_steps: 0.2462
         Mean episode mean_dist_to_ball: 1.5424
               Mean episode goals_total: 936.7917
--------------------------------------------------------------------------------
                         Iteration time: 11.62s
                           Time elapsed: 0:52:33
                                    ETA: 0:45:51

################################################################################
[1m                           Learning iteration 267/500                           [0m 

                               Run name: hierarchical_soccer_coop_hl
                            Total steps: 13172736 
                       Steps per second: 4243 
                        Collection time: 11.353s 
                          Learning time: 0.230s 
                        Mean value loss: 3.8791
                    Mean surrogate loss: -0.0040
                      Mean entropy loss: -3.0797
                            Mean reward: 87.03
                    Mean episode length: 226.82
                        Mean action std: 0.09
         Mean episode goal_per_1k_steps: 0.3072
         Mean episode mean_dist_to_ball: 1.5886
               Mean episode goals_total: 937.5417
--------------------------------------------------------------------------------
                         Iteration time: 11.58s
                           Time elapsed: 0:52:44
                                    ETA: 0:45:39

################################################################################
[1m                           Learning iteration 268/500                           [0m 

                               Run name: hierarchical_soccer_coop_hl
                            Total steps: 13221888 
                       Steps per second: 4217 
                        Collection time: 11.422s 
                          Learning time: 0.232s 
                        Mean value loss: 2.8431
                    Mean surrogate loss: -0.0029
                      Mean entropy loss: -3.1024
                            Mean reward: 95.72
                    Mean episode length: 227.69
                        Mean action std: 0.09
         Mean episode goal_per_1k_steps: 0.3194
         Mean episode mean_dist_to_ball: 1.5591
               Mean episode goals_total: 939.0000
--------------------------------------------------------------------------------
                         Iteration time: 11.65s
                           Time elapsed: 0:52:56
                                    ETA: 0:45:27

################################################################################
[1m                           Learning iteration 269/500                           [0m 

                               Run name: hierarchical_soccer_coop_hl
                            Total steps: 13271040 
                       Steps per second: 4235 
                        Collection time: 11.375s 
                          Learning time: 0.230s 
                        Mean value loss: 3.4406
                    Mean surrogate loss: -0.0026
                      Mean entropy loss: -3.1266
                            Mean reward: 90.68
                    Mean episode length: 228.54
                        Mean action std: 0.09
         Mean episode goal_per_1k_steps: 0.2726
         Mean episode mean_dist_to_ball: 1.5736
               Mean episode goals_total: 941.3750
--------------------------------------------------------------------------------
                         Iteration time: 11.60s
                           Time elapsed: 0:53:08
                                    ETA: 0:45:15

################################################################################
[1m                           Learning iteration 270/500                           [0m 

                               Run name: hierarchical_soccer_coop_hl
                            Total steps: 13320192 
                       Steps per second: 4018 
                        Collection time: 11.611s 
                          Learning time: 0.619s 
                        Mean value loss: 3.6960
                    Mean surrogate loss: -0.0018
                      Mean entropy loss: -3.1436
                            Mean reward: 94.41
                    Mean episode length: 233.64
                        Mean action std: 0.08
         Mean episode goal_per_1k_steps: 0.2686
         Mean episode mean_dist_to_ball: 1.5806
               Mean episode goals_total: 943.6250
--------------------------------------------------------------------------------
                         Iteration time: 12.23s
                           Time elapsed: 0:53:20
                                    ETA: 0:45:04

################################################################################
[1m                           Learning iteration 271/500                           [0m 

                               Run name: hierarchical_soccer_coop_hl
                            Total steps: 13369344 
                       Steps per second: 3972 
                        Collection time: 12.141s 
                          Learning time: 0.232s 
                        Mean value loss: 4.3731
                    Mean surrogate loss: -0.0034
                      Mean entropy loss: -3.1453
                            Mean reward: 96.37
                    Mean episode length: 227.95
                        Mean action std: 0.09
         Mean episode goal_per_1k_steps: 0.2441
         Mean episode mean_dist_to_ball: 1.5239
               Mean episode goals_total: 946.3750
--------------------------------------------------------------------------------
                         Iteration time: 12.37s
                           Time elapsed: 0:53:32
                                    ETA: 0:44:52

################################################################################
[1m                           Learning iteration 272/500                           [0m 

                               Run name: hierarchical_soccer_coop_hl
                            Total steps: 13418496 
                       Steps per second: 4213 
                        Collection time: 11.436s 
                          Learning time: 0.228s 
                        Mean value loss: 3.9004
                    Mean surrogate loss: -0.0030
                      Mean entropy loss: -3.1311
                            Mean reward: 94.87
                    Mean episode length: 222.20
                        Mean action std: 0.09
         Mean episode goal_per_1k_steps: 0.2360
         Mean episode mean_dist_to_ball: 1.4991
               Mean episode goals_total: 947.9584
--------------------------------------------------------------------------------
                         Iteration time: 11.66s
                           Time elapsed: 0:53:44
                                    ETA: 0:44:40

################################################################################
[1m                           Learning iteration 273/500                           [0m 

                               Run name: hierarchical_soccer_coop_hl
                            Total steps: 13467648 
                       Steps per second: 4251 
                        Collection time: 11.335s 
                          Learning time: 0.227s 
                        Mean value loss: 2.9560
                    Mean surrogate loss: -0.0018
                      Mean entropy loss: -3.1051
                            Mean reward: 98.06
                    Mean episode length: 235.35
                        Mean action std: 0.09
         Mean episode goal_per_1k_steps: 0.2645
         Mean episode mean_dist_to_ball: 1.5323
               Mean episode goals_total: 948.2917
--------------------------------------------------------------------------------
                         Iteration time: 11.56s
                           Time elapsed: 0:53:55
                                    ETA: 0:44:28

################################################################################
[1m                           Learning iteration 274/500                           [0m 

                               Run name: hierarchical_soccer_coop_hl
                            Total steps: 13516800 
                       Steps per second: 4262 
                        Collection time: 11.303s 
                          Learning time: 0.227s 
                        Mean value loss: 2.6813
                    Mean surrogate loss: -0.0018
                      Mean entropy loss: -3.0916
                            Mean reward: 95.69
                    Mean episode length: 231.54
                        Mean action std: 0.09
         Mean episode goal_per_1k_steps: 0.2319
         Mean episode mean_dist_to_ball: 1.6164
               Mean episode goals_total: 950.3750
--------------------------------------------------------------------------------
                         Iteration time: 11.53s
                           Time elapsed: 0:54:07
                                    ETA: 0:44:16

################################################################################
[1m                           Learning iteration 275/500                           [0m 

                               Run name: hierarchical_soccer_coop_hl
                            Total steps: 13565952 
                       Steps per second: 4261 
                        Collection time: 11.306s 
                          Learning time: 0.227s 
                        Mean value loss: 3.5133
                    Mean surrogate loss: -0.0015
                      Mean entropy loss: -3.1073
                            Mean reward: 95.23
                    Mean episode length: 230.59
                        Mean action std: 0.09
         Mean episode goal_per_1k_steps: 0.2340
         Mean episode mean_dist_to_ball: 1.6601
               Mean episode goals_total: 952.6250
--------------------------------------------------------------------------------
                         Iteration time: 11.53s
                           Time elapsed: 0:54:18
                                    ETA: 0:44:04

################################################################################
[1m                           Learning iteration 276/500                           [0m 

                               Run name: hierarchical_soccer_coop_hl
                            Total steps: 13615104 
                       Steps per second: 4242 
                        Collection time: 11.356s 
                          Learning time: 0.228s 
                        Mean value loss: 2.7346
                    Mean surrogate loss: -0.0023
                      Mean entropy loss: -3.1183
                            Mean reward: 95.12
                    Mean episode length: 226.53
                        Mean action std: 0.09
         Mean episode goal_per_1k_steps: 0.3682
         Mean episode mean_dist_to_ball: 1.7127
               Mean episode goals_total: 956.1667
--------------------------------------------------------------------------------
                         Iteration time: 11.58s
                           Time elapsed: 0:54:30
                                    ETA: 0:43:52

################################################################################
[1m                           Learning iteration 277/500                           [0m 

                               Run name: hierarchical_soccer_coop_hl
                            Total steps: 13664256 
                       Steps per second: 4248 
                        Collection time: 11.341s 
                          Learning time: 0.227s 
                        Mean value loss: 4.4451
                    Mean surrogate loss: -0.0025
                      Mean entropy loss: -3.1154
                            Mean reward: 98.78
                    Mean episode length: 229.84
                        Mean action std: 0.09
         Mean episode goal_per_1k_steps: 0.3927
         Mean episode mean_dist_to_ball: 1.7422
               Mean episode goals_total: 959.4584
--------------------------------------------------------------------------------
                         Iteration time: 11.57s
                           Time elapsed: 0:54:42
                                    ETA: 0:43:40

################################################################################
[1m                           Learning iteration 278/500                           [0m 

                               Run name: hierarchical_soccer_coop_hl
                            Total steps: 13713408 
                       Steps per second: 4260 
                        Collection time: 11.309s 
                          Learning time: 0.228s 
                        Mean value loss: 3.6159
                    Mean surrogate loss: -0.0034
                      Mean entropy loss: -3.0956
                            Mean reward: 95.24
                    Mean episode length: 228.11
                        Mean action std: 0.09
         Mean episode goal_per_1k_steps: 0.4293
         Mean episode mean_dist_to_ball: 1.7113
               Mean episode goals_total: 960.7084
--------------------------------------------------------------------------------
                         Iteration time: 11.54s
                           Time elapsed: 0:54:53
                                    ETA: 0:43:28

################################################################################
[1m                           Learning iteration 279/500                           [0m 

                               Run name: hierarchical_soccer_coop_hl
                            Total steps: 13762560 
                       Steps per second: 4254 
                        Collection time: 11.326s 
                          Learning time: 0.227s 
                        Mean value loss: 3.4231
                    Mean surrogate loss: -0.0024
                      Mean entropy loss: -3.0883
                            Mean reward: 97.01
                    Mean episode length: 233.78
                        Mean action std: 0.09
         Mean episode goal_per_1k_steps: 0.2075
         Mean episode mean_dist_to_ball: 1.6805
               Mean episode goals_total: 961.0000
--------------------------------------------------------------------------------
                         Iteration time: 11.55s
                           Time elapsed: 0:55:05
                                    ETA: 0:43:16

################################################################################
[1m                           Learning iteration 280/500                           [0m 

                               Run name: hierarchical_soccer_coop_hl
                            Total steps: 13811712 
                       Steps per second: 4249 
                        Collection time: 11.339s 
                          Learning time: 0.228s 
                        Mean value loss: 2.8137
                    Mean surrogate loss: -0.0023
                      Mean entropy loss: -3.0839
                            Mean reward: 98.22
                    Mean episode length: 228.49
                        Mean action std: 0.09
         Mean episode goal_per_1k_steps: 0.3621
         Mean episode mean_dist_to_ball: 1.6371
               Mean episode goals_total: 962.2500
--------------------------------------------------------------------------------
                         Iteration time: 11.57s
                           Time elapsed: 0:55:16
                                    ETA: 0:43:04

################################################################################
[1m                           Learning iteration 281/500                           [0m 

                               Run name: hierarchical_soccer_coop_hl
                            Total steps: 13860864 
                       Steps per second: 4249 
                        Collection time: 11.338s 
                          Learning time: 0.228s 
                        Mean value loss: 3.0126
                    Mean surrogate loss: -0.0021
                      Mean entropy loss: -3.0859
                            Mean reward: 94.96
                    Mean episode length: 229.44
                        Mean action std: 0.09
         Mean episode goal_per_1k_steps: 0.4659
         Mean episode mean_dist_to_ball: 1.6451
               Mean episode goals_total: 966.1667
--------------------------------------------------------------------------------
                         Iteration time: 11.57s
                           Time elapsed: 0:55:28
                                    ETA: 0:42:52

################################################################################
[1m                           Learning iteration 282/500                           [0m 

                               Run name: hierarchical_soccer_coop_hl
                            Total steps: 13910016 
                       Steps per second: 4252 
                        Collection time: 11.328s 
                          Learning time: 0.230s 
                        Mean value loss: 3.1987
                    Mean surrogate loss: -0.0020
                      Mean entropy loss: -3.0798
                            Mean reward: 98.01
                    Mean episode length: 229.08
                        Mean action std: 0.09
         Mean episode goal_per_1k_steps: 0.3052
         Mean episode mean_dist_to_ball: 1.6591
               Mean episode goals_total: 967.0000
--------------------------------------------------------------------------------
                         Iteration time: 11.56s
                           Time elapsed: 0:55:39
                                    ETA: 0:42:40

################################################################################
[1m                           Learning iteration 283/500                           [0m 

                               Run name: hierarchical_soccer_coop_hl
                            Total steps: 13959168 
                       Steps per second: 4260 
                        Collection time: 11.306s 
                          Learning time: 0.230s 
                        Mean value loss: 3.1759
                    Mean surrogate loss: -0.0024
                      Mean entropy loss: -3.0745
                            Mean reward: 97.35
                    Mean episode length: 230.42
                        Mean action std: 0.09
         Mean episode goal_per_1k_steps: 0.3560
         Mean episode mean_dist_to_ball: 1.6085
               Mean episode goals_total: 968.2917
--------------------------------------------------------------------------------
                         Iteration time: 11.54s
                           Time elapsed: 0:55:51
                                    ETA: 0:42:28

################################################################################
[1m                           Learning iteration 284/500                           [0m 

                               Run name: hierarchical_soccer_coop_hl
                            Total steps: 14008320 
                       Steps per second: 3959 
                        Collection time: 12.180s 
                          Learning time: 0.233s 
                        Mean value loss: 3.3885
                    Mean surrogate loss: -0.0030
                      Mean entropy loss: -3.0966
                            Mean reward: 96.74
                    Mean episode length: 230.40
                        Mean action std: 0.09
         Mean episode goal_per_1k_steps: 0.3276
         Mean episode mean_dist_to_ball: 1.5824
               Mean episode goals_total: 971.7917
--------------------------------------------------------------------------------
                         Iteration time: 12.41s
                           Time elapsed: 0:56:03
                                    ETA: 0:42:17

################################################################################
[1m                           Learning iteration 285/500                           [0m 

                               Run name: hierarchical_soccer_coop_hl
                            Total steps: 14057472 
                       Steps per second: 4170 
                        Collection time: 11.559s 
                          Learning time: 0.228s 
                        Mean value loss: 3.8399
                    Mean surrogate loss: -0.0023
                      Mean entropy loss: -3.0865
                            Mean reward: 91.83
                    Mean episode length: 226.58
                        Mean action std: 0.09
         Mean episode goal_per_1k_steps: 0.4069
         Mean episode mean_dist_to_ball: 1.5698
               Mean episode goals_total: 973.2084
--------------------------------------------------------------------------------
                         Iteration time: 11.79s
                           Time elapsed: 0:56:15
                                    ETA: 0:42:05

################################################################################
[1m                           Learning iteration 286/500                           [0m 

                               Run name: hierarchical_soccer_coop_hl
                            Total steps: 14106624 
                       Steps per second: 4248 
                        Collection time: 11.342s 
                          Learning time: 0.227s 
                        Mean value loss: 3.3528
                    Mean surrogate loss: -0.0030
                      Mean entropy loss: -3.1019
                            Mean reward: 95.02
                    Mean episode length: 232.49
                        Mean action std: 0.09
         Mean episode goal_per_1k_steps: 0.3316
         Mean episode mean_dist_to_ball: 1.5804
               Mean episode goals_total: 976.7500
--------------------------------------------------------------------------------
                         Iteration time: 11.57s
                           Time elapsed: 0:56:27
                                    ETA: 0:41:53

################################################################################
[1m                           Learning iteration 287/500                           [0m 

                               Run name: hierarchical_soccer_coop_hl
                            Total steps: 14155776 
                       Steps per second: 4245 
                        Collection time: 11.347s 
                          Learning time: 0.230s 
                        Mean value loss: 5.0450
                    Mean surrogate loss: -0.0016
                      Mean entropy loss: -3.1314
                            Mean reward: 98.88
                    Mean episode length: 229.82
                        Mean action std: 0.09
         Mean episode goal_per_1k_steps: 0.3418
         Mean episode mean_dist_to_ball: 1.6059
               Mean episode goals_total: 978.5417
--------------------------------------------------------------------------------
                         Iteration time: 11.58s
                           Time elapsed: 0:56:38
                                    ETA: 0:41:41

################################################################################
[1m                           Learning iteration 288/500                           [0m 

                               Run name: hierarchical_soccer_coop_hl
                            Total steps: 14204928 
                       Steps per second: 4224 
                        Collection time: 11.402s 
                          Learning time: 0.232s 
                        Mean value loss: 3.9228
                    Mean surrogate loss: -0.0024
                      Mean entropy loss: -3.1369
                            Mean reward: 97.58
                    Mean episode length: 230.10
                        Mean action std: 0.09
         Mean episode goal_per_1k_steps: 0.2726
         Mean episode mean_dist_to_ball: 1.6349
               Mean episode goals_total: 980.4167
--------------------------------------------------------------------------------
                         Iteration time: 11.63s
                           Time elapsed: 0:56:50
                                    ETA: 0:41:29

################################################################################
[1m                           Learning iteration 289/500                           [0m 

                               Run name: hierarchical_soccer_coop_hl
                            Total steps: 14254080 
                       Steps per second: 4229 
                        Collection time: 11.389s 
                          Learning time: 0.232s 
                        Mean value loss: 3.1860
                    Mean surrogate loss: -0.0014
                      Mean entropy loss: -3.1238
                            Mean reward: 94.67
                    Mean episode length: 229.34
                        Mean action std: 0.09
         Mean episode goal_per_1k_steps: 0.3031
         Mean episode mean_dist_to_ball: 1.6459
               Mean episode goals_total: 981.0417
--------------------------------------------------------------------------------
                         Iteration time: 11.62s
                           Time elapsed: 0:57:01
                                    ETA: 0:41:17

################################################################################
[1m                           Learning iteration 290/500                           [0m 

                               Run name: hierarchical_soccer_coop_hl
                            Total steps: 14303232 
                       Steps per second: 4216 
                        Collection time: 11.424s 
                          Learning time: 0.232s 
                        Mean value loss: 4.7265
                    Mean surrogate loss: -0.0019
                      Mean entropy loss: -3.1670
                            Mean reward: 95.45
                    Mean episode length: 235.03
                        Mean action std: 0.08
         Mean episode goal_per_1k_steps: 0.2360
         Mean episode mean_dist_to_ball: 1.6129
               Mean episode goals_total: 982.6250
--------------------------------------------------------------------------------
                         Iteration time: 11.66s
                           Time elapsed: 0:57:13
                                    ETA: 0:41:06

################################################################################
[1m                           Learning iteration 291/500                           [0m 

                               Run name: hierarchical_soccer_coop_hl
                            Total steps: 14352384 
                       Steps per second: 4207 
                        Collection time: 11.449s 
                          Learning time: 0.232s 
                        Mean value loss: 4.2122
                    Mean surrogate loss: -0.0028
                      Mean entropy loss: -3.1600
                            Mean reward: 92.11
                    Mean episode length: 224.37
                        Mean action std: 0.08
         Mean episode goal_per_1k_steps: 0.2726
         Mean episode mean_dist_to_ball: 1.5920
               Mean episode goals_total: 984.5417
--------------------------------------------------------------------------------
                         Iteration time: 11.68s
                           Time elapsed: 0:57:25
                                    ETA: 0:40:54

################################################################################
[1m                           Learning iteration 292/500                           [0m 

                               Run name: hierarchical_soccer_coop_hl
                            Total steps: 14401536 
                       Steps per second: 4218 
                        Collection time: 11.420s 
                          Learning time: 0.232s 
                        Mean value loss: 3.5474
                    Mean surrogate loss: -0.0017
                      Mean entropy loss: -3.1884
                            Mean reward: 96.33
                    Mean episode length: 225.30
                        Mean action std: 0.08
         Mean episode goal_per_1k_steps: 0.5493
         Mean episode mean_dist_to_ball: 1.6070
               Mean episode goals_total: 988.5834
--------------------------------------------------------------------------------
                         Iteration time: 11.65s
                           Time elapsed: 0:57:36
                                    ETA: 0:40:42

################################################################################
[1m                           Learning iteration 293/500                           [0m 

                               Run name: hierarchical_soccer_coop_hl
                            Total steps: 14450688 
                       Steps per second: 4212 
                        Collection time: 11.436s 
                          Learning time: 0.232s 
                        Mean value loss: 3.5080
                    Mean surrogate loss: -0.0025
                      Mean entropy loss: -3.1715
                            Mean reward: 99.79
                    Mean episode length: 224.55
                        Mean action std: 0.08
         Mean episode goal_per_1k_steps: 0.5575
         Mean episode mean_dist_to_ball: 1.6493
               Mean episode goals_total: 990.2917
--------------------------------------------------------------------------------
                         Iteration time: 11.67s
                           Time elapsed: 0:57:48
                                    ETA: 0:40:30

################################################################################
[1m                           Learning iteration 294/500                           [0m 

                               Run name: hierarchical_soccer_coop_hl
                            Total steps: 14499840 
                       Steps per second: 4230 
                        Collection time: 11.387s 
                          Learning time: 0.230s 
                        Mean value loss: 2.5942
                    Mean surrogate loss: -0.0009
                      Mean entropy loss: -3.1871
                            Mean reward: 93.87
                    Mean episode length: 229.91
                        Mean action std: 0.08
         Mean episode goal_per_1k_steps: 0.4700
         Mean episode mean_dist_to_ball: 1.6944
               Mean episode goals_total: 992.0000
--------------------------------------------------------------------------------
                         Iteration time: 11.62s
                           Time elapsed: 0:58:00
                                    ETA: 0:40:18

################################################################################
[1m                           Learning iteration 295/500                           [0m 

                               Run name: hierarchical_soccer_coop_hl
                            Total steps: 14548992 
                       Steps per second: 4250 
                        Collection time: 11.333s 
                          Learning time: 0.230s 
                        Mean value loss: 2.8046
                    Mean surrogate loss: -0.0018
                      Mean entropy loss: -3.1950
                            Mean reward: 98.23
                    Mean episode length: 230.57
                        Mean action std: 0.08
         Mean episode goal_per_1k_steps: 0.3988
         Mean episode mean_dist_to_ball: 1.7073
               Mean episode goals_total: 995.8334
--------------------------------------------------------------------------------
                         Iteration time: 11.56s
                           Time elapsed: 0:58:11
                                    ETA: 0:40:06

################################################################################
[1m                           Learning iteration 296/500                           [0m 

                               Run name: hierarchical_soccer_coop_hl
                            Total steps: 14598144 
                       Steps per second: 4247 
                        Collection time: 11.341s 
                          Learning time: 0.230s 
                        Mean value loss: 3.6518
                    Mean surrogate loss: -0.0017
                      Mean entropy loss: -3.1880
                            Mean reward: 100.53
                    Mean episode length: 234.63
                        Mean action std: 0.08
         Mean episode goal_per_1k_steps: 0.2625
         Mean episode mean_dist_to_ball: 1.7041
               Mean episode goals_total: 997.0000
--------------------------------------------------------------------------------
                         Iteration time: 11.57s
                           Time elapsed: 0:58:23
                                    ETA: 0:39:54

################################################################################
[1m                           Learning iteration 297/500                           [0m 

                               Run name: hierarchical_soccer_coop_hl
                            Total steps: 14647296 
                       Steps per second: 4241 
                        Collection time: 11.359s 
                          Learning time: 0.230s 
                        Mean value loss: 3.1323
                    Mean surrogate loss: -0.0011
                      Mean entropy loss: -3.2284
                            Mean reward: 94.93
                    Mean episode length: 232.08
                        Mean action std: 0.08
         Mean episode goal_per_1k_steps: 0.3194
         Mean episode mean_dist_to_ball: 1.7378
               Mean episode goals_total: 997.7917
--------------------------------------------------------------------------------
                         Iteration time: 11.59s
                           Time elapsed: 0:58:34
                                    ETA: 0:39:42

################################################################################
[1m                           Learning iteration 298/500                           [0m 

                               Run name: hierarchical_soccer_coop_hl
                            Total steps: 14696448 
                       Steps per second: 4241 
                        Collection time: 11.358s 
                          Learning time: 0.230s 
                        Mean value loss: 3.4812
                    Mean surrogate loss: -0.0020
                      Mean entropy loss: -3.2342
                            Mean reward: 96.11
                    Mean episode length: 234.01
                        Mean action std: 0.08
         Mean episode goal_per_1k_steps: 0.4435
         Mean episode mean_dist_to_ball: 1.7938
               Mean episode goals_total: 1000.0000
--------------------------------------------------------------------------------
                         Iteration time: 11.59s
                           Time elapsed: 0:58:46
                                    ETA: 0:39:30

################################################################################
[1m                           Learning iteration 299/500                           [0m 

                               Run name: hierarchical_soccer_coop_hl
                            Total steps: 14745600 
                       Steps per second: 4239 
                        Collection time: 11.364s 
                          Learning time: 0.230s 
                        Mean value loss: 4.9438
                    Mean surrogate loss: -0.0027
                      Mean entropy loss: -3.2197
                            Mean reward: 95.81
                    Mean episode length: 229.19
                        Mean action std: 0.08
         Mean episode goal_per_1k_steps: 0.2380
         Mean episode mean_dist_to_ball: 1.8025
               Mean episode goals_total: 1000.0000
--------------------------------------------------------------------------------
                         Iteration time: 11.59s
                           Time elapsed: 0:58:58
                                    ETA: 0:39:18

################################################################################
[1m                           Learning iteration 300/500                           [0m 

                               Run name: hierarchical_soccer_coop_hl
                            Total steps: 14794752 
                       Steps per second: 4242 
                        Collection time: 11.359s 
                          Learning time: 0.227s 
                        Mean value loss: 4.9572
                    Mean surrogate loss: -0.0022
                      Mean entropy loss: -3.1827
                            Mean reward: 94.95
                    Mean episode length: 223.20
                        Mean action std: 0.08
         Mean episode goal_per_1k_steps: 0.2726
         Mean episode mean_dist_to_ball: 1.7513
               Mean episode goals_total: 1001.2500
--------------------------------------------------------------------------------
                         Iteration time: 11.59s
                           Time elapsed: 0:59:09
                                    ETA: 0:39:06

################################################################################
[1m                           Learning iteration 301/500                           [0m 

                               Run name: hierarchical_soccer_coop_hl
                            Total steps: 14843904 
                       Steps per second: 4169 
                        Collection time: 11.555s 
                          Learning time: 0.232s 
                        Mean value loss: 4.8548
                    Mean surrogate loss: -0.0032
                      Mean entropy loss: -3.1758
                            Mean reward: 89.79
                    Mean episode length: 222.26
                        Mean action std: 0.08
         Mean episode goal_per_1k_steps: 0.4700
         Mean episode mean_dist_to_ball: 1.7299
               Mean episode goals_total: 1003.1667
--------------------------------------------------------------------------------
                         Iteration time: 11.79s
                           Time elapsed: 0:59:21
                                    ETA: 0:38:55

################################################################################
[1m                           Learning iteration 302/500                           [0m 

                               Run name: hierarchical_soccer_coop_hl
                            Total steps: 14893056 
                       Steps per second: 3946 
                        Collection time: 12.228s 
                          Learning time: 0.227s 
                        Mean value loss: 3.7145
                    Mean surrogate loss: -0.0013
                      Mean entropy loss: -3.1677
                            Mean reward: 92.02
                    Mean episode length: 226.93
                        Mean action std: 0.08
         Mean episode goal_per_1k_steps: 0.3052
         Mean episode mean_dist_to_ball: 1.7398
               Mean episode goals_total: 1007.0000
--------------------------------------------------------------------------------
                         Iteration time: 12.46s
                           Time elapsed: 0:59:33
                                    ETA: 0:38:43

################################################################################
[1m                           Learning iteration 303/500                           [0m 

                               Run name: hierarchical_soccer_coop_hl
                            Total steps: 14942208 
                       Steps per second: 4244 
                        Collection time: 11.349s 
                          Learning time: 0.231s 
                        Mean value loss: 4.4763
                    Mean surrogate loss: -0.0009
                      Mean entropy loss: -3.1802
                            Mean reward: 94.69
                    Mean episode length: 227.32
                        Mean action std: 0.08
         Mean episode goal_per_1k_steps: 0.4618
         Mean episode mean_dist_to_ball: 1.7248
               Mean episode goals_total: 1008.2917
--------------------------------------------------------------------------------
                         Iteration time: 11.58s
                           Time elapsed: 0:59:45
                                    ETA: 0:38:31

################################################################################
[1m                           Learning iteration 304/500                           [0m 

                               Run name: hierarchical_soccer_coop_hl
                            Total steps: 14991360 
                       Steps per second: 4231 
                        Collection time: 11.384s 
                          Learning time: 0.231s 
                        Mean value loss: 5.2226
                    Mean surrogate loss: -0.0039
                      Mean entropy loss: -3.1792
                            Mean reward: 92.27
                    Mean episode length: 229.06
                        Mean action std: 0.08
         Mean episode goal_per_1k_steps: 0.3215
         Mean episode mean_dist_to_ball: 1.6863
               Mean episode goals_total: 1010.3750
--------------------------------------------------------------------------------
                         Iteration time: 11.61s
                           Time elapsed: 0:59:57
                                    ETA: 0:38:19

################################################################################
[1m                           Learning iteration 305/500                           [0m 

                               Run name: hierarchical_soccer_coop_hl
                            Total steps: 15040512 
                       Steps per second: 4242 
                        Collection time: 11.354s 
                          Learning time: 0.230s 
                        Mean value loss: 4.7278
                    Mean surrogate loss: -0.0039
                      Mean entropy loss: -3.1557
                            Mean reward: 91.44
                    Mean episode length: 223.38
                        Mean action std: 0.08
         Mean episode goal_per_1k_steps: 0.2726
         Mean episode mean_dist_to_ball: 1.6634
               Mean episode goals_total: 1012.2084
--------------------------------------------------------------------------------
                         Iteration time: 11.58s
                           Time elapsed: 1:00:08
                                    ETA: 0:38:07

################################################################################
[1m                           Learning iteration 306/500                           [0m 

                               Run name: hierarchical_soccer_coop_hl
                            Total steps: 15089664 
                       Steps per second: 4231 
                        Collection time: 11.385s 
                          Learning time: 0.230s 
                        Mean value loss: 4.5019
                    Mean surrogate loss: -0.0034
                      Mean entropy loss: -3.1754
                            Mean reward: 90.22
                    Mean episode length: 224.14
                        Mean action std: 0.08
         Mean episode goal_per_1k_steps: 0.3174
         Mean episode mean_dist_to_ball: 1.6345
               Mean episode goals_total: 1013.7917
--------------------------------------------------------------------------------
                         Iteration time: 11.62s
                           Time elapsed: 1:00:20
                                    ETA: 0:37:55

################################################################################
[1m                           Learning iteration 307/500                           [0m 

                               Run name: hierarchical_soccer_coop_hl
                            Total steps: 15138816 
                       Steps per second: 4244 
                        Collection time: 11.350s 
                          Learning time: 0.230s 
                        Mean value loss: 5.1505
                    Mean surrogate loss: -0.0021
                      Mean entropy loss: -3.1898
                            Mean reward: 93.76
                    Mean episode length: 227.39
                        Mean action std: 0.08
         Mean episode goal_per_1k_steps: 0.3092
         Mean episode mean_dist_to_ball: 1.5884
               Mean episode goals_total: 1015.9167
--------------------------------------------------------------------------------
                         Iteration time: 11.58s
                           Time elapsed: 1:00:31
                                    ETA: 0:37:44

################################################################################
[1m                           Learning iteration 308/500                           [0m 

                               Run name: hierarchical_soccer_coop_hl
                            Total steps: 15187968 
                       Steps per second: 4251 
                        Collection time: 11.330s 
                          Learning time: 0.230s 
                        Mean value loss: 5.1541
                    Mean surrogate loss: -0.0033
                      Mean entropy loss: -3.1727
                            Mean reward: 91.19
                    Mean episode length: 225.39
                        Mean action std: 0.08
         Mean episode goal_per_1k_steps: 0.3133
         Mean episode mean_dist_to_ball: 1.5755
               Mean episode goals_total: 1016.2917
--------------------------------------------------------------------------------
                         Iteration time: 11.56s
                           Time elapsed: 1:00:43
                                    ETA: 0:37:32

################################################################################
[1m                           Learning iteration 309/500                           [0m 

                               Run name: hierarchical_soccer_coop_hl
                            Total steps: 15237120 
                       Steps per second: 4255 
                        Collection time: 11.319s 
                          Learning time: 0.230s 
                        Mean value loss: 3.7823
                    Mean surrogate loss: -0.0023
                      Mean entropy loss: -3.1679
                            Mean reward: 93.68
                    Mean episode length: 224.37
                        Mean action std: 0.08
         Mean episode goal_per_1k_steps: 0.2787
         Mean episode mean_dist_to_ball: 1.5637
               Mean episode goals_total: 1017.0417
--------------------------------------------------------------------------------
                         Iteration time: 11.55s
                           Time elapsed: 1:00:55
                                    ETA: 0:37:20

################################################################################
[1m                           Learning iteration 310/500                           [0m 

                               Run name: hierarchical_soccer_coop_hl
                            Total steps: 15286272 
                       Steps per second: 4245 
                        Collection time: 11.347s 
                          Learning time: 0.230s 
                        Mean value loss: 3.7655
                    Mean surrogate loss: -0.0018
                      Mean entropy loss: -3.1456
                            Mean reward: 100.06
                    Mean episode length: 231.14
                        Mean action std: 0.08
         Mean episode goal_per_1k_steps: 0.3886
         Mean episode mean_dist_to_ball: 1.5364
               Mean episode goals_total: 1019.2500
--------------------------------------------------------------------------------
                         Iteration time: 11.58s
                           Time elapsed: 1:01:06
                                    ETA: 0:37:08

################################################################################
[1m                           Learning iteration 311/500                           [0m 

                               Run name: hierarchical_soccer_coop_hl
                            Total steps: 15335424 
                       Steps per second: 4249 
                        Collection time: 11.335s 
                          Learning time: 0.231s 
                        Mean value loss: 6.5594
                    Mean surrogate loss: -0.0022
                      Mean entropy loss: -3.1556
                            Mean reward: 97.95
                    Mean episode length: 229.09
                        Mean action std: 0.08
         Mean episode goal_per_1k_steps: 0.3072
         Mean episode mean_dist_to_ball: 1.6056
               Mean episode goals_total: 1021.9584
--------------------------------------------------------------------------------
                         Iteration time: 11.57s
                           Time elapsed: 1:01:18
                                    ETA: 0:36:56

################################################################################
[1m                           Learning iteration 312/500                           [0m 

                               Run name: hierarchical_soccer_coop_hl
                            Total steps: 15384576 
                       Steps per second: 4262 
                        Collection time: 11.300s 
                          Learning time: 0.230s 
                        Mean value loss: 5.9483
                    Mean surrogate loss: -0.0028
                      Mean entropy loss: -3.1422
                            Mean reward: 95.55
                    Mean episode length: 225.40
                        Mean action std: 0.09
         Mean episode goal_per_1k_steps: 0.3682
         Mean episode mean_dist_to_ball: 1.6632
               Mean episode goals_total: 1025.4584
--------------------------------------------------------------------------------
                         Iteration time: 11.53s
                           Time elapsed: 1:01:29
                                    ETA: 0:36:44

################################################################################
[1m                           Learning iteration 313/500                           [0m 

                               Run name: hierarchical_soccer_coop_hl
                            Total steps: 15433728 
                       Steps per second: 4247 
                        Collection time: 11.342s 
                          Learning time: 0.230s 
                        Mean value loss: 4.2891
                    Mean surrogate loss: -0.0030
                      Mean entropy loss: -3.1398
                            Mean reward: 97.12
                    Mean episode length: 229.56
                        Mean action std: 0.08
         Mean episode goal_per_1k_steps: 0.3052
         Mean episode mean_dist_to_ball: 1.6737
               Mean episode goals_total: 1026.0000
--------------------------------------------------------------------------------
                         Iteration time: 11.57s
                           Time elapsed: 1:01:41
                                    ETA: 0:36:32

################################################################################
[1m                           Learning iteration 314/500                           [0m 

                               Run name: hierarchical_soccer_coop_hl
                            Total steps: 15482880 
                       Steps per second: 4252 
                        Collection time: 11.329s 
                          Learning time: 0.231s 
                        Mean value loss: 5.3414
                    Mean surrogate loss: -0.0021
                      Mean entropy loss: -3.1359
                            Mean reward: 98.46
                    Mean episode length: 224.39
                        Mean action std: 0.09
         Mean episode goal_per_1k_steps: 0.3560
         Mean episode mean_dist_to_ball: 1.7368
               Mean episode goals_total: 1027.8334
--------------------------------------------------------------------------------
                         Iteration time: 11.56s
                           Time elapsed: 1:01:52
                                    ETA: 0:36:20

################################################################################
[1m                           Learning iteration 315/500                           [0m 

                               Run name: hierarchical_soccer_coop_hl
                            Total steps: 15532032 
                       Steps per second: 4259 
                        Collection time: 11.308s 
                          Learning time: 0.230s 
                        Mean value loss: 5.6757
                    Mean surrogate loss: -0.0037
                      Mean entropy loss: -3.0976
                            Mean reward: 97.20
                    Mean episode length: 220.21
                        Mean action std: 0.09
         Mean episode goal_per_1k_steps: 0.5758
         Mean episode mean_dist_to_ball: 1.7658
               Mean episode goals_total: 1032.0834
--------------------------------------------------------------------------------
                         Iteration time: 11.54s
                           Time elapsed: 1:02:04
                                    ETA: 0:36:08

################################################################################
[1m                           Learning iteration 316/500                           [0m 

                               Run name: hierarchical_soccer_coop_hl
                            Total steps: 15581184 
                       Steps per second: 4270 
                        Collection time: 11.280s 
                          Learning time: 0.230s 
                        Mean value loss: 5.7939
                    Mean surrogate loss: -0.0030
                      Mean entropy loss: -3.0725
                            Mean reward: 97.14
                    Mean episode length: 226.37
                        Mean action std: 0.09
         Mean episode goal_per_1k_steps: 0.5330
         Mean episode mean_dist_to_ball: 1.7566
               Mean episode goals_total: 1034.7917
--------------------------------------------------------------------------------
                         Iteration time: 11.51s
                           Time elapsed: 1:02:15
                                    ETA: 0:35:56

################################################################################
[1m                           Learning iteration 317/500                           [0m 

                               Run name: hierarchical_soccer_coop_hl
                            Total steps: 15630336 
                       Steps per second: 4261 
                        Collection time: 11.304s 
                          Learning time: 0.230s 
                        Mean value loss: 4.6245
                    Mean surrogate loss: -0.0027
                      Mean entropy loss: -3.0488
                            Mean reward: 95.83
                    Mean episode length: 221.37
                        Mean action std: 0.09
         Mean episode goal_per_1k_steps: 0.2970
         Mean episode mean_dist_to_ball: 1.6899
               Mean episode goals_total: 1036.5000
--------------------------------------------------------------------------------
                         Iteration time: 11.53s
                           Time elapsed: 1:02:27
                                    ETA: 0:35:44

################################################################################
[1m                           Learning iteration 318/500                           [0m 

                               Run name: hierarchical_soccer_coop_hl
                            Total steps: 15679488 
                       Steps per second: 4257 
                        Collection time: 11.314s 
                          Learning time: 0.230s 
                        Mean value loss: 5.3066
                    Mean surrogate loss: -0.0031
                      Mean entropy loss: -3.0721
                            Mean reward: 97.16
                    Mean episode length: 225.42
                        Mean action std: 0.09
         Mean episode goal_per_1k_steps: 0.4496
         Mean episode mean_dist_to_ball: 1.7081
               Mean episode goals_total: 1039.8334
--------------------------------------------------------------------------------
                         Iteration time: 11.54s
                           Time elapsed: 1:02:38
                                    ETA: 0:35:32

################################################################################
[1m                           Learning iteration 319/500                           [0m 

                               Run name: hierarchical_soccer_coop_hl
                            Total steps: 15728640 
                       Steps per second: 4250 
                        Collection time: 11.334s 
                          Learning time: 0.229s 
                        Mean value loss: 6.3720
                    Mean surrogate loss: -0.0032
                      Mean entropy loss: -3.0608
                            Mean reward: 91.90
                    Mean episode length: 215.89
                        Mean action std: 0.09
         Mean episode goal_per_1k_steps: 0.3866
         Mean episode mean_dist_to_ball: 1.7311
               Mean episode goals_total: 1041.0834
--------------------------------------------------------------------------------
                         Iteration time: 11.56s
                           Time elapsed: 1:02:50
                                    ETA: 0:35:20

################################################################################
[1m                           Learning iteration 320/500                           [0m 

                               Run name: hierarchical_soccer_coop_hl
                            Total steps: 15777792 
                       Steps per second: 4253 
                        Collection time: 11.327s 
                          Learning time: 0.230s 
                        Mean value loss: 7.8430
                    Mean surrogate loss: -0.0029
                      Mean entropy loss: -3.0419
                            Mean reward: 90.57
                    Mean episode length: 225.54
                        Mean action std: 0.09
         Mean episode goal_per_1k_steps: 0.5819
         Mean episode mean_dist_to_ball: 1.6790
               Mean episode goals_total: 1044.2500
--------------------------------------------------------------------------------
                         Iteration time: 11.56s
                           Time elapsed: 1:03:02
                                    ETA: 0:35:09

################################################################################
[1m                           Learning iteration 321/500                           [0m 

                               Run name: hierarchical_soccer_coop_hl
                            Total steps: 15826944 
                       Steps per second: 4256 
                        Collection time: 11.319s 
                          Learning time: 0.230s 
                        Mean value loss: 7.6453
                    Mean surrogate loss: -0.0034
                      Mean entropy loss: -3.0027
                            Mean reward: 96.63
                    Mean episode length: 225.89
                        Mean action std: 0.09
         Mean episode goal_per_1k_steps: 0.5758
         Mean episode mean_dist_to_ball: 1.6712
               Mean episode goals_total: 1045.3750
--------------------------------------------------------------------------------
                         Iteration time: 11.55s
                           Time elapsed: 1:03:13
                                    ETA: 0:34:57

################################################################################
[1m                           Learning iteration 322/500                           [0m 

                               Run name: hierarchical_soccer_coop_hl
                            Total steps: 15876096 
                       Steps per second: 4267 
                        Collection time: 11.289s 
                          Learning time: 0.230s 
                        Mean value loss: 7.7427
                    Mean surrogate loss: -0.0031
                      Mean entropy loss: -3.0013
                            Mean reward: 91.11
                    Mean episode length: 220.09
                        Mean action std: 0.09
         Mean episode goal_per_1k_steps: 0.3662
         Mean episode mean_dist_to_ball: 1.6275
               Mean episode goals_total: 1046.6667
--------------------------------------------------------------------------------
                         Iteration time: 11.52s
                           Time elapsed: 1:03:25
                                    ETA: 0:34:45

################################################################################
[1m                           Learning iteration 323/500                           [0m 

                               Run name: hierarchical_soccer_coop_hl
                            Total steps: 15925248 
                       Steps per second: 4249 
                        Collection time: 11.337s 
                          Learning time: 0.231s 
                        Mean value loss: 5.8337
                    Mean surrogate loss: -0.0024
                      Mean entropy loss: -3.0104
                            Mean reward: 96.41
                    Mean episode length: 224.65
                        Mean action std: 0.09
         Mean episode goal_per_1k_steps: 0.3357
         Mean episode mean_dist_to_ball: 1.5933
               Mean episode goals_total: 1049.0000
--------------------------------------------------------------------------------
                         Iteration time: 11.57s
                           Time elapsed: 1:03:36
                                    ETA: 0:34:33

################################################################################
[1m                           Learning iteration 324/500                           [0m 

                               Run name: hierarchical_soccer_coop_hl
                            Total steps: 15974400 
                       Steps per second: 4236 
                        Collection time: 11.372s 
                          Learning time: 0.231s 
                        Mean value loss: 5.5610
                    Mean surrogate loss: -0.0027
                      Mean entropy loss: -2.9843
                            Mean reward: 96.24
                    Mean episode length: 214.45
                        Mean action std: 0.09
         Mean episode goal_per_1k_steps: 0.4924
         Mean episode mean_dist_to_ball: 1.6553
               Mean episode goals_total: 1051.8334
--------------------------------------------------------------------------------
                         Iteration time: 11.60s
                           Time elapsed: 1:03:48
                                    ETA: 0:34:21

################################################################################
[1m                           Learning iteration 325/500                           [0m 

                               Run name: hierarchical_soccer_coop_hl
                            Total steps: 16023552 
                       Steps per second: 4246 
                        Collection time: 11.344s 
                          Learning time: 0.231s 
                        Mean value loss: 5.6572
                    Mean surrogate loss: -0.0019
                      Mean entropy loss: -2.9873
                            Mean reward: 96.87
                    Mean episode length: 225.94
                        Mean action std: 0.09
         Mean episode goal_per_1k_steps: 0.5493
         Mean episode mean_dist_to_ball: 1.6925
               Mean episode goals_total: 1055.0417
--------------------------------------------------------------------------------
                         Iteration time: 11.58s
                           Time elapsed: 1:03:59
                                    ETA: 0:34:09

################################################################################
[1m                           Learning iteration 326/500                           [0m 

                               Run name: hierarchical_soccer_coop_hl
                            Total steps: 16072704 
                       Steps per second: 4236 
                        Collection time: 11.372s 
                          Learning time: 0.231s 
                        Mean value loss: 7.5384
                    Mean surrogate loss: -0.0040
                      Mean entropy loss: -2.9753
                            Mean reward: 95.40
                    Mean episode length: 219.29
                        Mean action std: 0.09
         Mean episode goal_per_1k_steps: 0.4822
         Mean episode mean_dist_to_ball: 1.7039
               Mean episode goals_total: 1058.1667
--------------------------------------------------------------------------------
                         Iteration time: 11.60s
                           Time elapsed: 1:04:11
                                    ETA: 0:33:57

################################################################################
[1m                           Learning iteration 327/500                           [0m 

                               Run name: hierarchical_soccer_coop_hl
                            Total steps: 16121856 
                       Steps per second: 4254 
                        Collection time: 11.325s 
                          Learning time: 0.227s 
                        Mean value loss: 5.6664
                    Mean surrogate loss: -0.0022
                      Mean entropy loss: -2.9821
                            Mean reward: 93.25
                    Mean episode length: 222.69
                        Mean action std: 0.09
         Mean episode goal_per_1k_steps: 0.5981
         Mean episode mean_dist_to_ball: 1.7417
               Mean episode goals_total: 1061.7084
--------------------------------------------------------------------------------
                         Iteration time: 11.55s
                           Time elapsed: 1:04:23
                                    ETA: 0:33:45

################################################################################
[1m                           Learning iteration 328/500                           [0m 

                               Run name: hierarchical_soccer_coop_hl
                            Total steps: 16171008 
                       Steps per second: 4263 
                        Collection time: 11.301s 
                          Learning time: 0.228s 
                        Mean value loss: 4.6512
                    Mean surrogate loss: -0.0021
                      Mean entropy loss: -2.9972
                            Mean reward: 96.82
                    Mean episode length: 233.19
                        Mean action std: 0.09
         Mean episode goal_per_1k_steps: 0.4517
         Mean episode mean_dist_to_ball: 1.7561
               Mean episode goals_total: 1064.2917
--------------------------------------------------------------------------------
                         Iteration time: 11.53s
                           Time elapsed: 1:04:34
                                    ETA: 0:33:33

################################################################################
[1m                           Learning iteration 329/500                           [0m 

                               Run name: hierarchical_soccer_coop_hl
                            Total steps: 16220160 
                       Steps per second: 4262 
                        Collection time: 11.304s 
                          Learning time: 0.228s 
                        Mean value loss: 6.9969
                    Mean surrogate loss: -0.0032
                      Mean entropy loss: -2.9943
                            Mean reward: 97.52
                    Mean episode length: 223.52
                        Mean action std: 0.09
         Mean episode goal_per_1k_steps: 0.2604
         Mean episode mean_dist_to_ball: 1.7436
               Mean episode goals_total: 1065.0000
--------------------------------------------------------------------------------
                         Iteration time: 11.53s
                           Time elapsed: 1:04:46
                                    ETA: 0:33:21

################################################################################
[1m                           Learning iteration 330/500                           [0m 

                               Run name: hierarchical_soccer_coop_hl
                            Total steps: 16269312 
                       Steps per second: 4264 
                        Collection time: 11.297s 
                          Learning time: 0.230s 
                        Mean value loss: 7.0594
                    Mean surrogate loss: -0.0023
                      Mean entropy loss: -2.9971
                            Mean reward: 92.89
                    Mean episode length: 224.05
                        Mean action std: 0.09
         Mean episode goal_per_1k_steps: 0.3642
         Mean episode mean_dist_to_ball: 1.7984
               Mean episode goals_total: 1066.2500
--------------------------------------------------------------------------------
                         Iteration time: 11.53s
                           Time elapsed: 1:04:57
                                    ETA: 0:33:10

################################################################################
[1m                           Learning iteration 331/500                           [0m 

                               Run name: hierarchical_soccer_coop_hl
                            Total steps: 16318464 
                       Steps per second: 4235 
                        Collection time: 11.374s 
                          Learning time: 0.230s 
                        Mean value loss: 7.1311
                    Mean surrogate loss: -0.0019
                      Mean entropy loss: -2.9725
                            Mean reward: 98.95
                    Mean episode length: 231.76
                        Mean action std: 0.09
         Mean episode goal_per_1k_steps: 0.5066
         Mean episode mean_dist_to_ball: 1.8259
               Mean episode goals_total: 1067.7500
--------------------------------------------------------------------------------
                         Iteration time: 11.60s
                           Time elapsed: 1:05:09
                                    ETA: 0:32:58

################################################################################
[1m                           Learning iteration 332/500                           [0m 

                               Run name: hierarchical_soccer_coop_hl
                            Total steps: 16367616 
                       Steps per second: 4251 
                        Collection time: 11.331s 
                          Learning time: 0.230s 
                        Mean value loss: 8.0325
                    Mean surrogate loss: -0.0032
                      Mean entropy loss: -2.9695
                            Mean reward: 89.20
                    Mean episode length: 211.99
                        Mean action std: 0.09
         Mean episode goal_per_1k_steps: 0.3947
         Mean episode mean_dist_to_ball: 1.7699
               Mean episode goals_total: 1070.0834
--------------------------------------------------------------------------------
                         Iteration time: 11.56s
                           Time elapsed: 1:05:20
                                    ETA: 0:32:46

################################################################################
[1m                           Learning iteration 333/500                           [0m 

                               Run name: hierarchical_soccer_coop_hl
                            Total steps: 16416768 
                       Steps per second: 4249 
                        Collection time: 11.335s 
                          Learning time: 0.230s 
                        Mean value loss: 5.9805
                    Mean surrogate loss: -0.0027
                      Mean entropy loss: -2.9383
                            Mean reward: 97.48
                    Mean episode length: 219.87
                        Mean action std: 0.09
         Mean episode goal_per_1k_steps: 0.5290
         Mean episode mean_dist_to_ball: 1.6932
               Mean episode goals_total: 1072.4167
--------------------------------------------------------------------------------
                         Iteration time: 11.57s
                           Time elapsed: 1:05:32
                                    ETA: 0:32:34

################################################################################
[1m                           Learning iteration 334/500                           [0m 

                               Run name: hierarchical_soccer_coop_hl
                            Total steps: 16465920 
                       Steps per second: 4246 
                        Collection time: 11.344s 
                          Learning time: 0.230s 
                        Mean value loss: 5.9067
                    Mean surrogate loss: -0.0034
                      Mean entropy loss: -2.9564
                            Mean reward: 94.53
                    Mean episode length: 225.36
                        Mean action std: 0.09
         Mean episode goal_per_1k_steps: 0.5046
         Mean episode mean_dist_to_ball: 1.7119
               Mean episode goals_total: 1074.8334
--------------------------------------------------------------------------------
                         Iteration time: 11.57s
                           Time elapsed: 1:05:43
                                    ETA: 0:32:22

################################################################################
[1m                           Learning iteration 335/500                           [0m 

                               Run name: hierarchical_soccer_coop_hl
                            Total steps: 16515072 
                       Steps per second: 4253 
                        Collection time: 11.324s 
                          Learning time: 0.230s 
                        Mean value loss: 7.2200
                    Mean surrogate loss: -0.0029
                      Mean entropy loss: -2.9749
                            Mean reward: 94.89
                    Mean episode length: 218.61
                        Mean action std: 0.09
         Mean episode goal_per_1k_steps: 0.3845
         Mean episode mean_dist_to_ball: 1.7608
               Mean episode goals_total: 1077.6250
--------------------------------------------------------------------------------
                         Iteration time: 11.55s
                           Time elapsed: 1:05:55
                                    ETA: 0:32:10

################################################################################
[1m                           Learning iteration 336/500                           [0m 

                               Run name: hierarchical_soccer_coop_hl
                            Total steps: 16564224 
                       Steps per second: 4265 
                        Collection time: 11.294s 
                          Learning time: 0.230s 
                        Mean value loss: 7.6985
                    Mean surrogate loss: -0.0025
                      Mean entropy loss: -3.0052
                            Mean reward: 96.29
                    Mean episode length: 226.22
                        Mean action std: 0.09
         Mean episode goal_per_1k_steps: 0.4435
         Mean episode mean_dist_to_ball: 1.7769
               Mean episode goals_total: 1080.3334
--------------------------------------------------------------------------------
                         Iteration time: 11.52s
                           Time elapsed: 1:06:07
                                    ETA: 0:31:58

################################################################################
[1m                           Learning iteration 337/500                           [0m 

                               Run name: hierarchical_soccer_coop_hl
                            Total steps: 16613376 
                       Steps per second: 4268 
                        Collection time: 11.284s 
                          Learning time: 0.230s 
                        Mean value loss: 7.4481
                    Mean surrogate loss: -0.0030
                      Mean entropy loss: -3.0119
                            Mean reward: 96.12
                    Mean episode length: 222.99
                        Mean action std: 0.09
         Mean episode goal_per_1k_steps: 0.4089
         Mean episode mean_dist_to_ball: 1.7346
               Mean episode goals_total: 1083.3334
--------------------------------------------------------------------------------
                         Iteration time: 11.51s
                           Time elapsed: 1:06:18
                                    ETA: 0:31:46

################################################################################
[1m                           Learning iteration 338/500                           [0m 

                               Run name: hierarchical_soccer_coop_hl
                            Total steps: 16662528 
                       Steps per second: 4273 
                        Collection time: 11.269s 
                          Learning time: 0.231s 
                        Mean value loss: 7.0042
                    Mean surrogate loss: -0.0028
                      Mean entropy loss: -3.0180
                            Mean reward: 99.55
                    Mean episode length: 220.78
                        Mean action std: 0.09
         Mean episode goal_per_1k_steps: 0.3581
         Mean episode mean_dist_to_ball: 1.7347
               Mean episode goals_total: 1086.5834
--------------------------------------------------------------------------------
                         Iteration time: 11.50s
                           Time elapsed: 1:06:30
                                    ETA: 0:31:34

################################################################################
[1m                           Learning iteration 339/500                           [0m 

                               Run name: hierarchical_soccer_coop_hl
                            Total steps: 16711680 
                       Steps per second: 4265 
                        Collection time: 11.294s 
                          Learning time: 0.230s 
                        Mean value loss: 6.0153
                    Mean surrogate loss: -0.0018
                      Mean entropy loss: -3.0224
                            Mean reward: 99.03
                    Mean episode length: 224.64
                        Mean action std: 0.09
         Mean episode goal_per_1k_steps: 0.5554
         Mean episode mean_dist_to_ball: 1.7415
               Mean episode goals_total: 1090.7084
--------------------------------------------------------------------------------
                         Iteration time: 11.52s
                           Time elapsed: 1:06:41
                                    ETA: 0:31:23

################################################################################
[1m                           Learning iteration 340/500                           [0m 

                               Run name: hierarchical_soccer_coop_hl
                            Total steps: 16760832 
                       Steps per second: 4277 
                        Collection time: 11.261s 
                          Learning time: 0.230s 
                        Mean value loss: 8.8993
                    Mean surrogate loss: -0.0027
                      Mean entropy loss: -3.0394
                            Mean reward: 96.85
                    Mean episode length: 224.85
                        Mean action std: 0.09
         Mean episode goal_per_1k_steps: 0.3805
         Mean episode mean_dist_to_ball: 1.7342
               Mean episode goals_total: 1093.2084
--------------------------------------------------------------------------------
                         Iteration time: 11.49s
                           Time elapsed: 1:06:53
                                    ETA: 0:31:11

################################################################################
[1m                           Learning iteration 341/500                           [0m 

                               Run name: hierarchical_soccer_coop_hl
                            Total steps: 16809984 
                       Steps per second: 4280 
                        Collection time: 11.251s 
                          Learning time: 0.232s 
                        Mean value loss: 7.8477
                    Mean surrogate loss: -0.0026
                      Mean entropy loss: -3.0229
                            Mean reward: 96.72
                    Mean episode length: 218.93
                        Mean action std: 0.09
         Mean episode goal_per_1k_steps: 0.5046
         Mean episode mean_dist_to_ball: 1.7488
               Mean episode goals_total: 1095.9584
--------------------------------------------------------------------------------
                         Iteration time: 11.48s
                           Time elapsed: 1:07:04
                                    ETA: 0:30:59

################################################################################
[1m                           Learning iteration 342/500                           [0m 

                               Run name: hierarchical_soccer_coop_hl
                            Total steps: 16859136 
                       Steps per second: 4273 
                        Collection time: 11.271s 
                          Learning time: 0.231s 
                        Mean value loss: 9.1909
                    Mean surrogate loss: -0.0025
                      Mean entropy loss: -3.0149
                            Mean reward: 90.42
                    Mean episode length: 205.16
                        Mean action std: 0.09
         Mean episode goal_per_1k_steps: 0.4456
         Mean episode mean_dist_to_ball: 1.7258
               Mean episode goals_total: 1098.2084
--------------------------------------------------------------------------------
                         Iteration time: 11.50s
                           Time elapsed: 1:07:16
                                    ETA: 0:30:47

################################################################################
[1m                           Learning iteration 343/500                           [0m 

                               Run name: hierarchical_soccer_coop_hl
                            Total steps: 16908288 
                       Steps per second: 4268 
                        Collection time: 11.283s 
                          Learning time: 0.231s 
                        Mean value loss: 7.6733
                    Mean surrogate loss: -0.0035
                      Mean entropy loss: -2.9931
                            Mean reward: 98.19
                    Mean episode length: 222.10
                        Mean action std: 0.09
         Mean episode goal_per_1k_steps: 0.5127
         Mean episode mean_dist_to_ball: 1.7080
               Mean episode goals_total: 1103.1250
--------------------------------------------------------------------------------
                         Iteration time: 11.51s
                           Time elapsed: 1:07:27
                                    ETA: 0:30:35

################################################################################
[1m                           Learning iteration 344/500                           [0m 

                               Run name: hierarchical_soccer_coop_hl
                            Total steps: 16957440 
                       Steps per second: 4275 
                        Collection time: 11.264s 
                          Learning time: 0.231s 
                        Mean value loss: 8.0193
                    Mean surrogate loss: -0.0024
                      Mean entropy loss: -2.9881
                            Mean reward: 93.49
                    Mean episode length: 209.80
                        Mean action std: 0.09
         Mean episode goal_per_1k_steps: 0.5290
         Mean episode mean_dist_to_ball: 1.6998
               Mean episode goals_total: 1106.8334
--------------------------------------------------------------------------------
                         Iteration time: 11.50s
                           Time elapsed: 1:07:39
                                    ETA: 0:30:23

################################################################################
[1m                           Learning iteration 345/500                           [0m 

                               Run name: hierarchical_soccer_coop_hl
                            Total steps: 17006592 
                       Steps per second: 4289 
                        Collection time: 11.231s 
                          Learning time: 0.227s 
                        Mean value loss: 9.2964
                    Mean surrogate loss: -0.0032
                      Mean entropy loss: -2.9913
                            Mean reward: 97.13
                    Mean episode length: 224.04
                        Mean action std: 0.09
         Mean episode goal_per_1k_steps: 0.6022
         Mean episode mean_dist_to_ball: 1.8022
               Mean episode goals_total: 1110.2500
--------------------------------------------------------------------------------
                         Iteration time: 11.46s
                           Time elapsed: 1:07:50
                                    ETA: 0:30:11

################################################################################
[1m                           Learning iteration 346/500                           [0m 

                               Run name: hierarchical_soccer_coop_hl
                            Total steps: 17055744 
                       Steps per second: 4278 
                        Collection time: 11.259s 
                          Learning time: 0.228s 
                        Mean value loss: 9.8826
                    Mean surrogate loss: -0.0025
                      Mean entropy loss: -2.9964
                            Mean reward: 93.78
                    Mean episode length: 217.46
                        Mean action std: 0.09
         Mean episode goal_per_1k_steps: 0.4049
         Mean episode mean_dist_to_ball: 1.8389
               Mean episode goals_total: 1111.0000
--------------------------------------------------------------------------------
                         Iteration time: 11.49s
                           Time elapsed: 1:08:02
                                    ETA: 0:29:59

################################################################################
[1m                           Learning iteration 347/500                           [0m 

                               Run name: hierarchical_soccer_coop_hl
                            Total steps: 17104896 
                       Steps per second: 4286 
                        Collection time: 11.239s 
                          Learning time: 0.228s 
                        Mean value loss: 10.5204
                    Mean surrogate loss: -0.0032
                      Mean entropy loss: -2.9933
                            Mean reward: 91.32
                    Mean episode length: 205.42
                        Mean action std: 0.09
         Mean episode goal_per_1k_steps: 0.4985
         Mean episode mean_dist_to_ball: 1.8575
               Mean episode goals_total: 1112.8750
--------------------------------------------------------------------------------
                         Iteration time: 11.47s
                           Time elapsed: 1:08:13
                                    ETA: 0:29:47

################################################################################
[1m                           Learning iteration 348/500                           [0m 

                               Run name: hierarchical_soccer_coop_hl
                            Total steps: 17154048 
                       Steps per second: 4274 
                        Collection time: 11.269s 
                          Learning time: 0.230s 
                        Mean value loss: 8.6867
                    Mean surrogate loss: -0.0024
                      Mean entropy loss: -3.0137
                            Mean reward: 94.46
                    Mean episode length: 211.43
                        Mean action std: 0.09
         Mean episode goal_per_1k_steps: 0.6612
         Mean episode mean_dist_to_ball: 1.8272
               Mean episode goals_total: 1117.0000
--------------------------------------------------------------------------------
                         Iteration time: 11.50s
                           Time elapsed: 1:08:24
                                    ETA: 0:29:36

################################################################################
[1m                           Learning iteration 349/500                           [0m 

                               Run name: hierarchical_soccer_coop_hl
                            Total steps: 17203200 
                       Steps per second: 4281 
                        Collection time: 11.250s 
                          Learning time: 0.230s 
                        Mean value loss: 7.9292
                    Mean surrogate loss: -0.0022
                      Mean entropy loss: -2.9974
                            Mean reward: 102.23
                    Mean episode length: 215.00
                        Mean action std: 0.09
         Mean episode goal_per_1k_steps: 0.4374
         Mean episode mean_dist_to_ball: 1.8233
               Mean episode goals_total: 1118.5834
--------------------------------------------------------------------------------
                         Iteration time: 11.48s
                           Time elapsed: 1:08:36
                                    ETA: 0:29:24

################################################################################
[1m                           Learning iteration 350/500                           [0m 

                               Run name: hierarchical_soccer_coop_hl
                            Total steps: 17252352 
                       Steps per second: 4288 
                        Collection time: 11.232s 
                          Learning time: 0.230s 
                        Mean value loss: 8.9033
                    Mean surrogate loss: -0.0034
                      Mean entropy loss: -2.9774
                            Mean reward: 95.98
                    Mean episode length: 217.00
                        Mean action std: 0.09
         Mean episode goal_per_1k_steps: 0.7243
         Mean episode mean_dist_to_ball: 1.9192
               Mean episode goals_total: 1123.2500
--------------------------------------------------------------------------------
                         Iteration time: 11.46s
                           Time elapsed: 1:08:47
                                    ETA: 0:29:12

################################################################################
[1m                           Learning iteration 351/500                           [0m 

                               Run name: hierarchical_soccer_coop_hl
                            Total steps: 17301504 
                       Steps per second: 4289 
                        Collection time: 11.229s 
                          Learning time: 0.230s 
                        Mean value loss: 7.8303
                    Mean surrogate loss: -0.0031
                      Mean entropy loss: -2.9465
                            Mean reward: 98.65
                    Mean episode length: 227.40
                        Mean action std: 0.09
         Mean episode goal_per_1k_steps: 0.5391
         Mean episode mean_dist_to_ball: 1.8973
               Mean episode goals_total: 1127.9584
--------------------------------------------------------------------------------
                         Iteration time: 11.46s
                           Time elapsed: 1:08:59
                                    ETA: 0:29:00

################################################################################
[1m                           Learning iteration 352/500                           [0m 

                               Run name: hierarchical_soccer_coop_hl
                            Total steps: 17350656 
                       Steps per second: 4300 
                        Collection time: 11.199s 
                          Learning time: 0.230s 
                        Mean value loss: 7.8922
                    Mean surrogate loss: -0.0027
                      Mean entropy loss: -2.9440
                            Mean reward: 91.24
                    Mean episode length: 219.59
                        Mean action std: 0.09
         Mean episode goal_per_1k_steps: 0.4171
         Mean episode mean_dist_to_ball: 1.9017
               Mean episode goals_total: 1129.5417
--------------------------------------------------------------------------------
                         Iteration time: 11.43s
                           Time elapsed: 1:09:10
                                    ETA: 0:28:48

################################################################################
[1m                           Learning iteration 353/500                           [0m 

                               Run name: hierarchical_soccer_coop_hl
                            Total steps: 17399808 
                       Steps per second: 4296 
                        Collection time: 11.210s 
                          Learning time: 0.230s 
                        Mean value loss: 10.2414
                    Mean surrogate loss: -0.0014
                      Mean entropy loss: -2.9413
                            Mean reward: 100.40
                    Mean episode length: 225.16
                        Mean action std: 0.09
         Mean episode goal_per_1k_steps: 0.4720
         Mean episode mean_dist_to_ball: 1.8552
               Mean episode goals_total: 1130.0000
--------------------------------------------------------------------------------
                         Iteration time: 11.44s
                           Time elapsed: 1:09:22
                                    ETA: 0:28:36

################################################################################
[1m                           Learning iteration 354/500                           [0m 

                               Run name: hierarchical_soccer_coop_hl
                            Total steps: 17448960 
                       Steps per second: 4311 
                        Collection time: 11.172s 
                          Learning time: 0.228s 
                        Mean value loss: 8.2448
                    Mean surrogate loss: -0.0023
                      Mean entropy loss: -2.9482
                            Mean reward: 102.33
                    Mean episode length: 230.13
                        Mean action std: 0.09
         Mean episode goal_per_1k_steps: 0.4496
         Mean episode mean_dist_to_ball: 1.8106
               Mean episode goals_total: 1130.5000
--------------------------------------------------------------------------------
                         Iteration time: 11.40s
                           Time elapsed: 1:09:33
                                    ETA: 0:28:24

################################################################################
[1m                           Learning iteration 355/500                           [0m 

                               Run name: hierarchical_soccer_coop_hl
                            Total steps: 17498112 
                       Steps per second: 4313 
                        Collection time: 11.168s 
                          Learning time: 0.228s 
                        Mean value loss: 8.9833
                    Mean surrogate loss: -0.0013
                      Mean entropy loss: -2.9690
                            Mean reward: 90.15
                    Mean episode length: 210.01
                        Mean action std: 0.09
         Mean episode goal_per_1k_steps: 0.4211
         Mean episode mean_dist_to_ball: 1.7990
               Mean episode goals_total: 1133.0417
--------------------------------------------------------------------------------
                         Iteration time: 11.40s
                           Time elapsed: 1:09:45
                                    ETA: 0:28:12

################################################################################
[1m                           Learning iteration 356/500                           [0m 

                               Run name: hierarchical_soccer_coop_hl
                            Total steps: 17547264 
                       Steps per second: 4316 
                        Collection time: 11.158s 
                          Learning time: 0.228s 
                        Mean value loss: 7.5121
                    Mean surrogate loss: -0.0003
                      Mean entropy loss: -2.9677
                            Mean reward: 104.38
                    Mean episode length: 223.28
                        Mean action std: 0.09
         Mean episode goal_per_1k_steps: 0.5310
         Mean episode mean_dist_to_ball: 1.7861
               Mean episode goals_total: 1137.7084
--------------------------------------------------------------------------------
                         Iteration time: 11.39s
                           Time elapsed: 1:09:56
                                    ETA: 0:28:00

################################################################################
[1m                           Learning iteration 357/500                           [0m 

                               Run name: hierarchical_soccer_coop_hl
                            Total steps: 17596416 
                       Steps per second: 4305 
                        Collection time: 11.186s 
                          Learning time: 0.230s 
                        Mean value loss: 7.6983
                    Mean surrogate loss: -0.0031
                      Mean entropy loss: -2.9966
                            Mean reward: 102.53
                    Mean episode length: 217.50
                        Mean action std: 0.09
         Mean episode goal_per_1k_steps: 0.6632
         Mean episode mean_dist_to_ball: 1.8113
               Mean episode goals_total: 1140.6667
--------------------------------------------------------------------------------
                         Iteration time: 11.42s
                           Time elapsed: 1:10:07
                                    ETA: 0:27:49

################################################################################
[1m                           Learning iteration 358/500                           [0m 

                               Run name: hierarchical_soccer_coop_hl
                            Total steps: 17645568 
                       Steps per second: 4314 
                        Collection time: 11.163s 
                          Learning time: 0.231s 
                        Mean value loss: 9.2578
                    Mean surrogate loss: -0.0029
                      Mean entropy loss: -3.0165
                            Mean reward: 95.66
                    Mean episode length: 211.40
                        Mean action std: 0.09
         Mean episode goal_per_1k_steps: 0.4964
         Mean episode mean_dist_to_ball: 1.8376
               Mean episode goals_total: 1142.7084
--------------------------------------------------------------------------------
                         Iteration time: 11.39s
                           Time elapsed: 1:10:19
                                    ETA: 0:27:37

################################################################################
[1m                           Learning iteration 359/500                           [0m 

                               Run name: hierarchical_soccer_coop_hl
                            Total steps: 17694720 
                       Steps per second: 4314 
                        Collection time: 11.162s 
                          Learning time: 0.230s 
                        Mean value loss: 10.1408
                    Mean surrogate loss: -0.0012
                      Mean entropy loss: -3.0180
                            Mean reward: 102.13
                    Mean episode length: 219.98
                        Mean action std: 0.09
         Mean episode goal_per_1k_steps: 0.4862
         Mean episode mean_dist_to_ball: 1.8628
               Mean episode goals_total: 1146.1250
--------------------------------------------------------------------------------
                         Iteration time: 11.39s
                           Time elapsed: 1:10:30
                                    ETA: 0:27:25

################################################################################
[1m                           Learning iteration 360/500                           [0m 

                               Run name: hierarchical_soccer_coop_hl
                            Total steps: 17743872 
                       Steps per second: 4326 
                        Collection time: 11.130s 
                          Learning time: 0.230s 
                        Mean value loss: 8.4727
                    Mean surrogate loss: -0.0028
                      Mean entropy loss: -2.9998
                            Mean reward: 102.48
                    Mean episode length: 225.44
                        Mean action std: 0.09
         Mean episode goal_per_1k_steps: 0.5798
         Mean episode mean_dist_to_ball: 1.9301
               Mean episode goals_total: 1148.0000
--------------------------------------------------------------------------------
                         Iteration time: 11.36s
                           Time elapsed: 1:10:41
                                    ETA: 0:27:13

################################################################################
[1m                           Learning iteration 361/500                           [0m 

                               Run name: hierarchical_soccer_coop_hl
                            Total steps: 17793024 
                       Steps per second: 4308 
                        Collection time: 11.182s 
                          Learning time: 0.227s 
                        Mean value loss: 9.3497
                    Mean surrogate loss: -0.0028
                      Mean entropy loss: -3.0027
                            Mean reward: 98.30
                    Mean episode length: 219.00
                        Mean action std: 0.09
         Mean episode goal_per_1k_steps: 0.6246
         Mean episode mean_dist_to_ball: 1.9521
               Mean episode goals_total: 1148.3750
--------------------------------------------------------------------------------
                         Iteration time: 11.41s
                           Time elapsed: 1:10:53
                                    ETA: 0:27:01

################################################################################
[1m                           Learning iteration 362/500                           [0m 

                               Run name: hierarchical_soccer_coop_hl
                            Total steps: 17842176 
                       Steps per second: 4314 
                        Collection time: 11.162s 
                          Learning time: 0.230s 
                        Mean value loss: 9.0204
                    Mean surrogate loss: -0.0034
                      Mean entropy loss: -2.9908
                            Mean reward: 97.90
                    Mean episode length: 210.59
                        Mean action std: 0.09
         Mean episode goal_per_1k_steps: 0.7690
         Mean episode mean_dist_to_ball: 2.0038
               Mean episode goals_total: 1151.7084
--------------------------------------------------------------------------------
                         Iteration time: 11.39s
                           Time elapsed: 1:11:04
                                    ETA: 0:26:49

################################################################################
[1m                           Learning iteration 363/500                           [0m 

                               Run name: hierarchical_soccer_coop_hl
                            Total steps: 17891328 
                       Steps per second: 4306 
                        Collection time: 11.183s 
                          Learning time: 0.230s 
                        Mean value loss: 8.8324
                    Mean surrogate loss: 0.0004
                      Mean entropy loss: -2.9879
                            Mean reward: 101.81
                    Mean episode length: 224.36
                        Mean action std: 0.09
         Mean episode goal_per_1k_steps: 0.5981
         Mean episode mean_dist_to_ball: 2.0908
               Mean episode goals_total: 1154.7084
--------------------------------------------------------------------------------
                         Iteration time: 11.41s
                           Time elapsed: 1:11:16
                                    ETA: 0:26:37

################################################################################
[1m                           Learning iteration 364/500                           [0m 

                               Run name: hierarchical_soccer_coop_hl
                            Total steps: 17940480 
                       Steps per second: 4324 
                        Collection time: 11.135s 
                          Learning time: 0.230s 
                        Mean value loss: 6.3754
                    Mean surrogate loss: -0.0012
                      Mean entropy loss: -2.9552
                            Mean reward: 105.29
                    Mean episode length: 221.50
                        Mean action std: 0.09
         Mean episode goal_per_1k_steps: 0.3845
         Mean episode mean_dist_to_ball: 2.1151
               Mean episode goals_total: 1155.9167
--------------------------------------------------------------------------------
                         Iteration time: 11.37s
                           Time elapsed: 1:11:27
                                    ETA: 0:26:25

################################################################################
[1m                           Learning iteration 365/500                           [0m 

                               Run name: hierarchical_soccer_coop_hl
                            Total steps: 17989632 
                       Steps per second: 4324 
                        Collection time: 11.135s 
                          Learning time: 0.230s 
                        Mean value loss: 10.2399
                    Mean surrogate loss: -0.0029
                      Mean entropy loss: -2.9762
                            Mean reward: 99.68
                    Mean episode length: 215.11
                        Mean action std: 0.09
         Mean episode goal_per_1k_steps: 0.6551
         Mean episode mean_dist_to_ball: 2.0725
               Mean episode goals_total: 1158.0417
--------------------------------------------------------------------------------
                         Iteration time: 11.37s
                           Time elapsed: 1:11:38
                                    ETA: 0:26:13

################################################################################
[1m                           Learning iteration 366/500                           [0m 

                               Run name: hierarchical_soccer_coop_hl
                            Total steps: 18038784 
                       Steps per second: 4326 
                        Collection time: 11.130s 
                          Learning time: 0.230s 
                        Mean value loss: 9.5311
                    Mean surrogate loss: -0.0029
                      Mean entropy loss: -2.9914
                            Mean reward: 101.43
                    Mean episode length: 220.52
                        Mean action std: 0.09
         Mean episode goal_per_1k_steps: 0.7039
         Mean episode mean_dist_to_ball: 1.9429
               Mean episode goals_total: 1161.1250
--------------------------------------------------------------------------------
                         Iteration time: 11.36s
                           Time elapsed: 1:11:50
                                    ETA: 0:26:02

################################################################################
[1m                           Learning iteration 367/500                           [0m 

                               Run name: hierarchical_soccer_coop_hl
                            Total steps: 18087936 
                       Steps per second: 4339 
                        Collection time: 11.097s 
                          Learning time: 0.230s 
                        Mean value loss: 10.7535
                    Mean surrogate loss: -0.0007
                      Mean entropy loss: -2.9983
                            Mean reward: 99.87
                    Mean episode length: 213.78
                        Mean action std: 0.09
         Mean episode goal_per_1k_steps: 0.5859
         Mean episode mean_dist_to_ball: 1.9117
               Mean episode goals_total: 1167.2084
--------------------------------------------------------------------------------
                         Iteration time: 11.33s
                           Time elapsed: 1:12:01
                                    ETA: 0:25:50

################################################################################
[1m                           Learning iteration 368/500                           [0m 

                               Run name: hierarchical_soccer_coop_hl
                            Total steps: 18137088 
                       Steps per second: 4341 
                        Collection time: 11.092s 
                          Learning time: 0.230s 
                        Mean value loss: 9.9033
                    Mean surrogate loss: -0.0018
                      Mean entropy loss: -3.0145
                            Mean reward: 102.77
                    Mean episode length: 223.15
                        Mean action std: 0.09
         Mean episode goal_per_1k_steps: 0.6917
         Mean episode mean_dist_to_ball: 1.8828
               Mean episode goals_total: 1171.2917
--------------------------------------------------------------------------------
                         Iteration time: 11.32s
                           Time elapsed: 1:12:12
                                    ETA: 0:25:38

################################################################################
[1m                           Learning iteration 369/500                           [0m 

                               Run name: hierarchical_soccer_coop_hl
                            Total steps: 18186240 
                       Steps per second: 4332 
                        Collection time: 11.115s 
                          Learning time: 0.230s 
                        Mean value loss: 8.5973
                    Mean surrogate loss: -0.0031
                      Mean entropy loss: -2.9991
                            Mean reward: 99.81
                    Mean episode length: 220.77
                        Mean action std: 0.09
         Mean episode goal_per_1k_steps: 0.5941
         Mean episode mean_dist_to_ball: 1.8692
               Mean episode goals_total: 1175.3334
--------------------------------------------------------------------------------
                         Iteration time: 11.34s
                           Time elapsed: 1:12:24
                                    ETA: 0:25:26

################################################################################
[1m                           Learning iteration 370/500                           [0m 

                               Run name: hierarchical_soccer_coop_hl
                            Total steps: 18235392 
                       Steps per second: 4336 
                        Collection time: 11.104s 
                          Learning time: 0.230s 
                        Mean value loss: 9.0500
                    Mean surrogate loss: -0.0017
                      Mean entropy loss: -3.0092
                            Mean reward: 110.18
                    Mean episode length: 219.97
                        Mean action std: 0.09
         Mean episode goal_per_1k_steps: 0.7304
         Mean episode mean_dist_to_ball: 1.9185
               Mean episode goals_total: 1180.0417
--------------------------------------------------------------------------------
                         Iteration time: 11.33s
                           Time elapsed: 1:12:35
                                    ETA: 0:25:14

################################################################################
[1m                           Learning iteration 371/500                           [0m 

                               Run name: hierarchical_soccer_coop_hl
                            Total steps: 18284544 
                       Steps per second: 4342 
                        Collection time: 11.088s 
                          Learning time: 0.230s 
                        Mean value loss: 10.1944
                    Mean surrogate loss: -0.0030
                      Mean entropy loss: -2.9918
                            Mean reward: 104.93
                    Mean episode length: 223.65
                        Mean action std: 0.09
         Mean episode goal_per_1k_steps: 0.6510
         Mean episode mean_dist_to_ball: 1.9729
               Mean episode goals_total: 1184.7084
--------------------------------------------------------------------------------
                         Iteration time: 11.32s
                           Time elapsed: 1:12:46
                                    ETA: 0:25:02

################################################################################
[1m                           Learning iteration 372/500                           [0m 

                               Run name: hierarchical_soccer_coop_hl
                            Total steps: 18333696 
                       Steps per second: 4350 
                        Collection time: 11.069s 
                          Learning time: 0.229s 
                        Mean value loss: 7.9174
                    Mean surrogate loss: -0.0010
                      Mean entropy loss: -3.0081
                            Mean reward: 107.67
                    Mean episode length: 220.55
                        Mean action std: 0.09
         Mean episode goal_per_1k_steps: 0.5981
         Mean episode mean_dist_to_ball: 1.9495
               Mean episode goals_total: 1189.7084
--------------------------------------------------------------------------------
                         Iteration time: 11.30s
                           Time elapsed: 1:12:58
                                    ETA: 0:24:50

################################################################################
[1m                           Learning iteration 373/500                           [0m 

                               Run name: hierarchical_soccer_coop_hl
                            Total steps: 18382848 
                       Steps per second: 4349 
                        Collection time: 11.071s 
                          Learning time: 0.230s 
                        Mean value loss: 8.1455
                    Mean surrogate loss: -0.0006
                      Mean entropy loss: -3.0180
                            Mean reward: 106.46
                    Mean episode length: 221.95
                        Mean action std: 0.09
         Mean episode goal_per_1k_steps: 0.6409
         Mean episode mean_dist_to_ball: 1.9211
               Mean episode goals_total: 1193.4167
--------------------------------------------------------------------------------
                         Iteration time: 11.30s
                           Time elapsed: 1:13:09
                                    ETA: 0:24:38

################################################################################
[1m                           Learning iteration 374/500                           [0m 

                               Run name: hierarchical_soccer_coop_hl
                            Total steps: 18432000 
                       Steps per second: 4361 
                        Collection time: 11.039s 
                          Learning time: 0.230s 
                        Mean value loss: 9.9918
                    Mean surrogate loss: -0.0035
                      Mean entropy loss: -3.0508
                            Mean reward: 106.24
                    Mean episode length: 219.40
                        Mean action std: 0.09
         Mean episode goal_per_1k_steps: 0.7548
         Mean episode mean_dist_to_ball: 1.8680
               Mean episode goals_total: 1195.4584
--------------------------------------------------------------------------------
                         Iteration time: 11.27s
                           Time elapsed: 1:13:20
                                    ETA: 0:24:26

################################################################################
[1m                           Learning iteration 375/500                           [0m 

                               Run name: hierarchical_soccer_coop_hl
                            Total steps: 18481152 
                       Steps per second: 4367 
                        Collection time: 11.025s 
                          Learning time: 0.229s 
                        Mean value loss: 9.1263
                    Mean surrogate loss: 0.0012
                      Mean entropy loss: -3.0695
                            Mean reward: 109.26
                    Mean episode length: 216.48
                        Mean action std: 0.09
         Mean episode goal_per_1k_steps: 0.8748
         Mean episode mean_dist_to_ball: 1.9676
               Mean episode goals_total: 1201.5000
--------------------------------------------------------------------------------
                         Iteration time: 11.25s
                           Time elapsed: 1:13:32
                                    ETA: 0:24:15

################################################################################
[1m                           Learning iteration 376/500                           [0m 

                               Run name: hierarchical_soccer_coop_hl
                            Total steps: 18530304 
                       Steps per second: 4370 
                        Collection time: 11.017s 
                          Learning time: 0.230s 
                        Mean value loss: 8.8512
                    Mean surrogate loss: -0.0024
                      Mean entropy loss: -3.1060
                            Mean reward: 110.64
                    Mean episode length: 219.34
                        Mean action std: 0.09
         Mean episode goal_per_1k_steps: 1.0234
         Mean episode mean_dist_to_ball: 2.0332
               Mean episode goals_total: 1205.7500
--------------------------------------------------------------------------------
                         Iteration time: 11.25s
                           Time elapsed: 1:13:43
                                    ETA: 0:24:03

################################################################################
[1m                           Learning iteration 377/500                           [0m 

                               Run name: hierarchical_soccer_coop_hl
                            Total steps: 18579456 
                       Steps per second: 4359 
                        Collection time: 11.045s 
                          Learning time: 0.230s 
                        Mean value loss: 8.1388
                    Mean surrogate loss: -0.0000
                      Mean entropy loss: -3.1171
                            Mean reward: 111.78
                    Mean episode length: 219.31
                        Mean action std: 0.09
         Mean episode goal_per_1k_steps: 0.6836
         Mean episode mean_dist_to_ball: 2.0813
               Mean episode goals_total: 1209.1667
--------------------------------------------------------------------------------
                         Iteration time: 11.28s
                           Time elapsed: 1:13:54
                                    ETA: 0:23:51

################################################################################
[1m                           Learning iteration 378/500                           [0m 

                               Run name: hierarchical_soccer_coop_hl
                            Total steps: 18628608 
                       Steps per second: 4352 
                        Collection time: 11.062s 
                          Learning time: 0.230s 
                        Mean value loss: 11.5699
                    Mean surrogate loss: -0.0011
                      Mean entropy loss: -3.1176
                            Mean reward: 104.97
                    Mean episode length: 216.99
                        Mean action std: 0.09
         Mean episode goal_per_1k_steps: 0.7833
         Mean episode mean_dist_to_ball: 2.1344
               Mean episode goals_total: 1213.8334
--------------------------------------------------------------------------------
                         Iteration time: 11.29s
                           Time elapsed: 1:14:05
                                    ETA: 0:23:39

################################################################################
[1m                           Learning iteration 379/500                           [0m 

                               Run name: hierarchical_soccer_coop_hl
                            Total steps: 18677760 
                       Steps per second: 4358 
                        Collection time: 11.048s 
                          Learning time: 0.230s 
                        Mean value loss: 11.3043
                    Mean surrogate loss: -0.0025
                      Mean entropy loss: -3.1274
                            Mean reward: 104.03
                    Mean episode length: 214.02
                        Mean action std: 0.08
         Mean episode goal_per_1k_steps: 0.7182
         Mean episode mean_dist_to_ball: 2.2051
               Mean episode goals_total: 1218.7084
--------------------------------------------------------------------------------
                         Iteration time: 11.28s
                           Time elapsed: 1:14:17
                                    ETA: 0:23:27

################################################################################
[1m                           Learning iteration 380/500                           [0m 

                               Run name: hierarchical_soccer_coop_hl
                            Total steps: 18726912 
                       Steps per second: 4366 
                        Collection time: 11.030s 
                          Learning time: 0.227s 
                        Mean value loss: 10.7919
                    Mean surrogate loss: -0.0006
                      Mean entropy loss: -3.1435
                            Mean reward: 106.71
                    Mean episode length: 213.65
                        Mean action std: 0.08
         Mean episode goal_per_1k_steps: 0.6877
         Mean episode mean_dist_to_ball: 2.2383
               Mean episode goals_total: 1225.6667
--------------------------------------------------------------------------------
                         Iteration time: 11.26s
                           Time elapsed: 1:14:28
                                    ETA: 0:23:15

################################################################################
[1m                           Learning iteration 381/500                           [0m 

                               Run name: hierarchical_soccer_coop_hl
                            Total steps: 18776064 
                       Steps per second: 4342 
                        Collection time: 11.091s 
                          Learning time: 0.228s 
                        Mean value loss: 9.7925
                    Mean surrogate loss: -0.0022
                      Mean entropy loss: -3.1467
                            Mean reward: 106.03
                    Mean episode length: 223.42
                        Mean action std: 0.09
         Mean episode goal_per_1k_steps: 0.8077
         Mean episode mean_dist_to_ball: 2.1978
               Mean episode goals_total: 1231.1250
--------------------------------------------------------------------------------
                         Iteration time: 11.32s
                           Time elapsed: 1:14:39
                                    ETA: 0:23:03

################################################################################
[1m                           Learning iteration 382/500                           [0m 

                               Run name: hierarchical_soccer_coop_hl
                            Total steps: 18825216 
                       Steps per second: 4372 
                        Collection time: 11.012s 
                          Learning time: 0.228s 
                        Mean value loss: 10.9483
                    Mean surrogate loss: -0.0023
                      Mean entropy loss: -3.1070
                            Mean reward: 105.94
                    Mean episode length: 214.73
                        Mean action std: 0.09
         Mean episode goal_per_1k_steps: 0.5595
         Mean episode mean_dist_to_ball: 2.1056
               Mean episode goals_total: 1235.7084
--------------------------------------------------------------------------------
                         Iteration time: 11.24s
                           Time elapsed: 1:14:50
                                    ETA: 0:22:51

################################################################################
[1m                           Learning iteration 383/500                           [0m 

                               Run name: hierarchical_soccer_coop_hl
                            Total steps: 18874368 
                       Steps per second: 4357 
                        Collection time: 11.049s 
                          Learning time: 0.230s 
                        Mean value loss: 9.8935
                    Mean surrogate loss: -0.0013
                      Mean entropy loss: -3.1132
                            Mean reward: 108.14
                    Mean episode length: 221.85
                        Mean action std: 0.09
         Mean episode goal_per_1k_steps: 0.5595
         Mean episode mean_dist_to_ball: 2.0580
               Mean episode goals_total: 1239.0000
--------------------------------------------------------------------------------
                         Iteration time: 11.28s
                           Time elapsed: 1:15:02
                                    ETA: 0:22:40

################################################################################
[1m                           Learning iteration 384/500                           [0m 

                               Run name: hierarchical_soccer_coop_hl
                            Total steps: 18923520 
                       Steps per second: 4349 
                        Collection time: 11.071s 
                          Learning time: 0.230s 
                        Mean value loss: 10.2733
                    Mean surrogate loss: -0.0030
                      Mean entropy loss: -3.0730
                            Mean reward: 108.44
                    Mean episode length: 217.68
                        Mean action std: 0.09
         Mean episode goal_per_1k_steps: 0.8708
         Mean episode mean_dist_to_ball: 2.0476
               Mean episode goals_total: 1243.6250
--------------------------------------------------------------------------------
                         Iteration time: 11.30s
                           Time elapsed: 1:15:13
                                    ETA: 0:22:28

################################################################################
[1m                           Learning iteration 385/500                           [0m 

                               Run name: hierarchical_soccer_coop_hl
                            Total steps: 18972672 
                       Steps per second: 4376 
                        Collection time: 11.002s 
                          Learning time: 0.230s 
                        Mean value loss: 10.8140
                    Mean surrogate loss: -0.0016
                      Mean entropy loss: -3.1097
                            Mean reward: 108.16
                    Mean episode length: 212.36
                        Mean action std: 0.09
         Mean episode goal_per_1k_steps: 0.8138
         Mean episode mean_dist_to_ball: 2.0451
               Mean episode goals_total: 1248.6667
--------------------------------------------------------------------------------
                         Iteration time: 11.23s
                           Time elapsed: 1:15:24
                                    ETA: 0:22:16

################################################################################
[1m                           Learning iteration 386/500                           [0m 

                               Run name: hierarchical_soccer_coop_hl
                            Total steps: 19021824 
                       Steps per second: 4363 
                        Collection time: 11.035s 
                          Learning time: 0.230s 
                        Mean value loss: 10.2999
                    Mean surrogate loss: -0.0016
                      Mean entropy loss: -3.1242
                            Mean reward: 112.52
                    Mean episode length: 218.46
                        Mean action std: 0.09
         Mean episode goal_per_1k_steps: 0.9867
         Mean episode mean_dist_to_ball: 2.0394
               Mean episode goals_total: 1253.3334
--------------------------------------------------------------------------------
                         Iteration time: 11.26s
                           Time elapsed: 1:15:36
                                    ETA: 0:22:04

################################################################################
[1m                           Learning iteration 387/500                           [0m 

                               Run name: hierarchical_soccer_coop_hl
                            Total steps: 19070976 
                       Steps per second: 4364 
                        Collection time: 11.030s 
                          Learning time: 0.233s 
                        Mean value loss: 11.5236
                    Mean surrogate loss: -0.0006
                      Mean entropy loss: -3.1256
                            Mean reward: 108.07
                    Mean episode length: 214.87
                        Mean action std: 0.09
         Mean episode goal_per_1k_steps: 0.7772
         Mean episode mean_dist_to_ball: 2.1001
               Mean episode goals_total: 1258.5000
--------------------------------------------------------------------------------
                         Iteration time: 11.26s
                           Time elapsed: 1:15:47
                                    ETA: 0:21:52

################################################################################
[1m                           Learning iteration 388/500                           [0m 

                               Run name: hierarchical_soccer_coop_hl
                            Total steps: 19120128 
                       Steps per second: 4338 
                        Collection time: 11.098s 
                          Learning time: 0.232s 
                        Mean value loss: 11.5133
                    Mean surrogate loss: -0.0014
                      Mean entropy loss: -3.0818
                            Mean reward: 106.52
                    Mean episode length: 211.94
                        Mean action std: 0.09
         Mean episode goal_per_1k_steps: 0.7751
         Mean episode mean_dist_to_ball: 2.0946
               Mean episode goals_total: 1264.7084
--------------------------------------------------------------------------------
                         Iteration time: 11.33s
                           Time elapsed: 1:15:58
                                    ETA: 0:21:40

################################################################################
[1m                           Learning iteration 389/500                           [0m 

                               Run name: hierarchical_soccer_coop_hl
                            Total steps: 19169280 
                       Steps per second: 4338 
                        Collection time: 11.097s 
                          Learning time: 0.232s 
                        Mean value loss: 12.2813
                    Mean surrogate loss: -0.0013
                      Mean entropy loss: -3.0634
                            Mean reward: 108.05
                    Mean episode length: 214.86
                        Mean action std: 0.09
         Mean episode goal_per_1k_steps: 0.7589
         Mean episode mean_dist_to_ball: 2.1060
               Mean episode goals_total: 1267.9167
--------------------------------------------------------------------------------
                         Iteration time: 11.33s
                           Time elapsed: 1:16:09
                                    ETA: 0:21:28

################################################################################
[1m                           Learning iteration 390/500                           [0m 

                               Run name: hierarchical_soccer_coop_hl
                            Total steps: 19218432 
                       Steps per second: 4324 
                        Collection time: 11.133s 
                          Learning time: 0.232s 
                        Mean value loss: 11.6045
                    Mean surrogate loss: -0.0012
                      Mean entropy loss: -3.0519
                            Mean reward: 113.00
                    Mean episode length: 219.87
                        Mean action std: 0.09
         Mean episode goal_per_1k_steps: 0.8423
         Mean episode mean_dist_to_ball: 2.1741
               Mean episode goals_total: 1275.7500
--------------------------------------------------------------------------------
                         Iteration time: 11.36s
                           Time elapsed: 1:16:21
                                    ETA: 0:21:17

################################################################################
[1m                           Learning iteration 391/500                           [0m 

                               Run name: hierarchical_soccer_coop_hl
                            Total steps: 19267584 
                       Steps per second: 4331 
                        Collection time: 11.117s 
                          Learning time: 0.232s 
                        Mean value loss: 11.3905
                    Mean surrogate loss: -0.0010
                      Mean entropy loss: -3.0667
                            Mean reward: 109.53
                    Mean episode length: 213.78
                        Mean action std: 0.09
         Mean episode goal_per_1k_steps: 0.7080
         Mean episode mean_dist_to_ball: 2.2800
               Mean episode goals_total: 1282.3750
--------------------------------------------------------------------------------
                         Iteration time: 11.35s
                           Time elapsed: 1:16:32
                                    ETA: 0:21:05

################################################################################
[1m                           Learning iteration 392/500                           [0m 

                               Run name: hierarchical_soccer_coop_hl
                            Total steps: 19316736 
                       Steps per second: 4338 
                        Collection time: 11.096s 
                          Learning time: 0.232s 
                        Mean value loss: 7.7268
                    Mean surrogate loss: -0.0015
                      Mean entropy loss: -3.0918
                            Mean reward: 111.12
                    Mean episode length: 218.60
                        Mean action std: 0.09
         Mean episode goal_per_1k_steps: 0.9460
         Mean episode mean_dist_to_ball: 2.3751
               Mean episode goals_total: 1286.0000
--------------------------------------------------------------------------------
                         Iteration time: 11.33s
                           Time elapsed: 1:16:44
                                    ETA: 0:20:53

################################################################################
[1m                           Learning iteration 393/500                           [0m 

                               Run name: hierarchical_soccer_coop_hl
                            Total steps: 19365888 
                       Steps per second: 4332 
                        Collection time: 11.113s 
                          Learning time: 0.232s 
                        Mean value loss: 10.3121
                    Mean surrogate loss: -0.0002
                      Mean entropy loss: -3.0850
                            Mean reward: 109.60
                    Mean episode length: 226.90
                        Mean action std: 0.09
         Mean episode goal_per_1k_steps: 0.7141
         Mean episode mean_dist_to_ball: 2.4520
               Mean episode goals_total: 1287.5834
--------------------------------------------------------------------------------
                         Iteration time: 11.35s
                           Time elapsed: 1:16:55
                                    ETA: 0:20:41

################################################################################
[1m                           Learning iteration 394/500                           [0m 

                               Run name: hierarchical_soccer_coop_hl
                            Total steps: 19415040 
                       Steps per second: 4329 
                        Collection time: 11.120s 
                          Learning time: 0.232s 
                        Mean value loss: 9.0549
                    Mean surrogate loss: -0.0024
                      Mean entropy loss: -3.0887
                            Mean reward: 108.60
                    Mean episode length: 217.59
                        Mean action std: 0.09
         Mean episode goal_per_1k_steps: 0.9460
         Mean episode mean_dist_to_ball: 2.4686
               Mean episode goals_total: 1294.3750
--------------------------------------------------------------------------------
                         Iteration time: 11.35s
                           Time elapsed: 1:17:06
                                    ETA: 0:20:29

################################################################################
[1m                           Learning iteration 395/500                           [0m 

                               Run name: hierarchical_soccer_coop_hl
                            Total steps: 19464192 
                       Steps per second: 4348 
                        Collection time: 11.077s 
                          Learning time: 0.228s 
                        Mean value loss: 9.6483
                    Mean surrogate loss: -0.0015
                      Mean entropy loss: -3.0827
                            Mean reward: 104.22
                    Mean episode length: 222.34
                        Mean action std: 0.09
         Mean episode goal_per_1k_steps: 0.6836
         Mean episode mean_dist_to_ball: 2.4299
               Mean episode goals_total: 1298.0000
--------------------------------------------------------------------------------
                         Iteration time: 11.30s
                           Time elapsed: 1:17:18
                                    ETA: 0:20:18

################################################################################
[1m                           Learning iteration 396/500                           [0m 

                               Run name: hierarchical_soccer_coop_hl
                            Total steps: 19513344 
                       Steps per second: 4358 
                        Collection time: 11.046s 
                          Learning time: 0.231s 
                        Mean value loss: 10.2444
                    Mean surrogate loss: 0.0001
                      Mean entropy loss: -3.1017
                            Mean reward: 104.59
                    Mean episode length: 219.63
                        Mean action std: 0.09
         Mean episode goal_per_1k_steps: 0.5615
         Mean episode mean_dist_to_ball: 2.3834
               Mean episode goals_total: 1299.9167
--------------------------------------------------------------------------------
                         Iteration time: 11.28s
                           Time elapsed: 1:17:29
                                    ETA: 0:20:06

################################################################################
[1m                           Learning iteration 397/500                           [0m 

                               Run name: hierarchical_soccer_coop_hl
                            Total steps: 19562496 
                       Steps per second: 4363 
                        Collection time: 11.033s 
                          Learning time: 0.230s 
                        Mean value loss: 9.7924
                    Mean surrogate loss: -0.0020
                      Mean entropy loss: -3.0906
                            Mean reward: 107.06
                    Mean episode length: 217.39
                        Mean action std: 0.09
         Mean episode goal_per_1k_steps: 0.6510
         Mean episode mean_dist_to_ball: 2.3345
               Mean episode goals_total: 1302.2500
--------------------------------------------------------------------------------
                         Iteration time: 11.26s
                           Time elapsed: 1:17:40
                                    ETA: 0:19:54

################################################################################
[1m                           Learning iteration 398/500                           [0m 

                               Run name: hierarchical_soccer_coop_hl
                            Total steps: 19611648 
                       Steps per second: 4358 
                        Collection time: 11.046s 
                          Learning time: 0.231s 
                        Mean value loss: 10.0679
                    Mean surrogate loss: -0.0024
                      Mean entropy loss: -3.1107
                            Mean reward: 97.31
                    Mean episode length: 207.96
                        Mean action std: 0.09
         Mean episode goal_per_1k_steps: 0.7060
         Mean episode mean_dist_to_ball: 2.2467
               Mean episode goals_total: 1306.4167
--------------------------------------------------------------------------------
                         Iteration time: 11.28s
                           Time elapsed: 1:17:51
                                    ETA: 0:19:42

################################################################################
[1m                           Learning iteration 399/500                           [0m 

                               Run name: hierarchical_soccer_coop_hl
                            Total steps: 19660800 
                       Steps per second: 4362 
                        Collection time: 11.036s 
                          Learning time: 0.231s 
                        Mean value loss: 10.2892
                    Mean surrogate loss: -0.0022
                      Mean entropy loss: -3.0975
                            Mean reward: 107.12
                    Mean episode length: 226.73
                        Mean action std: 0.09
         Mean episode goal_per_1k_steps: 0.6165
         Mean episode mean_dist_to_ball: 2.2072
               Mean episode goals_total: 1312.0834
--------------------------------------------------------------------------------
                         Iteration time: 11.27s
                           Time elapsed: 1:18:03
                                    ETA: 0:19:30

################################################################################
[1m                           Learning iteration 400/500                           [0m 

                               Run name: hierarchical_soccer_coop_hl
                            Total steps: 19709952 
                       Steps per second: 4352 
                        Collection time: 11.062s 
                          Learning time: 0.230s 
                        Mean value loss: 9.8622
                    Mean surrogate loss: -0.0025
                      Mean entropy loss: -3.1035
                            Mean reward: 115.78
                    Mean episode length: 224.31
                        Mean action std: 0.09
         Mean episode goal_per_1k_steps: 0.5981
         Mean episode mean_dist_to_ball: 2.2363
               Mean episode goals_total: 1318.2917
--------------------------------------------------------------------------------
                         Iteration time: 11.29s
                           Time elapsed: 1:18:14
                                    ETA: 0:19:18

################################################################################
[1m                           Learning iteration 401/500                           [0m 

                               Run name: hierarchical_soccer_coop_hl
                            Total steps: 19759104 
                       Steps per second: 4366 
                        Collection time: 11.027s 
                          Learning time: 0.230s 
                        Mean value loss: 12.8626
                    Mean surrogate loss: -0.0031
                      Mean entropy loss: -3.0717
                            Mean reward: 102.27
                    Mean episode length: 212.59
                        Mean action std: 0.09
         Mean episode goal_per_1k_steps: 0.8769
         Mean episode mean_dist_to_ball: 2.2184
               Mean episode goals_total: 1322.5417
--------------------------------------------------------------------------------
                         Iteration time: 11.26s
                           Time elapsed: 1:18:25
                                    ETA: 0:19:07

################################################################################
[1m                           Learning iteration 402/500                           [0m 

                               Run name: hierarchical_soccer_coop_hl
                            Total steps: 19808256 
                       Steps per second: 4367 
                        Collection time: 11.025s 
                          Learning time: 0.230s 
                        Mean value loss: 11.1670
                    Mean surrogate loss: -0.0028
                      Mean entropy loss: -3.0836
                            Mean reward: 103.33
                    Mean episode length: 206.63
                        Mean action std: 0.09
         Mean episode goal_per_1k_steps: 0.7996
         Mean episode mean_dist_to_ball: 2.1990
               Mean episode goals_total: 1327.1250
--------------------------------------------------------------------------------
                         Iteration time: 11.26s
                           Time elapsed: 1:18:36
                                    ETA: 0:18:55

################################################################################
[1m                           Learning iteration 403/500                           [0m 

                               Run name: hierarchical_soccer_coop_hl
                            Total steps: 19857408 
                       Steps per second: 4362 
                        Collection time: 11.036s 
                          Learning time: 0.230s 
                        Mean value loss: 9.4650
                    Mean surrogate loss: -0.0021
                      Mean entropy loss: -3.0703
                            Mean reward: 112.00
                    Mean episode length: 222.82
                        Mean action std: 0.09
         Mean episode goal_per_1k_steps: 1.0111
         Mean episode mean_dist_to_ball: 2.2243
               Mean episode goals_total: 1332.2917
--------------------------------------------------------------------------------
                         Iteration time: 11.27s
                           Time elapsed: 1:18:48
                                    ETA: 0:18:43

################################################################################
[1m                           Learning iteration 404/500                           [0m 

                               Run name: hierarchical_soccer_coop_hl
                            Total steps: 19906560 
                       Steps per second: 4364 
                        Collection time: 11.031s 
                          Learning time: 0.230s 
                        Mean value loss: 10.6716
                    Mean surrogate loss: -0.0024
                      Mean entropy loss: -3.0957
                            Mean reward: 111.16
                    Mean episode length: 219.32
                        Mean action std: 0.09
         Mean episode goal_per_1k_steps: 0.8077
         Mean episode mean_dist_to_ball: 2.2523
               Mean episode goals_total: 1337.0417
--------------------------------------------------------------------------------
                         Iteration time: 11.26s
                           Time elapsed: 1:18:59
                                    ETA: 0:18:31

################################################################################
[1m                           Learning iteration 405/500                           [0m 

                               Run name: hierarchical_soccer_coop_hl
                            Total steps: 19955712 
                       Steps per second: 4363 
                        Collection time: 11.034s 
                          Learning time: 0.230s 
                        Mean value loss: 11.6934
                    Mean surrogate loss: -0.0035
                      Mean entropy loss: -3.0860
                            Mean reward: 107.94
                    Mean episode length: 211.57
                        Mean action std: 0.09
         Mean episode goal_per_1k_steps: 1.0620
         Mean episode mean_dist_to_ball: 2.2862
               Mean episode goals_total: 1343.7084
--------------------------------------------------------------------------------
                         Iteration time: 11.26s
                           Time elapsed: 1:19:10
                                    ETA: 0:18:19

################################################################################
[1m                           Learning iteration 406/500                           [0m 

                               Run name: hierarchical_soccer_coop_hl
                            Total steps: 20004864 
                       Steps per second: 4365 
                        Collection time: 11.029s 
                          Learning time: 0.230s 
                        Mean value loss: 8.5326
                    Mean surrogate loss: -0.0032
                      Mean entropy loss: -3.1286
                            Mean reward: 109.25
                    Mean episode length: 213.43
                        Mean action std: 0.09
         Mean episode goal_per_1k_steps: 0.6978
         Mean episode mean_dist_to_ball: 2.2914
               Mean episode goals_total: 1346.0000
--------------------------------------------------------------------------------
                         Iteration time: 11.26s
                           Time elapsed: 1:19:21
                                    ETA: 0:18:08

################################################################################
[1m                           Learning iteration 407/500                           [0m 

                               Run name: hierarchical_soccer_coop_hl
                            Total steps: 20054016 
                       Steps per second: 4351 
                        Collection time: 11.066s 
                          Learning time: 0.230s 
                        Mean value loss: 8.9174
                    Mean surrogate loss: -0.0020
                      Mean entropy loss: -3.1087
                            Mean reward: 109.18
                    Mean episode length: 214.19
                        Mean action std: 0.09
         Mean episode goal_per_1k_steps: 0.7019
         Mean episode mean_dist_to_ball: 2.3233
               Mean episode goals_total: 1351.4167
--------------------------------------------------------------------------------
                         Iteration time: 11.30s
                           Time elapsed: 1:19:33
                                    ETA: 0:17:56

################################################################################
[1m                           Learning iteration 408/500                           [0m 

                               Run name: hierarchical_soccer_coop_hl
                            Total steps: 20103168 
                       Steps per second: 4361 
                        Collection time: 11.040s 
                          Learning time: 0.229s 
                        Mean value loss: 8.6840
                    Mean surrogate loss: -0.0020
                      Mean entropy loss: -3.1088
                            Mean reward: 108.49
                    Mean episode length: 221.08
                        Mean action std: 0.09
         Mean episode goal_per_1k_steps: 0.7874
         Mean episode mean_dist_to_ball: 2.2359
               Mean episode goals_total: 1359.0000
--------------------------------------------------------------------------------
                         Iteration time: 11.27s
                           Time elapsed: 1:19:44
                                    ETA: 0:17:44

################################################################################
[1m                           Learning iteration 409/500                           [0m 

                               Run name: hierarchical_soccer_coop_hl
                            Total steps: 20152320 
                       Steps per second: 4346 
                        Collection time: 11.079s 
                          Learning time: 0.230s 
                        Mean value loss: 10.6883
                    Mean surrogate loss: -0.0020
                      Mean entropy loss: -3.1099
                            Mean reward: 105.98
                    Mean episode length: 216.24
                        Mean action std: 0.09
         Mean episode goal_per_1k_steps: 0.6673
         Mean episode mean_dist_to_ball: 2.2168
               Mean episode goals_total: 1366.2084
--------------------------------------------------------------------------------
                         Iteration time: 11.31s
                           Time elapsed: 1:19:55
                                    ETA: 0:17:32

################################################################################
[1m                           Learning iteration 410/500                           [0m 

                               Run name: hierarchical_soccer_coop_hl
                            Total steps: 20201472 
                       Steps per second: 4357 
                        Collection time: 11.049s 
                          Learning time: 0.230s 
                        Mean value loss: 13.7142
                    Mean surrogate loss: -0.0029
                      Mean entropy loss: -3.0483
                            Mean reward: 110.89
                    Mean episode length: 222.20
                        Mean action std: 0.09
         Mean episode goal_per_1k_steps: 0.8891
         Mean episode mean_dist_to_ball: 2.2818
               Mean episode goals_total: 1374.4584
--------------------------------------------------------------------------------
                         Iteration time: 11.28s
                           Time elapsed: 1:20:07
                                    ETA: 0:17:20

################################################################################
[1m                           Learning iteration 411/500                           [0m 

                               Run name: hierarchical_soccer_coop_hl
                            Total steps: 20250624 
                       Steps per second: 4373 
                        Collection time: 11.007s 
                          Learning time: 0.231s 
                        Mean value loss: 11.7435
                    Mean surrogate loss: -0.0025
                      Mean entropy loss: -3.0464
                            Mean reward: 111.03
                    Mean episode length: 206.38
                        Mean action std: 0.09
         Mean episode goal_per_1k_steps: 0.8891
         Mean episode mean_dist_to_ball: 2.2715
               Mean episode goals_total: 1378.7084
--------------------------------------------------------------------------------
                         Iteration time: 11.24s
                           Time elapsed: 1:20:18
                                    ETA: 0:17:09

################################################################################
[1m                           Learning iteration 412/500                           [0m 

                               Run name: hierarchical_soccer_coop_hl
                            Total steps: 20299776 
                       Steps per second: 4339 
                        Collection time: 11.096s 
                          Learning time: 0.230s 
                        Mean value loss: 12.7901
                    Mean surrogate loss: -0.0005
                      Mean entropy loss: -3.0289
                            Mean reward: 111.41
                    Mean episode length: 212.48
                        Mean action std: 0.09
         Mean episode goal_per_1k_steps: 1.0722
         Mean episode mean_dist_to_ball: 2.3119
               Mean episode goals_total: 1389.5834
--------------------------------------------------------------------------------
                         Iteration time: 11.33s
                           Time elapsed: 1:20:29
                                    ETA: 0:16:57

################################################################################
[1m                           Learning iteration 413/500                           [0m 

                               Run name: hierarchical_soccer_coop_hl
                            Total steps: 20348928 
                       Steps per second: 4357 
                        Collection time: 11.048s 
                          Learning time: 0.230s 
                        Mean value loss: 12.7127
                    Mean surrogate loss: -0.0027
                      Mean entropy loss: -3.0422
                            Mean reward: 101.57
                    Mean episode length: 210.56
                        Mean action std: 0.09
         Mean episode goal_per_1k_steps: 0.7385
         Mean episode mean_dist_to_ball: 2.3104
               Mean episode goals_total: 1395.7084
--------------------------------------------------------------------------------
                         Iteration time: 11.28s
                           Time elapsed: 1:20:40
                                    ETA: 0:16:45

################################################################################
[1m                           Learning iteration 414/500                           [0m 

                               Run name: hierarchical_soccer_coop_hl
                            Total steps: 20398080 
                       Steps per second: 4362 
                        Collection time: 11.037s 
                          Learning time: 0.230s 
                        Mean value loss: 11.4844
                    Mean surrogate loss: -0.0024
                      Mean entropy loss: -3.0552
                            Mean reward: 106.73
                    Mean episode length: 209.23
                        Mean action std: 0.09
         Mean episode goal_per_1k_steps: 1.0498
         Mean episode mean_dist_to_ball: 2.2719
               Mean episode goals_total: 1404.4167
--------------------------------------------------------------------------------
                         Iteration time: 11.27s
                           Time elapsed: 1:20:52
                                    ETA: 0:16:33

################################################################################
[1m                           Learning iteration 415/500                           [0m 

                               Run name: hierarchical_soccer_coop_hl
                            Total steps: 20447232 
                       Steps per second: 4362 
                        Collection time: 11.036s 
                          Learning time: 0.230s 
                        Mean value loss: 12.8121
                    Mean surrogate loss: -0.0035
                      Mean entropy loss: -3.0593
                            Mean reward: 105.83
                    Mean episode length: 211.18
                        Mean action std: 0.09
         Mean episode goal_per_1k_steps: 0.9399
         Mean episode mean_dist_to_ball: 2.3213
               Mean episode goals_total: 1414.0834
--------------------------------------------------------------------------------
                         Iteration time: 11.27s
                           Time elapsed: 1:21:03
                                    ETA: 0:16:22

################################################################################
[1m                           Learning iteration 416/500                           [0m 

                               Run name: hierarchical_soccer_coop_hl
                            Total steps: 20496384 
                       Steps per second: 4350 
                        Collection time: 11.069s 
                          Learning time: 0.227s 
                        Mean value loss: 11.4392
                    Mean surrogate loss: -0.0031
                      Mean entropy loss: -3.0588
                            Mean reward: 109.87
                    Mean episode length: 207.33
                        Mean action std: 0.09
         Mean episode goal_per_1k_steps: 1.0620
         Mean episode mean_dist_to_ball: 2.3473
               Mean episode goals_total: 1421.5000
--------------------------------------------------------------------------------
                         Iteration time: 11.30s
                           Time elapsed: 1:21:14
                                    ETA: 0:16:10

################################################################################
[1m                           Learning iteration 417/500                           [0m 

                               Run name: hierarchical_soccer_coop_hl
                            Total steps: 20545536 
                       Steps per second: 4364 
                        Collection time: 11.035s 
                          Learning time: 0.227s 
                        Mean value loss: 12.1127
                    Mean surrogate loss: -0.0017
                      Mean entropy loss: -3.0666
                            Mean reward: 102.25
                    Mean episode length: 207.22
                        Mean action std: 0.09
         Mean episode goal_per_1k_steps: 0.8260
         Mean episode mean_dist_to_ball: 2.3730
               Mean episode goals_total: 1427.7917
--------------------------------------------------------------------------------
                         Iteration time: 11.26s
                           Time elapsed: 1:21:26
                                    ETA: 0:15:58

################################################################################
[1m                           Learning iteration 418/500                           [0m 

                               Run name: hierarchical_soccer_coop_hl
                            Total steps: 20594688 
                       Steps per second: 4354 
                        Collection time: 11.059s 
                          Learning time: 0.227s 
                        Mean value loss: 13.3218
                    Mean surrogate loss: -0.0017
                      Mean entropy loss: -3.0552
                            Mean reward: 111.18
                    Mean episode length: 213.16
                        Mean action std: 0.09
         Mean episode goal_per_1k_steps: 1.0457
         Mean episode mean_dist_to_ball: 2.3531
               Mean episode goals_total: 1434.7084
--------------------------------------------------------------------------------
                         Iteration time: 11.29s
                           Time elapsed: 1:21:37
                                    ETA: 0:15:46

################################################################################
[1m                           Learning iteration 419/500                           [0m 

                               Run name: hierarchical_soccer_coop_hl
                            Total steps: 20643840 
                       Steps per second: 4349 
                        Collection time: 11.072s 
                          Learning time: 0.227s 
                        Mean value loss: 10.1400
                    Mean surrogate loss: -0.0030
                      Mean entropy loss: -3.0556
                            Mean reward: 106.14
                    Mean episode length: 221.53
                        Mean action std: 0.09
         Mean episode goal_per_1k_steps: 1.1068
         Mean episode mean_dist_to_ball: 2.3457
               Mean episode goals_total: 1442.6250
--------------------------------------------------------------------------------
                         Iteration time: 11.30s
                           Time elapsed: 1:21:48
                                    ETA: 0:15:34

################################################################################
[1m                           Learning iteration 420/500                           [0m 

                               Run name: hierarchical_soccer_coop_hl
                            Total steps: 20692992 
                       Steps per second: 4357 
                        Collection time: 11.053s 
                          Learning time: 0.227s 
                        Mean value loss: 12.2198
                    Mean surrogate loss: -0.0036
                      Mean entropy loss: -3.0661
                            Mean reward: 107.25
                    Mean episode length: 225.41
                        Mean action std: 0.09
         Mean episode goal_per_1k_steps: 0.9440
         Mean episode mean_dist_to_ball: 2.3369
               Mean episode goals_total: 1451.7084
--------------------------------------------------------------------------------
                         Iteration time: 11.28s
                           Time elapsed: 1:21:59
                                    ETA: 0:15:23

################################################################################
[1m                           Learning iteration 421/500                           [0m 

                               Run name: hierarchical_soccer_coop_hl
                            Total steps: 20742144 
                       Steps per second: 4357 
                        Collection time: 11.050s 
                          Learning time: 0.230s 
                        Mean value loss: 10.2363
                    Mean surrogate loss: -0.0034
                      Mean entropy loss: -3.0686
                            Mean reward: 106.17
                    Mean episode length: 205.96
                        Mean action std: 0.09
         Mean episode goal_per_1k_steps: 1.0539
         Mean episode mean_dist_to_ball: 2.2873
               Mean episode goals_total: 1454.7500
--------------------------------------------------------------------------------
                         Iteration time: 11.28s
                           Time elapsed: 1:22:11
                                    ETA: 0:15:11

################################################################################
[1m                           Learning iteration 422/500                           [0m 

                               Run name: hierarchical_soccer_coop_hl
                            Total steps: 20791296 
                       Steps per second: 4359 
                        Collection time: 11.045s 
                          Learning time: 0.230s 
                        Mean value loss: 7.8289
                    Mean surrogate loss: -0.0023
                      Mean entropy loss: -3.0952
                            Mean reward: 104.14
                    Mean episode length: 206.56
                        Mean action std: 0.09
         Mean episode goal_per_1k_steps: 0.9399
         Mean episode mean_dist_to_ball: 2.2904
               Mean episode goals_total: 1464.9584
--------------------------------------------------------------------------------
                         Iteration time: 11.28s
                           Time elapsed: 1:22:22
                                    ETA: 0:14:59

################################################################################
[1m                           Learning iteration 423/500                           [0m 

                               Run name: hierarchical_soccer_coop_hl
                            Total steps: 20840448 
                       Steps per second: 4353 
                        Collection time: 11.061s 
                          Learning time: 0.230s 
                        Mean value loss: 10.8490
                    Mean surrogate loss: -0.0021
                      Mean entropy loss: -3.1133
                            Mean reward: 114.05
                    Mean episode length: 218.91
                        Mean action std: 0.09
         Mean episode goal_per_1k_steps: 1.0539
         Mean episode mean_dist_to_ball: 2.2548
               Mean episode goals_total: 1474.5834
--------------------------------------------------------------------------------
                         Iteration time: 11.29s
                           Time elapsed: 1:22:33
                                    ETA: 0:14:47

################################################################################
[1m                           Learning iteration 424/500                           [0m 

                               Run name: hierarchical_soccer_coop_hl
                            Total steps: 20889600 
                       Steps per second: 4345 
                        Collection time: 11.085s 
                          Learning time: 0.227s 
                        Mean value loss: 11.1376
                    Mean surrogate loss: -0.0014
                      Mean entropy loss: -3.1010
                            Mean reward: 106.65
                    Mean episode length: 204.35
                        Mean action std: 0.09
         Mean episode goal_per_1k_steps: 1.0681
         Mean episode mean_dist_to_ball: 2.2011
               Mean episode goals_total: 1484.3750
--------------------------------------------------------------------------------
                         Iteration time: 11.31s
                           Time elapsed: 1:22:45
                                    ETA: 0:14:36

################################################################################
[1m                           Learning iteration 425/500                           [0m 

                               Run name: hierarchical_soccer_coop_hl
                            Total steps: 20938752 
                       Steps per second: 4362 
                        Collection time: 11.040s 
                          Learning time: 0.228s 
                        Mean value loss: 11.7732
                    Mean surrogate loss: -0.0018
                      Mean entropy loss: -3.0843
                            Mean reward: 109.04
                    Mean episode length: 213.28
                        Mean action std: 0.09
         Mean episode goal_per_1k_steps: 0.8280
         Mean episode mean_dist_to_ball: 2.1749
               Mean episode goals_total: 1489.6667
--------------------------------------------------------------------------------
                         Iteration time: 11.27s
                           Time elapsed: 1:22:56
                                    ETA: 0:14:24

################################################################################
[1m                           Learning iteration 426/500                           [0m 

                               Run name: hierarchical_soccer_coop_hl
                            Total steps: 20987904 
                       Steps per second: 4372 
                        Collection time: 11.014s 
                          Learning time: 0.228s 
                        Mean value loss: 7.8664
                    Mean surrogate loss: -0.0006
                      Mean entropy loss: -3.0401
                            Mean reward: 109.35
                    Mean episode length: 220.76
                        Mean action std: 0.09
         Mean episode goal_per_1k_steps: 1.0640
         Mean episode mean_dist_to_ball: 2.1880
               Mean episode goals_total: 1497.8334
--------------------------------------------------------------------------------
                         Iteration time: 11.24s
                           Time elapsed: 1:23:07
                                    ETA: 0:14:12

################################################################################
[1m                           Learning iteration 427/500                           [0m 

                               Run name: hierarchical_soccer_coop_hl
                            Total steps: 21037056 
                       Steps per second: 4375 
                        Collection time: 11.006s 
                          Learning time: 0.227s 
                        Mean value loss: 12.9972
                    Mean surrogate loss: -0.0015
                      Mean entropy loss: -3.0529
                            Mean reward: 109.85
                    Mean episode length: 213.47
                        Mean action std: 0.09
         Mean episode goal_per_1k_steps: 0.9440
         Mean episode mean_dist_to_ball: 2.1361
               Mean episode goals_total: 1506.5834
--------------------------------------------------------------------------------
                         Iteration time: 11.23s
                           Time elapsed: 1:23:18
                                    ETA: 0:14:00

################################################################################
[1m                           Learning iteration 428/500                           [0m 

                               Run name: hierarchical_soccer_coop_hl
                            Total steps: 21086208 
                       Steps per second: 4362 
                        Collection time: 11.039s 
                          Learning time: 0.228s 
                        Mean value loss: 11.8757
                    Mean surrogate loss: -0.0023
                      Mean entropy loss: -3.0304
                            Mean reward: 106.67
                    Mean episode length: 206.89
                        Mean action std: 0.09
         Mean episode goal_per_1k_steps: 1.0132
         Mean episode mean_dist_to_ball: 2.1555
               Mean episode goals_total: 1514.0000
--------------------------------------------------------------------------------
                         Iteration time: 11.27s
                           Time elapsed: 1:23:30
                                    ETA: 0:13:49

################################################################################
[1m                           Learning iteration 429/500                           [0m 

                               Run name: hierarchical_soccer_coop_hl
                            Total steps: 21135360 
                       Steps per second: 4350 
                        Collection time: 11.072s 
                          Learning time: 0.227s 
                        Mean value loss: 10.1805
                    Mean surrogate loss: -0.0026
                      Mean entropy loss: -3.0351
                            Mean reward: 115.31
                    Mean episode length: 216.14
                        Mean action std: 0.09
         Mean episode goal_per_1k_steps: 1.0763
         Mean episode mean_dist_to_ball: 2.2402
               Mean episode goals_total: 1520.1250
--------------------------------------------------------------------------------
                         Iteration time: 11.30s
                           Time elapsed: 1:23:41
                                    ETA: 0:13:37

################################################################################
[1m                           Learning iteration 430/500                           [0m 

                               Run name: hierarchical_soccer_coop_hl
                            Total steps: 21184512 
                       Steps per second: 4369 
                        Collection time: 11.021s 
                          Learning time: 0.227s 
                        Mean value loss: 10.5139
                    Mean surrogate loss: -0.0016
                      Mean entropy loss: -3.0353
                            Mean reward: 113.91
                    Mean episode length: 213.72
                        Mean action std: 0.09
         Mean episode goal_per_1k_steps: 1.1515
         Mean episode mean_dist_to_ball: 2.2953
               Mean episode goals_total: 1528.5417
--------------------------------------------------------------------------------
                         Iteration time: 11.25s
                           Time elapsed: 1:23:52
                                    ETA: 0:13:25

################################################################################
[1m                           Learning iteration 431/500                           [0m 

                               Run name: hierarchical_soccer_coop_hl
                            Total steps: 21233664 
                       Steps per second: 4362 
                        Collection time: 11.039s 
                          Learning time: 0.227s 
                        Mean value loss: 13.2351
                    Mean surrogate loss: -0.0018
                      Mean entropy loss: -3.0436
                            Mean reward: 110.15
                    Mean episode length: 210.74
                        Mean action std: 0.09
         Mean episode goal_per_1k_steps: 1.2899
         Mean episode mean_dist_to_ball: 2.2242
               Mean episode goals_total: 1537.0834
--------------------------------------------------------------------------------
                         Iteration time: 11.27s
                           Time elapsed: 1:24:03
                                    ETA: 0:13:13

################################################################################
[1m                           Learning iteration 432/500                           [0m 

                               Run name: hierarchical_soccer_coop_hl
                            Total steps: 21282816 
                       Steps per second: 4364 
                        Collection time: 11.033s 
                          Learning time: 0.229s 
                        Mean value loss: 12.2688
                    Mean surrogate loss: -0.0018
                      Mean entropy loss: -3.0214
                            Mean reward: 113.78
                    Mean episode length: 210.31
                        Mean action std: 0.09
         Mean episode goal_per_1k_steps: 1.1068
         Mean episode mean_dist_to_ball: 2.2148
               Mean episode goals_total: 1543.2084
--------------------------------------------------------------------------------
                         Iteration time: 11.26s
                           Time elapsed: 1:24:15
                                    ETA: 0:13:02

################################################################################
[1m                           Learning iteration 433/500                           [0m 

                               Run name: hierarchical_soccer_coop_hl
                            Total steps: 21331968 
                       Steps per second: 4356 
                        Collection time: 11.054s 
                          Learning time: 0.230s 
                        Mean value loss: 11.2485
                    Mean surrogate loss: -0.0012
                      Mean entropy loss: -3.0025
                            Mean reward: 107.21
                    Mean episode length: 209.48
                        Mean action std: 0.09
         Mean episode goal_per_1k_steps: 1.0824
         Mean episode mean_dist_to_ball: 2.1839
               Mean episode goals_total: 1552.1250
--------------------------------------------------------------------------------
                         Iteration time: 11.28s
                           Time elapsed: 1:24:26
                                    ETA: 0:12:50

################################################################################
[1m                           Learning iteration 434/500                           [0m 

                               Run name: hierarchical_soccer_coop_hl
                            Total steps: 21381120 
                       Steps per second: 4352 
                        Collection time: 11.063s 
                          Learning time: 0.230s 
                        Mean value loss: 12.6316
                    Mean surrogate loss: -0.0015
                      Mean entropy loss: -3.0299
                            Mean reward: 109.58
                    Mean episode length: 209.32
                        Mean action std: 0.09
         Mean episode goal_per_1k_steps: 0.9115
         Mean episode mean_dist_to_ball: 2.1577
               Mean episode goals_total: 1558.0000
--------------------------------------------------------------------------------
                         Iteration time: 11.29s
                           Time elapsed: 1:24:37
                                    ETA: 0:12:38

################################################################################
[1m                           Learning iteration 435/500                           [0m 

                               Run name: hierarchical_soccer_coop_hl
                            Total steps: 21430272 
                       Steps per second: 4359 
                        Collection time: 11.047s 
                          Learning time: 0.228s 
                        Mean value loss: 9.2873
                    Mean surrogate loss: -0.0019
                      Mean entropy loss: -3.0055
                            Mean reward: 113.44
                    Mean episode length: 214.94
                        Mean action std: 0.09
         Mean episode goal_per_1k_steps: 1.2553
         Mean episode mean_dist_to_ball: 2.1513
               Mean episode goals_total: 1563.5417
--------------------------------------------------------------------------------
                         Iteration time: 11.27s
                           Time elapsed: 1:24:49
                                    ETA: 0:12:27

################################################################################
[1m                           Learning iteration 436/500                           [0m 

                               Run name: hierarchical_soccer_coop_hl
                            Total steps: 21479424 
                       Steps per second: 4350 
                        Collection time: 11.069s 
                          Learning time: 0.230s 
                        Mean value loss: 8.8725
                    Mean surrogate loss: -0.0015
                      Mean entropy loss: -3.0274
                            Mean reward: 107.89
                    Mean episode length: 217.55
                        Mean action std: 0.09
         Mean episode goal_per_1k_steps: 1.0620
         Mean episode mean_dist_to_ball: 2.1908
               Mean episode goals_total: 1570.0834
--------------------------------------------------------------------------------
                         Iteration time: 11.30s
                           Time elapsed: 1:25:00
                                    ETA: 0:12:15

################################################################################
[1m                           Learning iteration 437/500                           [0m 

                               Run name: hierarchical_soccer_coop_hl
                            Total steps: 21528576 
                       Steps per second: 4362 
                        Collection time: 11.036s 
                          Learning time: 0.230s 
                        Mean value loss: 10.0494
                    Mean surrogate loss: -0.0018
                      Mean entropy loss: -3.0309
                            Mean reward: 111.20
                    Mean episode length: 214.53
                        Mean action std: 0.09
         Mean episode goal_per_1k_steps: 0.9440
         Mean episode mean_dist_to_ball: 2.2359
               Mean episode goals_total: 1578.5417
--------------------------------------------------------------------------------
                         Iteration time: 11.27s
                           Time elapsed: 1:25:11
                                    ETA: 0:12:03

################################################################################
[1m                           Learning iteration 438/500                           [0m 

                               Run name: hierarchical_soccer_coop_hl
                            Total steps: 21577728 
                       Steps per second: 4374 
                        Collection time: 11.008s 
                          Learning time: 0.227s 
                        Mean value loss: 9.4788
                    Mean surrogate loss: -0.0029
                      Mean entropy loss: -3.0753
                            Mean reward: 105.20
                    Mean episode length: 206.96
                        Mean action std: 0.09
         Mean episode goal_per_1k_steps: 1.0518
         Mean episode mean_dist_to_ball: 2.2592
               Mean episode goals_total: 1586.0000
--------------------------------------------------------------------------------
                         Iteration time: 11.24s
                           Time elapsed: 1:25:22
                                    ETA: 0:11:51

################################################################################
[1m                           Learning iteration 439/500                           [0m 

                               Run name: hierarchical_soccer_coop_hl
                            Total steps: 21626880 
                       Steps per second: 4363 
                        Collection time: 11.038s 
                          Learning time: 0.227s 
                        Mean value loss: 8.9448
                    Mean surrogate loss: -0.0017
                      Mean entropy loss: -3.0566
                            Mean reward: 111.82
                    Mean episode length: 215.38
                        Mean action std: 0.09
         Mean episode goal_per_1k_steps: 0.9705
         Mean episode mean_dist_to_ball: 2.2666
               Mean episode goals_total: 1591.7084
--------------------------------------------------------------------------------
                         Iteration time: 11.27s
                           Time elapsed: 1:25:34
                                    ETA: 0:11:40

################################################################################
[1m                           Learning iteration 440/500                           [0m 

                               Run name: hierarchical_soccer_coop_hl
                            Total steps: 21676032 
                       Steps per second: 4354 
                        Collection time: 11.056s 
                          Learning time: 0.231s 
                        Mean value loss: 9.3179
                    Mean surrogate loss: -0.0016
                      Mean entropy loss: -3.0804
                            Mean reward: 107.67
                    Mean episode length: 214.16
                        Mean action std: 0.09
         Mean episode goal_per_1k_steps: 0.8341
         Mean episode mean_dist_to_ball: 2.2533
               Mean episode goals_total: 1600.3334
--------------------------------------------------------------------------------
                         Iteration time: 11.29s
                           Time elapsed: 1:25:45
                                    ETA: 0:11:28

################################################################################
[1m                           Learning iteration 441/500                           [0m 

                               Run name: hierarchical_soccer_coop_hl
                            Total steps: 21725184 
                       Steps per second: 4347 
                        Collection time: 11.075s 
                          Learning time: 0.231s 
                        Mean value loss: 11.0312
                    Mean surrogate loss: -0.0034
                      Mean entropy loss: -3.0731
                            Mean reward: 104.16
                    Mean episode length: 208.79
                        Mean action std: 0.09
         Mean episode goal_per_1k_steps: 1.2004
         Mean episode mean_dist_to_ball: 2.2745
               Mean episode goals_total: 1611.2500
--------------------------------------------------------------------------------
                         Iteration time: 11.31s
                           Time elapsed: 1:25:56
                                    ETA: 0:11:16

################################################################################
[1m                           Learning iteration 442/500                           [0m 

                               Run name: hierarchical_soccer_coop_hl
                            Total steps: 21774336 
                       Steps per second: 4356 
                        Collection time: 11.051s 
                          Learning time: 0.230s 
                        Mean value loss: 9.6603
                    Mean surrogate loss: -0.0018
                      Mean entropy loss: -3.0663
                            Mean reward: 107.49
                    Mean episode length: 212.49
                        Mean action std: 0.09
         Mean episode goal_per_1k_steps: 1.1108
         Mean episode mean_dist_to_ball: 2.1553
               Mean episode goals_total: 1619.7500
--------------------------------------------------------------------------------
                         Iteration time: 11.28s
                           Time elapsed: 1:26:07
                                    ETA: 0:11:04

################################################################################
[1m                           Learning iteration 443/500                           [0m 

                               Run name: hierarchical_soccer_coop_hl
                            Total steps: 21823488 
                       Steps per second: 4360 
                        Collection time: 11.041s 
                          Learning time: 0.230s 
                        Mean value loss: 9.6331
                    Mean surrogate loss: -0.0023
                      Mean entropy loss: -3.0660
                            Mean reward: 111.79
                    Mean episode length: 209.57
                        Mean action std: 0.09
         Mean episode goal_per_1k_steps: 0.9562
         Mean episode mean_dist_to_ball: 2.0868
               Mean episode goals_total: 1623.2917
--------------------------------------------------------------------------------
                         Iteration time: 11.27s
                           Time elapsed: 1:26:19
                                    ETA: 0:10:53

################################################################################
[1m                           Learning iteration 444/500                           [0m 

                               Run name: hierarchical_soccer_coop_hl
                            Total steps: 21872640 
                       Steps per second: 4351 
                        Collection time: 11.065s 
                          Learning time: 0.230s 
                        Mean value loss: 10.0867
                    Mean surrogate loss: -0.0008
                      Mean entropy loss: -3.0540
                            Mean reward: 113.88
                    Mean episode length: 220.89
                        Mean action std: 0.09
         Mean episode goal_per_1k_steps: 1.3529
         Mean episode mean_dist_to_ball: 2.0936
               Mean episode goals_total: 1629.9584
--------------------------------------------------------------------------------
                         Iteration time: 11.30s
                           Time elapsed: 1:26:30
                                    ETA: 0:10:41

################################################################################
[1m                           Learning iteration 445/500                           [0m 

                               Run name: hierarchical_soccer_coop_hl
                            Total steps: 21921792 
                       Steps per second: 4368 
                        Collection time: 11.022s 
                          Learning time: 0.230s 
                        Mean value loss: 8.1208
                    Mean surrogate loss: -0.0011
                      Mean entropy loss: -3.0842
                            Mean reward: 115.51
                    Mean episode length: 219.88
                        Mean action std: 0.09
         Mean episode goal_per_1k_steps: 0.9135
         Mean episode mean_dist_to_ball: 2.0999
               Mean episode goals_total: 1639.2917
--------------------------------------------------------------------------------
                         Iteration time: 11.25s
                           Time elapsed: 1:26:41
                                    ETA: 0:10:29

################################################################################
[1m                           Learning iteration 446/500                           [0m 

                               Run name: hierarchical_soccer_coop_hl
                            Total steps: 21970944 
                       Steps per second: 4355 
                        Collection time: 11.056s 
                          Learning time: 0.230s 
                        Mean value loss: 9.4138
                    Mean surrogate loss: -0.0014
                      Mean entropy loss: -3.0884
                            Mean reward: 110.80
                    Mean episode length: 216.01
                        Mean action std: 0.09
         Mean episode goal_per_1k_steps: 0.8301
         Mean episode mean_dist_to_ball: 2.1264
               Mean episode goals_total: 1645.8750
--------------------------------------------------------------------------------
                         Iteration time: 11.29s
                           Time elapsed: 1:26:53
                                    ETA: 0:10:18

################################################################################
[1m                           Learning iteration 447/500                           [0m 

                               Run name: hierarchical_soccer_coop_hl
                            Total steps: 22020096 
                       Steps per second: 4353 
                        Collection time: 11.060s 
                          Learning time: 0.230s 
                        Mean value loss: 8.6634
                    Mean surrogate loss: -0.0019
                      Mean entropy loss: -3.0866
                            Mean reward: 118.20
                    Mean episode length: 219.58
                        Mean action std: 0.09
         Mean episode goal_per_1k_steps: 0.9705
         Mean episode mean_dist_to_ball: 2.1786
               Mean episode goals_total: 1658.3750
--------------------------------------------------------------------------------
                         Iteration time: 11.29s
                           Time elapsed: 1:27:04
                                    ETA: 0:10:06

################################################################################
[1m                           Learning iteration 448/500                           [0m 

                               Run name: hierarchical_soccer_coop_hl
                            Total steps: 22069248 
                       Steps per second: 4348 
                        Collection time: 11.074s 
                          Learning time: 0.230s 
                        Mean value loss: 9.0485
                    Mean surrogate loss: -0.0033
                      Mean entropy loss: -3.0767
                            Mean reward: 105.93
                    Mean episode length: 207.15
                        Mean action std: 0.09
         Mean episode goal_per_1k_steps: 1.2533
         Mean episode mean_dist_to_ball: 2.2479
               Mean episode goals_total: 1668.2917
--------------------------------------------------------------------------------
                         Iteration time: 11.30s
                           Time elapsed: 1:27:15
                                    ETA: 0:09:54

################################################################################
[1m                           Learning iteration 449/500                           [0m 

                               Run name: hierarchical_soccer_coop_hl
                            Total steps: 22118400 
                       Steps per second: 4336 
                        Collection time: 11.105s 
                          Learning time: 0.230s 
                        Mean value loss: 10.2945
                    Mean surrogate loss: -0.0030
                      Mean entropy loss: -3.0808
                            Mean reward: 110.07
                    Mean episode length: 213.42
                        Mean action std: 0.09
         Mean episode goal_per_1k_steps: 1.2126
         Mean episode mean_dist_to_ball: 2.2641
               Mean episode goals_total: 1677.0417
--------------------------------------------------------------------------------
                         Iteration time: 11.34s
                           Time elapsed: 1:27:26
                                    ETA: 0:09:42

################################################################################
[1m                           Learning iteration 450/500                           [0m 

                               Run name: hierarchical_soccer_coop_hl
                            Total steps: 22167552 
                       Steps per second: 4323 
                        Collection time: 11.139s 
                          Learning time: 0.230s 
                        Mean value loss: 7.9049
                    Mean surrogate loss: -0.0032
                      Mean entropy loss: -3.0681
                            Mean reward: 116.93
                    Mean episode length: 223.38
                        Mean action std: 0.09
         Mean episode goal_per_1k_steps: 1.0437
         Mean episode mean_dist_to_ball: 2.3390
               Mean episode goals_total: 1682.5000
--------------------------------------------------------------------------------
                         Iteration time: 11.37s
                           Time elapsed: 1:27:38
                                    ETA: 0:09:31

################################################################################
[1m                           Learning iteration 451/500                           [0m 

                               Run name: hierarchical_soccer_coop_hl
                            Total steps: 22216704 
                       Steps per second: 4335 
                        Collection time: 11.107s 
                          Learning time: 0.230s 
                        Mean value loss: 8.6556
                    Mean surrogate loss: -0.0021
                      Mean entropy loss: -3.0532
                            Mean reward: 124.70
                    Mean episode length: 222.15
                        Mean action std: 0.09
         Mean episode goal_per_1k_steps: 0.8057
         Mean episode mean_dist_to_ball: 2.3506
               Mean episode goals_total: 1687.1667
--------------------------------------------------------------------------------
                         Iteration time: 11.34s
                           Time elapsed: 1:27:49
                                    ETA: 0:09:19

################################################################################
[1m                           Learning iteration 452/500                           [0m 

                               Run name: hierarchical_soccer_coop_hl
                            Total steps: 22265856 
                       Steps per second: 4349 
                        Collection time: 11.071s 
                          Learning time: 0.230s 
                        Mean value loss: 9.7292
                    Mean surrogate loss: -0.0020
                      Mean entropy loss: -3.0591
                            Mean reward: 107.43
                    Mean episode length: 216.97
                        Mean action std: 0.09
         Mean episode goal_per_1k_steps: 1.1007
         Mean episode mean_dist_to_ball: 2.3205
               Mean episode goals_total: 1695.3334
--------------------------------------------------------------------------------
                         Iteration time: 11.30s
                           Time elapsed: 1:28:00
                                    ETA: 0:09:07

################################################################################
[1m                           Learning iteration 453/500                           [0m 

                               Run name: hierarchical_soccer_coop_hl
                            Total steps: 22315008 
                       Steps per second: 4358 
                        Collection time: 11.047s 
                          Learning time: 0.230s 
                        Mean value loss: 6.8186
                    Mean surrogate loss: -0.0023
                      Mean entropy loss: -3.0704
                            Mean reward: 116.83
                    Mean episode length: 220.82
                        Mean action std: 0.09
         Mean episode goal_per_1k_steps: 0.9542
         Mean episode mean_dist_to_ball: 2.2624
               Mean episode goals_total: 1703.2917
--------------------------------------------------------------------------------
                         Iteration time: 11.28s
                           Time elapsed: 1:28:12
                                    ETA: 0:08:56

################################################################################
[1m                           Learning iteration 454/500                           [0m 

                               Run name: hierarchical_soccer_coop_hl
                            Total steps: 22364160 
                       Steps per second: 4368 
                        Collection time: 11.020s 
                          Learning time: 0.230s 
                        Mean value loss: 7.0870
                    Mean surrogate loss: -0.0019
                      Mean entropy loss: -3.0545
                            Mean reward: 114.64
                    Mean episode length: 213.98
                        Mean action std: 0.09
         Mean episode goal_per_1k_steps: 1.1027
         Mean episode mean_dist_to_ball: 2.2209
               Mean episode goals_total: 1712.4584
--------------------------------------------------------------------------------
                         Iteration time: 11.25s
                           Time elapsed: 1:28:23
                                    ETA: 0:08:44

################################################################################
[1m                           Learning iteration 455/500                           [0m 

                               Run name: hierarchical_soccer_coop_hl
                            Total steps: 22413312 
                       Steps per second: 4350 
                        Collection time: 11.069s 
                          Learning time: 0.230s 
                        Mean value loss: 7.5546
                    Mean surrogate loss: -0.0016
                      Mean entropy loss: -3.0839
                            Mean reward: 116.35
                    Mean episode length: 214.52
                        Mean action std: 0.09
         Mean episode goal_per_1k_steps: 1.1230
         Mean episode mean_dist_to_ball: 2.2299
               Mean episode goals_total: 1723.0000
--------------------------------------------------------------------------------
                         Iteration time: 11.30s
                           Time elapsed: 1:28:34
                                    ETA: 0:08:32

################################################################################
[1m                           Learning iteration 456/500                           [0m 

                               Run name: hierarchical_soccer_coop_hl
                            Total steps: 22462464 
                       Steps per second: 4352 
                        Collection time: 11.063s 
                          Learning time: 0.230s 
                        Mean value loss: 7.8892
                    Mean surrogate loss: -0.0015
                      Mean entropy loss: -3.0742
                            Mean reward: 120.62
                    Mean episode length: 218.38
                        Mean action std: 0.09
         Mean episode goal_per_1k_steps: 1.2146
         Mean episode mean_dist_to_ball: 2.2758
               Mean episode goals_total: 1732.2917
--------------------------------------------------------------------------------
                         Iteration time: 11.29s
                           Time elapsed: 1:28:46
                                    ETA: 0:08:21

################################################################################
[1m                           Learning iteration 457/500                           [0m 

                               Run name: hierarchical_soccer_coop_hl
                            Total steps: 22511616 
                       Steps per second: 4356 
                        Collection time: 11.053s 
                          Learning time: 0.230s 
                        Mean value loss: 10.8322
                    Mean surrogate loss: -0.0024
                      Mean entropy loss: -3.0822
                            Mean reward: 111.21
                    Mean episode length: 216.74
                        Mean action std: 0.09
         Mean episode goal_per_1k_steps: 1.0539
         Mean episode mean_dist_to_ball: 2.3127
               Mean episode goals_total: 1743.5417
--------------------------------------------------------------------------------
                         Iteration time: 11.28s
                           Time elapsed: 1:28:57
                                    ETA: 0:08:09

################################################################################
[1m                           Learning iteration 458/500                           [0m 

                               Run name: hierarchical_soccer_coop_hl
                            Total steps: 22560768 
                       Steps per second: 4345 
                        Collection time: 11.080s 
                          Learning time: 0.231s 
                        Mean value loss: 11.3980
                    Mean surrogate loss: -0.0017
                      Mean entropy loss: -3.0739
                            Mean reward: 107.34
                    Mean episode length: 210.16
                        Mean action std: 0.09
         Mean episode goal_per_1k_steps: 1.0315
         Mean episode mean_dist_to_ball: 2.2992
               Mean episode goals_total: 1754.7084
--------------------------------------------------------------------------------
                         Iteration time: 11.31s
                           Time elapsed: 1:29:08
                                    ETA: 0:07:57

################################################################################
[1m                           Learning iteration 459/500                           [0m 

                               Run name: hierarchical_soccer_coop_hl
                            Total steps: 22609920 
                       Steps per second: 4354 
                        Collection time: 11.058s 
                          Learning time: 0.230s 
                        Mean value loss: 11.8854
                    Mean surrogate loss: -0.0026
                      Mean entropy loss: -3.0847
                            Mean reward: 107.61
                    Mean episode length: 208.21
                        Mean action std: 0.09
         Mean episode goal_per_1k_steps: 1.1739
         Mean episode mean_dist_to_ball: 2.3084
               Mean episode goals_total: 1762.2500
--------------------------------------------------------------------------------
                         Iteration time: 11.29s
                           Time elapsed: 1:29:19
                                    ETA: 0:07:46

################################################################################
[1m                           Learning iteration 460/500                           [0m 

                               Run name: hierarchical_soccer_coop_hl
                            Total steps: 22659072 
                       Steps per second: 4341 
                        Collection time: 11.090s 
                          Learning time: 0.230s 
                        Mean value loss: 8.9158
                    Mean surrogate loss: -0.0028
                      Mean entropy loss: -3.0616
                            Mean reward: 112.72
                    Mean episode length: 215.16
                        Mean action std: 0.09
         Mean episode goal_per_1k_steps: 1.4160
         Mean episode mean_dist_to_ball: 2.3952
               Mean episode goals_total: 1769.9167
--------------------------------------------------------------------------------
                         Iteration time: 11.32s
                           Time elapsed: 1:29:31
                                    ETA: 0:07:34

################################################################################
[1m                           Learning iteration 461/500                           [0m 

                               Run name: hierarchical_soccer_coop_hl
                            Total steps: 22708224 
                       Steps per second: 4337 
                        Collection time: 11.102s 
                          Learning time: 0.230s 
                        Mean value loss: 10.9950
                    Mean surrogate loss: -0.0021
                      Mean entropy loss: -3.0784
                            Mean reward: 107.99
                    Mean episode length: 208.04
                        Mean action std: 0.09
         Mean episode goal_per_1k_steps: 1.3550
         Mean episode mean_dist_to_ball: 2.3533
               Mean episode goals_total: 1774.8750
--------------------------------------------------------------------------------
                         Iteration time: 11.33s
                           Time elapsed: 1:29:42
                                    ETA: 0:07:22

################################################################################
[1m                           Learning iteration 462/500                           [0m 

                               Run name: hierarchical_soccer_coop_hl
                            Total steps: 22757376 
                       Steps per second: 4327 
                        Collection time: 11.128s 
                          Learning time: 0.230s 
                        Mean value loss: 10.7074
                    Mean surrogate loss: -0.0024
                      Mean entropy loss: -3.0535
                            Mean reward: 114.45
                    Mean episode length: 212.06
                        Mean action std: 0.09
         Mean episode goal_per_1k_steps: 1.0966
         Mean episode mean_dist_to_ball: 2.3043
               Mean episode goals_total: 1784.5000
--------------------------------------------------------------------------------
                         Iteration time: 11.36s
                           Time elapsed: 1:29:54
                                    ETA: 0:07:11

################################################################################
[1m                           Learning iteration 463/500                           [0m 

                               Run name: hierarchical_soccer_coop_hl
                            Total steps: 22806528 
                       Steps per second: 4319 
                        Collection time: 11.151s 
                          Learning time: 0.228s 
                        Mean value loss: 9.4591
                    Mean surrogate loss: -0.0014
                      Mean entropy loss: -3.0735
                            Mean reward: 109.30
                    Mean episode length: 211.27
                        Mean action std: 0.09
         Mean episode goal_per_1k_steps: 1.2858
         Mean episode mean_dist_to_ball: 2.2790
               Mean episode goals_total: 1795.5834
--------------------------------------------------------------------------------
                         Iteration time: 11.38s
                           Time elapsed: 1:30:05
                                    ETA: 0:06:59

################################################################################
[1m                           Learning iteration 464/500                           [0m 

                               Run name: hierarchical_soccer_coop_hl
                            Total steps: 22855680 
                       Steps per second: 4342 
                        Collection time: 11.090s 
                          Learning time: 0.228s 
                        Mean value loss: 9.2348
                    Mean surrogate loss: -0.0019
                      Mean entropy loss: -3.0672
                            Mean reward: 111.18
                    Mean episode length: 208.60
                        Mean action std: 0.09
         Mean episode goal_per_1k_steps: 1.1210
         Mean episode mean_dist_to_ball: 2.3069
               Mean episode goals_total: 1809.7500
--------------------------------------------------------------------------------
                         Iteration time: 11.32s
                           Time elapsed: 1:30:16
                                    ETA: 0:06:47

################################################################################
[1m                           Learning iteration 465/500                           [0m 

                               Run name: hierarchical_soccer_coop_hl
                            Total steps: 22904832 
                       Steps per second: 4332 
                        Collection time: 11.117s 
                          Learning time: 0.227s 
                        Mean value loss: 8.5215
                    Mean surrogate loss: -0.0012
                      Mean entropy loss: -3.0409
                            Mean reward: 111.07
                    Mean episode length: 208.19
                        Mean action std: 0.09
         Mean episode goal_per_1k_steps: 1.1129
         Mean episode mean_dist_to_ball: 2.3028
               Mean episode goals_total: 1821.5417
--------------------------------------------------------------------------------
                         Iteration time: 11.34s
                           Time elapsed: 1:30:28
                                    ETA: 0:06:36

################################################################################
[1m                           Learning iteration 466/500                           [0m 

                               Run name: hierarchical_soccer_coop_hl
                            Total steps: 22953984 
                       Steps per second: 4345 
                        Collection time: 11.084s 
                          Learning time: 0.228s 
                        Mean value loss: 8.9773
                    Mean surrogate loss: -0.0022
                      Mean entropy loss: -3.0384
                            Mean reward: 111.65
                    Mean episode length: 213.00
                        Mean action std: 0.09
         Mean episode goal_per_1k_steps: 1.1027
         Mean episode mean_dist_to_ball: 2.3065
               Mean episode goals_total: 1830.4584
--------------------------------------------------------------------------------
                         Iteration time: 11.31s
                           Time elapsed: 1:30:39
                                    ETA: 0:06:24

################################################################################
[1m                           Learning iteration 467/500                           [0m 

                               Run name: hierarchical_soccer_coop_hl
                            Total steps: 23003136 
                       Steps per second: 4342 
                        Collection time: 11.092s 
                          Learning time: 0.228s 
                        Mean value loss: 8.3915
                    Mean surrogate loss: -0.0026
                      Mean entropy loss: -3.0197
                            Mean reward: 118.94
                    Mean episode length: 213.04
                        Mean action std: 0.09
         Mean episode goal_per_1k_steps: 1.1332
         Mean episode mean_dist_to_ball: 2.3197
               Mean episode goals_total: 1837.2500
--------------------------------------------------------------------------------
                         Iteration time: 11.32s
                           Time elapsed: 1:30:50
                                    ETA: 0:06:12

################################################################################
[1m                           Learning iteration 468/500                           [0m 

                               Run name: hierarchical_soccer_coop_hl
                            Total steps: 23052288 
                       Steps per second: 4325 
                        Collection time: 11.136s 
                          Learning time: 0.227s 
                        Mean value loss: 11.9761
                    Mean surrogate loss: -0.0025
                      Mean entropy loss: -3.0143
                            Mean reward: 117.75
                    Mean episode length: 220.22
                        Mean action std: 0.09
         Mean episode goal_per_1k_steps: 1.1373
         Mean episode mean_dist_to_ball: 2.3516
               Mean episode goals_total: 1841.8750
--------------------------------------------------------------------------------
                         Iteration time: 11.36s
                           Time elapsed: 1:31:02
                                    ETA: 0:06:01

################################################################################
[1m                           Learning iteration 469/500                           [0m 

                               Run name: hierarchical_soccer_coop_hl
                            Total steps: 23101440 
                       Steps per second: 4335 
                        Collection time: 11.110s 
                          Learning time: 0.227s 
                        Mean value loss: 10.6510
                    Mean surrogate loss: -0.0023
                      Mean entropy loss: -3.0115
                            Mean reward: 113.11
                    Mean episode length: 207.20
                        Mean action std: 0.09
         Mean episode goal_per_1k_steps: 1.3387
         Mean episode mean_dist_to_ball: 2.4218
               Mean episode goals_total: 1849.5834
--------------------------------------------------------------------------------
                         Iteration time: 11.34s
                           Time elapsed: 1:31:13
                                    ETA: 0:05:49

################################################################################
[1m                           Learning iteration 470/500                           [0m 

                               Run name: hierarchical_soccer_coop_hl
                            Total steps: 23150592 
                       Steps per second: 4332 
                        Collection time: 11.118s 
                          Learning time: 0.227s 
                        Mean value loss: 11.0531
                    Mean surrogate loss: -0.0033
                      Mean entropy loss: -2.9997
                            Mean reward: 111.50
                    Mean episode length: 207.80
                        Mean action std: 0.09
         Mean episode goal_per_1k_steps: 1.3407
         Mean episode mean_dist_to_ball: 2.4498
               Mean episode goals_total: 1857.2917
--------------------------------------------------------------------------------
                         Iteration time: 11.35s
                           Time elapsed: 1:31:24
                                    ETA: 0:05:37

################################################################################
[1m                           Learning iteration 471/500                           [0m 

                               Run name: hierarchical_soccer_coop_hl
                            Total steps: 23199744 
                       Steps per second: 4329 
                        Collection time: 11.121s 
                          Learning time: 0.231s 
                        Mean value loss: 12.3235
                    Mean surrogate loss: -0.0034
                      Mean entropy loss: -2.9954
                            Mean reward: 104.55
                    Mean episode length: 211.22
                        Mean action std: 0.09
         Mean episode goal_per_1k_steps: 1.1047
         Mean episode mean_dist_to_ball: 2.4362
               Mean episode goals_total: 1862.3334
--------------------------------------------------------------------------------
                         Iteration time: 11.35s
                           Time elapsed: 1:31:36
                                    ETA: 0:05:26

################################################################################
[1m                           Learning iteration 472/500                           [0m 

                               Run name: hierarchical_soccer_coop_hl
                            Total steps: 23248896 
                       Steps per second: 4346 
                        Collection time: 11.076s 
                          Learning time: 0.231s 
                        Mean value loss: 9.8411
                    Mean surrogate loss: -0.0019
                      Mean entropy loss: -2.9976
                            Mean reward: 107.50
                    Mean episode length: 213.66
                        Mean action std: 0.09
         Mean episode goal_per_1k_steps: 1.0681
         Mean episode mean_dist_to_ball: 2.3546
               Mean episode goals_total: 1866.1250
--------------------------------------------------------------------------------
                         Iteration time: 11.31s
                           Time elapsed: 1:31:47
                                    ETA: 0:05:14

################################################################################
[1m                           Learning iteration 473/500                           [0m 

                               Run name: hierarchical_soccer_coop_hl
                            Total steps: 23298048 
                       Steps per second: 4344 
                        Collection time: 11.084s 
                          Learning time: 0.230s 
                        Mean value loss: 12.7178
                    Mean surrogate loss: -0.0008
                      Mean entropy loss: -2.9929
                            Mean reward: 113.32
                    Mean episode length: 209.81
                        Mean action std: 0.09
         Mean episode goal_per_1k_steps: 0.7690
         Mean episode mean_dist_to_ball: 2.3779
               Mean episode goals_total: 1874.5834
--------------------------------------------------------------------------------
                         Iteration time: 11.31s
                           Time elapsed: 1:31:58
                                    ETA: 0:05:02

################################################################################
[1m                           Learning iteration 474/500                           [0m 

                               Run name: hierarchical_soccer_coop_hl
                            Total steps: 23347200 
                       Steps per second: 4338 
                        Collection time: 11.099s 
                          Learning time: 0.230s 
                        Mean value loss: 10.5839
                    Mean surrogate loss: -0.0026
                      Mean entropy loss: -2.9981
                            Mean reward: 113.45
                    Mean episode length: 218.16
                        Mean action std: 0.09
         Mean episode goal_per_1k_steps: 0.9033
         Mean episode mean_dist_to_ball: 2.4715
               Mean episode goals_total: 1883.8334
--------------------------------------------------------------------------------
                         Iteration time: 11.33s
                           Time elapsed: 1:32:10
                                    ETA: 0:04:51

################################################################################
[1m                           Learning iteration 475/500                           [0m 

                               Run name: hierarchical_soccer_coop_hl
                            Total steps: 23396352 
                       Steps per second: 4325 
                        Collection time: 11.132s 
                          Learning time: 0.230s 
                        Mean value loss: 11.6377
                    Mean surrogate loss: -0.0025
                      Mean entropy loss: -2.9716
                            Mean reward: 113.82
                    Mean episode length: 209.45
                        Mean action std: 0.09
         Mean episode goal_per_1k_steps: 1.0885
         Mean episode mean_dist_to_ball: 2.5738
               Mean episode goals_total: 1886.4584
--------------------------------------------------------------------------------
                         Iteration time: 11.36s
                           Time elapsed: 1:32:21
                                    ETA: 0:04:39

################################################################################
[1m                           Learning iteration 476/500                           [0m 

                               Run name: hierarchical_soccer_coop_hl
                            Total steps: 23445504 
                       Steps per second: 4335 
                        Collection time: 11.107s 
                          Learning time: 0.230s 
                        Mean value loss: 11.9205
                    Mean surrogate loss: -0.0020
                      Mean entropy loss: -2.9467
                            Mean reward: 104.61
                    Mean episode length: 208.48
                        Mean action std: 0.09
         Mean episode goal_per_1k_steps: 1.1088
         Mean episode mean_dist_to_ball: 2.5792
               Mean episode goals_total: 1893.1250
--------------------------------------------------------------------------------
                         Iteration time: 11.34s
                           Time elapsed: 1:32:32
                                    ETA: 0:04:27

################################################################################
[1m                           Learning iteration 477/500                           [0m 

                               Run name: hierarchical_soccer_coop_hl
                            Total steps: 23494656 
                       Steps per second: 4346 
                        Collection time: 11.079s 
                          Learning time: 0.230s 
                        Mean value loss: 10.2121
                    Mean surrogate loss: -0.0034
                      Mean entropy loss: -2.9240
                            Mean reward: 103.83
                    Mean episode length: 202.32
                        Mean action std: 0.09
         Mean episode goal_per_1k_steps: 0.9521
         Mean episode mean_dist_to_ball: 2.5550
               Mean episode goals_total: 1900.5834
--------------------------------------------------------------------------------
                         Iteration time: 11.31s
                           Time elapsed: 1:32:44
                                    ETA: 0:04:16

################################################################################
[1m                           Learning iteration 478/500                           [0m 

                               Run name: hierarchical_soccer_coop_hl
                            Total steps: 23543808 
                       Steps per second: 4332 
                        Collection time: 11.115s 
                          Learning time: 0.230s 
                        Mean value loss: 11.3909
                    Mean surrogate loss: -0.0038
                      Mean entropy loss: -2.9131
                            Mean reward: 103.21
                    Mean episode length: 208.13
                        Mean action std: 0.09
         Mean episode goal_per_1k_steps: 0.9257
         Mean episode mean_dist_to_ball: 2.6565
               Mean episode goals_total: 1904.8750
--------------------------------------------------------------------------------
                         Iteration time: 11.35s
                           Time elapsed: 1:32:55
                                    ETA: 0:04:04

################################################################################
[1m                           Learning iteration 479/500                           [0m 

                               Run name: hierarchical_soccer_coop_hl
                            Total steps: 23592960 
                       Steps per second: 4336 
                        Collection time: 11.105s 
                          Learning time: 0.230s 
                        Mean value loss: 10.0424
                    Mean surrogate loss: -0.0031
                      Mean entropy loss: -2.9167
                            Mean reward: 105.69
                    Mean episode length: 214.67
                        Mean action std: 0.09
         Mean episode goal_per_1k_steps: 0.9318
         Mean episode mean_dist_to_ball: 2.6454
               Mean episode goals_total: 1909.4167
--------------------------------------------------------------------------------
                         Iteration time: 11.33s
                           Time elapsed: 1:33:06
                                    ETA: 0:03:52

################################################################################
[1m                           Learning iteration 480/500                           [0m 

                               Run name: hierarchical_soccer_coop_hl
                            Total steps: 23642112 
                       Steps per second: 4333 
                        Collection time: 11.113s 
                          Learning time: 0.230s 
                        Mean value loss: 12.0364
                    Mean surrogate loss: -0.0039
                      Mean entropy loss: -2.9272
                            Mean reward: 97.01
                    Mean episode length: 209.19
                        Mean action std: 0.09
         Mean episode goal_per_1k_steps: 0.8830
         Mean episode mean_dist_to_ball: 2.6210
               Mean episode goals_total: 1913.4584
--------------------------------------------------------------------------------
                         Iteration time: 11.34s
                           Time elapsed: 1:33:18
                                    ETA: 0:03:41

################################################################################
[1m                           Learning iteration 481/500                           [0m 

                               Run name: hierarchical_soccer_coop_hl
                            Total steps: 23691264 
                       Steps per second: 4353 
                        Collection time: 11.060s 
                          Learning time: 0.230s 
                        Mean value loss: 8.7849
                    Mean surrogate loss: -0.0042
                      Mean entropy loss: -2.9333
                            Mean reward: 113.01
                    Mean episode length: 224.16
                        Mean action std: 0.09
         Mean episode goal_per_1k_steps: 0.7222
         Mean episode mean_dist_to_ball: 2.5661
               Mean episode goals_total: 1915.3750
--------------------------------------------------------------------------------
                         Iteration time: 11.29s
                           Time elapsed: 1:33:29
                                    ETA: 0:03:29

################################################################################
[1m                           Learning iteration 482/500                           [0m 

                               Run name: hierarchical_soccer_coop_hl
                            Total steps: 23740416 
                       Steps per second: 4343 
                        Collection time: 11.084s 
                          Learning time: 0.231s 
                        Mean value loss: 12.1888
                    Mean surrogate loss: -0.0026
                      Mean entropy loss: -2.9477
                            Mean reward: 106.45
                    Mean episode length: 203.84
                        Mean action std: 0.09
         Mean episode goal_per_1k_steps: 0.9521
         Mean episode mean_dist_to_ball: 2.4678
               Mean episode goals_total: 1918.5834
--------------------------------------------------------------------------------
                         Iteration time: 11.32s
                           Time elapsed: 1:33:40
                                    ETA: 0:03:17

################################################################################
[1m                           Learning iteration 483/500                           [0m 

                               Run name: hierarchical_soccer_coop_hl
                            Total steps: 23789568 
                       Steps per second: 4343 
                        Collection time: 11.087s 
                          Learning time: 0.230s 
                        Mean value loss: 12.5928
                    Mean surrogate loss: -0.0025
                      Mean entropy loss: -2.9090
                            Mean reward: 111.55
                    Mean episode length: 216.15
                        Mean action std: 0.09
         Mean episode goal_per_1k_steps: 0.7711
         Mean episode mean_dist_to_ball: 2.3952
               Mean episode goals_total: 1923.1250
--------------------------------------------------------------------------------
                         Iteration time: 11.32s
                           Time elapsed: 1:33:51
                                    ETA: 0:03:06

################################################################################
[1m                           Learning iteration 484/500                           [0m 

                               Run name: hierarchical_soccer_coop_hl
                            Total steps: 23838720 
                       Steps per second: 4334 
                        Collection time: 11.106s 
                          Learning time: 0.233s 
                        Mean value loss: 8.6333
                    Mean surrogate loss: -0.0035
                      Mean entropy loss: -2.9317
                            Mean reward: 111.25
                    Mean episode length: 208.51
                        Mean action std: 0.09
         Mean episode goal_per_1k_steps: 0.8362
         Mean episode mean_dist_to_ball: 2.3370
               Mean episode goals_total: 1926.6250
--------------------------------------------------------------------------------
                         Iteration time: 11.34s
                           Time elapsed: 1:34:03
                                    ETA: 0:02:54

################################################################################
[1m                           Learning iteration 485/500                           [0m 

                               Run name: hierarchical_soccer_coop_hl
                            Total steps: 23887872 
                       Steps per second: 4341 
                        Collection time: 11.091s 
                          Learning time: 0.230s 
                        Mean value loss: 10.0227
                    Mean surrogate loss: -0.0027
                      Mean entropy loss: -2.9340
                            Mean reward: 111.73
                    Mean episode length: 223.75
                        Mean action std: 0.09
         Mean episode goal_per_1k_steps: 1.0417
         Mean episode mean_dist_to_ball: 2.3335
               Mean episode goals_total: 1935.4584
--------------------------------------------------------------------------------
                         Iteration time: 11.32s
                           Time elapsed: 1:34:14
                                    ETA: 0:02:42

################################################################################
[1m                           Learning iteration 486/500                           [0m 

                               Run name: hierarchical_soccer_coop_hl
                            Total steps: 23937024 
                       Steps per second: 4332 
                        Collection time: 11.116s 
                          Learning time: 0.230s 
                        Mean value loss: 9.9172
                    Mean surrogate loss: -0.0010
                      Mean entropy loss: -2.9293
                            Mean reward: 115.46
                    Mean episode length: 221.06
                        Mean action std: 0.09
         Mean episode goal_per_1k_steps: 0.8545
         Mean episode mean_dist_to_ball: 2.3046
               Mean episode goals_total: 1941.7500
--------------------------------------------------------------------------------
                         Iteration time: 11.35s
                           Time elapsed: 1:34:25
                                    ETA: 0:02:31

################################################################################
[1m                           Learning iteration 487/500                           [0m 

                               Run name: hierarchical_soccer_coop_hl
                            Total steps: 23986176 
                       Steps per second: 4341 
                        Collection time: 11.091s 
                          Learning time: 0.230s 
                        Mean value loss: 8.5147
                    Mean surrogate loss: -0.0007
                      Mean entropy loss: -2.9356
                            Mean reward: 109.41
                    Mean episode length: 204.47
                        Mean action std: 0.09
         Mean episode goal_per_1k_steps: 0.9969
         Mean episode mean_dist_to_ball: 2.3217
               Mean episode goals_total: 1946.6250
--------------------------------------------------------------------------------
                         Iteration time: 11.32s
                           Time elapsed: 1:34:37
                                    ETA: 0:02:19

################################################################################
[1m                           Learning iteration 488/500                           [0m 

                               Run name: hierarchical_soccer_coop_hl
                            Total steps: 24035328 
                       Steps per second: 4325 
                        Collection time: 11.133s 
                          Learning time: 0.230s 
                        Mean value loss: 11.4434
                    Mean surrogate loss: -0.0034
                      Mean entropy loss: -2.9379
                            Mean reward: 108.37
                    Mean episode length: 206.16
                        Mean action std: 0.09
         Mean episode goal_per_1k_steps: 1.2634
         Mean episode mean_dist_to_ball: 2.4426
               Mean episode goals_total: 1955.7084
--------------------------------------------------------------------------------
                         Iteration time: 11.36s
                           Time elapsed: 1:34:48
                                    ETA: 0:02:07

################################################################################
[1m                           Learning iteration 489/500                           [0m 

                               Run name: hierarchical_soccer_coop_hl
                            Total steps: 24084480 
                       Steps per second: 4329 
                        Collection time: 11.123s 
                          Learning time: 0.230s 
                        Mean value loss: 8.4700
                    Mean surrogate loss: -0.0014
                      Mean entropy loss: -2.9292
                            Mean reward: 109.49
                    Mean episode length: 208.51
                        Mean action std: 0.09
         Mean episode goal_per_1k_steps: 1.2634
         Mean episode mean_dist_to_ball: 2.4615
               Mean episode goals_total: 1967.2500
--------------------------------------------------------------------------------
                         Iteration time: 11.35s
                           Time elapsed: 1:35:00
                                    ETA: 0:01:56

################################################################################
[1m                           Learning iteration 490/500                           [0m 

                               Run name: hierarchical_soccer_coop_hl
                            Total steps: 24133632 
                       Steps per second: 4349 
                        Collection time: 11.070s 
                          Learning time: 0.230s 
                        Mean value loss: 11.2505
                    Mean surrogate loss: -0.0039
                      Mean entropy loss: -2.9620
                            Mean reward: 111.97
                    Mean episode length: 210.27
                        Mean action std: 0.09
         Mean episode goal_per_1k_steps: 1.1353
         Mean episode mean_dist_to_ball: 2.4916
               Mean episode goals_total: 1979.0834
--------------------------------------------------------------------------------
                         Iteration time: 11.30s
                           Time elapsed: 1:35:11
                                    ETA: 0:01:44

################################################################################
[1m                           Learning iteration 491/500                           [0m 

                               Run name: hierarchical_soccer_coop_hl
                            Total steps: 24182784 
                       Steps per second: 4337 
                        Collection time: 11.101s 
                          Learning time: 0.230s 
                        Mean value loss: 10.5537
                    Mean surrogate loss: -0.0022
                      Mean entropy loss: -2.9343
                            Mean reward: 120.31
                    Mean episode length: 213.78
                        Mean action std: 0.09
         Mean episode goal_per_1k_steps: 1.0844
         Mean episode mean_dist_to_ball: 2.4597
               Mean episode goals_total: 1984.9584
--------------------------------------------------------------------------------
                         Iteration time: 11.33s
                           Time elapsed: 1:35:22
                                    ETA: 0:01:33

################################################################################
[1m                           Learning iteration 492/500                           [0m 

                               Run name: hierarchical_soccer_coop_hl
                            Total steps: 24231936 
                       Steps per second: 4332 
                        Collection time: 11.114s 
                          Learning time: 0.230s 
                        Mean value loss: 12.2312
                    Mean surrogate loss: -0.0025
                      Mean entropy loss: -2.9357
                            Mean reward: 108.93
                    Mean episode length: 199.59
                        Mean action std: 0.09
         Mean episode goal_per_1k_steps: 1.2573
         Mean episode mean_dist_to_ball: 2.4962
               Mean episode goals_total: 1991.9584
--------------------------------------------------------------------------------
                         Iteration time: 11.34s
                           Time elapsed: 1:35:34
                                    ETA: 0:01:21

################################################################################
[1m                           Learning iteration 493/500                           [0m 

                               Run name: hierarchical_soccer_coop_hl
                            Total steps: 24281088 
                       Steps per second: 4340 
                        Collection time: 11.098s 
                          Learning time: 0.227s 
                        Mean value loss: 12.8639
                    Mean surrogate loss: -0.0005
                      Mean entropy loss: -2.9403
                            Mean reward: 108.11
                    Mean episode length: 208.05
                        Mean action std: 0.09
         Mean episode goal_per_1k_steps: 1.2004
         Mean episode mean_dist_to_ball: 2.5313
               Mean episode goals_total: 2000.1667
--------------------------------------------------------------------------------
                         Iteration time: 11.32s
                           Time elapsed: 1:35:45
                                    ETA: 0:01:09

################################################################################
[1m                           Learning iteration 494/500                           [0m 

                               Run name: hierarchical_soccer_coop_hl
                            Total steps: 24330240 
                       Steps per second: 4337 
                        Collection time: 11.101s 
                          Learning time: 0.230s 
                        Mean value loss: 8.2225
                    Mean surrogate loss: -0.0013
                      Mean entropy loss: -2.9165
                            Mean reward: 111.22
                    Mean episode length: 208.74
                        Mean action std: 0.09
         Mean episode goal_per_1k_steps: 1.1576
         Mean episode mean_dist_to_ball: 2.5895
               Mean episode goals_total: 2007.8750
--------------------------------------------------------------------------------
                         Iteration time: 11.33s
                           Time elapsed: 1:35:56
                                    ETA: 0:00:58

################################################################################
[1m                           Learning iteration 495/500                           [0m 

                               Run name: hierarchical_soccer_coop_hl
                            Total steps: 24379392 
                       Steps per second: 4327 
                        Collection time: 11.127s 
                          Learning time: 0.230s 
                        Mean value loss: 10.1486
                    Mean surrogate loss: -0.0022
                      Mean entropy loss: -2.9421
                            Mean reward: 117.12
                    Mean episode length: 216.35
                        Mean action std: 0.09
         Mean episode goal_per_1k_steps: 1.3835
         Mean episode mean_dist_to_ball: 2.6057
               Mean episode goals_total: 2017.3334
--------------------------------------------------------------------------------
                         Iteration time: 11.36s
                           Time elapsed: 1:36:08
                                    ETA: 0:00:46

################################################################################
[1m                           Learning iteration 496/500                           [0m 

                               Run name: hierarchical_soccer_coop_hl
                            Total steps: 24428544 
                       Steps per second: 4317 
                        Collection time: 11.159s 
                          Learning time: 0.226s 
                        Mean value loss: 12.2694
                    Mean surrogate loss: -0.0032
                      Mean entropy loss: -2.9848
                            Mean reward: 110.57
                    Mean episode length: 215.71
                        Mean action std: 0.09
         Mean episode goal_per_1k_steps: 1.4099
         Mean episode mean_dist_to_ball: 2.5318
               Mean episode goals_total: 2028.6667
--------------------------------------------------------------------------------
                         Iteration time: 11.39s
                           Time elapsed: 1:36:19
                                    ETA: 0:00:34

################################################################################
[1m                           Learning iteration 497/500                           [0m 

                               Run name: hierarchical_soccer_coop_hl
                            Total steps: 24477696 
                       Steps per second: 4341 
                        Collection time: 11.090s 
                          Learning time: 0.231s 
                        Mean value loss: 9.0049
                    Mean surrogate loss: -0.0023
                      Mean entropy loss: -2.9675
                            Mean reward: 107.04
                    Mean episode length: 208.51
                        Mean action std: 0.09
         Mean episode goal_per_1k_steps: 0.9989
         Mean episode mean_dist_to_ball: 2.4638
               Mean episode goals_total: 2037.4167
--------------------------------------------------------------------------------
                         Iteration time: 11.32s
                           Time elapsed: 1:36:30
                                    ETA: 0:00:23

################################################################################
[1m                           Learning iteration 498/500                           [0m 

                               Run name: hierarchical_soccer_coop_hl
                            Total steps: 24526848 
                       Steps per second: 4337 
                        Collection time: 11.100s 
                          Learning time: 0.230s 
                        Mean value loss: 9.9335
                    Mean surrogate loss: -0.0038
                      Mean entropy loss: -2.9785
                            Mean reward: 112.70
                    Mean episode length: 211.53
                        Mean action std: 0.09
         Mean episode goal_per_1k_steps: 1.1576
         Mean episode mean_dist_to_ball: 2.3691
               Mean episode goals_total: 2046.8334
--------------------------------------------------------------------------------
                         Iteration time: 11.33s
                           Time elapsed: 1:36:42
                                    ETA: 0:00:11

################################################################################
[1m                           Learning iteration 499/500                           [0m 

                               Run name: hierarchical_soccer_coop_hl
                            Total steps: 24576000 
                       Steps per second: 4331 
                        Collection time: 11.117s 
                          Learning time: 0.231s 
                        Mean value loss: 8.3012
                    Mean surrogate loss: -0.0032
                      Mean entropy loss: -2.9675
                            Mean reward: 112.20
                    Mean episode length: 208.31
                        Mean action std: 0.09
         Mean episode goal_per_1k_steps: 1.1088
         Mean episode mean_dist_to_ball: 2.2904
               Mean episode goals_total: 2057.7500
--------------------------------------------------------------------------------
                         Iteration time: 11.35s
                           Time elapsed: 1:36:53
                                    ETA: 0:00:00


=== Training complete ===
  Models saved in: runs/hierarchical_soccer_coop_hl
  Best model: runs/hierarchical_soccer_coop_hl/model_500.pt
