[38;5;226m[Genesis] [19:46:27] [WARNING] Mesh is not watertight. Falling back to convex hull for estimating inertial properties.[0m
[38;5;226m[Genesis] [19:46:27] [WARNING] Mesh is not watertight. Falling back to convex hull for estimating inertial properties.[0m
[38;5;226m[Genesis] [19:46:27] [WARNING] Mesh is not watertight. Falling back to convex hull for estimating inertial properties.[0m
[38;5;226m[Genesis] [19:46:27] [WARNING] Mesh is not watertight. Falling back to convex hull for estimating inertial properties.[0m
[hierarchical] Walk model normalizer loaded: mean=torch.Size([1, 720])
[hierarchical] Frozen walk model loaded from /workspace/booster/booster_deploy/tasks/locomotion/models/t1_walk.pt
[hierarchical] HL obs dim=19, HL action dim=3
[hierarchical] HL dt=0.100s, decimation=5
--------------------------------------------------------------------------------
Resolved observation sets: 
	 actor :  ['policy']
	 critic :  ['policy']
--------------------------------------------------------------------------------
Actor Model: MLPModel(
  (obs_normalizer): Identity()
  (distribution): GaussianDistribution()
  (mlp): MLP(
    (0): Linear(in_features=19, out_features=256, bias=True)
    (1): ELU(alpha=1.0)
    (2): Linear(in_features=256, out_features=128, bias=True)
    (3): ELU(alpha=1.0)
    (4): Linear(in_features=128, out_features=64, bias=True)
    (5): ELU(alpha=1.0)
    (6): Linear(in_features=64, out_features=3, bias=True)
  )
)
Critic Model: MLPModel(
  (obs_normalizer): Identity()
  (mlp): MLP(
    (0): Linear(in_features=19, out_features=256, bias=True)
    (1): ELU(alpha=1.0)
    (2): Linear(in_features=256, out_features=128, bias=True)
    (3): ELU(alpha=1.0)
    (4): Linear(in_features=128, out_features=64, bias=True)
    (5): ELU(alpha=1.0)
    (6): Linear(in_features=64, out_features=1, bias=True)
  )
)

============================================================
  Hierarchical Soccer Training
============================================================
  High-level obs dim:    19
  High-level action dim: 3 (vx, vy, wz)
  Low-level model:       /workspace/booster/booster_deploy/tasks/locomotion/models/t1_walk.pt
  Decimation:            5 (HL dt = 0.100s)
  Envs:                  512
  Max iterations:        500
  Save interval:         50
  Log dir:               runs/chase_clip06
============================================================

Could not find git repository in /opt/venv/lib/python3.12/site-packages/rsl_rl/__init__.py. Skipping.
################################################################################
[1m                            Learning iteration 0/500                            [0m 

                               Run name: chase_clip06
                            Total steps: 12288 
                       Steps per second: 1086 
                        Collection time: 10.789s 
                          Learning time: 0.520s 
                        Mean value loss: 30.4387
                    Mean surrogate loss: 0.0084
                      Mean entropy loss: 4.2559
                            Mean reward: -17.18
                    Mean episode length: 18.59
                        Mean action std: 1.00
--------------------------------------------------------------------------------
                         Iteration time: 11.31s
                           Time elapsed: 0:00:11
                                    ETA: 1:34:03

################################################################################
[1m                            Learning iteration 1/500                            [0m 

                               Run name: chase_clip06
                            Total steps: 24576 
                       Steps per second: 1425 
                        Collection time: 8.509s 
                          Learning time: 0.111s 
                        Mean value loss: 48.9468
                    Mean surrogate loss: -0.0006
                      Mean entropy loss: 4.2204
                            Mean reward: -15.61
                    Mean episode length: 27.29
                        Mean action std: 0.98
--------------------------------------------------------------------------------
                         Iteration time: 8.62s
                           Time elapsed: 0:00:19
                                    ETA: 1:22:42

################################################################################
[1m                            Learning iteration 2/500                            [0m 

                               Run name: chase_clip06
                            Total steps: 36864 
                       Steps per second: 1438 
                        Collection time: 8.434s 
                          Learning time: 0.108s 
                        Mean value loss: 49.3782
                    Mean surrogate loss: 0.0023
                      Mean entropy loss: 4.1371
                            Mean reward: -16.66
                    Mean episode length: 29.44
                        Mean action std: 0.95
--------------------------------------------------------------------------------
                         Iteration time: 8.54s
                           Time elapsed: 0:00:28
                                    ETA: 1:18:36

################################################################################
[1m                            Learning iteration 3/500                            [0m 

                               Run name: chase_clip06
                            Total steps: 49152 
                       Steps per second: 1458 
                        Collection time: 8.316s 
                          Learning time: 0.108s 
                        Mean value loss: 47.5799
                    Mean surrogate loss: 0.0012
                      Mean entropy loss: 4.0825
                            Mean reward: -15.29
                    Mean episode length: 33.65
                        Mean action std: 0.94
--------------------------------------------------------------------------------
                         Iteration time: 8.42s
                           Time elapsed: 0:00:36
                                    ETA: 1:16:14

################################################################################
[1m                            Learning iteration 4/500                            [0m 

                               Run name: chase_clip06
                            Total steps: 61440 
                       Steps per second: 1454 
                        Collection time: 8.343s 
                          Learning time: 0.106s 
                        Mean value loss: 52.0211
                    Mean surrogate loss: -0.0029
                      Mean entropy loss: 4.0590
                            Mean reward: -15.62
                    Mean episode length: 35.08
                        Mean action std: 0.93
--------------------------------------------------------------------------------
                         Iteration time: 8.45s
                           Time elapsed: 0:00:45
                                    ETA: 1:14:49

################################################################################
[1m                            Learning iteration 5/500                            [0m 

                               Run name: chase_clip06
                            Total steps: 73728 
                       Steps per second: 1461 
                        Collection time: 8.299s 
                          Learning time: 0.108s 
                        Mean value loss: 46.8600
                    Mean surrogate loss: -0.0029
                      Mean entropy loss: 4.0248
                            Mean reward: -14.99
                    Mean episode length: 35.02
                        Mean action std: 0.92
--------------------------------------------------------------------------------
                         Iteration time: 8.41s
                           Time elapsed: 0:00:53
                                    ETA: 1:13:45

################################################################################
[1m                            Learning iteration 6/500                            [0m 

                               Run name: chase_clip06
                            Total steps: 86016 
                       Steps per second: 1451 
                        Collection time: 8.357s 
                          Learning time: 0.107s 
                        Mean value loss: 43.3957
                    Mean surrogate loss: -0.0031
                      Mean entropy loss: 4.0088
                            Mean reward: -15.06
                    Mean episode length: 32.12
                        Mean action std: 0.92
--------------------------------------------------------------------------------
                         Iteration time: 8.46s
                           Time elapsed: 0:01:02
                                    ETA: 1:13:01

################################################################################
[1m                            Learning iteration 7/500                            [0m 

                               Run name: chase_clip06
                            Total steps: 98304 
                       Steps per second: 1454 
                        Collection time: 8.342s 
                          Learning time: 0.108s 
                        Mean value loss: 43.3006
                    Mean surrogate loss: -0.0043
                      Mean entropy loss: 4.0219
                            Mean reward: -13.45
                    Mean episode length: 34.88
                        Mean action std: 0.92
--------------------------------------------------------------------------------
                         Iteration time: 8.45s
                           Time elapsed: 0:01:10
                                    ETA: 1:12:25

################################################################################
[1m                            Learning iteration 8/500                            [0m 

                               Run name: chase_clip06
                            Total steps: 110592 
                       Steps per second: 1456 
                        Collection time: 8.325s 
                          Learning time: 0.110s 
                        Mean value loss: 39.9220
                    Mean surrogate loss: -0.0041
                      Mean entropy loss: 3.9760
                            Mean reward: -14.63
                    Mean episode length: 37.58
                        Mean action std: 0.91
--------------------------------------------------------------------------------
                         Iteration time: 8.43s
                           Time elapsed: 0:01:19
                                    ETA: 1:11:55

################################################################################
[1m                            Learning iteration 9/500                            [0m 

                               Run name: chase_clip06
                            Total steps: 122880 
                       Steps per second: 1460 
                        Collection time: 8.301s 
                          Learning time: 0.110s 
                        Mean value loss: 39.6168
                    Mean surrogate loss: -0.0058
                      Mean entropy loss: 3.9409
                            Mean reward: -13.94
                    Mean episode length: 41.32
                        Mean action std: 0.90
--------------------------------------------------------------------------------
                         Iteration time: 8.41s
                           Time elapsed: 0:01:27
                                    ETA: 1:11:27

################################################################################
[1m                           Learning iteration 10/500                            [0m 

                               Run name: chase_clip06
                            Total steps: 135168 
                       Steps per second: 1453 
                        Collection time: 8.342s 
                          Learning time: 0.110s 
                        Mean value loss: 34.7099
                    Mean surrogate loss: -0.0036
                      Mean entropy loss: 3.9028
                            Mean reward: -14.08
                    Mean episode length: 31.42
                        Mean action std: 0.89
--------------------------------------------------------------------------------
                         Iteration time: 8.45s
                           Time elapsed: 0:01:35
                                    ETA: 1:11:05

################################################################################
[1m                           Learning iteration 11/500                            [0m 

                               Run name: chase_clip06
                            Total steps: 147456 
                       Steps per second: 1455 
                        Collection time: 8.333s 
                          Learning time: 0.111s 
                        Mean value loss: 32.5300
                    Mean surrogate loss: -0.0042
                      Mean entropy loss: 3.8934
                            Mean reward: -14.25
                    Mean episode length: 45.80
                        Mean action std: 0.88
--------------------------------------------------------------------------------
                         Iteration time: 8.44s
                           Time elapsed: 0:01:44
                                    ETA: 1:10:45

################################################################################
[1m                           Learning iteration 12/500                            [0m 

                               Run name: chase_clip06
                            Total steps: 159744 
                       Steps per second: 1445 
                        Collection time: 8.390s 
                          Learning time: 0.111s 
                        Mean value loss: 33.3804
                    Mean surrogate loss: -0.0050
                      Mean entropy loss: 3.8698
                            Mean reward: -15.87
                    Mean episode length: 36.40
                        Mean action std: 0.88
--------------------------------------------------------------------------------
                         Iteration time: 8.50s
                           Time elapsed: 0:01:52
                                    ETA: 1:10:29

################################################################################
[1m                           Learning iteration 13/500                            [0m 

                               Run name: chase_clip06
                            Total steps: 172032 
                       Steps per second: 1459 
                        Collection time: 8.310s 
                          Learning time: 0.110s 
                        Mean value loss: 30.5512
                    Mean surrogate loss: 0.0010
                      Mean entropy loss: 3.8567
                            Mean reward: -12.98
                    Mean episode length: 32.50
                        Mean action std: 0.88
--------------------------------------------------------------------------------
                         Iteration time: 8.42s
                           Time elapsed: 0:02:01
                                    ETA: 1:10:11

################################################################################
[1m                           Learning iteration 14/500                            [0m 

                               Run name: chase_clip06
                            Total steps: 184320 
                       Steps per second: 1463 
                        Collection time: 8.290s 
                          Learning time: 0.109s 
                        Mean value loss: 34.1656
                    Mean surrogate loss: -0.0034
                      Mean entropy loss: 3.8467
                            Mean reward: -14.30
                    Mean episode length: 37.86
                        Mean action std: 0.88
--------------------------------------------------------------------------------
                         Iteration time: 8.40s
                           Time elapsed: 0:02:09
                                    ETA: 1:09:54

################################################################################
[1m                           Learning iteration 15/500                            [0m 

                               Run name: chase_clip06
                            Total steps: 196608 
                       Steps per second: 1461 
                        Collection time: 8.298s 
                          Learning time: 0.110s 
                        Mean value loss: 29.8749
                    Mean surrogate loss: -0.0056
                      Mean entropy loss: 3.8541
                            Mean reward: -12.34
                    Mean episode length: 43.62
                        Mean action std: 0.88
--------------------------------------------------------------------------------
                         Iteration time: 8.41s
                           Time elapsed: 0:02:18
                                    ETA: 1:09:38

################################################################################
[1m                           Learning iteration 16/500                            [0m 

                               Run name: chase_clip06
                            Total steps: 208896 
                       Steps per second: 1443 
                        Collection time: 8.399s 
                          Learning time: 0.112s 
                        Mean value loss: 30.4586
                    Mean surrogate loss: -0.0026
                      Mean entropy loss: 3.8579
                            Mean reward: -14.28
                    Mean episode length: 46.48
                        Mean action std: 0.88
--------------------------------------------------------------------------------
                         Iteration time: 8.51s
                           Time elapsed: 0:02:26
                                    ETA: 1:09:26

################################################################################
[1m                           Learning iteration 17/500                            [0m 

                               Run name: chase_clip06
                            Total steps: 221184 
                       Steps per second: 1458 
                        Collection time: 8.315s 
                          Learning time: 0.110s 
                        Mean value loss: 28.8769
                    Mean surrogate loss: -0.0037
                      Mean entropy loss: 3.8682
                            Mean reward: -12.13
                    Mean episode length: 45.64
                        Mean action std: 0.88
--------------------------------------------------------------------------------
                         Iteration time: 8.43s
                           Time elapsed: 0:02:35
                                    ETA: 1:09:12

################################################################################
[1m                           Learning iteration 18/500                            [0m 

                               Run name: chase_clip06
                            Total steps: 233472 
                       Steps per second: 1448 
                        Collection time: 8.372s 
                          Learning time: 0.109s 
                        Mean value loss: 26.6024
                    Mean surrogate loss: -0.0071
                      Mean entropy loss: 3.8419
                            Mean reward: -14.71
                    Mean episode length: 35.41
                        Mean action std: 0.88
--------------------------------------------------------------------------------
                         Iteration time: 8.48s
                           Time elapsed: 0:02:43
                                    ETA: 1:09:00

################################################################################
[1m                           Learning iteration 19/500                            [0m 

                               Run name: chase_clip06
                            Total steps: 245760 
                       Steps per second: 1456 
                        Collection time: 8.328s 
                          Learning time: 0.110s 
                        Mean value loss: 21.1587
                    Mean surrogate loss: -0.0074
                      Mean entropy loss: 3.8535
                            Mean reward: -11.30
                    Mean episode length: 45.77
                        Mean action std: 0.87
--------------------------------------------------------------------------------
                         Iteration time: 8.44s
                           Time elapsed: 0:02:51
                                    ETA: 1:08:47

################################################################################
[1m                           Learning iteration 20/500                            [0m 

                               Run name: chase_clip06
                            Total steps: 258048 
                       Steps per second: 1449 
                        Collection time: 8.369s 
                          Learning time: 0.109s 
                        Mean value loss: 27.8583
                    Mean surrogate loss: -0.0078
                      Mean entropy loss: 3.8465
                            Mean reward: -12.76
                    Mean episode length: 48.36
                        Mean action std: 0.87
--------------------------------------------------------------------------------
                         Iteration time: 8.48s
                           Time elapsed: 0:03:00
                                    ETA: 1:08:36

################################################################################
[1m                           Learning iteration 21/500                            [0m 

                               Run name: chase_clip06
                            Total steps: 270336 
                       Steps per second: 1448 
                        Collection time: 8.372s 
                          Learning time: 0.110s 
                        Mean value loss: 23.5690
                    Mean surrogate loss: -0.0045
                      Mean entropy loss: 3.8392
                            Mean reward: -14.67
                    Mean episode length: 45.59
                        Mean action std: 0.87
--------------------------------------------------------------------------------
                         Iteration time: 8.48s
                           Time elapsed: 0:03:08
                                    ETA: 1:08:25

################################################################################
[1m                           Learning iteration 22/500                            [0m 

                               Run name: chase_clip06
                            Total steps: 282624 
                       Steps per second: 1433 
                        Collection time: 8.461s 
                          Learning time: 0.113s 
                        Mean value loss: 27.2601
                    Mean surrogate loss: -0.0066
                      Mean entropy loss: 3.8339
                            Mean reward: -12.70
                    Mean episode length: 44.44
                        Mean action std: 0.87
--------------------------------------------------------------------------------
                         Iteration time: 8.57s
                           Time elapsed: 0:03:17
                                    ETA: 1:08:16

################################################################################
[1m                           Learning iteration 23/500                            [0m 

                               Run name: chase_clip06
                            Total steps: 294912 
                       Steps per second: 1454 
                        Collection time: 8.340s 
                          Learning time: 0.111s 
                        Mean value loss: 24.1278
                    Mean surrogate loss: -0.0077
                      Mean entropy loss: 3.8021
                            Mean reward: -13.62
                    Mean episode length: 41.22
                        Mean action std: 0.86
--------------------------------------------------------------------------------
                         Iteration time: 8.45s
                           Time elapsed: 0:03:25
                                    ETA: 1:08:05

################################################################################
[1m                           Learning iteration 24/500                            [0m 

                               Run name: chase_clip06
                            Total steps: 307200 
                       Steps per second: 1451 
                        Collection time: 8.354s 
                          Learning time: 0.109s 
                        Mean value loss: 23.2313
                    Mean surrogate loss: -0.0067
                      Mean entropy loss: 3.7958
                            Mean reward: -14.68
                    Mean episode length: 45.68
                        Mean action std: 0.86
--------------------------------------------------------------------------------
                         Iteration time: 8.46s
                           Time elapsed: 0:03:34
                                    ETA: 1:07:54

################################################################################
[1m                           Learning iteration 25/500                            [0m 

                               Run name: chase_clip06
                            Total steps: 319488 
                       Steps per second: 1456 
                        Collection time: 8.325s 
                          Learning time: 0.110s 
                        Mean value loss: 22.7626
                    Mean surrogate loss: -0.0053
                      Mean entropy loss: 3.7925
                            Mean reward: -13.76
                    Mean episode length: 48.56
                        Mean action std: 0.86
--------------------------------------------------------------------------------
                         Iteration time: 8.44s
                           Time elapsed: 0:03:42
                                    ETA: 1:07:43

################################################################################
[1m                           Learning iteration 26/500                            [0m 

                               Run name: chase_clip06
                            Total steps: 331776 
                       Steps per second: 1451 
                        Collection time: 8.357s 
                          Learning time: 0.110s 
                        Mean value loss: 19.8180
                    Mean surrogate loss: -0.0070
                      Mean entropy loss: 3.7968
                            Mean reward: -10.65
                    Mean episode length: 46.52
                        Mean action std: 0.86
--------------------------------------------------------------------------------
                         Iteration time: 8.47s
                           Time elapsed: 0:03:51
                                    ETA: 1:07:32

################################################################################
[1m                           Learning iteration 27/500                            [0m 

                               Run name: chase_clip06
                            Total steps: 344064 
                       Steps per second: 1448 
                        Collection time: 8.373s 
                          Learning time: 0.111s 
                        Mean value loss: 19.0237
                    Mean surrogate loss: -0.0064
                      Mean entropy loss: 3.8171
                            Mean reward: -11.83
                    Mean episode length: 45.61
                        Mean action std: 0.87
--------------------------------------------------------------------------------
                         Iteration time: 8.48s
                           Time elapsed: 0:03:59
                                    ETA: 1:07:22

################################################################################
[1m                           Learning iteration 28/500                            [0m 

                               Run name: chase_clip06
                            Total steps: 356352 
                       Steps per second: 1458 
                        Collection time: 8.315s 
                          Learning time: 0.109s 
                        Mean value loss: 20.8715
                    Mean surrogate loss: -0.0088
                      Mean entropy loss: 3.8006
                            Mean reward: -13.92
                    Mean episode length: 43.38
                        Mean action std: 0.86
--------------------------------------------------------------------------------
                         Iteration time: 8.42s
                           Time elapsed: 0:04:08
                                    ETA: 1:07:11

################################################################################
[1m                           Learning iteration 29/500                            [0m 

                               Run name: chase_clip06
                            Total steps: 368640 
                       Steps per second: 1470 
                        Collection time: 8.249s 
                          Learning time: 0.110s 
                        Mean value loss: 20.7940
                    Mean surrogate loss: -0.0074
                      Mean entropy loss: 3.7905
                            Mean reward: -12.94
                    Mean episode length: 40.86
                        Mean action std: 0.86
--------------------------------------------------------------------------------
                         Iteration time: 8.36s
                           Time elapsed: 0:04:16
                                    ETA: 1:07:00

################################################################################
[1m                           Learning iteration 30/500                            [0m 

                               Run name: chase_clip06
                            Total steps: 380928 
                       Steps per second: 1468 
                        Collection time: 8.258s 
                          Learning time: 0.107s 
                        Mean value loss: 17.2770
                    Mean surrogate loss: -0.0083
                      Mean entropy loss: 3.7805
                            Mean reward: -11.07
                    Mean episode length: 50.23
                        Mean action std: 0.86
--------------------------------------------------------------------------------
                         Iteration time: 8.37s
                           Time elapsed: 0:04:24
                                    ETA: 1:06:48

################################################################################
[1m                           Learning iteration 31/500                            [0m 

                               Run name: chase_clip06
                            Total steps: 393216 
                       Steps per second: 1458 
                        Collection time: 8.317s 
                          Learning time: 0.108s 
                        Mean value loss: 19.8904
                    Mean surrogate loss: -0.0022
                      Mean entropy loss: 3.7589
                            Mean reward: -12.00
                    Mean episode length: 42.73
                        Mean action std: 0.85
--------------------------------------------------------------------------------
                         Iteration time: 8.43s
                           Time elapsed: 0:04:33
                                    ETA: 1:06:38

################################################################################
[1m                           Learning iteration 32/500                            [0m 

                               Run name: chase_clip06
                            Total steps: 405504 
                       Steps per second: 1457 
                        Collection time: 8.319s 
                          Learning time: 0.110s 
                        Mean value loss: 17.1247
                    Mean surrogate loss: -0.0083
                      Mean entropy loss: 3.7496
                            Mean reward: -11.98
                    Mean episode length: 39.54
                        Mean action std: 0.85
--------------------------------------------------------------------------------
                         Iteration time: 8.43s
                           Time elapsed: 0:04:41
                                    ETA: 1:06:28

################################################################################
[1m                           Learning iteration 33/500                            [0m 

                               Run name: chase_clip06
                            Total steps: 417792 
                       Steps per second: 1460 
                        Collection time: 8.304s 
                          Learning time: 0.110s 
                        Mean value loss: 15.7976
                    Mean surrogate loss: -0.0092
                      Mean entropy loss: 3.7445
                            Mean reward: -12.75
                    Mean episode length: 40.42
                        Mean action std: 0.85
--------------------------------------------------------------------------------
                         Iteration time: 8.41s
                           Time elapsed: 0:04:50
                                    ETA: 1:06:17

################################################################################
[1m                           Learning iteration 34/500                            [0m 

                               Run name: chase_clip06
                            Total steps: 430080 
                       Steps per second: 1447 
                        Collection time: 8.381s 
                          Learning time: 0.110s 
                        Mean value loss: 16.8241
                    Mean surrogate loss: -0.0099
                      Mean entropy loss: 3.7519
                            Mean reward: -12.00
                    Mean episode length: 41.18
                        Mean action std: 0.85
--------------------------------------------------------------------------------
                         Iteration time: 8.49s
                           Time elapsed: 0:04:58
                                    ETA: 1:06:08

################################################################################
[1m                           Learning iteration 35/500                            [0m 

                               Run name: chase_clip06
                            Total steps: 442368 
                       Steps per second: 1456 
                        Collection time: 8.327s 
                          Learning time: 0.110s 
                        Mean value loss: 19.1166
                    Mean surrogate loss: -0.0089
                      Mean entropy loss: 3.7438
                            Mean reward: -11.78
                    Mean episode length: 42.93
                        Mean action std: 0.85
--------------------------------------------------------------------------------
                         Iteration time: 8.44s
                           Time elapsed: 0:05:07
                                    ETA: 1:05:59

################################################################################
[1m                           Learning iteration 36/500                            [0m 

                               Run name: chase_clip06
                            Total steps: 454656 
                       Steps per second: 1458 
                        Collection time: 8.314s 
                          Learning time: 0.109s 
                        Mean value loss: 18.4479
                    Mean surrogate loss: -0.0051
                      Mean entropy loss: 3.7451
                            Mean reward: -12.18
                    Mean episode length: 46.93
                        Mean action std: 0.85
--------------------------------------------------------------------------------
                         Iteration time: 8.42s
                           Time elapsed: 0:05:15
                                    ETA: 1:05:49

################################################################################
[1m                           Learning iteration 37/500                            [0m 

                               Run name: chase_clip06
                            Total steps: 466944 
                       Steps per second: 1456 
                        Collection time: 8.325s 
                          Learning time: 0.110s 
                        Mean value loss: 13.9469
                    Mean surrogate loss: -0.0097
                      Mean entropy loss: 3.7494
                            Mean reward: -10.79
                    Mean episode length: 48.50
                        Mean action std: 0.85
--------------------------------------------------------------------------------
                         Iteration time: 8.43s
                           Time elapsed: 0:05:24
                                    ETA: 1:05:39

################################################################################
[1m                           Learning iteration 38/500                            [0m 

                               Run name: chase_clip06
                            Total steps: 479232 
                       Steps per second: 1462 
                        Collection time: 8.291s 
                          Learning time: 0.110s 
                        Mean value loss: 16.4433
                    Mean surrogate loss: -0.0093
                      Mean entropy loss: 3.7208
                            Mean reward: -11.00
                    Mean episode length: 45.91
                        Mean action std: 0.84
--------------------------------------------------------------------------------
                         Iteration time: 8.40s
                           Time elapsed: 0:05:32
                                    ETA: 1:05:29

################################################################################
[1m                           Learning iteration 39/500                            [0m 

                               Run name: chase_clip06
                            Total steps: 491520 
                       Steps per second: 1454 
                        Collection time: 8.337s 
                          Learning time: 0.112s 
                        Mean value loss: 16.4355
                    Mean surrogate loss: -0.0105
                      Mean entropy loss: 3.7188
                            Mean reward: -11.05
                    Mean episode length: 39.55
                        Mean action std: 0.84
--------------------------------------------------------------------------------
                         Iteration time: 8.45s
                           Time elapsed: 0:05:40
                                    ETA: 1:05:20

################################################################################
[1m                           Learning iteration 40/500                            [0m 

                               Run name: chase_clip06
                            Total steps: 503808 
                       Steps per second: 1467 
                        Collection time: 8.261s 
                          Learning time: 0.110s 
                        Mean value loss: 12.4407
                    Mean surrogate loss: -0.0100
                      Mean entropy loss: 3.7193
                            Mean reward: -11.22
                    Mean episode length: 42.50
                        Mean action std: 0.84
--------------------------------------------------------------------------------
                         Iteration time: 8.37s
                           Time elapsed: 0:05:49
                                    ETA: 1:05:09

################################################################################
[1m                           Learning iteration 41/500                            [0m 

                               Run name: chase_clip06
                            Total steps: 516096 
                       Steps per second: 1453 
                        Collection time: 8.345s 
                          Learning time: 0.108s 
                        Mean value loss: 14.7756
                    Mean surrogate loss: -0.0110
                      Mean entropy loss: 3.6977
                            Mean reward: -10.19
                    Mean episode length: 52.86
                        Mean action std: 0.83
--------------------------------------------------------------------------------
                         Iteration time: 8.45s
                           Time elapsed: 0:05:57
                                    ETA: 1:05:00

################################################################################
[1m                           Learning iteration 42/500                            [0m 

                               Run name: chase_clip06
                            Total steps: 528384 
                       Steps per second: 1469 
                        Collection time: 8.255s 
                          Learning time: 0.107s 
                        Mean value loss: 13.3118
                    Mean surrogate loss: -0.0091
                      Mean entropy loss: 3.6698
                            Mean reward: -10.97
                    Mean episode length: 51.29
                        Mean action std: 0.83
--------------------------------------------------------------------------------
                         Iteration time: 8.36s
                           Time elapsed: 0:06:06
                                    ETA: 1:04:50

################################################################################
[1m                           Learning iteration 43/500                            [0m 

                               Run name: chase_clip06
                            Total steps: 540672 
                       Steps per second: 1448 
                        Collection time: 8.371s 
                          Learning time: 0.113s 
                        Mean value loss: 12.5700
                    Mean surrogate loss: -0.0101
                      Mean entropy loss: 3.6276
                            Mean reward: -10.13
                    Mean episode length: 44.21
                        Mean action std: 0.81
--------------------------------------------------------------------------------
                         Iteration time: 8.48s
                           Time elapsed: 0:06:14
                                    ETA: 1:04:41

################################################################################
[1m                           Learning iteration 44/500                            [0m 

                               Run name: chase_clip06
                            Total steps: 552960 
                       Steps per second: 1435 
                        Collection time: 8.450s 
                          Learning time: 0.109s 
                        Mean value loss: 15.6221
                    Mean surrogate loss: -0.0113
                      Mean entropy loss: 3.6108
                            Mean reward: -11.97
                    Mean episode length: 53.22
                        Mean action std: 0.81
--------------------------------------------------------------------------------
                         Iteration time: 8.56s
                           Time elapsed: 0:06:23
                                    ETA: 1:04:33

################################################################################
[1m                           Learning iteration 45/500                            [0m 

                               Run name: chase_clip06
                            Total steps: 565248 
                       Steps per second: 1452 
                        Collection time: 8.347s 
                          Learning time: 0.115s 
                        Mean value loss: 14.5744
                    Mean surrogate loss: -0.0097
                      Mean entropy loss: 3.5747
                            Mean reward: -10.88
                    Mean episode length: 42.34
                        Mean action std: 0.80
--------------------------------------------------------------------------------
                         Iteration time: 8.46s
                           Time elapsed: 0:06:31
                                    ETA: 1:04:24

################################################################################
[1m                           Learning iteration 46/500                            [0m 

                               Run name: chase_clip06
                            Total steps: 577536 
                       Steps per second: 1444 
                        Collection time: 8.396s 
                          Learning time: 0.112s 
                        Mean value loss: 10.6790
                    Mean surrogate loss: -0.0110
                      Mean entropy loss: 3.5433
                            Mean reward: -8.86
                    Mean episode length: 53.26
                        Mean action std: 0.79
--------------------------------------------------------------------------------
                         Iteration time: 8.51s
                           Time elapsed: 0:06:40
                                    ETA: 1:04:16

################################################################################
[1m                           Learning iteration 47/500                            [0m 

                               Run name: chase_clip06
                            Total steps: 589824 
                       Steps per second: 1427 
                        Collection time: 8.493s 
                          Learning time: 0.113s 
                        Mean value loss: 16.7036
                    Mean surrogate loss: -0.0098
                      Mean entropy loss: 3.5090
                            Mean reward: -12.69
                    Mean episode length: 43.64
                        Mean action std: 0.79
--------------------------------------------------------------------------------
                         Iteration time: 8.61s
                           Time elapsed: 0:06:48
                                    ETA: 1:04:08

################################################################################
[1m                           Learning iteration 48/500                            [0m 

                               Run name: chase_clip06
                            Total steps: 602112 
                       Steps per second: 1445 
                        Collection time: 8.389s 
                          Learning time: 0.110s 
                        Mean value loss: 14.8452
                    Mean surrogate loss: -0.0115
                      Mean entropy loss: 3.4883
                            Mean reward: -9.57
                    Mean episode length: 54.55
                        Mean action std: 0.78
--------------------------------------------------------------------------------
                         Iteration time: 8.50s
                           Time elapsed: 0:06:57
                                    ETA: 1:03:59

################################################################################
[1m                           Learning iteration 49/500                            [0m 

                               Run name: chase_clip06
                            Total steps: 614400 
                       Steps per second: 1456 
                        Collection time: 8.323s 
                          Learning time: 0.112s 
                        Mean value loss: 9.8243
                    Mean surrogate loss: -0.0088
                      Mean entropy loss: 3.4599
                            Mean reward: -10.12
                    Mean episode length: 52.15
                        Mean action std: 0.77
--------------------------------------------------------------------------------
                         Iteration time: 8.44s
                           Time elapsed: 0:07:05
                                    ETA: 1:03:50

################################################################################
[1m                           Learning iteration 50/500                            [0m 

                               Run name: chase_clip06
                            Total steps: 626688 
                       Steps per second: 1457 
                        Collection time: 8.322s 
                          Learning time: 0.110s 
                        Mean value loss: 10.3545
                    Mean surrogate loss: -0.0103
                      Mean entropy loss: 3.4332
                            Mean reward: -10.34
                    Mean episode length: 69.79
                        Mean action std: 0.77
--------------------------------------------------------------------------------
                         Iteration time: 8.43s
                           Time elapsed: 0:07:14
                                    ETA: 1:03:41

################################################################################
[1m                           Learning iteration 51/500                            [0m 

                               Run name: chase_clip06
                            Total steps: 638976 
                       Steps per second: 1466 
                        Collection time: 8.264s 
                          Learning time: 0.114s 
                        Mean value loss: 11.4581
                    Mean surrogate loss: -0.0090
                      Mean entropy loss: 3.4121
                            Mean reward: -9.83
                    Mean episode length: 61.32
                        Mean action std: 0.76
--------------------------------------------------------------------------------
                         Iteration time: 8.38s
                           Time elapsed: 0:07:22
                                    ETA: 1:03:31

################################################################################
[1m                           Learning iteration 52/500                            [0m 

                               Run name: chase_clip06
                            Total steps: 651264 
                       Steps per second: 1474 
                        Collection time: 8.226s 
                          Learning time: 0.110s 
                        Mean value loss: 11.4832
                    Mean surrogate loss: -0.0105
                      Mean entropy loss: 3.3915
                            Mean reward: -9.77
                    Mean episode length: 60.28
                        Mean action std: 0.76
--------------------------------------------------------------------------------
                         Iteration time: 8.34s
                           Time elapsed: 0:07:30
                                    ETA: 1:03:21

################################################################################
[1m                           Learning iteration 53/500                            [0m 

                               Run name: chase_clip06
                            Total steps: 663552 
                       Steps per second: 1472 
                        Collection time: 8.237s 
                          Learning time: 0.108s 
                        Mean value loss: 11.3840
                    Mean surrogate loss: -0.0039
                      Mean entropy loss: 3.3946
                            Mean reward: -11.01
                    Mean episode length: 69.27
                        Mean action std: 0.76
--------------------------------------------------------------------------------
                         Iteration time: 8.35s
                           Time elapsed: 0:07:39
                                    ETA: 1:03:11

################################################################################
[1m                           Learning iteration 54/500                            [0m 

                               Run name: chase_clip06
                            Total steps: 675840 
                       Steps per second: 1458 
                        Collection time: 8.316s 
                          Learning time: 0.111s 
                        Mean value loss: 9.9539
                    Mean surrogate loss: -0.0050
                      Mean entropy loss: 3.3890
                            Mean reward: -7.58
                    Mean episode length: 74.53
                        Mean action std: 0.76
--------------------------------------------------------------------------------
                         Iteration time: 8.43s
                           Time elapsed: 0:07:47
                                    ETA: 1:03:02

################################################################################
[1m                           Learning iteration 55/500                            [0m 

                               Run name: chase_clip06
                            Total steps: 688128 
                       Steps per second: 1472 
                        Collection time: 8.238s 
                          Learning time: 0.109s 
                        Mean value loss: 10.5823
                    Mean surrogate loss: -0.0114
                      Mean entropy loss: 3.3492
                            Mean reward: -8.80
                    Mean episode length: 78.68
                        Mean action std: 0.75
--------------------------------------------------------------------------------
                         Iteration time: 8.35s
                           Time elapsed: 0:07:55
                                    ETA: 1:02:53

################################################################################
[1m                           Learning iteration 56/500                            [0m 

                               Run name: chase_clip06
                            Total steps: 700416 
                       Steps per second: 1463 
                        Collection time: 8.289s 
                          Learning time: 0.109s 
                        Mean value loss: 10.2601
                    Mean surrogate loss: -0.0113
                      Mean entropy loss: 3.3417
                            Mean reward: -7.30
                    Mean episode length: 68.19
                        Mean action std: 0.75
--------------------------------------------------------------------------------
                         Iteration time: 8.40s
                           Time elapsed: 0:08:04
                                    ETA: 1:02:43

################################################################################
[1m                           Learning iteration 57/500                            [0m 

                               Run name: chase_clip06
                            Total steps: 712704 
                       Steps per second: 1459 
                        Collection time: 8.309s 
                          Learning time: 0.110s 
                        Mean value loss: 10.4551
                    Mean surrogate loss: -0.0092
                      Mean entropy loss: 3.3297
                            Mean reward: -9.63
                    Mean episode length: 69.60
                        Mean action std: 0.74
--------------------------------------------------------------------------------
                         Iteration time: 8.42s
                           Time elapsed: 0:08:12
                                    ETA: 1:02:34

################################################################################
[1m                           Learning iteration 58/500                            [0m 

                               Run name: chase_clip06
                            Total steps: 724992 
                       Steps per second: 1465 
                        Collection time: 8.276s 
                          Learning time: 0.109s 
                        Mean value loss: 7.9268
                    Mean surrogate loss: -0.0106
                      Mean entropy loss: 3.2979
                            Mean reward: -5.73
                    Mean episode length: 83.28
                        Mean action std: 0.74
--------------------------------------------------------------------------------
                         Iteration time: 8.39s
                           Time elapsed: 0:08:21
                                    ETA: 1:02:25

################################################################################
[1m                           Learning iteration 59/500                            [0m 

                               Run name: chase_clip06
                            Total steps: 737280 
                       Steps per second: 1475 
                        Collection time: 8.219s 
                          Learning time: 0.110s 
                        Mean value loss: 8.6147
                    Mean surrogate loss: -0.0115
                      Mean entropy loss: 3.2854
                            Mean reward: -6.41
                    Mean episode length: 91.11
                        Mean action std: 0.73
--------------------------------------------------------------------------------
                         Iteration time: 8.33s
                           Time elapsed: 0:08:29
                                    ETA: 1:02:15

################################################################################
[1m                           Learning iteration 60/500                            [0m 

                               Run name: chase_clip06
                            Total steps: 749568 
                       Steps per second: 1460 
                        Collection time: 8.302s 
                          Learning time: 0.110s 
                        Mean value loss: 7.2188
                    Mean surrogate loss: -0.0115
                      Mean entropy loss: 3.2498
                            Mean reward: -6.97
                    Mean episode length: 91.22
                        Mean action std: 0.72
--------------------------------------------------------------------------------
                         Iteration time: 8.41s
                           Time elapsed: 0:08:37
                                    ETA: 1:02:06

################################################################################
[1m                           Learning iteration 61/500                            [0m 

                               Run name: chase_clip06
                            Total steps: 761856 
                       Steps per second: 1472 
                        Collection time: 8.233s 
                          Learning time: 0.113s 
                        Mean value loss: 10.3872
                    Mean surrogate loss: -0.0116
                      Mean entropy loss: 3.2205
                            Mean reward: -8.75
                    Mean episode length: 83.65
                        Mean action std: 0.72
--------------------------------------------------------------------------------
                         Iteration time: 8.35s
                           Time elapsed: 0:08:46
                                    ETA: 1:01:57

################################################################################
[1m                           Learning iteration 62/500                            [0m 

                               Run name: chase_clip06
                            Total steps: 774144 
                       Steps per second: 1468 
                        Collection time: 8.258s 
                          Learning time: 0.110s 
                        Mean value loss: 6.7054
                    Mean surrogate loss: -0.0096
                      Mean entropy loss: 3.2011
                            Mean reward: -5.74
                    Mean episode length: 99.76
                        Mean action std: 0.71
--------------------------------------------------------------------------------
                         Iteration time: 8.37s
                           Time elapsed: 0:08:54
                                    ETA: 1:01:47

################################################################################
[1m                           Learning iteration 63/500                            [0m 

                               Run name: chase_clip06
                            Total steps: 786432 
                       Steps per second: 1474 
                        Collection time: 8.227s 
                          Learning time: 0.109s 
                        Mean value loss: 7.8853
                    Mean surrogate loss: -0.0111
                      Mean entropy loss: 3.1627
                            Mean reward: -6.67
                    Mean episode length: 86.56
                        Mean action std: 0.70
--------------------------------------------------------------------------------
                         Iteration time: 8.34s
                           Time elapsed: 0:09:02
                                    ETA: 1:01:38

################################################################################
[1m                           Learning iteration 64/500                            [0m 

                               Run name: chase_clip06
                            Total steps: 798720 
                       Steps per second: 1463 
                        Collection time: 8.286s 
                          Learning time: 0.111s 
                        Mean value loss: 7.9339
                    Mean surrogate loss: -0.0107
                      Mean entropy loss: 3.1217
                            Mean reward: -4.82
                    Mean episode length: 97.41
                        Mean action std: 0.70
--------------------------------------------------------------------------------
                         Iteration time: 8.40s
                           Time elapsed: 0:09:11
                                    ETA: 1:01:29

################################################################################
[1m                           Learning iteration 65/500                            [0m 

                               Run name: chase_clip06
                            Total steps: 811008 
                       Steps per second: 1467 
                        Collection time: 8.261s 
                          Learning time: 0.110s 
                        Mean value loss: 7.1244
                    Mean surrogate loss: -0.0102
                      Mean entropy loss: 3.0913
                            Mean reward: -6.02
                    Mean episode length: 92.10
                        Mean action std: 0.69
--------------------------------------------------------------------------------
                         Iteration time: 8.37s
                           Time elapsed: 0:09:19
                                    ETA: 1:01:20

################################################################################
[1m                           Learning iteration 66/500                            [0m 

                               Run name: chase_clip06
                            Total steps: 823296 
                       Steps per second: 1463 
                        Collection time: 8.290s 
                          Learning time: 0.107s 
                        Mean value loss: 5.6770
                    Mean surrogate loss: -0.0117
                      Mean entropy loss: 3.0581
                            Mean reward: -5.86
                    Mean episode length: 105.02
                        Mean action std: 0.68
--------------------------------------------------------------------------------
                         Iteration time: 8.40s
                           Time elapsed: 0:09:28
                                    ETA: 1:01:11

################################################################################
[1m                           Learning iteration 67/500                            [0m 

                               Run name: chase_clip06
                            Total steps: 835584 
                       Steps per second: 1468 
                        Collection time: 8.261s 
                          Learning time: 0.107s 
                        Mean value loss: 5.9997
                    Mean surrogate loss: -0.0093
                      Mean entropy loss: 3.0380
                            Mean reward: -1.97
                    Mean episode length: 125.23
                        Mean action std: 0.68
--------------------------------------------------------------------------------
                         Iteration time: 8.37s
                           Time elapsed: 0:09:36
                                    ETA: 1:01:01

################################################################################
[1m                           Learning iteration 68/500                            [0m 

                               Run name: chase_clip06
                            Total steps: 847872 
                       Steps per second: 1471 
                        Collection time: 8.238s 
                          Learning time: 0.110s 
                        Mean value loss: 4.8918
                    Mean surrogate loss: -0.0111
                      Mean entropy loss: 3.0082
                            Mean reward: -2.85
                    Mean episode length: 133.31
                        Mean action std: 0.67
--------------------------------------------------------------------------------
                         Iteration time: 8.35s
                           Time elapsed: 0:09:44
                                    ETA: 1:00:52

################################################################################
[1m                           Learning iteration 69/500                            [0m 

                               Run name: chase_clip06
                            Total steps: 860160 
                       Steps per second: 1473 
                        Collection time: 8.230s 
                          Learning time: 0.109s 
                        Mean value loss: 4.8767
                    Mean surrogate loss: -0.0107
                      Mean entropy loss: 2.9533
                            Mean reward: -2.63
                    Mean episode length: 122.03
                        Mean action std: 0.66
--------------------------------------------------------------------------------
                         Iteration time: 8.34s
                           Time elapsed: 0:09:53
                                    ETA: 1:00:43

################################################################################
[1m                           Learning iteration 70/500                            [0m 

                               Run name: chase_clip06
                            Total steps: 872448 
                       Steps per second: 1478 
                        Collection time: 8.202s 
                          Learning time: 0.110s 
                        Mean value loss: 5.4119
                    Mean surrogate loss: -0.0084
                      Mean entropy loss: 2.9315
                            Mean reward: -1.93
                    Mean episode length: 135.84
                        Mean action std: 0.66
--------------------------------------------------------------------------------
                         Iteration time: 8.31s
                           Time elapsed: 0:10:01
                                    ETA: 1:00:33

################################################################################
[1m                           Learning iteration 71/500                            [0m 

                               Run name: chase_clip06
                            Total steps: 884736 
                       Steps per second: 1476 
                        Collection time: 8.214s 
                          Learning time: 0.107s 
                        Mean value loss: 5.3804
                    Mean surrogate loss: -0.0090
                      Mean entropy loss: 2.9032
                            Mean reward: -1.09
                    Mean episode length: 136.29
                        Mean action std: 0.65
--------------------------------------------------------------------------------
                         Iteration time: 8.32s
                           Time elapsed: 0:10:09
                                    ETA: 1:00:24

################################################################################
[1m                           Learning iteration 72/500                            [0m 

                               Run name: chase_clip06
                            Total steps: 897024 
                       Steps per second: 1471 
                        Collection time: 8.243s 
                          Learning time: 0.107s 
                        Mean value loss: 4.2266
                    Mean surrogate loss: -0.0102
                      Mean entropy loss: 2.8762
                            Mean reward: 0.07
                    Mean episode length: 143.44
                        Mean action std: 0.65
--------------------------------------------------------------------------------
                         Iteration time: 8.35s
                           Time elapsed: 0:10:18
                                    ETA: 1:00:15

################################################################################
[1m                           Learning iteration 73/500                            [0m 

                               Run name: chase_clip06
                            Total steps: 909312 
                       Steps per second: 1475 
                        Collection time: 8.220s 
                          Learning time: 0.110s 
                        Mean value loss: 6.0106
                    Mean surrogate loss: -0.0103
                      Mean entropy loss: 2.8440
                            Mean reward: -1.56
                    Mean episode length: 143.47
                        Mean action std: 0.64
--------------------------------------------------------------------------------
                         Iteration time: 8.33s
                           Time elapsed: 0:10:26
                                    ETA: 1:00:06

################################################################################
[1m                           Learning iteration 74/500                            [0m 

                               Run name: chase_clip06
                            Total steps: 921600 
                       Steps per second: 1469 
                        Collection time: 8.251s 
                          Learning time: 0.110s 
                        Mean value loss: 6.5072
                    Mean surrogate loss: -0.0088
                      Mean entropy loss: 2.8256
                            Mean reward: 0.56
                    Mean episode length: 159.98
                        Mean action std: 0.64
--------------------------------------------------------------------------------
                         Iteration time: 8.36s
                           Time elapsed: 0:10:34
                                    ETA: 0:59:57

################################################################################
[1m                           Learning iteration 75/500                            [0m 

                               Run name: chase_clip06
                            Total steps: 933888 
                       Steps per second: 1476 
                        Collection time: 8.211s 
                          Learning time: 0.111s 
                        Mean value loss: 5.8245
                    Mean surrogate loss: -0.0096
                      Mean entropy loss: 2.8262
                            Mean reward: 0.45
                    Mean episode length: 156.23
                        Mean action std: 0.64
--------------------------------------------------------------------------------
                         Iteration time: 8.32s
                           Time elapsed: 0:10:43
                                    ETA: 0:59:47

################################################################################
[1m                           Learning iteration 76/500                            [0m 

                               Run name: chase_clip06
                            Total steps: 946176 
                       Steps per second: 1482 
                        Collection time: 8.178s 
                          Learning time: 0.110s 
                        Mean value loss: 3.2126
                    Mean surrogate loss: -0.0095
                      Mean entropy loss: 2.8106
                            Mean reward: 1.65
                    Mean episode length: 163.49
                        Mean action std: 0.64
--------------------------------------------------------------------------------
                         Iteration time: 8.29s
                           Time elapsed: 0:10:51
                                    ETA: 0:59:38

################################################################################
[1m                           Learning iteration 77/500                            [0m 

                               Run name: chase_clip06
                            Total steps: 958464 
                       Steps per second: 1477 
                        Collection time: 8.209s 
                          Learning time: 0.109s 
                        Mean value loss: 3.1821
                    Mean surrogate loss: -0.0085
                      Mean entropy loss: 2.7844
                            Mean reward: 3.22
                    Mean episode length: 185.18
                        Mean action std: 0.63
--------------------------------------------------------------------------------
                         Iteration time: 8.32s
                           Time elapsed: 0:10:59
                                    ETA: 0:59:29

################################################################################
[1m                           Learning iteration 78/500                            [0m 

                               Run name: chase_clip06
                            Total steps: 970752 
                       Steps per second: 1488 
                        Collection time: 8.148s 
                          Learning time: 0.110s 
                        Mean value loss: 3.0396
                    Mean surrogate loss: -0.0077
                      Mean entropy loss: 2.7570
                            Mean reward: 3.88
                    Mean episode length: 176.17
                        Mean action std: 0.63
--------------------------------------------------------------------------------
                         Iteration time: 8.26s
                           Time elapsed: 0:11:07
                                    ETA: 0:59:19

################################################################################
[1m                           Learning iteration 79/500                            [0m 

                               Run name: chase_clip06
                            Total steps: 983040 
                       Steps per second: 1488 
                        Collection time: 8.143s 
                          Learning time: 0.110s 
                        Mean value loss: 2.5898
                    Mean surrogate loss: -0.0078
                      Mean entropy loss: 2.7358
                            Mean reward: 2.14
                    Mean episode length: 170.14
                        Mean action std: 0.63
--------------------------------------------------------------------------------
                         Iteration time: 8.25s
                           Time elapsed: 0:11:16
                                    ETA: 0:59:10

################################################################################
[1m                           Learning iteration 80/500                            [0m 

                               Run name: chase_clip06
                            Total steps: 995328 
                       Steps per second: 1489 
                        Collection time: 8.139s 
                          Learning time: 0.110s 
                        Mean value loss: 1.4712
                    Mean surrogate loss: -0.0094
                      Mean entropy loss: 2.7144
                            Mean reward: 5.98
                    Mean episode length: 193.29
                        Mean action std: 0.62
--------------------------------------------------------------------------------
                         Iteration time: 8.25s
                           Time elapsed: 0:11:24
                                    ETA: 0:59:00

################################################################################
[1m                           Learning iteration 81/500                            [0m 

                               Run name: chase_clip06
                            Total steps: 1007616 
                       Steps per second: 1489 
                        Collection time: 8.141s 
                          Learning time: 0.108s 
                        Mean value loss: 2.1370
                    Mean surrogate loss: -0.0107
                      Mean entropy loss: 2.6716
                            Mean reward: 6.29
                    Mean episode length: 181.78
                        Mean action std: 0.62
--------------------------------------------------------------------------------
                         Iteration time: 8.25s
                           Time elapsed: 0:11:32
                                    ETA: 0:58:51

################################################################################
[1m                           Learning iteration 82/500                            [0m 

                               Run name: chase_clip06
                            Total steps: 1019904 
                       Steps per second: 1488 
                        Collection time: 8.147s 
                          Learning time: 0.107s 
                        Mean value loss: 3.2105
                    Mean surrogate loss: -0.0096
                      Mean entropy loss: 2.6780
                            Mean reward: 2.36
                    Mean episode length: 172.18
                        Mean action std: 0.62
--------------------------------------------------------------------------------
                         Iteration time: 8.25s
                           Time elapsed: 0:11:40
                                    ETA: 0:58:41

################################################################################
[1m                           Learning iteration 83/500                            [0m 

                               Run name: chase_clip06
                            Total steps: 1032192 
                       Steps per second: 1480 
                        Collection time: 8.190s 
                          Learning time: 0.110s 
                        Mean value loss: 2.9210
                    Mean surrogate loss: -0.0089
                      Mean entropy loss: 2.6699
                            Mean reward: 5.32
                    Mean episode length: 188.27
                        Mean action std: 0.62
--------------------------------------------------------------------------------
                         Iteration time: 8.30s
                           Time elapsed: 0:11:49
                                    ETA: 0:58:32

################################################################################
[1m                           Learning iteration 84/500                            [0m 

                               Run name: chase_clip06
                            Total steps: 1044480 
                       Steps per second: 1493 
                        Collection time: 8.117s 
                          Learning time: 0.109s 
                        Mean value loss: 3.2766
                    Mean surrogate loss: -0.0092
                      Mean entropy loss: 2.6512
                            Mean reward: 5.39
                    Mean episode length: 198.11
                        Mean action std: 0.61
--------------------------------------------------------------------------------
                         Iteration time: 8.23s
                           Time elapsed: 0:11:57
                                    ETA: 0:58:23

################################################################################
[1m                           Learning iteration 85/500                            [0m 

                               Run name: chase_clip06
                            Total steps: 1056768 
                       Steps per second: 1488 
                        Collection time: 8.144s 
                          Learning time: 0.109s 
                        Mean value loss: 1.8194
                    Mean surrogate loss: -0.0078
                      Mean entropy loss: 2.6279
                            Mean reward: 7.64
                    Mean episode length: 196.12
                        Mean action std: 0.62
--------------------------------------------------------------------------------
                         Iteration time: 8.25s
                           Time elapsed: 0:12:05
                                    ETA: 0:58:13

################################################################################
[1m                           Learning iteration 86/500                            [0m 

                               Run name: chase_clip06
                            Total steps: 1069056 
                       Steps per second: 1498 
                        Collection time: 8.092s 
                          Learning time: 0.106s 
                        Mean value loss: 1.8231
                    Mean surrogate loss: -0.0081
                      Mean entropy loss: 2.6119
                            Mean reward: 7.82
                    Mean episode length: 199.32
                        Mean action std: 0.61
--------------------------------------------------------------------------------
                         Iteration time: 8.20s
                           Time elapsed: 0:12:13
                                    ETA: 0:58:04

################################################################################
[1m                           Learning iteration 87/500                            [0m 

                               Run name: chase_clip06
                            Total steps: 1081344 
                       Steps per second: 1500 
                        Collection time: 8.082s 
                          Learning time: 0.109s 
                        Mean value loss: 1.9698
                    Mean surrogate loss: -0.0070
                      Mean entropy loss: 2.5633
                            Mean reward: 8.08
                    Mean episode length: 208.18
                        Mean action std: 0.60
--------------------------------------------------------------------------------
                         Iteration time: 8.19s
                           Time elapsed: 0:12:22
                                    ETA: 0:57:54

################################################################################
[1m                           Learning iteration 88/500                            [0m 

                               Run name: chase_clip06
                            Total steps: 1093632 
                       Steps per second: 1499 
                        Collection time: 8.083s 
                          Learning time: 0.110s 
                        Mean value loss: 2.4606
                    Mean surrogate loss: -0.0086
                      Mean entropy loss: 2.5332
                            Mean reward: 6.05
                    Mean episode length: 197.25
                        Mean action std: 0.60
--------------------------------------------------------------------------------
                         Iteration time: 8.19s
                           Time elapsed: 0:12:30
                                    ETA: 0:57:44

################################################################################
[1m                           Learning iteration 89/500                            [0m 

                               Run name: chase_clip06
                            Total steps: 1105920 
                       Steps per second: 1509 
                        Collection time: 8.030s 
                          Learning time: 0.110s 
                        Mean value loss: 1.6108
                    Mean surrogate loss: -0.0083
                      Mean entropy loss: 2.5035
                            Mean reward: 6.83
                    Mean episode length: 196.66
                        Mean action std: 0.59
--------------------------------------------------------------------------------
                         Iteration time: 8.14s
                           Time elapsed: 0:12:38
                                    ETA: 0:57:35

################################################################################
[1m                           Learning iteration 90/500                            [0m 

                               Run name: chase_clip06
                            Total steps: 1118208 
                       Steps per second: 1498 
                        Collection time: 8.093s 
                          Learning time: 0.109s 
                        Mean value loss: 1.0338
                    Mean surrogate loss: -0.0076
                      Mean entropy loss: 2.4732
                            Mean reward: 7.53
                    Mean episode length: 200.35
                        Mean action std: 0.59
--------------------------------------------------------------------------------
                         Iteration time: 8.20s
                           Time elapsed: 0:12:46
                                    ETA: 0:57:25

################################################################################
[1m                           Learning iteration 91/500                            [0m 

                               Run name: chase_clip06
                            Total steps: 1130496 
                       Steps per second: 1512 
                        Collection time: 8.017s 
                          Learning time: 0.110s 
                        Mean value loss: 0.9801
                    Mean surrogate loss: -0.0069
                      Mean entropy loss: 2.4224
                            Mean reward: 8.88
                    Mean episode length: 213.61
                        Mean action std: 0.58
--------------------------------------------------------------------------------
                         Iteration time: 8.13s
                           Time elapsed: 0:12:54
                                    ETA: 0:57:16

################################################################################
[1m                           Learning iteration 92/500                            [0m 

                               Run name: chase_clip06
                            Total steps: 1142784 
                       Steps per second: 1507 
                        Collection time: 8.044s 
                          Learning time: 0.109s 
                        Mean value loss: 0.6832
                    Mean surrogate loss: -0.0055
                      Mean entropy loss: 2.4031
                            Mean reward: 10.02
                    Mean episode length: 222.50
                        Mean action std: 0.58
--------------------------------------------------------------------------------
                         Iteration time: 8.15s
                           Time elapsed: 0:13:02
                                    ETA: 0:57:06

################################################################################
[1m                           Learning iteration 93/500                            [0m 

                               Run name: chase_clip06
                            Total steps: 1155072 
                       Steps per second: 1507 
                        Collection time: 8.040s 
                          Learning time: 0.114s 
                        Mean value loss: 2.2357
                    Mean surrogate loss: -0.0083
                      Mean entropy loss: 2.3777
                            Mean reward: 8.79
                    Mean episode length: 218.05
                        Mean action std: 0.57
--------------------------------------------------------------------------------
                         Iteration time: 8.15s
                           Time elapsed: 0:13:11
                                    ETA: 0:56:56

################################################################################
[1m                           Learning iteration 94/500                            [0m 

                               Run name: chase_clip06
                            Total steps: 1167360 
                       Steps per second: 1465 
                        Collection time: 8.270s 
                          Learning time: 0.113s 
                        Mean value loss: 1.6802
                    Mean surrogate loss: -0.0082
                      Mean entropy loss: 2.3486
                            Mean reward: 8.35
                    Mean episode length: 214.71
                        Mean action std: 0.57
--------------------------------------------------------------------------------
                         Iteration time: 8.38s
                           Time elapsed: 0:13:19
                                    ETA: 0:56:48

################################################################################
[1m                           Learning iteration 95/500                            [0m 

                               Run name: chase_clip06
                            Total steps: 1179648 
                       Steps per second: 1495 
                        Collection time: 8.109s 
                          Learning time: 0.110s 
                        Mean value loss: 1.0045
                    Mean surrogate loss: -0.0068
                      Mean entropy loss: 2.3255
                            Mean reward: 8.90
                    Mean episode length: 210.20
                        Mean action std: 0.57
--------------------------------------------------------------------------------
                         Iteration time: 8.22s
                           Time elapsed: 0:13:27
                                    ETA: 0:56:39

################################################################################
[1m                           Learning iteration 96/500                            [0m 

                               Run name: chase_clip06
                            Total steps: 1191936 
                       Steps per second: 1503 
                        Collection time: 8.068s 
                          Learning time: 0.106s 
                        Mean value loss: 1.3162
                    Mean surrogate loss: -0.0073
                      Mean entropy loss: 2.3159
                            Mean reward: 8.55
                    Mean episode length: 206.00
                        Mean action std: 0.57
--------------------------------------------------------------------------------
                         Iteration time: 8.17s
                           Time elapsed: 0:13:35
                                    ETA: 0:56:29

################################################################################
[1m                           Learning iteration 97/500                            [0m 

                               Run name: chase_clip06
                            Total steps: 1204224 
                       Steps per second: 1511 
                        Collection time: 8.022s 
                          Learning time: 0.110s 
                        Mean value loss: 0.9489
                    Mean surrogate loss: -0.0060
                      Mean entropy loss: 2.3068
                            Mean reward: 9.10
                    Mean episode length: 217.48
                        Mean action std: 0.57
--------------------------------------------------------------------------------
                         Iteration time: 8.13s
                           Time elapsed: 0:13:44
                                    ETA: 0:56:20

################################################################################
[1m                           Learning iteration 98/500                            [0m 

                               Run name: chase_clip06
                            Total steps: 1216512 
                       Steps per second: 1513 
                        Collection time: 8.011s 
                          Learning time: 0.110s 
                        Mean value loss: 1.1722
                    Mean surrogate loss: -0.0062
                      Mean entropy loss: 2.2813
                            Mean reward: 10.04
                    Mean episode length: 221.40
                        Mean action std: 0.56
--------------------------------------------------------------------------------
                         Iteration time: 8.12s
                           Time elapsed: 0:13:52
                                    ETA: 0:56:10

################################################################################
[1m                           Learning iteration 99/500                            [0m 

                               Run name: chase_clip06
                            Total steps: 1228800 
                       Steps per second: 1518 
                        Collection time: 7.984s 
                          Learning time: 0.110s 
                        Mean value loss: 1.9836
                    Mean surrogate loss: -0.0080
                      Mean entropy loss: 2.2735
                            Mean reward: 9.94
                    Mean episode length: 225.16
                        Mean action std: 0.56
--------------------------------------------------------------------------------
                         Iteration time: 8.09s
                           Time elapsed: 0:14:00
                                    ETA: 0:56:00

################################################################################
[1m                           Learning iteration 100/500                           [0m 

                               Run name: chase_clip06
                            Total steps: 1241088 
                       Steps per second: 1518 
                        Collection time: 7.980s 
                          Learning time: 0.110s 
                        Mean value loss: 0.8657
                    Mean surrogate loss: -0.0065
                      Mean entropy loss: 2.2678
                            Mean reward: 8.03
                    Mean episode length: 211.42
                        Mean action std: 0.56
--------------------------------------------------------------------------------
                         Iteration time: 8.09s
                           Time elapsed: 0:14:08
                                    ETA: 0:55:51

################################################################################
[1m                           Learning iteration 101/500                           [0m 

                               Run name: chase_clip06
                            Total steps: 1253376 
                       Steps per second: 1513 
                        Collection time: 8.006s 
                          Learning time: 0.113s 
                        Mean value loss: 0.6020
                    Mean surrogate loss: -0.0054
                      Mean entropy loss: 2.2401
                            Mean reward: 8.60
                    Mean episode length: 215.00
                        Mean action std: 0.56
--------------------------------------------------------------------------------
                         Iteration time: 8.12s
                           Time elapsed: 0:14:16
                                    ETA: 0:55:41

################################################################################
[1m                           Learning iteration 102/500                           [0m 

                               Run name: chase_clip06
                            Total steps: 1265664 
                       Steps per second: 1521 
                        Collection time: 7.963s 
                          Learning time: 0.111s 
                        Mean value loss: 0.4358
                    Mean surrogate loss: -0.0045
                      Mean entropy loss: 2.2139
                            Mean reward: 9.95
                    Mean episode length: 225.79
                        Mean action std: 0.55
--------------------------------------------------------------------------------
                         Iteration time: 8.07s
                           Time elapsed: 0:14:24
                                    ETA: 0:55:32

################################################################################
[1m                           Learning iteration 103/500                           [0m 

                               Run name: chase_clip06
                            Total steps: 1277952 
                       Steps per second: 1519 
                        Collection time: 7.981s 
                          Learning time: 0.108s 
                        Mean value loss: 0.3596
                    Mean surrogate loss: -0.0052
                      Mean entropy loss: 2.1937
                            Mean reward: 11.28
                    Mean episode length: 230.67
                        Mean action std: 0.55
--------------------------------------------------------------------------------
                         Iteration time: 8.09s
                           Time elapsed: 0:14:32
                                    ETA: 0:55:22

################################################################################
[1m                           Learning iteration 104/500                           [0m 

                               Run name: chase_clip06
                            Total steps: 1290240 
                       Steps per second: 1512 
                        Collection time: 8.015s 
                          Learning time: 0.109s 
                        Mean value loss: 0.4492
                    Mean surrogate loss: -0.0048
                      Mean entropy loss: 2.1711
                            Mean reward: 12.13
                    Mean episode length: 237.94
                        Mean action std: 0.55
--------------------------------------------------------------------------------
                         Iteration time: 8.12s
                           Time elapsed: 0:14:40
                                    ETA: 0:55:13

################################################################################
[1m                           Learning iteration 105/500                           [0m 

                               Run name: chase_clip06
                            Total steps: 1302528 
                       Steps per second: 1526 
                        Collection time: 7.944s 
                          Learning time: 0.108s 
                        Mean value loss: 1.1354
                    Mean surrogate loss: -0.0059
                      Mean entropy loss: 2.1435
                            Mean reward: 11.91
                    Mean episode length: 234.72
                        Mean action std: 0.54
--------------------------------------------------------------------------------
                         Iteration time: 8.05s
                           Time elapsed: 0:14:48
                                    ETA: 0:55:03

################################################################################
[1m                           Learning iteration 106/500                           [0m 

                               Run name: chase_clip06
                            Total steps: 1314816 
                       Steps per second: 1522 
                        Collection time: 7.959s 
                          Learning time: 0.110s 
                        Mean value loss: 1.2543
                    Mean surrogate loss: -0.0061
                      Mean entropy loss: 2.1343
                            Mean reward: 10.03
                    Mean episode length: 228.28
                        Mean action std: 0.54
--------------------------------------------------------------------------------
                         Iteration time: 8.07s
                           Time elapsed: 0:14:56
                                    ETA: 0:54:53

################################################################################
[1m                           Learning iteration 107/500                           [0m 

                               Run name: chase_clip06
                            Total steps: 1327104 
                       Steps per second: 1525 
                        Collection time: 7.946s 
                          Learning time: 0.109s 
                        Mean value loss: 0.4479
                    Mean surrogate loss: -0.0063
                      Mean entropy loss: 2.1236
                            Mean reward: 9.50
                    Mean episode length: 229.22
                        Mean action std: 0.54
--------------------------------------------------------------------------------
                         Iteration time: 8.06s
                           Time elapsed: 0:15:04
                                    ETA: 0:54:44

################################################################################
[1m                           Learning iteration 108/500                           [0m 

                               Run name: chase_clip06
                            Total steps: 1339392 
                       Steps per second: 1522 
                        Collection time: 7.964s 
                          Learning time: 0.106s 
                        Mean value loss: 0.6867
                    Mean surrogate loss: -0.0072
                      Mean entropy loss: 2.0998
                            Mean reward: 11.15
                    Mean episode length: 236.98
                        Mean action std: 0.54
--------------------------------------------------------------------------------
                         Iteration time: 8.07s
                           Time elapsed: 0:15:12
                                    ETA: 0:54:34

################################################################################
[1m                           Learning iteration 109/500                           [0m 

                               Run name: chase_clip06
                            Total steps: 1351680 
                       Steps per second: 1535 
                        Collection time: 7.894s 
                          Learning time: 0.107s 
                        Mean value loss: 1.7492
                    Mean surrogate loss: -0.0040
                      Mean entropy loss: 2.0946
                            Mean reward: 9.35
                    Mean episode length: 224.97
                        Mean action std: 0.54
--------------------------------------------------------------------------------
                         Iteration time: 8.00s
                           Time elapsed: 0:15:20
                                    ETA: 0:54:25

################################################################################
[1m                           Learning iteration 110/500                           [0m 

                               Run name: chase_clip06
                            Total steps: 1363968 
                       Steps per second: 1540 
                        Collection time: 7.869s 
                          Learning time: 0.107s 
                        Mean value loss: 0.4542
                    Mean surrogate loss: -0.0066
                      Mean entropy loss: 2.0773
                            Mean reward: 9.29
                    Mean episode length: 223.44
                        Mean action std: 0.53
--------------------------------------------------------------------------------
                         Iteration time: 7.98s
                           Time elapsed: 0:15:28
                                    ETA: 0:54:15

################################################################################
[1m                           Learning iteration 111/500                           [0m 

                               Run name: chase_clip06
                            Total steps: 1376256 
                       Steps per second: 1514 
                        Collection time: 8.005s 
                          Learning time: 0.110s 
                        Mean value loss: 0.7263
                    Mean surrogate loss: -0.0045
                      Mean entropy loss: 2.0610
                            Mean reward: 10.45
                    Mean episode length: 235.14
                        Mean action std: 0.53
--------------------------------------------------------------------------------
                         Iteration time: 8.12s
                           Time elapsed: 0:15:37
                                    ETA: 0:54:06

################################################################################
[1m                           Learning iteration 112/500                           [0m 

                               Run name: chase_clip06
                            Total steps: 1388544 
                       Steps per second: 1538 
                        Collection time: 7.881s 
                          Learning time: 0.106s 
                        Mean value loss: 0.7808
                    Mean surrogate loss: -0.0048
                      Mean entropy loss: 2.0485
                            Mean reward: 10.32
                    Mean episode length: 233.41
                        Mean action std: 0.53
--------------------------------------------------------------------------------
                         Iteration time: 7.99s
                           Time elapsed: 0:15:45
                                    ETA: 0:53:56

################################################################################
[1m                           Learning iteration 113/500                           [0m 

                               Run name: chase_clip06
                            Total steps: 1400832 
                       Steps per second: 1532 
                        Collection time: 7.907s 
                          Learning time: 0.111s 
                        Mean value loss: 0.2379
                    Mean surrogate loss: -0.0063
                      Mean entropy loss: 2.0378
                            Mean reward: 10.68
                    Mean episode length: 231.98
                        Mean action std: 0.53
--------------------------------------------------------------------------------
                         Iteration time: 8.02s
                           Time elapsed: 0:15:53
                                    ETA: 0:53:47

################################################################################
[1m                           Learning iteration 114/500                           [0m 

                               Run name: chase_clip06
                            Total steps: 1413120 
                       Steps per second: 1510 
                        Collection time: 8.027s 
                          Learning time: 0.108s 
                        Mean value loss: 0.5427
                    Mean surrogate loss: -0.0050
                      Mean entropy loss: 2.0117
                            Mean reward: 11.17
                    Mean episode length: 235.88
                        Mean action std: 0.53
--------------------------------------------------------------------------------
                         Iteration time: 8.13s
                           Time elapsed: 0:16:01
                                    ETA: 0:53:37

################################################################################
[1m                           Learning iteration 115/500                           [0m 

                               Run name: chase_clip06
                            Total steps: 1425408 
                       Steps per second: 1532 
                        Collection time: 7.912s 
                          Learning time: 0.106s 
                        Mean value loss: 0.2861
                    Mean surrogate loss: -0.0059
                      Mean entropy loss: 1.9922
                            Mean reward: 11.40
                    Mean episode length: 234.21
                        Mean action std: 0.52
--------------------------------------------------------------------------------
                         Iteration time: 8.02s
                           Time elapsed: 0:16:09
                                    ETA: 0:53:28

################################################################################
[1m                           Learning iteration 116/500                           [0m 

                               Run name: chase_clip06
                            Total steps: 1437696 
                       Steps per second: 1532 
                        Collection time: 7.909s 
                          Learning time: 0.109s 
                        Mean value loss: 1.1719
                    Mean surrogate loss: -0.0043
                      Mean entropy loss: 1.9876
                            Mean reward: 10.97
                    Mean episode length: 234.81
                        Mean action std: 0.52
--------------------------------------------------------------------------------
                         Iteration time: 8.02s
                           Time elapsed: 0:16:17
                                    ETA: 0:53:18

################################################################################
[1m                           Learning iteration 117/500                           [0m 

                               Run name: chase_clip06
                            Total steps: 1449984 
                       Steps per second: 1539 
                        Collection time: 7.871s 
                          Learning time: 0.110s 
                        Mean value loss: 1.9596
                    Mean surrogate loss: -0.0052
                      Mean entropy loss: 1.9845
                            Mean reward: 9.56
                    Mean episode length: 229.27
                        Mean action std: 0.52
--------------------------------------------------------------------------------
                         Iteration time: 7.98s
                           Time elapsed: 0:16:25
                                    ETA: 0:53:09

################################################################################
[1m                           Learning iteration 118/500                           [0m 

                               Run name: chase_clip06
                            Total steps: 1462272 
                       Steps per second: 1531 
                        Collection time: 7.913s 
                          Learning time: 0.110s 
                        Mean value loss: 0.1703
                    Mean surrogate loss: -0.0053
                      Mean entropy loss: 1.9515
                            Mean reward: 10.14
                    Mean episode length: 227.92
                        Mean action std: 0.52
--------------------------------------------------------------------------------
                         Iteration time: 8.02s
                           Time elapsed: 0:16:33
                                    ETA: 0:53:00

################################################################################
[1m                           Learning iteration 119/500                           [0m 

                               Run name: chase_clip06
                            Total steps: 1474560 
                       Steps per second: 1544 
                        Collection time: 7.849s 
                          Learning time: 0.109s 
                        Mean value loss: 0.2333
                    Mean surrogate loss: -0.0038
                      Mean entropy loss: 1.9347
                            Mean reward: 11.50
                    Mean episode length: 233.22
                        Mean action std: 0.52
--------------------------------------------------------------------------------
                         Iteration time: 7.96s
                           Time elapsed: 0:16:41
                                    ETA: 0:52:50

################################################################################
[1m                           Learning iteration 120/500                           [0m 

                               Run name: chase_clip06
                            Total steps: 1486848 
                       Steps per second: 1538 
                        Collection time: 7.875s 
                          Learning time: 0.110s 
                        Mean value loss: 0.8032
                    Mean surrogate loss: -0.0067
                      Mean entropy loss: 1.9368
                            Mean reward: 11.56
                    Mean episode length: 230.38
                        Mean action std: 0.52
--------------------------------------------------------------------------------
                         Iteration time: 7.99s
                           Time elapsed: 0:16:49
                                    ETA: 0:52:40

################################################################################
[1m                           Learning iteration 121/500                           [0m 

                               Run name: chase_clip06
                            Total steps: 1499136 
                       Steps per second: 1532 
                        Collection time: 7.909s 
                          Learning time: 0.108s 
                        Mean value loss: 0.2800
                    Mean surrogate loss: -0.0043
                      Mean entropy loss: 1.9442
                            Mean reward: 10.32
                    Mean episode length: 225.82
                        Mean action std: 0.52
--------------------------------------------------------------------------------
                         Iteration time: 8.02s
                           Time elapsed: 0:16:57
                                    ETA: 0:52:31

################################################################################
[1m                           Learning iteration 122/500                           [0m 

                               Run name: chase_clip06
                            Total steps: 1511424 
                       Steps per second: 1537 
                        Collection time: 7.880s 
                          Learning time: 0.110s 
                        Mean value loss: 0.4732
                    Mean surrogate loss: -0.0063
                      Mean entropy loss: 1.9416
                            Mean reward: 9.65
                    Mean episode length: 219.70
                        Mean action std: 0.52
--------------------------------------------------------------------------------
                         Iteration time: 7.99s
                           Time elapsed: 0:17:05
                                    ETA: 0:52:22

################################################################################
[1m                           Learning iteration 123/500                           [0m 

                               Run name: chase_clip06
                            Total steps: 1523712 
                       Steps per second: 1529 
                        Collection time: 7.924s 
                          Learning time: 0.110s 
                        Mean value loss: 0.4133
                    Mean surrogate loss: -0.0045
                      Mean entropy loss: 1.9401
                            Mean reward: 9.87
                    Mean episode length: 221.38
                        Mean action std: 0.52
--------------------------------------------------------------------------------
                         Iteration time: 8.03s
                           Time elapsed: 0:17:13
                                    ETA: 0:52:12

################################################################################
[1m                           Learning iteration 124/500                           [0m 

                               Run name: chase_clip06
                            Total steps: 1536000 
                       Steps per second: 1533 
                        Collection time: 7.907s 
                          Learning time: 0.108s 
                        Mean value loss: 1.1152
                    Mean surrogate loss: -0.0047
                      Mean entropy loss: 1.9283
                            Mean reward: 9.77
                    Mean episode length: 226.21
                        Mean action std: 0.52
--------------------------------------------------------------------------------
                         Iteration time: 8.01s
                           Time elapsed: 0:17:21
                                    ETA: 0:52:03

################################################################################
[1m                           Learning iteration 125/500                           [0m 

                               Run name: chase_clip06
                            Total steps: 1548288 
                       Steps per second: 1530 
                        Collection time: 7.918s 
                          Learning time: 0.111s 
                        Mean value loss: 0.6471
                    Mean surrogate loss: -0.0036
                      Mean entropy loss: 1.9203
                            Mean reward: 10.15
                    Mean episode length: 228.77
                        Mean action std: 0.52
--------------------------------------------------------------------------------
                         Iteration time: 8.03s
                           Time elapsed: 0:17:29
                                    ETA: 0:51:54

################################################################################
[1m                           Learning iteration 126/500                           [0m 

                               Run name: chase_clip06
                            Total steps: 1560576 
                       Steps per second: 1532 
                        Collection time: 7.910s 
                          Learning time: 0.110s 
                        Mean value loss: 0.7933
                    Mean surrogate loss: -0.0066
                      Mean entropy loss: 1.9298
                            Mean reward: 9.58
                    Mean episode length: 227.18
                        Mean action std: 0.52
--------------------------------------------------------------------------------
                         Iteration time: 8.02s
                           Time elapsed: 0:17:37
                                    ETA: 0:51:45

################################################################################
[1m                           Learning iteration 127/500                           [0m 

                               Run name: chase_clip06
                            Total steps: 1572864 
                       Steps per second: 1538 
                        Collection time: 7.879s 
                          Learning time: 0.108s 
                        Mean value loss: 2.0375
                    Mean surrogate loss: -0.0042
                      Mean entropy loss: 1.9430
                            Mean reward: 9.12
                    Mean episode length: 223.07
                        Mean action std: 0.52
--------------------------------------------------------------------------------
                         Iteration time: 7.99s
                           Time elapsed: 0:17:45
                                    ETA: 0:51:35

################################################################################
[1m                           Learning iteration 128/500                           [0m 

                               Run name: chase_clip06
                            Total steps: 1585152 
                       Steps per second: 1536 
                        Collection time: 7.888s 
                          Learning time: 0.108s 
                        Mean value loss: 0.2807
                    Mean surrogate loss: -0.0041
                      Mean entropy loss: 1.9391
                            Mean reward: 10.47
                    Mean episode length: 232.79
                        Mean action std: 0.52
--------------------------------------------------------------------------------
                         Iteration time: 8.00s
                           Time elapsed: 0:17:53
                                    ETA: 0:51:26

################################################################################
[1m                           Learning iteration 129/500                           [0m 

                               Run name: chase_clip06
                            Total steps: 1597440 
                       Steps per second: 1546 
                        Collection time: 7.833s 
                          Learning time: 0.111s 
                        Mean value loss: 0.3845
                    Mean surrogate loss: -0.0061
                      Mean entropy loss: 1.9074
                            Mean reward: 11.21
                    Mean episode length: 234.53
                        Mean action std: 0.52
--------------------------------------------------------------------------------
                         Iteration time: 7.94s
                           Time elapsed: 0:18:01
                                    ETA: 0:51:17

################################################################################
[1m                           Learning iteration 130/500                           [0m 

                               Run name: chase_clip06
                            Total steps: 1609728 
                       Steps per second: 1544 
                        Collection time: 7.845s 
                          Learning time: 0.110s 
                        Mean value loss: 1.3862
                    Mean surrogate loss: -0.0033
                      Mean entropy loss: 1.8841
                            Mean reward: 10.67
                    Mean episode length: 231.55
                        Mean action std: 0.52
--------------------------------------------------------------------------------
                         Iteration time: 7.95s
                           Time elapsed: 0:18:09
                                    ETA: 0:51:07

################################################################################
[1m                           Learning iteration 131/500                           [0m 

                               Run name: chase_clip06
                            Total steps: 1622016 
                       Steps per second: 1537 
                        Collection time: 7.879s 
                          Learning time: 0.113s 
                        Mean value loss: 0.8614
                    Mean surrogate loss: -0.0059
                      Mean entropy loss: 1.8499
                            Mean reward: 10.08
                    Mean episode length: 227.25
                        Mean action std: 0.51
--------------------------------------------------------------------------------
                         Iteration time: 7.99s
                           Time elapsed: 0:18:17
                                    ETA: 0:50:58

################################################################################
[1m                           Learning iteration 132/500                           [0m 

                               Run name: chase_clip06
                            Total steps: 1634304 
                       Steps per second: 1525 
                        Collection time: 7.947s 
                          Learning time: 0.111s 
                        Mean value loss: 0.4462
                    Mean surrogate loss: -0.0043
                      Mean entropy loss: 1.8498
                            Mean reward: 10.37
                    Mean episode length: 225.18
                        Mean action std: 0.52
--------------------------------------------------------------------------------
                         Iteration time: 8.06s
                           Time elapsed: 0:18:25
                                    ETA: 0:50:49

################################################################################
[1m                           Learning iteration 133/500                           [0m 

                               Run name: chase_clip06
                            Total steps: 1646592 
                       Steps per second: 1538 
                        Collection time: 7.878s 
                          Learning time: 0.111s 
                        Mean value loss: 0.3164
                    Mean surrogate loss: -0.0055
                      Mean entropy loss: 1.8515
                            Mean reward: 11.25
                    Mean episode length: 232.62
                        Mean action std: 0.52
--------------------------------------------------------------------------------
                         Iteration time: 7.99s
                           Time elapsed: 0:18:33
                                    ETA: 0:50:40

################################################################################
[1m                           Learning iteration 134/500                           [0m 

                               Run name: chase_clip06
                            Total steps: 1658880 
                       Steps per second: 1540 
                        Collection time: 7.868s 
                          Learning time: 0.107s 
                        Mean value loss: 1.3788
                    Mean surrogate loss: -0.0062
                      Mean entropy loss: 1.8339
                            Mean reward: 9.65
                    Mean episode length: 226.80
                        Mean action std: 0.51
--------------------------------------------------------------------------------
                         Iteration time: 7.98s
                           Time elapsed: 0:18:41
                                    ETA: 0:50:31

################################################################################
[1m                           Learning iteration 135/500                           [0m 

                               Run name: chase_clip06
                            Total steps: 1671168 
                       Steps per second: 1542 
                        Collection time: 7.861s 
                          Learning time: 0.107s 
                        Mean value loss: 0.8409
                    Mean surrogate loss: -0.0054
                      Mean entropy loss: 1.8231
                            Mean reward: 9.66
                    Mean episode length: 228.54
                        Mean action std: 0.51
--------------------------------------------------------------------------------
                         Iteration time: 7.97s
                           Time elapsed: 0:18:49
                                    ETA: 0:50:22

################################################################################
[1m                           Learning iteration 136/500                           [0m 

                               Run name: chase_clip06
                            Total steps: 1683456 
                       Steps per second: 1538 
                        Collection time: 7.882s 
                          Learning time: 0.104s 
                        Mean value loss: 1.1855
                    Mean surrogate loss: -0.0047
                      Mean entropy loss: 1.8197
                            Mean reward: 10.44
                    Mean episode length: 228.48
                        Mean action std: 0.51
--------------------------------------------------------------------------------
                         Iteration time: 7.99s
                           Time elapsed: 0:18:57
                                    ETA: 0:50:12

################################################################################
[1m                           Learning iteration 137/500                           [0m 

                               Run name: chase_clip06
                            Total steps: 1695744 
                       Steps per second: 1544 
                        Collection time: 7.846s 
                          Learning time: 0.109s 
                        Mean value loss: 0.7961
                    Mean surrogate loss: -0.0049
                      Mean entropy loss: 1.8189
                            Mean reward: 9.84
                    Mean episode length: 228.64
                        Mean action std: 0.51
--------------------------------------------------------------------------------
                         Iteration time: 7.95s
                           Time elapsed: 0:19:05
                                    ETA: 0:50:03

################################################################################
[1m                           Learning iteration 138/500                           [0m 

                               Run name: chase_clip06
                            Total steps: 1708032 
                       Steps per second: 1535 
                        Collection time: 7.891s 
                          Learning time: 0.110s 
                        Mean value loss: 0.6920
                    Mean surrogate loss: -0.0051
                      Mean entropy loss: 1.8226
                            Mean reward: 9.44
                    Mean episode length: 228.39
                        Mean action std: 0.52
--------------------------------------------------------------------------------
                         Iteration time: 8.00s
                           Time elapsed: 0:19:13
                                    ETA: 0:49:54

################################################################################
[1m                           Learning iteration 139/500                           [0m 

                               Run name: chase_clip06
                            Total steps: 1720320 
                       Steps per second: 1543 
                        Collection time: 7.852s 
                          Learning time: 0.110s 
                        Mean value loss: 0.8107
                    Mean surrogate loss: -0.0041
                      Mean entropy loss: 1.8347
                            Mean reward: 10.03
                    Mean episode length: 230.13
                        Mean action std: 0.52
--------------------------------------------------------------------------------
                         Iteration time: 7.96s
                           Time elapsed: 0:19:21
                                    ETA: 0:49:45

################################################################################
[1m                           Learning iteration 140/500                           [0m 

                               Run name: chase_clip06
                            Total steps: 1732608 
                       Steps per second: 1546 
                        Collection time: 7.835s 
                          Learning time: 0.110s 
                        Mean value loss: 2.5365
                    Mean surrogate loss: -0.0054
                      Mean entropy loss: 1.8427
                            Mean reward: 9.75
                    Mean episode length: 230.60
                        Mean action std: 0.52
--------------------------------------------------------------------------------
                         Iteration time: 7.94s
                           Time elapsed: 0:19:28
                                    ETA: 0:49:36

################################################################################
[1m                           Learning iteration 141/500                           [0m 

                               Run name: chase_clip06
                            Total steps: 1744896 
                       Steps per second: 1541 
                        Collection time: 7.863s 
                          Learning time: 0.110s 
                        Mean value loss: 1.2732
                    Mean surrogate loss: -0.0044
                      Mean entropy loss: 1.8547
                            Mean reward: 9.72
                    Mean episode length: 230.22
                        Mean action std: 0.52
--------------------------------------------------------------------------------
                         Iteration time: 7.97s
                           Time elapsed: 0:19:36
                                    ETA: 0:49:27

################################################################################
[1m                           Learning iteration 142/500                           [0m 

                               Run name: chase_clip06
                            Total steps: 1757184 
                       Steps per second: 1531 
                        Collection time: 7.913s 
                          Learning time: 0.109s 
                        Mean value loss: 0.4334
                    Mean surrogate loss: -0.0031
                      Mean entropy loss: 1.8562
                            Mean reward: 9.07
                    Mean episode length: 225.64
                        Mean action std: 0.52
--------------------------------------------------------------------------------
                         Iteration time: 8.02s
                           Time elapsed: 0:19:44
                                    ETA: 0:49:18

################################################################################
[1m                           Learning iteration 143/500                           [0m 

                               Run name: chase_clip06
                            Total steps: 1769472 
                       Steps per second: 1545 
                        Collection time: 7.843s 
                          Learning time: 0.108s 
                        Mean value loss: 0.0947
                    Mean surrogate loss: -0.0030
                      Mean entropy loss: 1.8428
                            Mean reward: 10.64
                    Mean episode length: 235.52
                        Mean action std: 0.52
--------------------------------------------------------------------------------
                         Iteration time: 7.95s
                           Time elapsed: 0:19:52
                                    ETA: 0:49:09

################################################################################
[1m                           Learning iteration 144/500                           [0m 

                               Run name: chase_clip06
                            Total steps: 1781760 
                       Steps per second: 1522 
                        Collection time: 7.961s 
                          Learning time: 0.109s 
                        Mean value loss: 0.2317
                    Mean surrogate loss: -0.0055
                      Mean entropy loss: 1.8242
                            Mean reward: 11.76
                    Mean episode length: 239.20
                        Mean action std: 0.51
--------------------------------------------------------------------------------
                         Iteration time: 8.07s
                           Time elapsed: 0:20:01
                                    ETA: 0:49:00

################################################################################
[1m                           Learning iteration 145/500                           [0m 

                               Run name: chase_clip06
                            Total steps: 1794048 
                       Steps per second: 1531 
                        Collection time: 7.911s 
                          Learning time: 0.110s 
                        Mean value loss: 0.6256
                    Mean surrogate loss: -0.0065
                      Mean entropy loss: 1.8097
                            Mean reward: 10.41
                    Mean episode length: 233.49
                        Mean action std: 0.51
--------------------------------------------------------------------------------
                         Iteration time: 8.02s
                           Time elapsed: 0:20:09
                                    ETA: 0:48:51

################################################################################
[1m                           Learning iteration 146/500                           [0m 

                               Run name: chase_clip06
                            Total steps: 1806336 
                       Steps per second: 1545 
                        Collection time: 7.840s 
                          Learning time: 0.109s 
                        Mean value loss: 0.3494
                    Mean surrogate loss: -0.0040
                      Mean entropy loss: 1.7884
                            Mean reward: 10.10
                    Mean episode length: 236.06
                        Mean action std: 0.51
--------------------------------------------------------------------------------
                         Iteration time: 7.95s
                           Time elapsed: 0:20:16
                                    ETA: 0:48:42

################################################################################
[1m                           Learning iteration 147/500                           [0m 

                               Run name: chase_clip06
                            Total steps: 1818624 
                       Steps per second: 1537 
                        Collection time: 7.885s 
                          Learning time: 0.110s 
                        Mean value loss: 0.4117
                    Mean surrogate loss: -0.0040
                      Mean entropy loss: 1.7667
                            Mean reward: 11.42
                    Mean episode length: 238.21
                        Mean action std: 0.51
--------------------------------------------------------------------------------
                         Iteration time: 7.99s
                           Time elapsed: 0:20:24
                                    ETA: 0:48:33

################################################################################
[1m                           Learning iteration 148/500                           [0m 

                               Run name: chase_clip06
                            Total steps: 1830912 
                       Steps per second: 1531 
                        Collection time: 7.911s 
                          Learning time: 0.110s 
                        Mean value loss: 0.2139
                    Mean surrogate loss: -0.0038
                      Mean entropy loss: 1.7733
                            Mean reward: 11.42
                    Mean episode length: 237.85
                        Mean action std: 0.51
--------------------------------------------------------------------------------
                         Iteration time: 8.02s
                           Time elapsed: 0:20:32
                                    ETA: 0:48:24

################################################################################
[1m                           Learning iteration 149/500                           [0m 

                               Run name: chase_clip06
                            Total steps: 1843200 
                       Steps per second: 1523 
                        Collection time: 7.958s 
                          Learning time: 0.108s 
                        Mean value loss: 0.5782
                    Mean surrogate loss: -0.0036
                      Mean entropy loss: 1.7881
                            Mean reward: 10.62
                    Mean episode length: 233.48
                        Mean action std: 0.51
--------------------------------------------------------------------------------
                         Iteration time: 8.07s
                           Time elapsed: 0:20:41
                                    ETA: 0:48:15

################################################################################
[1m                           Learning iteration 150/500                           [0m 

                               Run name: chase_clip06
                            Total steps: 1855488 
                       Steps per second: 1535 
                        Collection time: 7.894s 
                          Learning time: 0.109s 
                        Mean value loss: 1.3826
                    Mean surrogate loss: -0.0035
                      Mean entropy loss: 1.7915
                            Mean reward: 10.32
                    Mean episode length: 232.07
                        Mean action std: 0.51
--------------------------------------------------------------------------------
                         Iteration time: 8.00s
                           Time elapsed: 0:20:49
                                    ETA: 0:48:06

################################################################################
[1m                           Learning iteration 151/500                           [0m 

                               Run name: chase_clip06
                            Total steps: 1867776 
                       Steps per second: 1530 
                        Collection time: 7.921s 
                          Learning time: 0.110s 
                        Mean value loss: 0.9580
                    Mean surrogate loss: -0.0067
                      Mean entropy loss: 1.7971
                            Mean reward: 9.37
                    Mean episode length: 226.89
                        Mean action std: 0.51
--------------------------------------------------------------------------------
                         Iteration time: 8.03s
                           Time elapsed: 0:20:57
                                    ETA: 0:47:58

################################################################################
[1m                           Learning iteration 152/500                           [0m 

                               Run name: chase_clip06
                            Total steps: 1880064 
                       Steps per second: 1533 
                        Collection time: 7.902s 
                          Learning time: 0.110s 
                        Mean value loss: 0.3342
                    Mean surrogate loss: -0.0059
                      Mean entropy loss: 1.7961
                            Mean reward: 9.48
                    Mean episode length: 227.53
                        Mean action std: 0.51
--------------------------------------------------------------------------------
                         Iteration time: 8.01s
                           Time elapsed: 0:21:05
                                    ETA: 0:47:49

################################################################################
[1m                           Learning iteration 153/500                           [0m 

                               Run name: chase_clip06
                            Total steps: 1892352 
                       Steps per second: 1538 
                        Collection time: 7.874s 
                          Learning time: 0.111s 
                        Mean value loss: 0.5424
                    Mean surrogate loss: -0.0064
                      Mean entropy loss: 1.8008
                            Mean reward: 11.09
                    Mean episode length: 233.26
                        Mean action std: 0.51
--------------------------------------------------------------------------------
                         Iteration time: 7.99s
                           Time elapsed: 0:21:13
                                    ETA: 0:47:40

################################################################################
[1m                           Learning iteration 154/500                           [0m 

                               Run name: chase_clip06
                            Total steps: 1904640 
                       Steps per second: 1532 
                        Collection time: 7.909s 
                          Learning time: 0.111s 
                        Mean value loss: 0.0659
                    Mean surrogate loss: -0.0060
                      Mean entropy loss: 1.7965
                            Mean reward: 11.07
                    Mean episode length: 235.38
                        Mean action std: 0.50
--------------------------------------------------------------------------------
                         Iteration time: 8.02s
                           Time elapsed: 0:21:21
                                    ETA: 0:47:31

################################################################################
[1m                           Learning iteration 155/500                           [0m 

                               Run name: chase_clip06
                            Total steps: 1916928 
                       Steps per second: 1537 
                        Collection time: 7.881s 
                          Learning time: 0.110s 
                        Mean value loss: 0.2172
                    Mean surrogate loss: -0.0054
                      Mean entropy loss: 1.7490
                            Mean reward: 11.57
                    Mean episode length: 236.65
                        Mean action std: 0.50
--------------------------------------------------------------------------------
                         Iteration time: 7.99s
                           Time elapsed: 0:21:29
                                    ETA: 0:47:22

################################################################################
[1m                           Learning iteration 156/500                           [0m 

                               Run name: chase_clip06
                            Total steps: 1929216 
                       Steps per second: 1529 
                        Collection time: 7.923s 
                          Learning time: 0.110s 
                        Mean value loss: 0.1627
                    Mean surrogate loss: -0.0050
                      Mean entropy loss: 1.7337
                            Mean reward: 11.89
                    Mean episode length: 235.85
                        Mean action std: 0.50
--------------------------------------------------------------------------------
                         Iteration time: 8.03s
                           Time elapsed: 0:21:37
                                    ETA: 0:47:13

################################################################################
[1m                           Learning iteration 157/500                           [0m 

                               Run name: chase_clip06
                            Total steps: 1941504 
                       Steps per second: 1529 
                        Collection time: 7.924s 
                          Learning time: 0.111s 
                        Mean value loss: 0.1633
                    Mean surrogate loss: -0.0048
                      Mean entropy loss: 1.7252
                            Mean reward: 11.72
                    Mean episode length: 238.67
                        Mean action std: 0.50
--------------------------------------------------------------------------------
                         Iteration time: 8.03s
                           Time elapsed: 0:21:45
                                    ETA: 0:47:05

################################################################################
[1m                           Learning iteration 158/500                           [0m 

                               Run name: chase_clip06
                            Total steps: 1953792 
                       Steps per second: 1532 
                        Collection time: 7.908s 
                          Learning time: 0.109s 
                        Mean value loss: 0.1887
                    Mean surrogate loss: -0.0036
                      Mean entropy loss: 1.7126
                            Mean reward: 11.63
                    Mean episode length: 240.36
                        Mean action std: 0.50
--------------------------------------------------------------------------------
                         Iteration time: 8.02s
                           Time elapsed: 0:21:53
                                    ETA: 0:46:56

################################################################################
[1m                           Learning iteration 159/500                           [0m 

                               Run name: chase_clip06
                            Total steps: 1966080 
                       Steps per second: 1517 
                        Collection time: 7.991s 
                          Learning time: 0.109s 
                        Mean value loss: 0.0927
                    Mean surrogate loss: -0.0063
                      Mean entropy loss: 1.6876
                            Mean reward: 11.66
                    Mean episode length: 237.47
                        Mean action std: 0.49
--------------------------------------------------------------------------------
                         Iteration time: 8.10s
                           Time elapsed: 0:22:01
                                    ETA: 0:46:47

################################################################################
[1m                           Learning iteration 160/500                           [0m 

                               Run name: chase_clip06
                            Total steps: 1978368 
                       Steps per second: 1527 
                        Collection time: 7.937s 
                          Learning time: 0.107s 
                        Mean value loss: 0.2360
                    Mean surrogate loss: -0.0066
                      Mean entropy loss: 1.6770
                            Mean reward: 11.76
                    Mean episode length: 236.29
                        Mean action std: 0.49
--------------------------------------------------------------------------------
                         Iteration time: 8.04s
                           Time elapsed: 0:22:09
                                    ETA: 0:46:39

################################################################################
[1m                           Learning iteration 161/500                           [0m 

                               Run name: chase_clip06
                            Total steps: 1990656 
                       Steps per second: 1538 
                        Collection time: 7.882s 
                          Learning time: 0.105s 
                        Mean value loss: 0.4291
                    Mean surrogate loss: -0.0044
                      Mean entropy loss: 1.6805
                            Mean reward: 10.23
                    Mean episode length: 233.77
                        Mean action std: 0.49
--------------------------------------------------------------------------------
                         Iteration time: 7.99s
                           Time elapsed: 0:22:17
                                    ETA: 0:46:30

################################################################################
[1m                           Learning iteration 162/500                           [0m 

                               Run name: chase_clip06
                            Total steps: 2002944 
                       Steps per second: 1530 
                        Collection time: 7.925s 
                          Learning time: 0.107s 
                        Mean value loss: 0.9287
                    Mean surrogate loss: -0.0038
                      Mean entropy loss: 1.6830
                            Mean reward: 10.46
                    Mean episode length: 231.89
                        Mean action std: 0.49
--------------------------------------------------------------------------------
                         Iteration time: 8.03s
                           Time elapsed: 0:22:25
                                    ETA: 0:46:21

################################################################################
[1m                           Learning iteration 163/500                           [0m 

                               Run name: chase_clip06
                            Total steps: 2015232 
                       Steps per second: 1533 
                        Collection time: 7.905s 
                          Learning time: 0.106s 
                        Mean value loss: 0.2732
                    Mean surrogate loss: -0.0058
                      Mean entropy loss: 1.6887
                            Mean reward: 11.23
                    Mean episode length: 230.59
                        Mean action std: 0.49
--------------------------------------------------------------------------------
                         Iteration time: 8.01s
                           Time elapsed: 0:22:33
                                    ETA: 0:46:12

################################################################################
[1m                           Learning iteration 164/500                           [0m 

                               Run name: chase_clip06
                            Total steps: 2027520 
                       Steps per second: 1524 
                        Collection time: 7.951s 
                          Learning time: 0.108s 
                        Mean value loss: 0.8587
                    Mean surrogate loss: -0.0038
                      Mean entropy loss: 1.6939
                            Mean reward: 10.54
                    Mean episode length: 230.52
                        Mean action std: 0.49
--------------------------------------------------------------------------------
                         Iteration time: 8.06s
                           Time elapsed: 0:22:41
                                    ETA: 0:46:04

################################################################################
[1m                           Learning iteration 165/500                           [0m 

                               Run name: chase_clip06
                            Total steps: 2039808 
                       Steps per second: 1522 
                        Collection time: 7.960s 
                          Learning time: 0.109s 
                        Mean value loss: 0.0657
                    Mean surrogate loss: -0.0059
                      Mean entropy loss: 1.6934
                            Mean reward: 10.69
                    Mean episode length: 232.67
                        Mean action std: 0.49
--------------------------------------------------------------------------------
                         Iteration time: 8.07s
                           Time elapsed: 0:22:49
                                    ETA: 0:45:55

################################################################################
[1m                           Learning iteration 166/500                           [0m 

                               Run name: chase_clip06
                            Total steps: 2052096 
                       Steps per second: 1531 
                        Collection time: 7.912s 
                          Learning time: 0.109s 
                        Mean value loss: 0.1780
                    Mean surrogate loss: -0.0049
                      Mean entropy loss: 1.6571
                            Mean reward: 11.81
                    Mean episode length: 241.00
                        Mean action std: 0.49
--------------------------------------------------------------------------------
                         Iteration time: 8.02s
                           Time elapsed: 0:22:57
                                    ETA: 0:45:46

################################################################################
[1m                           Learning iteration 167/500                           [0m 

                               Run name: chase_clip06
                            Total steps: 2064384 
                       Steps per second: 1527 
                        Collection time: 7.933s 
                          Learning time: 0.109s 
                        Mean value loss: 0.1990
                    Mean surrogate loss: -0.0041
                      Mean entropy loss: 1.6435
                            Mean reward: 11.51
                    Mean episode length: 240.07
                        Mean action std: 0.49
--------------------------------------------------------------------------------
                         Iteration time: 8.04s
                           Time elapsed: 0:23:05
                                    ETA: 0:45:38

################################################################################
[1m                           Learning iteration 168/500                           [0m 

                               Run name: chase_clip06
                            Total steps: 2076672 
                       Steps per second: 1535 
                        Collection time: 7.893s 
                          Learning time: 0.108s 
                        Mean value loss: 0.2177
                    Mean surrogate loss: -0.0044
                      Mean entropy loss: 1.6450
                            Mean reward: 11.50
                    Mean episode length: 238.04
                        Mean action std: 0.49
--------------------------------------------------------------------------------
                         Iteration time: 8.00s
                           Time elapsed: 0:23:13
                                    ETA: 0:45:29

################################################################################
[1m                           Learning iteration 169/500                           [0m 

                               Run name: chase_clip06
                            Total steps: 2088960 
                       Steps per second: 1540 
                        Collection time: 7.871s 
                          Learning time: 0.107s 
                        Mean value loss: 0.3767
                    Mean surrogate loss: -0.0043
                      Mean entropy loss: 1.6506
                            Mean reward: 11.29
                    Mean episode length: 236.60
                        Mean action std: 0.49
--------------------------------------------------------------------------------
                         Iteration time: 7.98s
                           Time elapsed: 0:23:21
                                    ETA: 0:45:20

################################################################################
[1m                           Learning iteration 170/500                           [0m 

                               Run name: chase_clip06
                            Total steps: 2101248 
                       Steps per second: 1542 
                        Collection time: 7.853s 
                          Learning time: 0.110s 
                        Mean value loss: 0.0567
                    Mean surrogate loss: -0.0048
                      Mean entropy loss: 1.6504
                            Mean reward: 11.68
                    Mean episode length: 238.94
                        Mean action std: 0.49
--------------------------------------------------------------------------------
                         Iteration time: 7.96s
                           Time elapsed: 0:23:29
                                    ETA: 0:45:11

################################################################################
[1m                           Learning iteration 171/500                           [0m 

                               Run name: chase_clip06
                            Total steps: 2113536 
                       Steps per second: 1536 
                        Collection time: 7.888s 
                          Learning time: 0.110s 
                        Mean value loss: 0.0866
                    Mean surrogate loss: -0.0068
                      Mean entropy loss: 1.6326
                            Mean reward: 11.94
                    Mean episode length: 240.44
                        Mean action std: 0.49
--------------------------------------------------------------------------------
                         Iteration time: 8.00s
                           Time elapsed: 0:23:37
                                    ETA: 0:45:03

################################################################################
[1m                           Learning iteration 172/500                           [0m 

                               Run name: chase_clip06
                            Total steps: 2125824 
                       Steps per second: 1533 
                        Collection time: 7.906s 
                          Learning time: 0.109s 
                        Mean value loss: 0.6525
                    Mean surrogate loss: -0.0043
                      Mean entropy loss: 1.6215
                            Mean reward: 11.63
                    Mean episode length: 238.55
                        Mean action std: 0.49
--------------------------------------------------------------------------------
                         Iteration time: 8.01s
                           Time elapsed: 0:23:45
                                    ETA: 0:44:54

################################################################################
[1m                           Learning iteration 173/500                           [0m 

                               Run name: chase_clip06
                            Total steps: 2138112 
                       Steps per second: 1534 
                        Collection time: 7.899s 
                          Learning time: 0.111s 
                        Mean value loss: 0.6662
                    Mean surrogate loss: -0.0038
                      Mean entropy loss: 1.6427
                            Mean reward: 10.43
                    Mean episode length: 234.73
                        Mean action std: 0.49
--------------------------------------------------------------------------------
                         Iteration time: 8.01s
                           Time elapsed: 0:23:53
                                    ETA: 0:44:45

################################################################################
[1m                           Learning iteration 174/500                           [0m 

                               Run name: chase_clip06
                            Total steps: 2150400 
                       Steps per second: 1517 
                        Collection time: 7.984s 
                          Learning time: 0.113s 
                        Mean value loss: 0.7095
                    Mean surrogate loss: -0.0050
                      Mean entropy loss: 1.6522
                            Mean reward: 9.97
                    Mean episode length: 227.24
                        Mean action std: 0.49
--------------------------------------------------------------------------------
                         Iteration time: 8.10s
                           Time elapsed: 0:24:01
                                    ETA: 0:44:37

################################################################################
[1m                           Learning iteration 175/500                           [0m 

                               Run name: chase_clip06
                            Total steps: 2162688 
                       Steps per second: 1497 
                        Collection time: 8.090s 
                          Learning time: 0.113s 
                        Mean value loss: 0.5714
                    Mean surrogate loss: -0.0031
                      Mean entropy loss: 1.6590
                            Mean reward: 10.29
                    Mean episode length: 228.47
                        Mean action std: 0.49
--------------------------------------------------------------------------------
                         Iteration time: 8.20s
                           Time elapsed: 0:24:09
                                    ETA: 0:44:28

################################################################################
[1m                           Learning iteration 176/500                           [0m 

                               Run name: chase_clip06
                            Total steps: 2174976 
                       Steps per second: 1500 
                        Collection time: 8.081s 
                          Learning time: 0.110s 
                        Mean value loss: 0.2890
                    Mean surrogate loss: -0.0066
                      Mean entropy loss: 1.6594
                            Mean reward: 11.21
                    Mean episode length: 238.77
                        Mean action std: 0.49
--------------------------------------------------------------------------------
                         Iteration time: 8.19s
                           Time elapsed: 0:24:18
                                    ETA: 0:44:20

################################################################################
[1m                           Learning iteration 177/500                           [0m 

                               Run name: chase_clip06
                            Total steps: 2187264 
                       Steps per second: 1531 
                        Collection time: 7.915s 
                          Learning time: 0.110s 
                        Mean value loss: 0.2576
                    Mean surrogate loss: -0.0038
                      Mean entropy loss: 1.6620
                            Mean reward: 11.06
                    Mean episode length: 234.87
                        Mean action std: 0.49
--------------------------------------------------------------------------------
                         Iteration time: 8.02s
                           Time elapsed: 0:24:26
                                    ETA: 0:44:12

################################################################################
[1m                           Learning iteration 178/500                           [0m 

                               Run name: chase_clip06
                            Total steps: 2199552 
                       Steps per second: 1530 
                        Collection time: 7.919s 
                          Learning time: 0.110s 
                        Mean value loss: 0.3585
                    Mean surrogate loss: -0.0053
                      Mean entropy loss: 1.6687
                            Mean reward: 11.06
                    Mean episode length: 230.26
                        Mean action std: 0.49
--------------------------------------------------------------------------------
                         Iteration time: 8.03s
                           Time elapsed: 0:24:34
                                    ETA: 0:44:03

################################################################################
[1m                           Learning iteration 179/500                           [0m 

                               Run name: chase_clip06
                            Total steps: 2211840 
                       Steps per second: 1529 
                        Collection time: 7.924s 
                          Learning time: 0.111s 
                        Mean value loss: 0.2757
                    Mean surrogate loss: -0.0050
                      Mean entropy loss: 1.6710
                            Mean reward: 10.55
                    Mean episode length: 226.68
                        Mean action std: 0.49
--------------------------------------------------------------------------------
                         Iteration time: 8.04s
                           Time elapsed: 0:24:42
                                    ETA: 0:43:54

################################################################################
[1m                           Learning iteration 180/500                           [0m 

                               Run name: chase_clip06
                            Total steps: 2224128 
                       Steps per second: 1494 
                        Collection time: 8.107s 
                          Learning time: 0.113s 
                        Mean value loss: 0.1391
                    Mean surrogate loss: -0.0045
                      Mean entropy loss: 1.6677
                            Mean reward: 10.68
                    Mean episode length: 230.77
                        Mean action std: 0.49
--------------------------------------------------------------------------------
                         Iteration time: 8.22s
                           Time elapsed: 0:24:50
                                    ETA: 0:43:46

################################################################################
[1m                           Learning iteration 181/500                           [0m 

                               Run name: chase_clip06
                            Total steps: 2236416 
                       Steps per second: 1493 
                        Collection time: 8.118s 
                          Learning time: 0.111s 
                        Mean value loss: 0.1194
                    Mean surrogate loss: -0.0049
                      Mean entropy loss: 1.6459
                            Mean reward: 11.04
                    Mean episode length: 234.73
                        Mean action std: 0.49
--------------------------------------------------------------------------------
                         Iteration time: 8.23s
                           Time elapsed: 0:24:58
                                    ETA: 0:43:38

################################################################################
[1m                           Learning iteration 182/500                           [0m 

                               Run name: chase_clip06
                            Total steps: 2248704 
                       Steps per second: 1495 
                        Collection time: 8.107s 
                          Learning time: 0.110s 
                        Mean value loss: 0.1406
                    Mean surrogate loss: -0.0050
                      Mean entropy loss: 1.6479
                            Mean reward: 11.42
                    Mean episode length: 237.05
                        Mean action std: 0.49
--------------------------------------------------------------------------------
                         Iteration time: 8.22s
                           Time elapsed: 0:25:06
                                    ETA: 0:43:30

################################################################################
[1m                           Learning iteration 183/500                           [0m 

                               Run name: chase_clip06
                            Total steps: 2260992 
                       Steps per second: 1494 
                        Collection time: 8.111s 
                          Learning time: 0.112s 
                        Mean value loss: 1.1356
                    Mean surrogate loss: -0.0062
                      Mean entropy loss: 1.6750
                            Mean reward: 10.43
                    Mean episode length: 232.82
                        Mean action std: 0.50
--------------------------------------------------------------------------------
                         Iteration time: 8.22s
                           Time elapsed: 0:25:14
                                    ETA: 0:43:21

################################################################################
[1m                           Learning iteration 184/500                           [0m 

                               Run name: chase_clip06
                            Total steps: 2273280 
                       Steps per second: 1498 
                        Collection time: 8.090s 
                          Learning time: 0.112s 
                        Mean value loss: 0.2541
                    Mean surrogate loss: -0.0056
                      Mean entropy loss: 1.7072
                            Mean reward: 9.90
                    Mean episode length: 228.33
                        Mean action std: 0.50
--------------------------------------------------------------------------------
                         Iteration time: 8.20s
                           Time elapsed: 0:25:23
                                    ETA: 0:43:13

################################################################################
[1m                           Learning iteration 185/500                           [0m 

                               Run name: chase_clip06
                            Total steps: 2285568 
                       Steps per second: 1495 
                        Collection time: 8.104s 
                          Learning time: 0.113s 
                        Mean value loss: 0.3173
                    Mean surrogate loss: -0.0048
                      Mean entropy loss: 1.7133
                            Mean reward: 11.54
                    Mean episode length: 236.73
                        Mean action std: 0.50
--------------------------------------------------------------------------------
                         Iteration time: 8.22s
                           Time elapsed: 0:25:31
                                    ETA: 0:43:05

################################################################################
[1m                           Learning iteration 186/500                           [0m 

                               Run name: chase_clip06
                            Total steps: 2297856 
                       Steps per second: 1500 
                        Collection time: 8.078s 
                          Learning time: 0.112s 
                        Mean value loss: 0.5619
                    Mean surrogate loss: -0.0062
                      Mean entropy loss: 1.7276
                            Mean reward: 11.68
                    Mean episode length: 235.40
                        Mean action std: 0.50
--------------------------------------------------------------------------------
                         Iteration time: 8.19s
                           Time elapsed: 0:25:39
                                    ETA: 0:42:56

################################################################################
[1m                           Learning iteration 187/500                           [0m 

                               Run name: chase_clip06
                            Total steps: 2310144 
                       Steps per second: 1488 
                        Collection time: 8.143s 
                          Learning time: 0.112s 
                        Mean value loss: 1.2573
                    Mean surrogate loss: -0.0063
                      Mean entropy loss: 1.7405
                            Mean reward: 9.76
                    Mean episode length: 223.49
                        Mean action std: 0.50
--------------------------------------------------------------------------------
                         Iteration time: 8.26s
                           Time elapsed: 0:25:47
                                    ETA: 0:42:48

################################################################################
[1m                           Learning iteration 188/500                           [0m 

                               Run name: chase_clip06
                            Total steps: 2322432 
                       Steps per second: 1491 
                        Collection time: 8.127s 
                          Learning time: 0.113s 
                        Mean value loss: 1.3907
                    Mean surrogate loss: -0.0061
                      Mean entropy loss: 1.7649
                            Mean reward: 8.62
                    Mean episode length: 220.63
                        Mean action std: 0.50
--------------------------------------------------------------------------------
                         Iteration time: 8.24s
                           Time elapsed: 0:25:56
                                    ETA: 0:42:40

################################################################################
[1m                           Learning iteration 189/500                           [0m 

                               Run name: chase_clip06
                            Total steps: 2334720 
                       Steps per second: 1485 
                        Collection time: 8.160s 
                          Learning time: 0.111s 
                        Mean value loss: 0.8597
                    Mean surrogate loss: -0.0039
                      Mean entropy loss: 1.7758
                            Mean reward: 9.54
                    Mean episode length: 227.39
                        Mean action std: 0.50
--------------------------------------------------------------------------------
                         Iteration time: 8.27s
                           Time elapsed: 0:26:04
                                    ETA: 0:42:32

################################################################################
[1m                           Learning iteration 190/500                           [0m 

                               Run name: chase_clip06
                            Total steps: 2347008 
                       Steps per second: 1488 
                        Collection time: 8.146s 
                          Learning time: 0.110s 
                        Mean value loss: 1.6939
                    Mean surrogate loss: -0.0071
                      Mean entropy loss: 1.7898
                            Mean reward: 8.65
                    Mean episode length: 217.12
                        Mean action std: 0.50
--------------------------------------------------------------------------------
                         Iteration time: 8.26s
                           Time elapsed: 0:26:12
                                    ETA: 0:42:24

################################################################################
[1m                           Learning iteration 191/500                           [0m 

                               Run name: chase_clip06
                            Total steps: 2359296 
                       Steps per second: 1495 
                        Collection time: 8.106s 
                          Learning time: 0.113s 
                        Mean value loss: 0.6630
                    Mean surrogate loss: -0.0057
                      Mean entropy loss: 1.7948
                            Mean reward: 8.98
                    Mean episode length: 219.47
                        Mean action std: 0.51
--------------------------------------------------------------------------------
                         Iteration time: 8.22s
                           Time elapsed: 0:26:20
                                    ETA: 0:42:15

################################################################################
[1m                           Learning iteration 192/500                           [0m 

                               Run name: chase_clip06
                            Total steps: 2371584 
                       Steps per second: 1497 
                        Collection time: 8.093s 
                          Learning time: 0.110s 
                        Mean value loss: 0.3290
                    Mean surrogate loss: -0.0052
                      Mean entropy loss: 1.7987
                            Mean reward: 9.99
                    Mean episode length: 225.22
                        Mean action std: 0.51
--------------------------------------------------------------------------------
                         Iteration time: 8.20s
                           Time elapsed: 0:26:29
                                    ETA: 0:42:07

################################################################################
[1m                           Learning iteration 193/500                           [0m 

                               Run name: chase_clip06
                            Total steps: 2383872 
                       Steps per second: 1494 
                        Collection time: 8.107s 
                          Learning time: 0.113s 
                        Mean value loss: 0.6434
                    Mean surrogate loss: -0.0055
                      Mean entropy loss: 1.7971
                            Mean reward: 10.18
                    Mean episode length: 230.51
                        Mean action std: 0.50
--------------------------------------------------------------------------------
                         Iteration time: 8.22s
                           Time elapsed: 0:26:37
                                    ETA: 0:41:59

################################################################################
[1m                           Learning iteration 194/500                           [0m 

                               Run name: chase_clip06
                            Total steps: 2396160 
                       Steps per second: 1495 
                        Collection time: 8.103s 
                          Learning time: 0.112s 
                        Mean value loss: 1.1492
                    Mean surrogate loss: -0.0051
                      Mean entropy loss: 1.7989
                            Mean reward: 9.98
                    Mean episode length: 228.57
                        Mean action std: 0.51
--------------------------------------------------------------------------------
                         Iteration time: 8.22s
                           Time elapsed: 0:26:45
                                    ETA: 0:41:51

################################################################################
[1m                           Learning iteration 195/500                           [0m 

                               Run name: chase_clip06
                            Total steps: 2408448 
                       Steps per second: 1491 
                        Collection time: 8.128s 
                          Learning time: 0.112s 
                        Mean value loss: 0.6275
                    Mean surrogate loss: -0.0057
                      Mean entropy loss: 1.8025
                            Mean reward: 9.71
                    Mean episode length: 226.39
                        Mean action std: 0.51
--------------------------------------------------------------------------------
                         Iteration time: 8.24s
                           Time elapsed: 0:26:53
                                    ETA: 0:41:42

################################################################################
[1m                           Learning iteration 196/500                           [0m 

                               Run name: chase_clip06
                            Total steps: 2420736 
                       Steps per second: 1484 
                        Collection time: 8.162s 
                          Learning time: 0.113s 
                        Mean value loss: 1.1021
                    Mean surrogate loss: -0.0057
                      Mean entropy loss: 1.8029
                            Mean reward: 10.13
                    Mean episode length: 227.44
                        Mean action std: 0.51
--------------------------------------------------------------------------------
                         Iteration time: 8.28s
                           Time elapsed: 0:27:01
                                    ETA: 0:41:34

################################################################################
[1m                           Learning iteration 197/500                           [0m 

                               Run name: chase_clip06
                            Total steps: 2433024 
                       Steps per second: 1488 
                        Collection time: 8.148s 
                          Learning time: 0.109s 
                        Mean value loss: 0.8462
                    Mean surrogate loss: -0.0070
                      Mean entropy loss: 1.8198
                            Mean reward: 9.42
                    Mean episode length: 223.69
                        Mean action std: 0.51
--------------------------------------------------------------------------------
                         Iteration time: 8.26s
                           Time elapsed: 0:27:10
                                    ETA: 0:41:26

################################################################################
[1m                           Learning iteration 198/500                           [0m 

                               Run name: chase_clip06
                            Total steps: 2445312 
                       Steps per second: 1489 
                        Collection time: 8.138s 
                          Learning time: 0.109s 
                        Mean value loss: 0.8096
                    Mean surrogate loss: -0.0055
                      Mean entropy loss: 1.8327
                            Mean reward: 9.72
                    Mean episode length: 231.18
                        Mean action std: 0.51
--------------------------------------------------------------------------------
                         Iteration time: 8.25s
                           Time elapsed: 0:27:18
                                    ETA: 0:41:18

################################################################################
[1m                           Learning iteration 199/500                           [0m 

                               Run name: chase_clip06
                            Total steps: 2457600 
                       Steps per second: 1494 
                        Collection time: 8.110s 
                          Learning time: 0.110s 
                        Mean value loss: 1.2960
                    Mean surrogate loss: -0.0063
                      Mean entropy loss: 1.8398
                            Mean reward: 8.33
                    Mean episode length: 224.12
                        Mean action std: 0.51
--------------------------------------------------------------------------------
                         Iteration time: 8.22s
                           Time elapsed: 0:27:26
                                    ETA: 0:41:10

################################################################################
[1m                           Learning iteration 200/500                           [0m 

                               Run name: chase_clip06
                            Total steps: 2469888 
                       Steps per second: 1491 
                        Collection time: 8.125s 
                          Learning time: 0.112s 
                        Mean value loss: 0.7128
                    Mean surrogate loss: -0.0058
                      Mean entropy loss: 1.8474
                            Mean reward: 8.80
                    Mean episode length: 218.30
                        Mean action std: 0.51
--------------------------------------------------------------------------------
                         Iteration time: 8.24s
                           Time elapsed: 0:27:34
                                    ETA: 0:41:01

################################################################################
[1m                           Learning iteration 201/500                           [0m 

                               Run name: chase_clip06
                            Total steps: 2482176 
                       Steps per second: 1491 
                        Collection time: 8.124s 
                          Learning time: 0.113s 
                        Mean value loss: 0.5617
                    Mean surrogate loss: -0.0042
                      Mean entropy loss: 1.8558
                            Mean reward: 10.95
                    Mean episode length: 230.78
                        Mean action std: 0.51
--------------------------------------------------------------------------------
                         Iteration time: 8.24s
                           Time elapsed: 0:27:43
                                    ETA: 0:40:53

################################################################################
[1m                           Learning iteration 202/500                           [0m 

                               Run name: chase_clip06
                            Total steps: 2494464 
                       Steps per second: 1491 
                        Collection time: 8.123s 
                          Learning time: 0.114s 
                        Mean value loss: 1.2112
                    Mean surrogate loss: -0.0049
                      Mean entropy loss: 1.8521
                            Mean reward: 9.75
                    Mean episode length: 225.81
                        Mean action std: 0.51
--------------------------------------------------------------------------------
                         Iteration time: 8.24s
                           Time elapsed: 0:27:51
                                    ETA: 0:40:45

################################################################################
[1m                           Learning iteration 203/500                           [0m 

                               Run name: chase_clip06
                            Total steps: 2506752 
                       Steps per second: 1496 
                        Collection time: 8.099s 
                          Learning time: 0.114s 
                        Mean value loss: 0.6346
                    Mean surrogate loss: -0.0032
                      Mean entropy loss: 1.8535
                            Mean reward: 8.52
                    Mean episode length: 220.32
                        Mean action std: 0.51
--------------------------------------------------------------------------------
                         Iteration time: 8.21s
                           Time elapsed: 0:27:59
                                    ETA: 0:40:37

################################################################################
[1m                           Learning iteration 204/500                           [0m 

                               Run name: chase_clip06
                            Total steps: 2519040 
                       Steps per second: 1502 
                        Collection time: 8.068s 
                          Learning time: 0.110s 
                        Mean value loss: 0.4658
                    Mean surrogate loss: -0.0044
                      Mean entropy loss: 1.8451
                            Mean reward: 9.71
                    Mean episode length: 228.82
                        Mean action std: 0.51
--------------------------------------------------------------------------------
                         Iteration time: 8.18s
                           Time elapsed: 0:28:07
                                    ETA: 0:40:28

################################################################################
[1m                           Learning iteration 205/500                           [0m 

                               Run name: chase_clip06
                            Total steps: 2531328 
                       Steps per second: 1496 
                        Collection time: 8.101s 
                          Learning time: 0.109s 
                        Mean value loss: 0.5037
                    Mean surrogate loss: -0.0057
                      Mean entropy loss: 1.8409
                            Mean reward: 10.95
                    Mean episode length: 237.86
                        Mean action std: 0.51
--------------------------------------------------------------------------------
                         Iteration time: 8.21s
                           Time elapsed: 0:28:16
                                    ETA: 0:40:20

################################################################################
[1m                           Learning iteration 206/500                           [0m 

                               Run name: chase_clip06
                            Total steps: 2543616 
                       Steps per second: 1494 
                        Collection time: 8.110s 
                          Learning time: 0.110s 
                        Mean value loss: 0.4962
                    Mean surrogate loss: -0.0059
                      Mean entropy loss: 1.8536
                            Mean reward: 10.36
                    Mean episode length: 235.34
                        Mean action std: 0.51
--------------------------------------------------------------------------------
                         Iteration time: 8.22s
                           Time elapsed: 0:28:24
                                    ETA: 0:40:12

################################################################################
[1m                           Learning iteration 207/500                           [0m 

                               Run name: chase_clip06
                            Total steps: 2555904 
                       Steps per second: 1498 
                        Collection time: 8.086s 
                          Learning time: 0.112s 
                        Mean value loss: 0.6268
                    Mean surrogate loss: -0.0053
                      Mean entropy loss: 1.8788
                            Mean reward: 10.54
                    Mean episode length: 232.65
                        Mean action std: 0.52
--------------------------------------------------------------------------------
                         Iteration time: 8.20s
                           Time elapsed: 0:28:32
                                    ETA: 0:40:04

################################################################################
[1m                           Learning iteration 208/500                           [0m 

                               Run name: chase_clip06
                            Total steps: 2568192 
                       Steps per second: 1489 
                        Collection time: 8.139s 
                          Learning time: 0.113s 
                        Mean value loss: 0.8060
                    Mean surrogate loss: -0.0046
                      Mean entropy loss: 1.9082
                            Mean reward: 10.26
                    Mean episode length: 228.63
                        Mean action std: 0.52
--------------------------------------------------------------------------------
                         Iteration time: 8.25s
                           Time elapsed: 0:28:40
                                    ETA: 0:39:55

################################################################################
[1m                           Learning iteration 209/500                           [0m 

                               Run name: chase_clip06
                            Total steps: 2580480 
                       Steps per second: 1498 
                        Collection time: 8.087s 
                          Learning time: 0.112s 
                        Mean value loss: 0.9313
                    Mean surrogate loss: -0.0038
                      Mean entropy loss: 1.9088
                            Mean reward: 9.40
                    Mean episode length: 226.48
                        Mean action std: 0.52
--------------------------------------------------------------------------------
                         Iteration time: 8.20s
                           Time elapsed: 0:28:48
                                    ETA: 0:39:47

################################################################################
[1m                           Learning iteration 210/500                           [0m 

                               Run name: chase_clip06
                            Total steps: 2592768 
                       Steps per second: 1510 
                        Collection time: 8.023s 
                          Learning time: 0.110s 
                        Mean value loss: 0.8450
                    Mean surrogate loss: -0.0039
                      Mean entropy loss: 1.9077
                            Mean reward: 9.53
                    Mean episode length: 229.77
                        Mean action std: 0.52
--------------------------------------------------------------------------------
                         Iteration time: 8.13s
                           Time elapsed: 0:28:57
                                    ETA: 0:39:39

################################################################################
[1m                           Learning iteration 211/500                           [0m 

                               Run name: chase_clip06
                            Total steps: 2605056 
                       Steps per second: 1488 
                        Collection time: 8.144s 
                          Learning time: 0.113s 
                        Mean value loss: 0.1993
                    Mean surrogate loss: -0.0056
                      Mean entropy loss: 1.9074
                            Mean reward: 10.60
                    Mean episode length: 235.34
                        Mean action std: 0.52
--------------------------------------------------------------------------------
                         Iteration time: 8.26s
                           Time elapsed: 0:29:05
                                    ETA: 0:39:30

################################################################################
[1m                           Learning iteration 212/500                           [0m 

                               Run name: chase_clip06
                            Total steps: 2617344 
                       Steps per second: 1497 
                        Collection time: 8.093s 
                          Learning time: 0.111s 
                        Mean value loss: 0.7045
                    Mean surrogate loss: -0.0056
                      Mean entropy loss: 1.9082
                            Mean reward: 10.38
                    Mean episode length: 229.46
                        Mean action std: 0.52
--------------------------------------------------------------------------------
                         Iteration time: 8.20s
                           Time elapsed: 0:29:13
                                    ETA: 0:39:22

################################################################################
[1m                           Learning iteration 213/500                           [0m 

                               Run name: chase_clip06
                            Total steps: 2629632 
                       Steps per second: 1501 
                        Collection time: 8.072s 
                          Learning time: 0.112s 
                        Mean value loss: 0.3404
                    Mean surrogate loss: -0.0039
                      Mean entropy loss: 1.9066
                            Mean reward: 9.87
                    Mean episode length: 223.58
                        Mean action std: 0.52
--------------------------------------------------------------------------------
                         Iteration time: 8.18s
                           Time elapsed: 0:29:21
                                    ETA: 0:39:14

################################################################################
[1m                           Learning iteration 214/500                           [0m 

                               Run name: chase_clip06
                            Total steps: 2641920 
                       Steps per second: 1494 
                        Collection time: 8.108s 
                          Learning time: 0.114s 
                        Mean value loss: 0.1630
                    Mean surrogate loss: -0.0067
                      Mean entropy loss: 1.9035
                            Mean reward: 10.94
                    Mean episode length: 230.98
                        Mean action std: 0.52
--------------------------------------------------------------------------------
                         Iteration time: 8.22s
                           Time elapsed: 0:29:29
                                    ETA: 0:39:06

################################################################################
[1m                           Learning iteration 215/500                           [0m 

                               Run name: chase_clip06
                            Total steps: 2654208 
                       Steps per second: 1499 
                        Collection time: 8.081s 
                          Learning time: 0.113s 
                        Mean value loss: 0.1291
                    Mean surrogate loss: -0.0028
                      Mean entropy loss: 1.8796
                            Mean reward: 11.21
                    Mean episode length: 236.58
                        Mean action std: 0.52
--------------------------------------------------------------------------------
                         Iteration time: 8.19s
                           Time elapsed: 0:29:38
                                    ETA: 0:38:57

################################################################################
[1m                           Learning iteration 216/500                           [0m 

                               Run name: chase_clip06
                            Total steps: 2666496 
                       Steps per second: 1519 
                        Collection time: 7.976s 
                          Learning time: 0.108s 
                        Mean value loss: 0.3406
                    Mean surrogate loss: -0.0056
                      Mean entropy loss: 1.8664
                            Mean reward: 11.98
                    Mean episode length: 238.88
                        Mean action std: 0.52
--------------------------------------------------------------------------------
                         Iteration time: 8.08s
                           Time elapsed: 0:29:46
                                    ETA: 0:38:49

################################################################################
[1m                           Learning iteration 217/500                           [0m 

                               Run name: chase_clip06
                            Total steps: 2678784 
                       Steps per second: 1533 
                        Collection time: 7.902s 
                          Learning time: 0.110s 
                        Mean value loss: 0.2345
                    Mean surrogate loss: -0.0065
                      Mean entropy loss: 1.8748
                            Mean reward: 11.35
                    Mean episode length: 235.81
                        Mean action std: 0.52
--------------------------------------------------------------------------------
                         Iteration time: 8.01s
                           Time elapsed: 0:29:54
                                    ETA: 0:38:40

################################################################################
[1m                           Learning iteration 218/500                           [0m 

                               Run name: chase_clip06
                            Total steps: 2691072 
                       Steps per second: 1543 
                        Collection time: 7.852s 
                          Learning time: 0.109s 
                        Mean value loss: 0.1411
                    Mean surrogate loss: -0.0056
                      Mean entropy loss: 1.8825
                            Mean reward: 11.61
                    Mean episode length: 236.26
                        Mean action std: 0.52
--------------------------------------------------------------------------------
                         Iteration time: 7.96s
                           Time elapsed: 0:30:02
                                    ETA: 0:38:32

################################################################################
[1m                           Learning iteration 219/500                           [0m 

                               Run name: chase_clip06
                            Total steps: 2703360 
                       Steps per second: 1528 
                        Collection time: 7.929s 
                          Learning time: 0.110s 
                        Mean value loss: 0.0807
                    Mean surrogate loss: -0.0059
                      Mean entropy loss: 1.8612
                            Mean reward: 11.99
                    Mean episode length: 239.33
                        Mean action std: 0.51
--------------------------------------------------------------------------------
                         Iteration time: 8.04s
                           Time elapsed: 0:30:10
                                    ETA: 0:38:23

################################################################################
[1m                           Learning iteration 220/500                           [0m 

                               Run name: chase_clip06
                            Total steps: 2715648 
                       Steps per second: 1539 
                        Collection time: 7.871s 
                          Learning time: 0.109s 
                        Mean value loss: 0.1984
                    Mean surrogate loss: -0.0044
                      Mean entropy loss: 1.8345
                            Mean reward: 11.83
                    Mean episode length: 238.86
                        Mean action std: 0.51
--------------------------------------------------------------------------------
                         Iteration time: 7.98s
                           Time elapsed: 0:30:18
                                    ETA: 0:38:15

################################################################################
[1m                           Learning iteration 221/500                           [0m 

                               Run name: chase_clip06
                            Total steps: 2727936 
                       Steps per second: 1528 
                        Collection time: 7.929s 
                          Learning time: 0.110s 
                        Mean value loss: 0.4227
                    Mean surrogate loss: -0.0057
                      Mean entropy loss: 1.8314
                            Mean reward: 10.74
                    Mean episode length: 231.32
                        Mean action std: 0.51
--------------------------------------------------------------------------------
                         Iteration time: 8.04s
                           Time elapsed: 0:30:26
                                    ETA: 0:38:06

################################################################################
[1m                           Learning iteration 222/500                           [0m 

                               Run name: chase_clip06
                            Total steps: 2740224 
                       Steps per second: 1537 
                        Collection time: 7.888s 
                          Learning time: 0.105s 
                        Mean value loss: 0.3697
                    Mean surrogate loss: -0.0052
                      Mean entropy loss: 1.8277
                            Mean reward: 10.16
                    Mean episode length: 229.09
                        Mean action std: 0.51
--------------------------------------------------------------------------------
                         Iteration time: 7.99s
                           Time elapsed: 0:30:34
                                    ETA: 0:37:58

################################################################################
[1m                           Learning iteration 223/500                           [0m 

                               Run name: chase_clip06
                            Total steps: 2752512 
                       Steps per second: 1543 
                        Collection time: 7.852s 
                          Learning time: 0.109s 
                        Mean value loss: 0.0414
                    Mean surrogate loss: -0.0056
                      Mean entropy loss: 1.8116
                            Mean reward: 11.30
                    Mean episode length: 234.27
                        Mean action std: 0.51
--------------------------------------------------------------------------------
                         Iteration time: 7.96s
                           Time elapsed: 0:30:42
                                    ETA: 0:37:49

################################################################################
[1m                           Learning iteration 224/500                           [0m 

                               Run name: chase_clip06
                            Total steps: 2764800 
                       Steps per second: 1532 
                        Collection time: 7.909s 
                          Learning time: 0.109s 
                        Mean value loss: 0.1069
                    Mean surrogate loss: -0.0051
                      Mean entropy loss: 1.7736
                            Mean reward: 11.75
                    Mean episode length: 238.21
                        Mean action std: 0.51
--------------------------------------------------------------------------------
                         Iteration time: 8.02s
                           Time elapsed: 0:30:50
                                    ETA: 0:37:41

################################################################################
[1m                           Learning iteration 225/500                           [0m 

                               Run name: chase_clip06
                            Total steps: 2777088 
                       Steps per second: 1543 
                        Collection time: 7.852s 
                          Learning time: 0.109s 
                        Mean value loss: 0.0716
                    Mean surrogate loss: -0.0068
                      Mean entropy loss: 1.7746
                            Mean reward: 11.63
                    Mean episode length: 238.03
                        Mean action std: 0.51
--------------------------------------------------------------------------------
                         Iteration time: 7.96s
                           Time elapsed: 0:30:58
                                    ETA: 0:37:32

################################################################################
[1m                           Learning iteration 226/500                           [0m 

                               Run name: chase_clip06
                            Total steps: 2789376 
                       Steps per second: 1532 
                        Collection time: 7.908s 
                          Learning time: 0.108s 
                        Mean value loss: 0.6225
                    Mean surrogate loss: -0.0046
                      Mean entropy loss: 1.7707
                            Mean reward: 11.04
                    Mean episode length: 235.46
                        Mean action std: 0.51
--------------------------------------------------------------------------------
                         Iteration time: 8.02s
                           Time elapsed: 0:31:06
                                    ETA: 0:37:24

################################################################################
[1m                           Learning iteration 227/500                           [0m 

                               Run name: chase_clip06
                            Total steps: 2801664 
                       Steps per second: 1522 
                        Collection time: 7.958s 
                          Learning time: 0.111s 
                        Mean value loss: 0.2664
                    Mean surrogate loss: -0.0032
                      Mean entropy loss: 1.7713
                            Mean reward: 10.81
                    Mean episode length: 233.59
                        Mean action std: 0.51
--------------------------------------------------------------------------------
                         Iteration time: 8.07s
                           Time elapsed: 0:31:14
                                    ETA: 0:37:15

################################################################################
[1m                           Learning iteration 228/500                           [0m 

                               Run name: chase_clip06
                            Total steps: 2813952 
                       Steps per second: 1533 
                        Collection time: 7.903s 
                          Learning time: 0.110s 
                        Mean value loss: 0.0411
                    Mean surrogate loss: -0.0052
                      Mean entropy loss: 1.7687
                            Mean reward: 11.67
                    Mean episode length: 239.13
                        Mean action std: 0.51
--------------------------------------------------------------------------------
                         Iteration time: 8.01s
                           Time elapsed: 0:31:22
                                    ETA: 0:37:07

################################################################################
[1m                           Learning iteration 229/500                           [0m 

                               Run name: chase_clip06
                            Total steps: 2826240 
                       Steps per second: 1529 
                        Collection time: 7.926s 
                          Learning time: 0.110s 
                        Mean value loss: 0.5112
                    Mean surrogate loss: -0.0059
                      Mean entropy loss: 1.7518
                            Mean reward: 10.88
                    Mean episode length: 232.13
                        Mean action std: 0.51
--------------------------------------------------------------------------------
                         Iteration time: 8.04s
                           Time elapsed: 0:31:30
                                    ETA: 0:36:59

################################################################################
[1m                           Learning iteration 230/500                           [0m 

                               Run name: chase_clip06
                            Total steps: 2838528 
                       Steps per second: 1536 
                        Collection time: 7.888s 
                          Learning time: 0.111s 
                        Mean value loss: 0.2702
                    Mean surrogate loss: -0.0046
                      Mean entropy loss: 1.7573
                            Mean reward: 10.32
                    Mean episode length: 228.33
                        Mean action std: 0.51
--------------------------------------------------------------------------------
                         Iteration time: 8.00s
                           Time elapsed: 0:31:38
                                    ETA: 0:36:50

################################################################################
[1m                           Learning iteration 231/500                           [0m 

                               Run name: chase_clip06
                            Total steps: 2850816 
                       Steps per second: 1542 
                        Collection time: 7.858s 
                          Learning time: 0.110s 
                        Mean value loss: 0.4950
                    Mean surrogate loss: -0.0059
                      Mean entropy loss: 1.7621
                            Mean reward: 11.44
                    Mean episode length: 236.49
                        Mean action std: 0.51
--------------------------------------------------------------------------------
                         Iteration time: 7.97s
                           Time elapsed: 0:31:46
                                    ETA: 0:36:42

################################################################################
[1m                           Learning iteration 232/500                           [0m 

                               Run name: chase_clip06
                            Total steps: 2863104 
                       Steps per second: 1542 
                        Collection time: 7.858s 
                          Learning time: 0.109s 
                        Mean value loss: 0.7542
                    Mean surrogate loss: -0.0051
                      Mean entropy loss: 1.7571
                            Mean reward: 11.12
                    Mean episode length: 234.45
                        Mean action std: 0.51
--------------------------------------------------------------------------------
                         Iteration time: 7.97s
                           Time elapsed: 0:31:54
                                    ETA: 0:36:33

################################################################################
[1m                           Learning iteration 233/500                           [0m 

                               Run name: chase_clip06
                            Total steps: 2875392 
                       Steps per second: 1539 
                        Collection time: 7.872s 
                          Learning time: 0.107s 
                        Mean value loss: 0.4593
                    Mean surrogate loss: -0.0053
                      Mean entropy loss: 1.7578
                            Mean reward: 10.54
                    Mean episode length: 231.85
                        Mean action std: 0.51
--------------------------------------------------------------------------------
                         Iteration time: 7.98s
                           Time elapsed: 0:32:02
                                    ETA: 0:36:25

################################################################################
[1m                           Learning iteration 234/500                           [0m 

                               Run name: chase_clip06
                            Total steps: 2887680 
                       Steps per second: 1532 
                        Collection time: 7.909s 
                          Learning time: 0.108s 
                        Mean value loss: 0.5104
                    Mean surrogate loss: -0.0057
                      Mean entropy loss: 1.7642
                            Mean reward: 9.71
                    Mean episode length: 233.13
                        Mean action std: 0.51
--------------------------------------------------------------------------------
                         Iteration time: 8.02s
                           Time elapsed: 0:32:10
                                    ETA: 0:36:16

################################################################################
[1m                           Learning iteration 235/500                           [0m 

                               Run name: chase_clip06
                            Total steps: 2899968 
                       Steps per second: 1536 
                        Collection time: 7.888s 
                          Learning time: 0.107s 
                        Mean value loss: 0.6983
                    Mean surrogate loss: -0.0055
                      Mean entropy loss: 1.7739
                            Mean reward: 9.40
                    Mean episode length: 224.02
                        Mean action std: 0.51
--------------------------------------------------------------------------------
                         Iteration time: 8.00s
                           Time elapsed: 0:32:18
                                    ETA: 0:36:08

################################################################################
[1m                           Learning iteration 236/500                           [0m 

                               Run name: chase_clip06
                            Total steps: 2912256 
                       Steps per second: 1539 
                        Collection time: 7.875s 
                          Learning time: 0.110s 
                        Mean value loss: 0.3609
                    Mean surrogate loss: -0.0024
                      Mean entropy loss: 1.7749
                            Mean reward: 10.61
                    Mean episode length: 230.08
                        Mean action std: 0.51
--------------------------------------------------------------------------------
                         Iteration time: 7.98s
                           Time elapsed: 0:32:26
                                    ETA: 0:35:59

################################################################################
[1m                           Learning iteration 237/500                           [0m 

                               Run name: chase_clip06
                            Total steps: 2924544 
                       Steps per second: 1544 
                        Collection time: 7.848s 
                          Learning time: 0.109s 
                        Mean value loss: 0.5133
                    Mean surrogate loss: -0.0040
                      Mean entropy loss: 1.7803
                            Mean reward: 10.43
                    Mean episode length: 229.53
                        Mean action std: 0.51
--------------------------------------------------------------------------------
                         Iteration time: 7.96s
                           Time elapsed: 0:32:34
                                    ETA: 0:35:51

################################################################################
[1m                           Learning iteration 238/500                           [0m 

                               Run name: chase_clip06
                            Total steps: 2936832 
                       Steps per second: 1538 
                        Collection time: 7.879s 
                          Learning time: 0.110s 
                        Mean value loss: 1.6393
                    Mean surrogate loss: -0.0038
                      Mean entropy loss: 1.7839
                            Mean reward: 9.39
                    Mean episode length: 226.16
                        Mean action std: 0.51
--------------------------------------------------------------------------------
                         Iteration time: 7.99s
                           Time elapsed: 0:32:42
                                    ETA: 0:35:42

################################################################################
[1m                           Learning iteration 239/500                           [0m 

                               Run name: chase_clip06
                            Total steps: 2949120 
                       Steps per second: 1534 
                        Collection time: 7.897s 
                          Learning time: 0.109s 
                        Mean value loss: 1.2899
                    Mean surrogate loss: -0.0033
                      Mean entropy loss: 1.8084
                            Mean reward: 8.91
                    Mean episode length: 227.68
                        Mean action std: 0.52
--------------------------------------------------------------------------------
                         Iteration time: 8.01s
                           Time elapsed: 0:32:50
                                    ETA: 0:35:34

################################################################################
[1m                           Learning iteration 240/500                           [0m 

                               Run name: chase_clip06
                            Total steps: 2961408 
                       Steps per second: 1551 
                        Collection time: 7.812s 
                          Learning time: 0.110s 
                        Mean value loss: 0.5659
                    Mean surrogate loss: -0.0034
                      Mean entropy loss: 1.8189
                            Mean reward: 8.82
                    Mean episode length: 231.73
                        Mean action std: 0.52
--------------------------------------------------------------------------------
                         Iteration time: 7.92s
                           Time elapsed: 0:32:58
                                    ETA: 0:35:25

################################################################################
[1m                           Learning iteration 241/500                           [0m 

                               Run name: chase_clip06
                            Total steps: 2973696 
                       Steps per second: 1534 
                        Collection time: 7.902s 
                          Learning time: 0.108s 
                        Mean value loss: 0.1364
                    Mean surrogate loss: -0.0028
                      Mean entropy loss: 1.8215
                            Mean reward: 10.38
                    Mean episode length: 234.53
                        Mean action std: 0.52
--------------------------------------------------------------------------------
                         Iteration time: 8.01s
                           Time elapsed: 0:33:06
                                    ETA: 0:35:17

################################################################################
[1m                           Learning iteration 242/500                           [0m 

                               Run name: chase_clip06
                            Total steps: 2985984 
                       Steps per second: 1544 
                        Collection time: 7.846s 
                          Learning time: 0.109s 
                        Mean value loss: 0.0374
                    Mean surrogate loss: -0.0024
                      Mean entropy loss: 1.8204
                            Mean reward: 11.04
                    Mean episode length: 232.95
                        Mean action std: 0.52
--------------------------------------------------------------------------------
                         Iteration time: 7.95s
                           Time elapsed: 0:33:14
                                    ETA: 0:35:08

################################################################################
[1m                           Learning iteration 243/500                           [0m 

                               Run name: chase_clip06
                            Total steps: 2998272 
                       Steps per second: 1545 
                        Collection time: 7.842s 
                          Learning time: 0.109s 
                        Mean value loss: 0.3140
                    Mean surrogate loss: -0.0044
                      Mean entropy loss: 1.8252
                            Mean reward: 11.22
                    Mean episode length: 235.12
                        Mean action std: 0.52
--------------------------------------------------------------------------------
                         Iteration time: 7.95s
                           Time elapsed: 0:33:21
                                    ETA: 0:35:00

################################################################################
[1m                           Learning iteration 244/500                           [0m 

                               Run name: chase_clip06
                            Total steps: 3010560 
                       Steps per second: 1542 
                        Collection time: 7.857s 
                          Learning time: 0.112s 
                        Mean value loss: 0.1853
                    Mean surrogate loss: -0.0043
                      Mean entropy loss: 1.8324
                            Mean reward: 11.27
                    Mean episode length: 234.03
                        Mean action std: 0.52
--------------------------------------------------------------------------------
                         Iteration time: 7.97s
                           Time elapsed: 0:33:29
                                    ETA: 0:34:51

################################################################################
[1m                           Learning iteration 245/500                           [0m 

                               Run name: chase_clip06
                            Total steps: 3022848 
                       Steps per second: 1541 
                        Collection time: 7.861s 
                          Learning time: 0.112s 
                        Mean value loss: 0.6843
                    Mean surrogate loss: -0.0032
                      Mean entropy loss: 1.8409
                            Mean reward: 11.83
                    Mean episode length: 238.33
                        Mean action std: 0.52
--------------------------------------------------------------------------------
                         Iteration time: 7.97s
                           Time elapsed: 0:33:37
                                    ETA: 0:34:43

################################################################################
[1m                           Learning iteration 246/500                           [0m 

                               Run name: chase_clip06
                            Total steps: 3035136 
                       Steps per second: 1531 
                        Collection time: 7.915s 
                          Learning time: 0.110s 
                        Mean value loss: 0.4782
                    Mean surrogate loss: -0.0032
                      Mean entropy loss: 1.8435
                            Mean reward: 10.85
                    Mean episode length: 236.35
                        Mean action std: 0.52
--------------------------------------------------------------------------------
                         Iteration time: 8.02s
                           Time elapsed: 0:33:45
                                    ETA: 0:34:35

################################################################################
[1m                           Learning iteration 247/500                           [0m 

                               Run name: chase_clip06
                            Total steps: 3047424 
                       Steps per second: 1537 
                        Collection time: 7.881s 
                          Learning time: 0.111s 
                        Mean value loss: 0.5883
                    Mean surrogate loss: -0.0052
                      Mean entropy loss: 1.8505
                            Mean reward: 10.54
                    Mean episode length: 230.92
                        Mean action std: 0.52
--------------------------------------------------------------------------------
                         Iteration time: 7.99s
                           Time elapsed: 0:33:53
                                    ETA: 0:34:26

################################################################################
[1m                           Learning iteration 248/500                           [0m 

                               Run name: chase_clip06
                            Total steps: 3059712 
                       Steps per second: 1539 
                        Collection time: 7.874s 
                          Learning time: 0.109s 
                        Mean value loss: 0.3187
                    Mean surrogate loss: -0.0055
                      Mean entropy loss: 1.8620
                            Mean reward: 10.53
                    Mean episode length: 227.97
                        Mean action std: 0.52
--------------------------------------------------------------------------------
                         Iteration time: 7.98s
                           Time elapsed: 0:34:01
                                    ETA: 0:34:18

################################################################################
[1m                           Learning iteration 249/500                           [0m 

                               Run name: chase_clip06
                            Total steps: 3072000 
                       Steps per second: 1540 
                        Collection time: 7.866s 
                          Learning time: 0.109s 
                        Mean value loss: 0.2251
                    Mean surrogate loss: -0.0054
                      Mean entropy loss: 1.8633
                            Mean reward: 11.52
                    Mean episode length: 233.39
                        Mean action std: 0.52
--------------------------------------------------------------------------------
                         Iteration time: 7.97s
                           Time elapsed: 0:34:09
                                    ETA: 0:34:09

################################################################################
[1m                           Learning iteration 250/500                           [0m 

                               Run name: chase_clip06
                            Total steps: 3084288 
                       Steps per second: 1529 
                        Collection time: 7.925s 
                          Learning time: 0.110s 
                        Mean value loss: 0.2174
                    Mean surrogate loss: -0.0051
                      Mean entropy loss: 1.8673
                            Mean reward: 11.59
                    Mean episode length: 233.73
                        Mean action std: 0.52
--------------------------------------------------------------------------------
                         Iteration time: 8.04s
                           Time elapsed: 0:34:17
                                    ETA: 0:34:01

################################################################################
[1m                           Learning iteration 251/500                           [0m 

                               Run name: chase_clip06
                            Total steps: 3096576 
                       Steps per second: 1535 
                        Collection time: 7.895s 
                          Learning time: 0.109s 
                        Mean value loss: 0.7864
                    Mean surrogate loss: -0.0069
                      Mean entropy loss: 1.8763
                            Mean reward: 11.03
                    Mean episode length: 229.40
                        Mean action std: 0.53
--------------------------------------------------------------------------------
                         Iteration time: 8.00s
                           Time elapsed: 0:34:25
                                    ETA: 0:33:53

################################################################################
[1m                           Learning iteration 252/500                           [0m 

                               Run name: chase_clip06
                            Total steps: 3108864 
                       Steps per second: 1541 
                        Collection time: 7.859s 
                          Learning time: 0.110s 
                        Mean value loss: 1.1326
                    Mean surrogate loss: -0.0038
                      Mean entropy loss: 1.8794
                            Mean reward: 8.72
                    Mean episode length: 220.84
                        Mean action std: 0.53
--------------------------------------------------------------------------------
                         Iteration time: 7.97s
                           Time elapsed: 0:34:33
                                    ETA: 0:33:44

################################################################################
[1m                           Learning iteration 253/500                           [0m 

                               Run name: chase_clip06
                            Total steps: 3121152 
                       Steps per second: 1528 
                        Collection time: 7.928s 
                          Learning time: 0.111s 
                        Mean value loss: 0.5884
                    Mean surrogate loss: -0.0073
                      Mean entropy loss: 1.8809
                            Mean reward: 8.16
                    Mean episode length: 213.62
                        Mean action std: 0.53
--------------------------------------------------------------------------------
                         Iteration time: 8.04s
                           Time elapsed: 0:34:41
                                    ETA: 0:33:36

################################################################################
[1m                           Learning iteration 254/500                           [0m 

                               Run name: chase_clip06
                            Total steps: 3133440 
                       Steps per second: 1537 
                        Collection time: 7.885s 
                          Learning time: 0.109s 
                        Mean value loss: 0.4157
                    Mean surrogate loss: -0.0058
                      Mean entropy loss: 1.8939
                            Mean reward: 10.42
                    Mean episode length: 226.65
                        Mean action std: 0.53
--------------------------------------------------------------------------------
                         Iteration time: 7.99s
                           Time elapsed: 0:34:49
                                    ETA: 0:33:27

################################################################################
[1m                           Learning iteration 255/500                           [0m 

                               Run name: chase_clip06
                            Total steps: 3145728 
                       Steps per second: 1532 
                        Collection time: 7.905s 
                          Learning time: 0.112s 
                        Mean value loss: 0.9304
                    Mean surrogate loss: -0.0074
                      Mean entropy loss: 1.8826
                            Mean reward: 10.08
                    Mean episode length: 229.95
                        Mean action std: 0.53
--------------------------------------------------------------------------------
                         Iteration time: 8.02s
                           Time elapsed: 0:34:57
                                    ETA: 0:33:19

################################################################################
[1m                           Learning iteration 256/500                           [0m 

                               Run name: chase_clip06
                            Total steps: 3158016 
                       Steps per second: 1535 
                        Collection time: 7.894s 
                          Learning time: 0.110s 
                        Mean value loss: 0.4344
                    Mean surrogate loss: -0.0044
                      Mean entropy loss: 1.8639
                            Mean reward: 11.00
                    Mean episode length: 228.93
                        Mean action std: 0.53
--------------------------------------------------------------------------------
                         Iteration time: 8.00s
                           Time elapsed: 0:35:05
                                    ETA: 0:33:11

################################################################################
[1m                           Learning iteration 257/500                           [0m 

                               Run name: chase_clip06
                            Total steps: 3170304 
                       Steps per second: 1441 
                        Collection time: 8.417s 
                          Learning time: 0.108s 
                        Mean value loss: 0.3170
                    Mean surrogate loss: -0.0060
                      Mean entropy loss: 1.8710
                            Mean reward: 10.23
                    Mean episode length: 224.55
                        Mean action std: 0.53
--------------------------------------------------------------------------------
                         Iteration time: 8.53s
                           Time elapsed: 0:35:14
                                    ETA: 0:33:03

################################################################################
[1m                           Learning iteration 258/500                           [0m 

                               Run name: chase_clip06
                            Total steps: 3182592 
                       Steps per second: 1527 
                        Collection time: 7.933s 
                          Learning time: 0.109s 
                        Mean value loss: 1.5843
                    Mean surrogate loss: -0.0066
                      Mean entropy loss: 1.8709
                            Mean reward: 9.24
                    Mean episode length: 219.07
                        Mean action std: 0.53
--------------------------------------------------------------------------------
                         Iteration time: 8.04s
                           Time elapsed: 0:35:22
                                    ETA: 0:32:55

################################################################################
[1m                           Learning iteration 259/500                           [0m 

                               Run name: chase_clip06
                            Total steps: 3194880 
                       Steps per second: 1524 
                        Collection time: 7.948s 
                          Learning time: 0.111s 
                        Mean value loss: 0.7141
                    Mean surrogate loss: -0.0048
                      Mean entropy loss: 1.8703
                            Mean reward: 8.77
                    Mean episode length: 217.86
                        Mean action std: 0.53
--------------------------------------------------------------------------------
                         Iteration time: 8.06s
                           Time elapsed: 0:35:30
                                    ETA: 0:32:46

################################################################################
[1m                           Learning iteration 260/500                           [0m 

                               Run name: chase_clip06
                            Total steps: 3207168 
                       Steps per second: 1531 
                        Collection time: 7.915s 
                          Learning time: 0.110s 
                        Mean value loss: 0.2156
                    Mean surrogate loss: -0.0042
                      Mean entropy loss: 1.8780
                            Mean reward: 10.40
                    Mean episode length: 224.84
                        Mean action std: 0.53
--------------------------------------------------------------------------------
                         Iteration time: 8.02s
                           Time elapsed: 0:35:38
                                    ETA: 0:32:38

################################################################################
[1m                           Learning iteration 261/500                           [0m 

                               Run name: chase_clip06
                            Total steps: 3219456 
                       Steps per second: 1510 
                        Collection time: 8.020s 
                          Learning time: 0.113s 
                        Mean value loss: 0.1133
                    Mean surrogate loss: -0.0047
                      Mean entropy loss: 1.8727
                            Mean reward: 11.06
                    Mean episode length: 233.67
                        Mean action std: 0.53
--------------------------------------------------------------------------------
                         Iteration time: 8.13s
                           Time elapsed: 0:35:46
                                    ETA: 0:32:30

################################################################################
[1m                           Learning iteration 262/500                           [0m 

                               Run name: chase_clip06
                            Total steps: 3231744 
                       Steps per second: 1528 
                        Collection time: 7.928s 
                          Learning time: 0.109s 
                        Mean value loss: 0.1916
                    Mean surrogate loss: -0.0045
                      Mean entropy loss: 1.8714
                            Mean reward: 11.02
                    Mean episode length: 233.96
                        Mean action std: 0.53
--------------------------------------------------------------------------------
                         Iteration time: 8.04s
                           Time elapsed: 0:35:54
                                    ETA: 0:32:21

################################################################################
[1m                           Learning iteration 263/500                           [0m 

                               Run name: chase_clip06
                            Total steps: 3244032 
                       Steps per second: 1537 
                        Collection time: 7.884s 
                          Learning time: 0.109s 
                        Mean value loss: 0.1854
                    Mean surrogate loss: -0.0050
                      Mean entropy loss: 1.8776
                            Mean reward: 11.21
                    Mean episode length: 235.70
                        Mean action std: 0.53
--------------------------------------------------------------------------------
                         Iteration time: 7.99s
                           Time elapsed: 0:36:02
                                    ETA: 0:32:13

################################################################################
[1m                           Learning iteration 264/500                           [0m 

                               Run name: chase_clip06
                            Total steps: 3256320 
                       Steps per second: 1542 
                        Collection time: 7.855s 
                          Learning time: 0.111s 
                        Mean value loss: 0.2527
                    Mean surrogate loss: -0.0040
                      Mean entropy loss: 1.8702
                            Mean reward: 11.32
                    Mean episode length: 234.39
                        Mean action std: 0.53
--------------------------------------------------------------------------------
                         Iteration time: 7.97s
                           Time elapsed: 0:36:10
                                    ETA: 0:32:04

################################################################################
[1m                           Learning iteration 265/500                           [0m 

                               Run name: chase_clip06
                            Total steps: 3268608 
                       Steps per second: 1540 
                        Collection time: 7.867s 
                          Learning time: 0.110s 
                        Mean value loss: 0.0651
                    Mean surrogate loss: -0.0038
                      Mean entropy loss: 1.8430
                            Mean reward: 11.54
                    Mean episode length: 236.38
                        Mean action std: 0.52
--------------------------------------------------------------------------------
                         Iteration time: 7.98s
                           Time elapsed: 0:36:18
                                    ETA: 0:31:56

################################################################################
[1m                           Learning iteration 266/500                           [0m 

                               Run name: chase_clip06
                            Total steps: 3280896 
                       Steps per second: 1545 
                        Collection time: 7.842s 
                          Learning time: 0.110s 
                        Mean value loss: 0.1101
                    Mean surrogate loss: -0.0057
                      Mean entropy loss: 1.8237
                            Mean reward: 11.67
                    Mean episode length: 238.88
                        Mean action std: 0.52
--------------------------------------------------------------------------------
                         Iteration time: 7.95s
                           Time elapsed: 0:36:26
                                    ETA: 0:31:48

################################################################################
[1m                           Learning iteration 267/500                           [0m 

                               Run name: chase_clip06
                            Total steps: 3293184 
                       Steps per second: 1542 
                        Collection time: 7.859s 
                          Learning time: 0.106s 
                        Mean value loss: 0.4691
                    Mean surrogate loss: -0.0034
                      Mean entropy loss: 1.8346
                            Mean reward: 11.45
                    Mean episode length: 236.91
                        Mean action std: 0.52
--------------------------------------------------------------------------------
                         Iteration time: 7.96s
                           Time elapsed: 0:36:34
                                    ETA: 0:31:39

################################################################################
[1m                           Learning iteration 268/500                           [0m 

                               Run name: chase_clip06
                            Total steps: 3305472 
                       Steps per second: 1539 
                        Collection time: 7.874s 
                          Learning time: 0.110s 
                        Mean value loss: 0.3248
                    Mean surrogate loss: -0.0032
                      Mean entropy loss: 1.8377
                            Mean reward: 11.64
                    Mean episode length: 237.05
                        Mean action std: 0.52
--------------------------------------------------------------------------------
                         Iteration time: 7.98s
                           Time elapsed: 0:36:42
                                    ETA: 0:31:31

################################################################################
[1m                           Learning iteration 269/500                           [0m 

                               Run name: chase_clip06
                            Total steps: 3317760 
                       Steps per second: 1538 
                        Collection time: 7.878s 
                          Learning time: 0.109s 
                        Mean value loss: 0.4292
                    Mean surrogate loss: -0.0036
                      Mean entropy loss: 1.8425
                            Mean reward: 11.36
                    Mean episode length: 234.65
                        Mean action std: 0.52
--------------------------------------------------------------------------------
                         Iteration time: 7.99s
                           Time elapsed: 0:36:50
                                    ETA: 0:31:23

################################################################################
[1m                           Learning iteration 270/500                           [0m 

                               Run name: chase_clip06
                            Total steps: 3330048 
                       Steps per second: 1543 
                        Collection time: 7.856s 
                          Learning time: 0.107s 
                        Mean value loss: 0.2067
                    Mean surrogate loss: -0.0036
                      Mean entropy loss: 1.8514
                            Mean reward: 11.06
                    Mean episode length: 233.40
                        Mean action std: 0.53
--------------------------------------------------------------------------------
                         Iteration time: 7.96s
                           Time elapsed: 0:36:58
                                    ETA: 0:31:14

################################################################################
[1m                           Learning iteration 271/500                           [0m 

                               Run name: chase_clip06
                            Total steps: 3342336 
                       Steps per second: 1545 
                        Collection time: 7.839s 
                          Learning time: 0.110s 
                        Mean value loss: 0.3161
                    Mean surrogate loss: -0.0045
                      Mean entropy loss: 1.8703
                            Mean reward: 10.98
                    Mean episode length: 235.15
                        Mean action std: 0.53
--------------------------------------------------------------------------------
                         Iteration time: 7.95s
                           Time elapsed: 0:37:06
                                    ETA: 0:31:06

################################################################################
[1m                           Learning iteration 272/500                           [0m 

                               Run name: chase_clip06
                            Total steps: 3354624 
                       Steps per second: 1542 
                        Collection time: 7.857s 
                          Learning time: 0.110s 
                        Mean value loss: 0.1437
                    Mean surrogate loss: -0.0029
                      Mean entropy loss: 1.9031
                            Mean reward: 11.19
                    Mean episode length: 237.13
                        Mean action std: 0.53
--------------------------------------------------------------------------------
                         Iteration time: 7.97s
                           Time elapsed: 0:37:14
                                    ETA: 0:30:57

################################################################################
[1m                           Learning iteration 273/500                           [0m 

                               Run name: chase_clip06
                            Total steps: 3366912 
                       Steps per second: 1525 
                        Collection time: 7.948s 
                          Learning time: 0.108s 
                        Mean value loss: 0.9657
                    Mean surrogate loss: -0.0048
                      Mean entropy loss: 1.9147
                            Mean reward: 10.44
                    Mean episode length: 236.94
                        Mean action std: 0.53
--------------------------------------------------------------------------------
                         Iteration time: 8.06s
                           Time elapsed: 0:37:22
                                    ETA: 0:30:49

################################################################################
[1m                           Learning iteration 274/500                           [0m 

                               Run name: chase_clip06
                            Total steps: 3379200 
                       Steps per second: 1546 
                        Collection time: 7.834s 
                          Learning time: 0.111s 
                        Mean value loss: 0.4234
                    Mean surrogate loss: -0.0040
                      Mean entropy loss: 1.9287
                            Mean reward: 9.66
                    Mean episode length: 228.53
                        Mean action std: 0.54
--------------------------------------------------------------------------------
                         Iteration time: 7.94s
                           Time elapsed: 0:37:30
                                    ETA: 0:30:41

################################################################################
[1m                           Learning iteration 275/500                           [0m 

                               Run name: chase_clip06
                            Total steps: 3391488 
                       Steps per second: 1543 
                        Collection time: 7.852s 
                          Learning time: 0.108s 
                        Mean value loss: 0.2196
                    Mean surrogate loss: -0.0034
                      Mean entropy loss: 1.9331
                            Mean reward: 10.35
                    Mean episode length: 230.80
                        Mean action std: 0.53
--------------------------------------------------------------------------------
                         Iteration time: 7.96s
                           Time elapsed: 0:37:38
                                    ETA: 0:30:32

################################################################################
[1m                           Learning iteration 276/500                           [0m 

                               Run name: chase_clip06
                            Total steps: 3403776 
                       Steps per second: 1543 
                        Collection time: 7.852s 
                          Learning time: 0.108s 
                        Mean value loss: 0.4146
                    Mean surrogate loss: -0.0044
                      Mean entropy loss: 1.9204
                            Mean reward: 10.79
                    Mean episode length: 235.92
                        Mean action std: 0.53
--------------------------------------------------------------------------------
                         Iteration time: 7.96s
                           Time elapsed: 0:37:46
                                    ETA: 0:30:24

################################################################################
[1m                           Learning iteration 277/500                           [0m 

                               Run name: chase_clip06
                            Total steps: 3416064 
                       Steps per second: 1528 
                        Collection time: 7.926s 
                          Learning time: 0.112s 
                        Mean value loss: 0.3119
                    Mean surrogate loss: -0.0044
                      Mean entropy loss: 1.9184
                            Mean reward: 10.62
                    Mean episode length: 234.90
                        Mean action std: 0.53
--------------------------------------------------------------------------------
                         Iteration time: 8.04s
                           Time elapsed: 0:37:54
                                    ETA: 0:30:16

################################################################################
[1m                           Learning iteration 278/500                           [0m 

                               Run name: chase_clip06
                            Total steps: 3428352 
                       Steps per second: 1511 
                        Collection time: 8.018s 
                          Learning time: 0.112s 
                        Mean value loss: 0.2592
                    Mean surrogate loss: -0.0048
                      Mean entropy loss: 1.9114
                            Mean reward: 9.94
                    Mean episode length: 226.87
                        Mean action std: 0.53
--------------------------------------------------------------------------------
                         Iteration time: 8.13s
                           Time elapsed: 0:38:02
                                    ETA: 0:30:08

################################################################################
[1m                           Learning iteration 279/500                           [0m 

                               Run name: chase_clip06
                            Total steps: 3440640 
                       Steps per second: 1500 
                        Collection time: 8.076s 
                          Learning time: 0.112s 
                        Mean value loss: 0.0328
                    Mean surrogate loss: -0.0048
                      Mean entropy loss: 1.9001
                            Mean reward: 11.39
                    Mean episode length: 238.75
                        Mean action std: 0.53
--------------------------------------------------------------------------------
                         Iteration time: 8.19s
                           Time elapsed: 0:38:10
                                    ETA: 0:29:59

################################################################################
[1m                           Learning iteration 280/500                           [0m 

                               Run name: chase_clip06
                            Total steps: 3452928 
                       Steps per second: 1507 
                        Collection time: 8.040s 
                          Learning time: 0.112s 
                        Mean value loss: 1.3068
                    Mean surrogate loss: -0.0073
                      Mean entropy loss: 1.8779
                            Mean reward: 10.82
                    Mean episode length: 234.00
                        Mean action std: 0.53
--------------------------------------------------------------------------------
                         Iteration time: 8.15s
                           Time elapsed: 0:38:18
                                    ETA: 0:29:51

################################################################################
[1m                           Learning iteration 281/500                           [0m 

                               Run name: chase_clip06
                            Total steps: 3465216 
                       Steps per second: 1544 
                        Collection time: 7.851s 
                          Learning time: 0.107s 
                        Mean value loss: 0.3938
                    Mean surrogate loss: -0.0060
                      Mean entropy loss: 1.8774
                            Mean reward: 9.94
                    Mean episode length: 227.47
                        Mean action std: 0.53
--------------------------------------------------------------------------------
                         Iteration time: 7.96s
                           Time elapsed: 0:38:26
                                    ETA: 0:29:43

################################################################################
[1m                           Learning iteration 282/500                           [0m 

                               Run name: chase_clip06
                            Total steps: 3477504 
                       Steps per second: 1543 
                        Collection time: 7.854s 
                          Learning time: 0.109s 
                        Mean value loss: 0.6483
                    Mean surrogate loss: -0.0074
                      Mean entropy loss: 1.8702
                            Mean reward: 9.09
                    Mean episode length: 221.48
                        Mean action std: 0.53
--------------------------------------------------------------------------------
                         Iteration time: 7.96s
                           Time elapsed: 0:38:34
                                    ETA: 0:29:34

################################################################################
[1m                           Learning iteration 283/500                           [0m 

                               Run name: chase_clip06
                            Total steps: 3489792 
                       Steps per second: 1537 
                        Collection time: 7.880s 
                          Learning time: 0.110s 
                        Mean value loss: 0.1214
                    Mean surrogate loss: -0.0030
                      Mean entropy loss: 1.8596
                            Mean reward: 9.65
                    Mean episode length: 227.40
                        Mean action std: 0.53
--------------------------------------------------------------------------------
                         Iteration time: 7.99s
                           Time elapsed: 0:38:42
                                    ETA: 0:29:26

################################################################################
[1m                           Learning iteration 284/500                           [0m 

                               Run name: chase_clip06
                            Total steps: 3502080 
                       Steps per second: 1544 
                        Collection time: 7.845s 
                          Learning time: 0.110s 
                        Mean value loss: 0.0919
                    Mean surrogate loss: -0.0047
                      Mean entropy loss: 1.8689
                            Mean reward: 10.82
                    Mean episode length: 235.09
                        Mean action std: 0.53
--------------------------------------------------------------------------------
                         Iteration time: 7.95s
                           Time elapsed: 0:38:50
                                    ETA: 0:29:18

################################################################################
[1m                           Learning iteration 285/500                           [0m 

                               Run name: chase_clip06
                            Total steps: 3514368 
                       Steps per second: 1544 
                        Collection time: 7.848s 
                          Learning time: 0.110s 
                        Mean value loss: 0.1919
                    Mean surrogate loss: -0.0050
                      Mean entropy loss: 1.8593
                            Mean reward: 11.34
                    Mean episode length: 233.32
                        Mean action std: 0.53
--------------------------------------------------------------------------------
                         Iteration time: 7.96s
                           Time elapsed: 0:38:58
                                    ETA: 0:29:09

################################################################################
[1m                           Learning iteration 286/500                           [0m 

                               Run name: chase_clip06
                            Total steps: 3526656 
                       Steps per second: 1541 
                        Collection time: 7.864s 
                          Learning time: 0.107s 
                        Mean value loss: 0.1716
                    Mean surrogate loss: -0.0043
                      Mean entropy loss: 1.8616
                            Mean reward: 11.35
                    Mean episode length: 235.37
                        Mean action std: 0.53
--------------------------------------------------------------------------------
                         Iteration time: 7.97s
                           Time elapsed: 0:39:06
                                    ETA: 0:29:01

################################################################################
[1m                           Learning iteration 287/500                           [0m 

                               Run name: chase_clip06
                            Total steps: 3538944 
                       Steps per second: 1542 
                        Collection time: 7.856s 
                          Learning time: 0.110s 
                        Mean value loss: 0.0439
                    Mean surrogate loss: -0.0038
                      Mean entropy loss: 1.8653
                            Mean reward: 11.29
                    Mean episode length: 235.37
                        Mean action std: 0.53
--------------------------------------------------------------------------------
                         Iteration time: 7.97s
                           Time elapsed: 0:39:14
                                    ETA: 0:28:53

################################################################################
[1m                           Learning iteration 288/500                           [0m 

                               Run name: chase_clip06
                            Total steps: 3551232 
                       Steps per second: 1546 
                        Collection time: 7.837s 
                          Learning time: 0.109s 
                        Mean value loss: 0.1872
                    Mean surrogate loss: -0.0036
                      Mean entropy loss: 1.8703
                            Mean reward: 11.45
                    Mean episode length: 240.03
                        Mean action std: 0.53
--------------------------------------------------------------------------------
                         Iteration time: 7.95s
                           Time elapsed: 0:39:22
                                    ETA: 0:28:44

################################################################################
[1m                           Learning iteration 289/500                           [0m 

                               Run name: chase_clip06
                            Total steps: 3563520 
                       Steps per second: 1534 
                        Collection time: 7.896s 
                          Learning time: 0.110s 
                        Mean value loss: 0.9774
                    Mean surrogate loss: -0.0063
                      Mean entropy loss: 1.8821
                            Mean reward: 10.84
                    Mean episode length: 235.84
                        Mean action std: 0.54
--------------------------------------------------------------------------------
                         Iteration time: 8.01s
                           Time elapsed: 0:39:30
                                    ETA: 0:28:36

################################################################################
[1m                           Learning iteration 290/500                           [0m 

                               Run name: chase_clip06
                            Total steps: 3575808 
                       Steps per second: 1543 
                        Collection time: 7.851s 
                          Learning time: 0.111s 
                        Mean value loss: 0.6485
                    Mean surrogate loss: -0.0059
                      Mean entropy loss: 1.8914
                            Mean reward: 10.10
                    Mean episode length: 230.35
                        Mean action std: 0.54
--------------------------------------------------------------------------------
                         Iteration time: 7.96s
                           Time elapsed: 0:39:38
                                    ETA: 0:28:28

################################################################################
[1m                           Learning iteration 291/500                           [0m 

                               Run name: chase_clip06
                            Total steps: 3588096 
                       Steps per second: 1541 
                        Collection time: 7.864s 
                          Learning time: 0.109s 
                        Mean value loss: 0.3188
                    Mean surrogate loss: -0.0063
                      Mean entropy loss: 1.9044
                            Mean reward: 9.73
                    Mean episode length: 225.98
                        Mean action std: 0.54
--------------------------------------------------------------------------------
                         Iteration time: 7.97s
                           Time elapsed: 0:39:46
                                    ETA: 0:28:20

################################################################################
[1m                           Learning iteration 292/500                           [0m 

                               Run name: chase_clip06
                            Total steps: 3600384 
                       Steps per second: 1533 
                        Collection time: 7.903s 
                          Learning time: 0.109s 
                        Mean value loss: 1.4103
                    Mean surrogate loss: -0.0052
                      Mean entropy loss: 1.9151
                            Mean reward: 9.06
                    Mean episode length: 219.75
                        Mean action std: 0.54
--------------------------------------------------------------------------------
                         Iteration time: 8.01s
                           Time elapsed: 0:39:54
                                    ETA: 0:28:11

################################################################################
[1m                           Learning iteration 293/500                           [0m 

                               Run name: chase_clip06
                            Total steps: 3612672 
                       Steps per second: 1547 
                        Collection time: 7.829s 
                          Learning time: 0.110s 
                        Mean value loss: 0.6107
                    Mean surrogate loss: -0.0054
                      Mean entropy loss: 1.9282
                            Mean reward: 9.18
                    Mean episode length: 222.45
                        Mean action std: 0.54
--------------------------------------------------------------------------------
                         Iteration time: 7.94s
                           Time elapsed: 0:40:02
                                    ETA: 0:28:03

################################################################################
[1m                           Learning iteration 294/500                           [0m 

                               Run name: chase_clip06
                            Total steps: 3624960 
                       Steps per second: 1537 
                        Collection time: 7.882s 
                          Learning time: 0.109s 
                        Mean value loss: 0.8895
                    Mean surrogate loss: -0.0060
                      Mean entropy loss: 1.9535
                            Mean reward: 9.55
                    Mean episode length: 224.05
                        Mean action std: 0.54
--------------------------------------------------------------------------------
                         Iteration time: 7.99s
                           Time elapsed: 0:40:10
                                    ETA: 0:27:55

################################################################################
[1m                           Learning iteration 295/500                           [0m 

                               Run name: chase_clip06
                            Total steps: 3637248 
                       Steps per second: 1546 
                        Collection time: 7.836s 
                          Learning time: 0.110s 
                        Mean value loss: 0.4449
                    Mean surrogate loss: -0.0052
                      Mean entropy loss: 1.9589
                            Mean reward: 9.88
                    Mean episode length: 226.83
                        Mean action std: 0.54
--------------------------------------------------------------------------------
                         Iteration time: 7.95s
                           Time elapsed: 0:40:18
                                    ETA: 0:27:46

################################################################################
[1m                           Learning iteration 296/500                           [0m 

                               Run name: chase_clip06
                            Total steps: 3649536 
                       Steps per second: 1521 
                        Collection time: 7.963s 
                          Learning time: 0.112s 
                        Mean value loss: 0.6162
                    Mean surrogate loss: -0.0030
                      Mean entropy loss: 1.9572
                            Mean reward: 10.24
                    Mean episode length: 228.39
                        Mean action std: 0.54
--------------------------------------------------------------------------------
                         Iteration time: 8.07s
                           Time elapsed: 0:40:26
                                    ETA: 0:27:38

################################################################################
[1m                           Learning iteration 297/500                           [0m 

                               Run name: chase_clip06
                            Total steps: 3661824 
                       Steps per second: 1516 
                        Collection time: 7.994s 
                          Learning time: 0.109s 
                        Mean value loss: 0.8105
                    Mean surrogate loss: -0.0047
                      Mean entropy loss: 1.9606
                            Mean reward: 9.95
                    Mean episode length: 227.73
                        Mean action std: 0.54
--------------------------------------------------------------------------------
                         Iteration time: 8.10s
                           Time elapsed: 0:40:34
                                    ETA: 0:27:30

################################################################################
[1m                           Learning iteration 298/500                           [0m 

                               Run name: chase_clip06
                            Total steps: 3674112 
                       Steps per second: 1545 
                        Collection time: 7.839s 
                          Learning time: 0.110s 
                        Mean value loss: 0.2870
                    Mean surrogate loss: -0.0042
                      Mean entropy loss: 1.9637
                            Mean reward: 10.47
                    Mean episode length: 226.01
                        Mean action std: 0.54
--------------------------------------------------------------------------------
                         Iteration time: 7.95s
                           Time elapsed: 0:40:42
                                    ETA: 0:27:21

################################################################################
[1m                           Learning iteration 299/500                           [0m 

                               Run name: chase_clip06
                            Total steps: 3686400 
                       Steps per second: 1540 
                        Collection time: 7.866s 
                          Learning time: 0.110s 
                        Mean value loss: 0.2766
                    Mean surrogate loss: -0.0028
                      Mean entropy loss: 1.9663
                            Mean reward: 11.76
                    Mean episode length: 235.29
                        Mean action std: 0.54
--------------------------------------------------------------------------------
                         Iteration time: 7.98s
                           Time elapsed: 0:40:50
                                    ETA: 0:27:13

################################################################################
[1m                           Learning iteration 300/500                           [0m 

                               Run name: chase_clip06
                            Total steps: 3698688 
                       Steps per second: 1547 
                        Collection time: 7.832s 
                          Learning time: 0.109s 
                        Mean value loss: 0.3086
                    Mean surrogate loss: -0.0042
                      Mean entropy loss: 1.9717
                            Mean reward: 11.42
                    Mean episode length: 235.89
                        Mean action std: 0.54
--------------------------------------------------------------------------------
                         Iteration time: 7.94s
                           Time elapsed: 0:40:58
                                    ETA: 0:27:05

################################################################################
[1m                           Learning iteration 301/500                           [0m 

                               Run name: chase_clip06
                            Total steps: 3710976 
                       Steps per second: 1541 
                        Collection time: 7.861s 
                          Learning time: 0.110s 
                        Mean value loss: 1.5065
                    Mean surrogate loss: -0.0037
                      Mean entropy loss: 1.9748
                            Mean reward: 11.10
                    Mean episode length: 234.99
                        Mean action std: 0.54
--------------------------------------------------------------------------------
                         Iteration time: 7.97s
                           Time elapsed: 0:41:06
                                    ETA: 0:26:57

################################################################################
[1m                           Learning iteration 302/500                           [0m 

                               Run name: chase_clip06
                            Total steps: 3723264 
                       Steps per second: 1541 
                        Collection time: 7.860s 
                          Learning time: 0.110s 
                        Mean value loss: 0.3242
                    Mean surrogate loss: -0.0051
                      Mean entropy loss: 1.9812
                            Mean reward: 10.21
                    Mean episode length: 233.85
                        Mean action std: 0.55
--------------------------------------------------------------------------------
                         Iteration time: 7.97s
                           Time elapsed: 0:41:14
                                    ETA: 0:26:48

################################################################################
[1m                           Learning iteration 303/500                           [0m 

                               Run name: chase_clip06
                            Total steps: 3735552 
                       Steps per second: 1538 
                        Collection time: 7.880s 
                          Learning time: 0.109s 
                        Mean value loss: 0.7998
                    Mean surrogate loss: -0.0037
                      Mean entropy loss: 1.9813
                            Mean reward: 9.71
                    Mean episode length: 231.16
                        Mean action std: 0.54
--------------------------------------------------------------------------------
                         Iteration time: 7.99s
                           Time elapsed: 0:41:22
                                    ETA: 0:26:40

################################################################################
[1m                           Learning iteration 304/500                           [0m 

                               Run name: chase_clip06
                            Total steps: 3747840 
                       Steps per second: 1536 
                        Collection time: 7.887s 
                          Learning time: 0.109s 
                        Mean value loss: 0.5483
                    Mean surrogate loss: -0.0056
                      Mean entropy loss: 1.9765
                            Mean reward: 9.78
                    Mean episode length: 225.25
                        Mean action std: 0.54
--------------------------------------------------------------------------------
                         Iteration time: 8.00s
                           Time elapsed: 0:41:30
                                    ETA: 0:26:32

################################################################################
[1m                           Learning iteration 305/500                           [0m 

                               Run name: chase_clip06
                            Total steps: 3760128 
                       Steps per second: 1541 
                        Collection time: 7.865s 
                          Learning time: 0.109s 
                        Mean value loss: 1.5890
                    Mean surrogate loss: -0.0056
                      Mean entropy loss: 1.9824
                            Mean reward: 10.04
                    Mean episode length: 224.52
                        Mean action std: 0.54
--------------------------------------------------------------------------------
                         Iteration time: 7.97s
                           Time elapsed: 0:41:38
                                    ETA: 0:26:23

################################################################################
[1m                           Learning iteration 306/500                           [0m 

                               Run name: chase_clip06
                            Total steps: 3772416 
                       Steps per second: 1540 
                        Collection time: 7.868s 
                          Learning time: 0.109s 
                        Mean value loss: 0.8311
                    Mean surrogate loss: -0.0043
                      Mean entropy loss: 1.9839
                            Mean reward: 8.96
                    Mean episode length: 216.34
                        Mean action std: 0.54
--------------------------------------------------------------------------------
                         Iteration time: 7.98s
                           Time elapsed: 0:41:46
                                    ETA: 0:26:15

################################################################################
[1m                           Learning iteration 307/500                           [0m 

                               Run name: chase_clip06
                            Total steps: 3784704 
                       Steps per second: 1545 
                        Collection time: 7.839s 
                          Learning time: 0.110s 
                        Mean value loss: 0.2061
                    Mean surrogate loss: -0.0049
                      Mean entropy loss: 1.9948
                            Mean reward: 10.33
                    Mean episode length: 227.53
                        Mean action std: 0.54
--------------------------------------------------------------------------------
                         Iteration time: 7.95s
                           Time elapsed: 0:41:54
                                    ETA: 0:26:07

################################################################################
[1m                           Learning iteration 308/500                           [0m 

                               Run name: chase_clip06
                            Total steps: 3796992 
                       Steps per second: 1546 
                        Collection time: 7.835s 
                          Learning time: 0.111s 
                        Mean value loss: 0.4305
                    Mean surrogate loss: -0.0045
                      Mean entropy loss: 1.9981
                            Mean reward: 10.53
                    Mean episode length: 233.66
                        Mean action std: 0.55
--------------------------------------------------------------------------------
                         Iteration time: 7.95s
                           Time elapsed: 0:42:02
                                    ETA: 0:25:59

################################################################################
[1m                           Learning iteration 309/500                           [0m 

                               Run name: chase_clip06
                            Total steps: 3809280 
                       Steps per second: 1537 
                        Collection time: 7.883s 
                          Learning time: 0.109s 
                        Mean value loss: 0.7660
                    Mean surrogate loss: -0.0033
                      Mean entropy loss: 1.9986
                            Mean reward: 10.39
                    Mean episode length: 228.60
                        Mean action std: 0.55
--------------------------------------------------------------------------------
                         Iteration time: 7.99s
                           Time elapsed: 0:42:10
                                    ETA: 0:25:50

################################################################################
[1m                           Learning iteration 310/500                           [0m 

                               Run name: chase_clip06
                            Total steps: 3821568 
                       Steps per second: 1542 
                        Collection time: 7.859s 
                          Learning time: 0.109s 
                        Mean value loss: 0.6620
                    Mean surrogate loss: -0.0033
                      Mean entropy loss: 1.9962
                            Mean reward: 10.64
                    Mean episode length: 231.62
                        Mean action std: 0.55
--------------------------------------------------------------------------------
                         Iteration time: 7.97s
                           Time elapsed: 0:42:18
                                    ETA: 0:25:42

################################################################################
[1m                           Learning iteration 311/500                           [0m 

                               Run name: chase_clip06
                            Total steps: 3833856 
                       Steps per second: 1546 
                        Collection time: 7.837s 
                          Learning time: 0.110s 
                        Mean value loss: 0.1233
                    Mean surrogate loss: -0.0055
                      Mean entropy loss: 1.9916
                            Mean reward: 10.90
                    Mean episode length: 234.24
                        Mean action std: 0.55
--------------------------------------------------------------------------------
                         Iteration time: 7.95s
                           Time elapsed: 0:42:26
                                    ETA: 0:25:34

################################################################################
[1m                           Learning iteration 312/500                           [0m 

                               Run name: chase_clip06
                            Total steps: 3846144 
                       Steps per second: 1544 
                        Collection time: 7.848s 
                          Learning time: 0.110s 
                        Mean value loss: 0.1014
                    Mean surrogate loss: -0.0044
                      Mean entropy loss: 1.9814
                            Mean reward: 11.86
                    Mean episode length: 239.04
                        Mean action std: 0.54
--------------------------------------------------------------------------------
                         Iteration time: 7.96s
                           Time elapsed: 0:42:34
                                    ETA: 0:25:25

################################################################################
[1m                           Learning iteration 313/500                           [0m 

                               Run name: chase_clip06
                            Total steps: 3858432 
                       Steps per second: 1543 
                        Collection time: 7.850s 
                          Learning time: 0.109s 
                        Mean value loss: 0.0705
                    Mean surrogate loss: -0.0034
                      Mean entropy loss: 1.9626
                            Mean reward: 12.02
                    Mean episode length: 241.00
                        Mean action std: 0.54
--------------------------------------------------------------------------------
                         Iteration time: 7.96s
                           Time elapsed: 0:42:42
                                    ETA: 0:25:17

################################################################################
[1m                           Learning iteration 314/500                           [0m 

                               Run name: chase_clip06
                            Total steps: 3870720 
                       Steps per second: 1538 
                        Collection time: 7.878s 
                          Learning time: 0.109s 
                        Mean value loss: 0.3223
                    Mean surrogate loss: -0.0037
                      Mean entropy loss: 1.9590
                            Mean reward: 11.65
                    Mean episode length: 236.61
                        Mean action std: 0.54
--------------------------------------------------------------------------------
                         Iteration time: 7.99s
                           Time elapsed: 0:42:50
                                    ETA: 0:25:09

################################################################################
[1m                           Learning iteration 315/500                           [0m 

                               Run name: chase_clip06
                            Total steps: 3883008 
                       Steps per second: 1542 
                        Collection time: 7.859s 
                          Learning time: 0.108s 
                        Mean value loss: 0.2871
                    Mean surrogate loss: -0.0061
                      Mean entropy loss: 1.9571
                            Mean reward: 10.89
                    Mean episode length: 228.28
                        Mean action std: 0.54
--------------------------------------------------------------------------------
                         Iteration time: 7.97s
                           Time elapsed: 0:42:58
                                    ETA: 0:25:01

################################################################################
[1m                           Learning iteration 316/500                           [0m 

                               Run name: chase_clip06
                            Total steps: 3895296 
                       Steps per second: 1534 
                        Collection time: 7.900s 
                          Learning time: 0.110s 
                        Mean value loss: 0.2653
                    Mean surrogate loss: -0.0030
                      Mean entropy loss: 1.9504
                            Mean reward: 11.11
                    Mean episode length: 230.74
                        Mean action std: 0.54
--------------------------------------------------------------------------------
                         Iteration time: 8.01s
                           Time elapsed: 0:43:06
                                    ETA: 0:24:52

################################################################################
[1m                           Learning iteration 317/500                           [0m 

                               Run name: chase_clip06
                            Total steps: 3907584 
                       Steps per second: 1524 
                        Collection time: 7.953s 
                          Learning time: 0.110s 
                        Mean value loss: 0.6784
                    Mean surrogate loss: -0.0064
                      Mean entropy loss: 1.9462
                            Mean reward: 10.66
                    Mean episode length: 227.54
                        Mean action std: 0.54
--------------------------------------------------------------------------------
                         Iteration time: 8.06s
                           Time elapsed: 0:43:14
                                    ETA: 0:24:44

################################################################################
[1m                           Learning iteration 318/500                           [0m 

                               Run name: chase_clip06
                            Total steps: 3919872 
                       Steps per second: 1507 
                        Collection time: 8.044s 
                          Learning time: 0.109s 
                        Mean value loss: 0.8021
                    Mean surrogate loss: -0.0047
                      Mean entropy loss: 1.9420
                            Mean reward: 9.14
                    Mean episode length: 218.84
                        Mean action std: 0.54
--------------------------------------------------------------------------------
                         Iteration time: 8.15s
                           Time elapsed: 0:43:22
                                    ETA: 0:24:36

################################################################################
[1m                           Learning iteration 319/500                           [0m 

                               Run name: chase_clip06
                            Total steps: 3932160 
                       Steps per second: 1531 
                        Collection time: 7.912s 
                          Learning time: 0.111s 
                        Mean value loss: 1.2006
                    Mean surrogate loss: -0.0051
                      Mean entropy loss: 1.9589
                            Mean reward: 8.68
                    Mean episode length: 223.08
                        Mean action std: 0.54
--------------------------------------------------------------------------------
                         Iteration time: 8.02s
                           Time elapsed: 0:43:30
                                    ETA: 0:24:28

################################################################################
[1m                           Learning iteration 320/500                           [0m 

                               Run name: chase_clip06
                            Total steps: 3944448 
                       Steps per second: 1534 
                        Collection time: 7.898s 
                          Learning time: 0.111s 
                        Mean value loss: 0.5371
                    Mean surrogate loss: -0.0056
                      Mean entropy loss: 1.9744
                            Mean reward: 8.94
                    Mean episode length: 222.45
                        Mean action std: 0.54
--------------------------------------------------------------------------------
                         Iteration time: 8.01s
                           Time elapsed: 0:43:38
                                    ETA: 0:24:20

################################################################################
[1m                           Learning iteration 321/500                           [0m 

                               Run name: chase_clip06
                            Total steps: 3956736 
                       Steps per second: 1532 
                        Collection time: 7.907s 
                          Learning time: 0.111s 
                        Mean value loss: 1.0806
                    Mean surrogate loss: -0.0079
                      Mean entropy loss: 1.9692
                            Mean reward: 8.82
                    Mean episode length: 215.22
                        Mean action std: 0.55
--------------------------------------------------------------------------------
                         Iteration time: 8.02s
                           Time elapsed: 0:43:46
                                    ETA: 0:24:11

################################################################################
[1m                           Learning iteration 322/500                           [0m 

                               Run name: chase_clip06
                            Total steps: 3969024 
                       Steps per second: 1529 
                        Collection time: 7.924s 
                          Learning time: 0.107s 
                        Mean value loss: 0.6282
                    Mean surrogate loss: -0.0055
                      Mean entropy loss: 1.9873
                            Mean reward: 8.46
                    Mean episode length: 218.83
                        Mean action std: 0.55
--------------------------------------------------------------------------------
                         Iteration time: 8.03s
                           Time elapsed: 0:43:54
                                    ETA: 0:24:03

################################################################################
[1m                           Learning iteration 323/500                           [0m 

                               Run name: chase_clip06
                            Total steps: 3981312 
                       Steps per second: 1538 
                        Collection time: 7.878s 
                          Learning time: 0.110s 
                        Mean value loss: 0.2516
                    Mean surrogate loss: -0.0049
                      Mean entropy loss: 2.0008
                            Mean reward: 9.14
                    Mean episode length: 226.71
                        Mean action std: 0.55
--------------------------------------------------------------------------------
                         Iteration time: 7.99s
                           Time elapsed: 0:44:02
                                    ETA: 0:23:55

################################################################################
[1m                           Learning iteration 324/500                           [0m 

                               Run name: chase_clip06
                            Total steps: 3993600 
                       Steps per second: 1543 
                        Collection time: 7.855s 
                          Learning time: 0.109s 
                        Mean value loss: 0.2164
                    Mean surrogate loss: -0.0047
                      Mean entropy loss: 2.0012
                            Mean reward: 11.07
                    Mean episode length: 236.00
                        Mean action std: 0.55
--------------------------------------------------------------------------------
                         Iteration time: 7.96s
                           Time elapsed: 0:44:10
                                    ETA: 0:23:47

################################################################################
[1m                           Learning iteration 325/500                           [0m 

                               Run name: chase_clip06
                            Total steps: 4005888 
                       Steps per second: 1535 
                        Collection time: 7.892s 
                          Learning time: 0.109s 
                        Mean value loss: 1.2227
                    Mean surrogate loss: -0.0062
                      Mean entropy loss: 2.0091
                            Mean reward: 9.46
                    Mean episode length: 224.42
                        Mean action std: 0.55
--------------------------------------------------------------------------------
                         Iteration time: 8.00s
                           Time elapsed: 0:44:18
                                    ETA: 0:23:38

################################################################################
[1m                           Learning iteration 326/500                           [0m 

                               Run name: chase_clip06
                            Total steps: 4018176 
                       Steps per second: 1537 
                        Collection time: 7.884s 
                          Learning time: 0.107s 
                        Mean value loss: 0.7205
                    Mean surrogate loss: -0.0063
                      Mean entropy loss: 2.0194
                            Mean reward: 9.22
                    Mean episode length: 225.24
                        Mean action std: 0.55
--------------------------------------------------------------------------------
                         Iteration time: 7.99s
                           Time elapsed: 0:44:26
                                    ETA: 0:23:30

################################################################################
[1m                           Learning iteration 327/500                           [0m 

                               Run name: chase_clip06
                            Total steps: 4030464 
                       Steps per second: 1534 
                        Collection time: 7.897s 
                          Learning time: 0.109s 
                        Mean value loss: 1.1021
                    Mean surrogate loss: -0.0065
                      Mean entropy loss: 2.0162
                            Mean reward: 8.10
                    Mean episode length: 211.88
                        Mean action std: 0.55
--------------------------------------------------------------------------------
                         Iteration time: 8.01s
                           Time elapsed: 0:44:34
                                    ETA: 0:23:22

################################################################################
[1m                           Learning iteration 328/500                           [0m 

                               Run name: chase_clip06
                            Total steps: 4042752 
                       Steps per second: 1520 
                        Collection time: 7.971s 
                          Learning time: 0.111s 
                        Mean value loss: 1.1573
                    Mean surrogate loss: -0.0069
                      Mean entropy loss: 2.0209
                            Mean reward: 7.63
                    Mean episode length: 202.94
                        Mean action std: 0.55
--------------------------------------------------------------------------------
                         Iteration time: 8.08s
                           Time elapsed: 0:44:42
                                    ETA: 0:23:14

################################################################################
[1m                           Learning iteration 329/500                           [0m 

                               Run name: chase_clip06
                            Total steps: 4055040 
                       Steps per second: 1538 
                        Collection time: 7.877s 
                          Learning time: 0.109s 
                        Mean value loss: 0.7063
                    Mean surrogate loss: -0.0077
                      Mean entropy loss: 2.0343
                            Mean reward: 9.22
                    Mean episode length: 215.87
                        Mean action std: 0.55
--------------------------------------------------------------------------------
                         Iteration time: 7.99s
                           Time elapsed: 0:44:50
                                    ETA: 0:23:05

################################################################################
[1m                           Learning iteration 330/500                           [0m 

                               Run name: chase_clip06
                            Total steps: 4067328 
                       Steps per second: 1529 
                        Collection time: 7.928s 
                          Learning time: 0.107s 
                        Mean value loss: 0.7323
                    Mean surrogate loss: -0.0050
                      Mean entropy loss: 2.0370
                            Mean reward: 8.42
                    Mean episode length: 208.18
                        Mean action std: 0.56
--------------------------------------------------------------------------------
                         Iteration time: 8.04s
                           Time elapsed: 0:44:58
                                    ETA: 0:22:57

################################################################################
[1m                           Learning iteration 331/500                           [0m 

                               Run name: chase_clip06
                            Total steps: 4079616 
                       Steps per second: 1535 
                        Collection time: 7.894s 
                          Learning time: 0.108s 
                        Mean value loss: 0.5054
                    Mean surrogate loss: -0.0065
                      Mean entropy loss: 2.0449
                            Mean reward: 9.76
                    Mean episode length: 220.94
                        Mean action std: 0.56
--------------------------------------------------------------------------------
                         Iteration time: 8.00s
                           Time elapsed: 0:45:06
                                    ETA: 0:22:49

################################################################################
[1m                           Learning iteration 332/500                           [0m 

                               Run name: chase_clip06
                            Total steps: 4091904 
                       Steps per second: 1545 
                        Collection time: 7.846s 
                          Learning time: 0.106s 
                        Mean value loss: 0.6222
                    Mean surrogate loss: -0.0043
                      Mean entropy loss: 2.0429
                            Mean reward: 10.49
                    Mean episode length: 227.28
                        Mean action std: 0.56
--------------------------------------------------------------------------------
                         Iteration time: 7.95s
                           Time elapsed: 0:45:14
                                    ETA: 0:22:41

################################################################################
[1m                           Learning iteration 333/500                           [0m 

                               Run name: chase_clip06
                            Total steps: 4104192 
                       Steps per second: 1534 
                        Collection time: 7.896s 
                          Learning time: 0.109s 
                        Mean value loss: 1.4058
                    Mean surrogate loss: -0.0063
                      Mean entropy loss: 2.0425
                            Mean reward: 9.32
                    Mean episode length: 218.11
                        Mean action std: 0.56
--------------------------------------------------------------------------------
                         Iteration time: 8.01s
                           Time elapsed: 0:45:22
                                    ETA: 0:22:33

################################################################################
[1m                           Learning iteration 334/500                           [0m 

                               Run name: chase_clip06
                            Total steps: 4116480 
                       Steps per second: 1520 
                        Collection time: 7.971s 
                          Learning time: 0.110s 
                        Mean value loss: 1.2604
                    Mean surrogate loss: -0.0062
                      Mean entropy loss: 2.0487
                            Mean reward: 8.36
                    Mean episode length: 214.78
                        Mean action std: 0.56
--------------------------------------------------------------------------------
                         Iteration time: 8.08s
                           Time elapsed: 0:45:30
                                    ETA: 0:22:24

################################################################################
[1m                           Learning iteration 335/500                           [0m 

                               Run name: chase_clip06
                            Total steps: 4128768 
                       Steps per second: 1540 
                        Collection time: 7.868s 
                          Learning time: 0.110s 
                        Mean value loss: 0.5163
                    Mean surrogate loss: -0.0068
                      Mean entropy loss: 2.0627
                            Mean reward: 9.64
                    Mean episode length: 217.34
                        Mean action std: 0.56
--------------------------------------------------------------------------------
                         Iteration time: 7.98s
                           Time elapsed: 0:45:38
                                    ETA: 0:22:16

################################################################################
[1m                           Learning iteration 336/500                           [0m 

                               Run name: chase_clip06
                            Total steps: 4141056 
                       Steps per second: 1545 
                        Collection time: 7.840s 
                          Learning time: 0.109s 
                        Mean value loss: 0.6005
                    Mean surrogate loss: -0.0056
                      Mean entropy loss: 2.0696
                            Mean reward: 10.22
                    Mean episode length: 219.39
                        Mean action std: 0.56
--------------------------------------------------------------------------------
                         Iteration time: 7.95s
                           Time elapsed: 0:45:46
                                    ETA: 0:22:08

################################################################################
[1m                           Learning iteration 337/500                           [0m 

                               Run name: chase_clip06
                            Total steps: 4153344 
                       Steps per second: 1536 
                        Collection time: 7.884s 
                          Learning time: 0.112s 
                        Mean value loss: 1.1025
                    Mean surrogate loss: -0.0040
                      Mean entropy loss: 2.0718
                            Mean reward: 9.12
                    Mean episode length: 213.28
                        Mean action std: 0.56
--------------------------------------------------------------------------------
                         Iteration time: 8.00s
                           Time elapsed: 0:45:54
                                    ETA: 0:22:00

################################################################################
[1m                           Learning iteration 338/500                           [0m 

                               Run name: chase_clip06
                            Total steps: 4165632 
                       Steps per second: 1545 
                        Collection time: 7.840s 
                          Learning time: 0.108s 
                        Mean value loss: 0.3996
                    Mean surrogate loss: -0.0028
                      Mean entropy loss: 2.0747
                            Mean reward: 10.04
                    Mean episode length: 220.14
                        Mean action std: 0.56
--------------------------------------------------------------------------------
                         Iteration time: 7.95s
                           Time elapsed: 0:46:02
                                    ETA: 0:21:51

################################################################################
[1m                           Learning iteration 339/500                           [0m 

                               Run name: chase_clip06
                            Total steps: 4177920 
                       Steps per second: 1549 
                        Collection time: 7.821s 
                          Learning time: 0.109s 
                        Mean value loss: 0.9484
                    Mean surrogate loss: -0.0050
                      Mean entropy loss: 2.0767
                            Mean reward: 11.18
                    Mean episode length: 230.66
                        Mean action std: 0.56
--------------------------------------------------------------------------------
                         Iteration time: 7.93s
                           Time elapsed: 0:46:10
                                    ETA: 0:21:43

################################################################################
[1m                           Learning iteration 340/500                           [0m 

                               Run name: chase_clip06
                            Total steps: 4190208 
                       Steps per second: 1540 
                        Collection time: 7.867s 
                          Learning time: 0.109s 
                        Mean value loss: 0.4289
                    Mean surrogate loss: -0.0045
                      Mean entropy loss: 2.0802
                            Mean reward: 10.72
                    Mean episode length: 228.90
                        Mean action std: 0.56
--------------------------------------------------------------------------------
                         Iteration time: 7.98s
                           Time elapsed: 0:46:18
                                    ETA: 0:21:35

################################################################################
[1m                           Learning iteration 341/500                           [0m 

                               Run name: chase_clip06
                            Total steps: 4202496 
                       Steps per second: 1547 
                        Collection time: 7.834s 
                          Learning time: 0.109s 
                        Mean value loss: 0.6203
                    Mean surrogate loss: -0.0071
                      Mean entropy loss: 2.0726
                            Mean reward: 9.69
                    Mean episode length: 225.33
                        Mean action std: 0.56
--------------------------------------------------------------------------------
                         Iteration time: 7.94s
                           Time elapsed: 0:46:26
                                    ETA: 0:21:27

################################################################################
[1m                           Learning iteration 342/500                           [0m 

                               Run name: chase_clip06
                            Total steps: 4214784 
                       Steps per second: 1547 
                        Collection time: 7.835s 
                          Learning time: 0.106s 
                        Mean value loss: 0.4850
                    Mean surrogate loss: -0.0044
                      Mean entropy loss: 2.0722
                            Mean reward: 9.80
                    Mean episode length: 224.81
                        Mean action std: 0.56
--------------------------------------------------------------------------------
                         Iteration time: 7.94s
                           Time elapsed: 0:46:34
                                    ETA: 0:21:18

################################################################################
[1m                           Learning iteration 343/500                           [0m 

                               Run name: chase_clip06
                            Total steps: 4227072 
                       Steps per second: 1542 
                        Collection time: 7.855s 
                          Learning time: 0.110s 
                        Mean value loss: 0.3428
                    Mean surrogate loss: -0.0036
                      Mean entropy loss: 2.0703
                            Mean reward: 11.13
                    Mean episode length: 233.76
                        Mean action std: 0.56
--------------------------------------------------------------------------------
                         Iteration time: 7.96s
                           Time elapsed: 0:46:42
                                    ETA: 0:21:10

################################################################################
[1m                           Learning iteration 344/500                           [0m 

                               Run name: chase_clip06
                            Total steps: 4239360 
                       Steps per second: 1539 
                        Collection time: 7.871s 
                          Learning time: 0.110s 
                        Mean value loss: 0.0812
                    Mean surrogate loss: -0.0037
                      Mean entropy loss: 2.0681
                            Mean reward: 11.62
                    Mean episode length: 238.06
                        Mean action std: 0.56
--------------------------------------------------------------------------------
                         Iteration time: 7.98s
                           Time elapsed: 0:46:50
                                    ETA: 0:21:02

################################################################################
[1m                           Learning iteration 345/500                           [0m 

                               Run name: chase_clip06
                            Total steps: 4251648 
                       Steps per second: 1542 
                        Collection time: 7.857s 
                          Learning time: 0.107s 
                        Mean value loss: 1.0195
                    Mean surrogate loss: -0.0057
                      Mean entropy loss: 2.0644
                            Mean reward: 11.15
                    Mean episode length: 235.04
                        Mean action std: 0.56
--------------------------------------------------------------------------------
                         Iteration time: 7.96s
                           Time elapsed: 0:46:58
                                    ETA: 0:20:54

################################################################################
[1m                           Learning iteration 346/500                           [0m 

                               Run name: chase_clip06
                            Total steps: 4263936 
                       Steps per second: 1525 
                        Collection time: 7.945s 
                          Learning time: 0.109s 
                        Mean value loss: 0.4573
                    Mean surrogate loss: -0.0063
                      Mean entropy loss: 2.0733
                            Mean reward: 9.76
                    Mean episode length: 223.59
                        Mean action std: 0.57
--------------------------------------------------------------------------------
                         Iteration time: 8.05s
                           Time elapsed: 0:47:06
                                    ETA: 0:20:46

################################################################################
[1m                           Learning iteration 347/500                           [0m 

                               Run name: chase_clip06
                            Total steps: 4276224 
                       Steps per second: 1535 
                        Collection time: 7.889s 
                          Learning time: 0.116s 
                        Mean value loss: 0.3387
                    Mean surrogate loss: -0.0069
                      Mean entropy loss: 2.0832
                            Mean reward: 9.99
                    Mean episode length: 223.79
                        Mean action std: 0.57
--------------------------------------------------------------------------------
                         Iteration time: 8.00s
                           Time elapsed: 0:47:14
                                    ETA: 0:20:37

################################################################################
[1m                           Learning iteration 348/500                           [0m 

                               Run name: chase_clip06
                            Total steps: 4288512 
                       Steps per second: 1542 
                        Collection time: 7.861s 
                          Learning time: 0.105s 
                        Mean value loss: 0.4031
                    Mean surrogate loss: -0.0057
                      Mean entropy loss: 2.0908
                            Mean reward: 9.70
                    Mean episode length: 224.99
                        Mean action std: 0.57
--------------------------------------------------------------------------------
                         Iteration time: 7.97s
                           Time elapsed: 0:47:22
                                    ETA: 0:20:29

################################################################################
[1m                           Learning iteration 349/500                           [0m 

                               Run name: chase_clip06
                            Total steps: 4300800 
                       Steps per second: 1524 
                        Collection time: 7.948s 
                          Learning time: 0.110s 
                        Mean value loss: 0.4369
                    Mean surrogate loss: -0.0068
                      Mean entropy loss: 2.0959
                            Mean reward: 10.34
                    Mean episode length: 227.70
                        Mean action std: 0.57
--------------------------------------------------------------------------------
                         Iteration time: 8.06s
                           Time elapsed: 0:47:30
                                    ETA: 0:20:21

################################################################################
[1m                           Learning iteration 350/500                           [0m 

                               Run name: chase_clip06
                            Total steps: 4313088 
                       Steps per second: 1533 
                        Collection time: 7.904s 
                          Learning time: 0.107s 
                        Mean value loss: 0.6303
                    Mean surrogate loss: -0.0057
                      Mean entropy loss: 2.0930
                            Mean reward: 10.57
                    Mean episode length: 229.72
                        Mean action std: 0.57
--------------------------------------------------------------------------------
                         Iteration time: 8.01s
                           Time elapsed: 0:47:38
                                    ETA: 0:20:13

################################################################################
[1m                           Learning iteration 351/500                           [0m 

                               Run name: chase_clip06
                            Total steps: 4325376 
                       Steps per second: 1520 
                        Collection time: 7.968s 
                          Learning time: 0.112s 
                        Mean value loss: 1.0781
                    Mean surrogate loss: -0.0059
                      Mean entropy loss: 2.0944
                            Mean reward: 10.55
                    Mean episode length: 230.43
                        Mean action std: 0.57
--------------------------------------------------------------------------------
                         Iteration time: 8.08s
                           Time elapsed: 0:47:46
                                    ETA: 0:20:05

################################################################################
[1m                           Learning iteration 352/500                           [0m 

                               Run name: chase_clip06
                            Total steps: 4337664 
                       Steps per second: 1536 
                        Collection time: 7.889s 
                          Learning time: 0.110s 
                        Mean value loss: 0.1077
                    Mean surrogate loss: -0.0055
                      Mean entropy loss: 2.1057
                            Mean reward: 10.99
                    Mean episode length: 233.65
                        Mean action std: 0.57
--------------------------------------------------------------------------------
                         Iteration time: 8.00s
                           Time elapsed: 0:47:54
                                    ETA: 0:19:56

################################################################################
[1m                           Learning iteration 353/500                           [0m 

                               Run name: chase_clip06
                            Total steps: 4349952 
                       Steps per second: 1547 
                        Collection time: 7.835s 
                          Learning time: 0.107s 
                        Mean value loss: 0.3612
                    Mean surrogate loss: -0.0059
                      Mean entropy loss: 2.0898
                            Mean reward: 11.34
                    Mean episode length: 235.99
                        Mean action std: 0.57
--------------------------------------------------------------------------------
                         Iteration time: 7.94s
                           Time elapsed: 0:48:02
                                    ETA: 0:19:48

################################################################################
[1m                           Learning iteration 354/500                           [0m 

                               Run name: chase_clip06
                            Total steps: 4362240 
                       Steps per second: 1541 
                        Collection time: 7.863s 
                          Learning time: 0.109s 
                        Mean value loss: 0.7288
                    Mean surrogate loss: -0.0062
                      Mean entropy loss: 2.0860
                            Mean reward: 10.08
                    Mean episode length: 230.61
                        Mean action std: 0.57
--------------------------------------------------------------------------------
                         Iteration time: 7.97s
                           Time elapsed: 0:48:10
                                    ETA: 0:19:40

################################################################################
[1m                           Learning iteration 355/500                           [0m 

                               Run name: chase_clip06
                            Total steps: 4374528 
                       Steps per second: 1540 
                        Collection time: 7.867s 
                          Learning time: 0.110s 
                        Mean value loss: 1.3639
                    Mean surrogate loss: -0.0059
                      Mean entropy loss: 2.0913
                            Mean reward: 9.85
                    Mean episode length: 230.25
                        Mean action std: 0.57
--------------------------------------------------------------------------------
                         Iteration time: 7.98s
                           Time elapsed: 0:48:18
                                    ETA: 0:19:32

################################################################################
[1m                           Learning iteration 356/500                           [0m 

                               Run name: chase_clip06
                            Total steps: 4386816 
                       Steps per second: 1521 
                        Collection time: 7.964s 
                          Learning time: 0.111s 
                        Mean value loss: 2.6983
                    Mean surrogate loss: -0.0057
                      Mean entropy loss: 2.1062
                            Mean reward: 9.54
                    Mean episode length: 229.14
                        Mean action std: 0.58
--------------------------------------------------------------------------------
                         Iteration time: 8.08s
                           Time elapsed: 0:48:26
                                    ETA: 0:19:24

################################################################################
[1m                           Learning iteration 357/500                           [0m 

                               Run name: chase_clip06
                            Total steps: 4399104 
                       Steps per second: 1533 
                        Collection time: 7.904s 
                          Learning time: 0.109s 
                        Mean value loss: 0.6240
                    Mean surrogate loss: -0.0076
                      Mean entropy loss: 2.1293
                            Mean reward: 8.95
                    Mean episode length: 223.43
                        Mean action std: 0.58
--------------------------------------------------------------------------------
                         Iteration time: 8.01s
                           Time elapsed: 0:48:34
                                    ETA: 0:19:15

################################################################################
[1m                           Learning iteration 358/500                           [0m 

                               Run name: chase_clip06
                            Total steps: 4411392 
                       Steps per second: 1538 
                        Collection time: 7.880s 
                          Learning time: 0.109s 
                        Mean value loss: 0.4507
                    Mean surrogate loss: -0.0060
                      Mean entropy loss: 2.1382
                            Mean reward: 9.32
                    Mean episode length: 224.59
                        Mean action std: 0.58
--------------------------------------------------------------------------------
                         Iteration time: 7.99s
                           Time elapsed: 0:48:42
                                    ETA: 0:19:07

################################################################################
[1m                           Learning iteration 359/500                           [0m 

                               Run name: chase_clip06
                            Total steps: 4423680 
                       Steps per second: 1530 
                        Collection time: 7.917s 
                          Learning time: 0.111s 
                        Mean value loss: 1.4171
                    Mean surrogate loss: -0.0048
                      Mean entropy loss: 2.1404
                            Mean reward: 8.79
                    Mean episode length: 223.27
                        Mean action std: 0.58
--------------------------------------------------------------------------------
                         Iteration time: 8.03s
                           Time elapsed: 0:48:50
                                    ETA: 0:18:59

################################################################################
[1m                           Learning iteration 360/500                           [0m 

                               Run name: chase_clip06
                            Total steps: 4435968 
                       Steps per second: 1538 
                        Collection time: 7.878s 
                          Learning time: 0.106s 
                        Mean value loss: 0.6018
                    Mean surrogate loss: -0.0051
                      Mean entropy loss: 2.1409
                            Mean reward: 8.65
                    Mean episode length: 215.93
                        Mean action std: 0.58
--------------------------------------------------------------------------------
                         Iteration time: 7.98s
                           Time elapsed: 0:48:58
                                    ETA: 0:18:51

################################################################################
[1m                           Learning iteration 361/500                           [0m 

                               Run name: chase_clip06
                            Total steps: 4448256 
                       Steps per second: 1538 
                        Collection time: 7.876s 
                          Learning time: 0.110s 
                        Mean value loss: 1.7268
                    Mean surrogate loss: -0.0038
                      Mean entropy loss: 2.1446
                            Mean reward: 9.63
                    Mean episode length: 226.89
                        Mean action std: 0.58
--------------------------------------------------------------------------------
                         Iteration time: 7.99s
                           Time elapsed: 0:49:06
                                    ETA: 0:18:43

################################################################################
[1m                           Learning iteration 362/500                           [0m 

                               Run name: chase_clip06
                            Total steps: 4460544 
                       Steps per second: 1540 
                        Collection time: 7.864s 
                          Learning time: 0.110s 
                        Mean value loss: 1.5044
                    Mean surrogate loss: -0.0044
                      Mean entropy loss: 2.1494
                            Mean reward: 9.19
                    Mean episode length: 222.23
                        Mean action std: 0.58
--------------------------------------------------------------------------------
                         Iteration time: 7.97s
                           Time elapsed: 0:49:14
                                    ETA: 0:18:34

################################################################################
[1m                           Learning iteration 363/500                           [0m 

                               Run name: chase_clip06
                            Total steps: 4472832 
                       Steps per second: 1541 
                        Collection time: 7.861s 
                          Learning time: 0.111s 
                        Mean value loss: 1.1361
                    Mean surrogate loss: -0.0076
                      Mean entropy loss: 2.1598
                            Mean reward: 7.33
                    Mean episode length: 204.52
                        Mean action std: 0.58
--------------------------------------------------------------------------------
                         Iteration time: 7.97s
                           Time elapsed: 0:49:22
                                    ETA: 0:18:26

################################################################################
[1m                           Learning iteration 364/500                           [0m 

                               Run name: chase_clip06
                            Total steps: 4485120 
                       Steps per second: 1529 
                        Collection time: 7.925s 
                          Learning time: 0.110s 
                        Mean value loss: 0.2911
                    Mean surrogate loss: -0.0056
                      Mean entropy loss: 2.1534
                            Mean reward: 9.16
                    Mean episode length: 218.03
                        Mean action std: 0.58
--------------------------------------------------------------------------------
                         Iteration time: 8.04s
                           Time elapsed: 0:49:30
                                    ETA: 0:18:18

################################################################################
[1m                           Learning iteration 365/500                           [0m 

                               Run name: chase_clip06
                            Total steps: 4497408 
                       Steps per second: 1549 
                        Collection time: 7.819s 
                          Learning time: 0.109s 
                        Mean value loss: 0.4225
                    Mean surrogate loss: -0.0058
                      Mean entropy loss: 2.1446
                            Mean reward: 11.09
                    Mean episode length: 235.23
                        Mean action std: 0.58
--------------------------------------------------------------------------------
                         Iteration time: 7.93s
                           Time elapsed: 0:49:38
                                    ETA: 0:18:10

################################################################################
[1m                           Learning iteration 366/500                           [0m 

                               Run name: chase_clip06
                            Total steps: 4509696 
                       Steps per second: 1542 
                        Collection time: 7.856s 
                          Learning time: 0.110s 
                        Mean value loss: 0.9512
                    Mean surrogate loss: -0.0059
                      Mean entropy loss: 2.1497
                            Mean reward: 10.09
                    Mean episode length: 226.87
                        Mean action std: 0.58
--------------------------------------------------------------------------------
                         Iteration time: 7.97s
                           Time elapsed: 0:49:46
                                    ETA: 0:18:02

################################################################################
[1m                           Learning iteration 367/500                           [0m 

                               Run name: chase_clip06
                            Total steps: 4521984 
                       Steps per second: 1532 
                        Collection time: 7.906s 
                          Learning time: 0.110s 
                        Mean value loss: 1.1580
                    Mean surrogate loss: -0.0064
                      Mean entropy loss: 2.1561
                            Mean reward: 8.93
                    Mean episode length: 220.70
                        Mean action std: 0.58
--------------------------------------------------------------------------------
                         Iteration time: 8.02s
                           Time elapsed: 0:49:54
                                    ETA: 0:17:53

################################################################################
[1m                           Learning iteration 368/500                           [0m 

                               Run name: chase_clip06
                            Total steps: 4534272 
                       Steps per second: 1539 
                        Collection time: 7.867s 
                          Learning time: 0.113s 
                        Mean value loss: 0.8496
                    Mean surrogate loss: -0.0037
                      Mean entropy loss: 2.1545
                            Mean reward: 8.93
                    Mean episode length: 222.16
                        Mean action std: 0.58
--------------------------------------------------------------------------------
                         Iteration time: 7.98s
                           Time elapsed: 0:50:02
                                    ETA: 0:17:45

################################################################################
[1m                           Learning iteration 369/500                           [0m 

                               Run name: chase_clip06
                            Total steps: 4546560 
                       Steps per second: 1522 
                        Collection time: 7.959s 
                          Learning time: 0.110s 
                        Mean value loss: 0.9366
                    Mean surrogate loss: -0.0081
                      Mean entropy loss: 2.1484
                            Mean reward: 9.69
                    Mean episode length: 221.86
                        Mean action std: 0.58
--------------------------------------------------------------------------------
                         Iteration time: 8.07s
                           Time elapsed: 0:50:10
                                    ETA: 0:17:37

################################################################################
[1m                           Learning iteration 370/500                           [0m 

                               Run name: chase_clip06
                            Total steps: 4558848 
                       Steps per second: 1499 
                        Collection time: 8.083s 
                          Learning time: 0.111s 
                        Mean value loss: 1.5676
                    Mean surrogate loss: -0.0063
                      Mean entropy loss: 2.1620
                            Mean reward: 10.36
                    Mean episode length: 228.38
                        Mean action std: 0.59
--------------------------------------------------------------------------------
                         Iteration time: 8.19s
                           Time elapsed: 0:50:18
                                    ETA: 0:17:29

################################################################################
[1m                           Learning iteration 371/500                           [0m 

                               Run name: chase_clip06
                            Total steps: 4571136 
                       Steps per second: 1529 
                        Collection time: 7.927s 
                          Learning time: 0.108s 
                        Mean value loss: 1.3314
                    Mean surrogate loss: -0.0059
                      Mean entropy loss: 2.1688
                            Mean reward: 7.66
                    Mean episode length: 204.61
                        Mean action std: 0.58
--------------------------------------------------------------------------------
                         Iteration time: 8.03s
                           Time elapsed: 0:50:26
                                    ETA: 0:17:21

################################################################################
[1m                           Learning iteration 372/500                           [0m 

                               Run name: chase_clip06
                            Total steps: 4583424 
                       Steps per second: 1543 
                        Collection time: 7.854s 
                          Learning time: 0.107s 
                        Mean value loss: 2.4520
                    Mean surrogate loss: -0.0065
                      Mean entropy loss: 2.1540
                            Mean reward: 7.57
                    Mean episode length: 207.13
                        Mean action std: 0.58
--------------------------------------------------------------------------------
                         Iteration time: 7.96s
                           Time elapsed: 0:50:34
                                    ETA: 0:17:13

################################################################################
[1m                           Learning iteration 373/500                           [0m 

                               Run name: chase_clip06
                            Total steps: 4595712 
                       Steps per second: 1545 
                        Collection time: 7.843s 
                          Learning time: 0.108s 
                        Mean value loss: 1.0194
                    Mean surrogate loss: -0.0082
                      Mean entropy loss: 2.1531
                            Mean reward: 8.22
                    Mean episode length: 215.56
                        Mean action std: 0.58
--------------------------------------------------------------------------------
                         Iteration time: 7.95s
                           Time elapsed: 0:50:42
                                    ETA: 0:17:04

################################################################################
[1m                           Learning iteration 374/500                           [0m 

                               Run name: chase_clip06
                            Total steps: 4608000 
                       Steps per second: 1527 
                        Collection time: 7.935s 
                          Learning time: 0.110s 
                        Mean value loss: 0.9890
                    Mean surrogate loss: -0.0059
                      Mean entropy loss: 2.1535
                            Mean reward: 9.34
                    Mean episode length: 217.40
                        Mean action std: 0.58
--------------------------------------------------------------------------------
                         Iteration time: 8.05s
                           Time elapsed: 0:50:50
                                    ETA: 0:16:56

################################################################################
[1m                           Learning iteration 375/500                           [0m 

                               Run name: chase_clip06
                            Total steps: 4620288 
                       Steps per second: 1538 
                        Collection time: 7.877s 
                          Learning time: 0.110s 
                        Mean value loss: 0.7470
                    Mean surrogate loss: -0.0068
                      Mean entropy loss: 2.1669
                            Mean reward: 9.98
                    Mean episode length: 222.48
                        Mean action std: 0.59
--------------------------------------------------------------------------------
                         Iteration time: 7.99s
                           Time elapsed: 0:50:58
                                    ETA: 0:16:48

################################################################################
[1m                           Learning iteration 376/500                           [0m 

                               Run name: chase_clip06
                            Total steps: 4632576 
                       Steps per second: 1506 
                        Collection time: 8.043s 
                          Learning time: 0.113s 
                        Mean value loss: 1.4277
                    Mean surrogate loss: -0.0061
                      Mean entropy loss: 2.1966
                            Mean reward: 8.51
                    Mean episode length: 216.77
                        Mean action std: 0.59
--------------------------------------------------------------------------------
                         Iteration time: 8.16s
                           Time elapsed: 0:51:06
                                    ETA: 0:16:40

################################################################################
[1m                           Learning iteration 377/500                           [0m 

                               Run name: chase_clip06
                            Total steps: 4644864 
                       Steps per second: 1522 
                        Collection time: 7.959s 
                          Learning time: 0.110s 
                        Mean value loss: 0.3306
                    Mean surrogate loss: -0.0055
                      Mean entropy loss: 2.2148
                            Mean reward: 9.33
                    Mean episode length: 220.85
                        Mean action std: 0.59
--------------------------------------------------------------------------------
                         Iteration time: 8.07s
                           Time elapsed: 0:51:14
                                    ETA: 0:16:32

################################################################################
[1m                           Learning iteration 378/500                           [0m 

                               Run name: chase_clip06
                            Total steps: 4657152 
                       Steps per second: 1528 
                        Collection time: 7.928s 
                          Learning time: 0.110s 
                        Mean value loss: 0.1830
                    Mean surrogate loss: -0.0052
                      Mean entropy loss: 2.2057
                            Mean reward: 11.45
                    Mean episode length: 234.29
                        Mean action std: 0.59
--------------------------------------------------------------------------------
                         Iteration time: 8.04s
                           Time elapsed: 0:51:22
                                    ETA: 0:16:24

################################################################################
[1m                           Learning iteration 379/500                           [0m 

                               Run name: chase_clip06
                            Total steps: 4669440 
                       Steps per second: 1529 
                        Collection time: 7.926s 
                          Learning time: 0.111s 
                        Mean value loss: 0.1863
                    Mean surrogate loss: -0.0055
                      Mean entropy loss: 2.1995
                            Mean reward: 11.85
                    Mean episode length: 238.85
                        Mean action std: 0.59
--------------------------------------------------------------------------------
                         Iteration time: 8.04s
                           Time elapsed: 0:51:30
                                    ETA: 0:16:15

################################################################################
[1m                           Learning iteration 380/500                           [0m 

                               Run name: chase_clip06
                            Total steps: 4681728 
                       Steps per second: 1528 
                        Collection time: 7.929s 
                          Learning time: 0.110s 
                        Mean value loss: 0.5944
                    Mean surrogate loss: -0.0044
                      Mean entropy loss: 2.2147
                            Mean reward: 10.53
                    Mean episode length: 228.30
                        Mean action std: 0.59
--------------------------------------------------------------------------------
                         Iteration time: 8.04s
                           Time elapsed: 0:51:38
                                    ETA: 0:16:07

################################################################################
[1m                           Learning iteration 381/500                           [0m 

                               Run name: chase_clip06
                            Total steps: 4694016 
                       Steps per second: 1509 
                        Collection time: 8.025s 
                          Learning time: 0.113s 
                        Mean value loss: 0.9311
                    Mean surrogate loss: -0.0053
                      Mean entropy loss: 2.2287
                            Mean reward: 9.40
                    Mean episode length: 220.25
                        Mean action std: 0.60
--------------------------------------------------------------------------------
                         Iteration time: 8.14s
                           Time elapsed: 0:51:46
                                    ETA: 0:15:59

################################################################################
[1m                           Learning iteration 382/500                           [0m 

                               Run name: chase_clip06
                            Total steps: 4706304 
                       Steps per second: 1526 
                        Collection time: 7.942s 
                          Learning time: 0.109s 
                        Mean value loss: 0.6568
                    Mean surrogate loss: -0.0075
                      Mean entropy loss: 2.2501
                            Mean reward: 8.54
                    Mean episode length: 217.08
                        Mean action std: 0.60
--------------------------------------------------------------------------------
                         Iteration time: 8.05s
                           Time elapsed: 0:51:54
                                    ETA: 0:15:51

################################################################################
[1m                           Learning iteration 383/500                           [0m 

                               Run name: chase_clip06
                            Total steps: 4718592 
                       Steps per second: 1538 
                        Collection time: 7.880s 
                          Learning time: 0.109s 
                        Mean value loss: 0.7263
                    Mean surrogate loss: -0.0063
                      Mean entropy loss: 2.2769
                            Mean reward: 8.17
                    Mean episode length: 209.65
                        Mean action std: 0.60
--------------------------------------------------------------------------------
                         Iteration time: 7.99s
                           Time elapsed: 0:52:02
                                    ETA: 0:15:43

################################################################################
[1m                           Learning iteration 384/500                           [0m 

                               Run name: chase_clip06
                            Total steps: 4730880 
                       Steps per second: 1532 
                        Collection time: 7.909s 
                          Learning time: 0.108s 
                        Mean value loss: 0.3049
                    Mean surrogate loss: -0.0048
                      Mean entropy loss: 2.2857
                            Mean reward: 10.22
                    Mean episode length: 225.02
                        Mean action std: 0.60
--------------------------------------------------------------------------------
                         Iteration time: 8.02s
                           Time elapsed: 0:52:10
                                    ETA: 0:15:35

################################################################################
[1m                           Learning iteration 385/500                           [0m 

                               Run name: chase_clip06
                            Total steps: 4743168 
                       Steps per second: 1535 
                        Collection time: 7.894s 
                          Learning time: 0.108s 
                        Mean value loss: 0.4189
                    Mean surrogate loss: -0.0066
                      Mean entropy loss: 2.2954
                            Mean reward: 10.77
                    Mean episode length: 230.45
                        Mean action std: 0.60
--------------------------------------------------------------------------------
                         Iteration time: 8.00s
                           Time elapsed: 0:52:18
                                    ETA: 0:15:27

################################################################################
[1m                           Learning iteration 386/500                           [0m 

                               Run name: chase_clip06
                            Total steps: 4755456 
                       Steps per second: 1536 
                        Collection time: 7.888s 
                          Learning time: 0.110s 
                        Mean value loss: 2.4419
                    Mean surrogate loss: -0.0036
                      Mean entropy loss: 2.3127
                            Mean reward: 9.01
                    Mean episode length: 220.52
                        Mean action std: 0.61
--------------------------------------------------------------------------------
                         Iteration time: 8.00s
                           Time elapsed: 0:52:26
                                    ETA: 0:15:18

################################################################################
[1m                           Learning iteration 387/500                           [0m 

                               Run name: chase_clip06
                            Total steps: 4767744 
                       Steps per second: 1538 
                        Collection time: 7.881s 
                          Learning time: 0.107s 
                        Mean value loss: 1.2632
                    Mean surrogate loss: -0.0043
                      Mean entropy loss: 2.3180
                            Mean reward: 8.59
                    Mean episode length: 220.90
                        Mean action std: 0.61
--------------------------------------------------------------------------------
                         Iteration time: 7.99s
                           Time elapsed: 0:52:34
                                    ETA: 0:15:10

################################################################################
[1m                           Learning iteration 388/500                           [0m 

                               Run name: chase_clip06
                            Total steps: 4780032 
                       Steps per second: 1543 
                        Collection time: 7.852s 
                          Learning time: 0.110s 
                        Mean value loss: 0.4941
                    Mean surrogate loss: -0.0039
                      Mean entropy loss: 2.3202
                            Mean reward: 9.39
                    Mean episode length: 226.83
                        Mean action std: 0.61
--------------------------------------------------------------------------------
                         Iteration time: 7.96s
                           Time elapsed: 0:52:42
                                    ETA: 0:15:02

################################################################################
[1m                           Learning iteration 389/500                           [0m 

                               Run name: chase_clip06
                            Total steps: 4792320 
                       Steps per second: 1536 
                        Collection time: 7.887s 
                          Learning time: 0.110s 
                        Mean value loss: 0.5300
                    Mean surrogate loss: -0.0051
                      Mean entropy loss: 2.3154
                            Mean reward: 10.64
                    Mean episode length: 232.61
                        Mean action std: 0.61
--------------------------------------------------------------------------------
                         Iteration time: 8.00s
                           Time elapsed: 0:52:50
                                    ETA: 0:14:54

################################################################################
[1m                           Learning iteration 390/500                           [0m 

                               Run name: chase_clip06
                            Total steps: 4804608 
                       Steps per second: 1543 
                        Collection time: 7.853s 
                          Learning time: 0.110s 
                        Mean value loss: 0.6403
                    Mean surrogate loss: -0.0049
                      Mean entropy loss: 2.3051
                            Mean reward: 9.64
                    Mean episode length: 227.50
                        Mean action std: 0.60
--------------------------------------------------------------------------------
                         Iteration time: 7.96s
                           Time elapsed: 0:52:58
                                    ETA: 0:14:46

################################################################################
[1m                           Learning iteration 391/500                           [0m 

                               Run name: chase_clip06
                            Total steps: 4816896 
                       Steps per second: 1541 
                        Collection time: 7.859s 
                          Learning time: 0.112s 
                        Mean value loss: 0.6472
                    Mean surrogate loss: -0.0054
                      Mean entropy loss: 2.3006
                            Mean reward: 9.72
                    Mean episode length: 224.08
                        Mean action std: 0.61
--------------------------------------------------------------------------------
                         Iteration time: 7.97s
                           Time elapsed: 0:53:06
                                    ETA: 0:14:37

################################################################################
[1m                           Learning iteration 392/500                           [0m 

                               Run name: chase_clip06
                            Total steps: 4829184 
                       Steps per second: 1540 
                        Collection time: 7.870s 
                          Learning time: 0.108s 
                        Mean value loss: 1.1151
                    Mean surrogate loss: -0.0051
                      Mean entropy loss: 2.3157
                            Mean reward: 11.29
                    Mean episode length: 227.67
                        Mean action std: 0.61
--------------------------------------------------------------------------------
                         Iteration time: 7.98s
                           Time elapsed: 0:53:14
                                    ETA: 0:14:29

################################################################################
[1m                           Learning iteration 393/500                           [0m 

                               Run name: chase_clip06
                            Total steps: 4841472 
                       Steps per second: 1535 
                        Collection time: 7.894s 
                          Learning time: 0.110s 
                        Mean value loss: 0.2976
                    Mean surrogate loss: -0.0057
                      Mean entropy loss: 2.3094
                            Mean reward: 10.54
                    Mean episode length: 227.34
                        Mean action std: 0.61
--------------------------------------------------------------------------------
                         Iteration time: 8.00s
                           Time elapsed: 0:53:22
                                    ETA: 0:14:21

################################################################################
[1m                           Learning iteration 394/500                           [0m 

                               Run name: chase_clip06
                            Total steps: 4853760 
                       Steps per second: 1546 
                        Collection time: 7.838s 
                          Learning time: 0.109s 
                        Mean value loss: 1.0169
                    Mean surrogate loss: -0.0051
                      Mean entropy loss: 2.3095
                            Mean reward: 9.21
                    Mean episode length: 219.76
                        Mean action std: 0.61
--------------------------------------------------------------------------------
                         Iteration time: 7.95s
                           Time elapsed: 0:53:30
                                    ETA: 0:14:13

################################################################################
[1m                           Learning iteration 395/500                           [0m 

                               Run name: chase_clip06
                            Total steps: 4866048 
                       Steps per second: 1537 
                        Collection time: 7.882s 
                          Learning time: 0.110s 
                        Mean value loss: 2.3741
                    Mean surrogate loss: -0.0041
                      Mean entropy loss: 2.3134
                            Mean reward: 8.78
                    Mean episode length: 224.46
                        Mean action std: 0.61
--------------------------------------------------------------------------------
                         Iteration time: 7.99s
                           Time elapsed: 0:53:38
                                    ETA: 0:14:05

################################################################################
[1m                           Learning iteration 396/500                           [0m 

                               Run name: chase_clip06
                            Total steps: 4878336 
                       Steps per second: 1510 
                        Collection time: 8.021s 
                          Learning time: 0.111s 
                        Mean value loss: 0.5753
                    Mean surrogate loss: -0.0047
                      Mean entropy loss: 2.3157
                            Mean reward: 9.98
                    Mean episode length: 230.01
                        Mean action std: 0.61
--------------------------------------------------------------------------------
                         Iteration time: 8.13s
                           Time elapsed: 0:53:46
                                    ETA: 0:13:57

################################################################################
[1m                           Learning iteration 397/500                           [0m 

                               Run name: chase_clip06
                            Total steps: 4890624 
                       Steps per second: 1502 
                        Collection time: 8.066s 
                          Learning time: 0.112s 
                        Mean value loss: 0.1158
                    Mean surrogate loss: -0.0037
                      Mean entropy loss: 2.3150
                            Mean reward: 10.87
                    Mean episode length: 232.13
                        Mean action std: 0.61
--------------------------------------------------------------------------------
                         Iteration time: 8.18s
                           Time elapsed: 0:53:54
                                    ETA: 0:13:49

################################################################################
[1m                           Learning iteration 398/500                           [0m 

                               Run name: chase_clip06
                            Total steps: 4902912 
                       Steps per second: 1502 
                        Collection time: 8.071s 
                          Learning time: 0.110s 
                        Mean value loss: 1.6321
                    Mean surrogate loss: -0.0058
                      Mean entropy loss: 2.3077
                            Mean reward: 10.52
                    Mean episode length: 230.94
                        Mean action std: 0.60
--------------------------------------------------------------------------------
                         Iteration time: 8.18s
                           Time elapsed: 0:54:03
                                    ETA: 0:13:40

################################################################################
[1m                           Learning iteration 399/500                           [0m 

                               Run name: chase_clip06
                            Total steps: 4915200 
                       Steps per second: 1494 
                        Collection time: 8.107s 
                          Learning time: 0.114s 
                        Mean value loss: 0.4981
                    Mean surrogate loss: -0.0066
                      Mean entropy loss: 2.3072
                            Mean reward: 9.09
                    Mean episode length: 222.69
                        Mean action std: 0.60
--------------------------------------------------------------------------------
                         Iteration time: 8.22s
                           Time elapsed: 0:54:11
                                    ETA: 0:13:32

################################################################################
[1m                           Learning iteration 400/500                           [0m 

                               Run name: chase_clip06
                            Total steps: 4927488 
                       Steps per second: 1501 
                        Collection time: 8.070s 
                          Learning time: 0.113s 
                        Mean value loss: 0.8726
                    Mean surrogate loss: -0.0046
                      Mean entropy loss: 2.3039
                            Mean reward: 10.19
                    Mean episode length: 230.62
                        Mean action std: 0.60
--------------------------------------------------------------------------------
                         Iteration time: 8.18s
                           Time elapsed: 0:54:19
                                    ETA: 0:13:24

################################################################################
[1m                           Learning iteration 401/500                           [0m 

                               Run name: chase_clip06
                            Total steps: 4939776 
                       Steps per second: 1504 
                        Collection time: 8.058s 
                          Learning time: 0.112s 
                        Mean value loss: 0.7196
                    Mean surrogate loss: -0.0042
                      Mean entropy loss: 2.2978
                            Mean reward: 10.31
                    Mean episode length: 232.78
                        Mean action std: 0.60
--------------------------------------------------------------------------------
                         Iteration time: 8.17s
                           Time elapsed: 0:54:27
                                    ETA: 0:13:16

################################################################################
[1m                           Learning iteration 402/500                           [0m 

                               Run name: chase_clip06
                            Total steps: 4952064 
                       Steps per second: 1493 
                        Collection time: 8.106s 
                          Learning time: 0.119s 
                        Mean value loss: 1.4551
                    Mean surrogate loss: -0.0044
                      Mean entropy loss: 2.2959
                            Mean reward: 8.27
                    Mean episode length: 218.79
                        Mean action std: 0.60
--------------------------------------------------------------------------------
                         Iteration time: 8.23s
                           Time elapsed: 0:54:35
                                    ETA: 0:13:08

################################################################################
[1m                           Learning iteration 403/500                           [0m 

                               Run name: chase_clip06
                            Total steps: 4964352 
                       Steps per second: 1501 
                        Collection time: 8.070s 
                          Learning time: 0.113s 
                        Mean value loss: 1.0136
                    Mean surrogate loss: -0.0066
                      Mean entropy loss: 2.3071
                            Mean reward: 8.09
                    Mean episode length: 211.64
                        Mean action std: 0.61
--------------------------------------------------------------------------------
                         Iteration time: 8.18s
                           Time elapsed: 0:54:44
                                    ETA: 0:13:00

################################################################################
[1m                           Learning iteration 404/500                           [0m 

                               Run name: chase_clip06
                            Total steps: 4976640 
                       Steps per second: 1495 
                        Collection time: 8.102s 
                          Learning time: 0.114s 
                        Mean value loss: 1.5278
                    Mean surrogate loss: -0.0055
                      Mean entropy loss: 2.3119
                            Mean reward: 7.65
                    Mean episode length: 209.95
                        Mean action std: 0.61
--------------------------------------------------------------------------------
                         Iteration time: 8.22s
                           Time elapsed: 0:54:52
                                    ETA: 0:12:52

################################################################################
[1m                           Learning iteration 405/500                           [0m 

                               Run name: chase_clip06
                            Total steps: 4988928 
                       Steps per second: 1506 
                        Collection time: 8.046s 
                          Learning time: 0.113s 
                        Mean value loss: 0.2650
                    Mean surrogate loss: -0.0044
                      Mean entropy loss: 2.3084
                            Mean reward: 8.98
                    Mean episode length: 222.52
                        Mean action std: 0.61
--------------------------------------------------------------------------------
                         Iteration time: 8.16s
                           Time elapsed: 0:55:00
                                    ETA: 0:12:44

################################################################################
[1m                           Learning iteration 406/500                           [0m 

                               Run name: chase_clip06
                            Total steps: 5001216 
                       Steps per second: 1502 
                        Collection time: 8.068s 
                          Learning time: 0.112s 
                        Mean value loss: 0.1208
                    Mean surrogate loss: -0.0052
                      Mean entropy loss: 2.2912
                            Mean reward: 11.61
                    Mean episode length: 236.79
                        Mean action std: 0.60
--------------------------------------------------------------------------------
                         Iteration time: 8.18s
                           Time elapsed: 0:55:08
                                    ETA: 0:12:36

################################################################################
[1m                           Learning iteration 407/500                           [0m 

                               Run name: chase_clip06
                            Total steps: 5013504 
                       Steps per second: 1504 
                        Collection time: 8.056s 
                          Learning time: 0.112s 
                        Mean value loss: 0.7014
                    Mean surrogate loss: -0.0026
                      Mean entropy loss: 2.2700
                            Mean reward: 11.77
                    Mean episode length: 237.28
                        Mean action std: 0.60
--------------------------------------------------------------------------------
                         Iteration time: 8.17s
                           Time elapsed: 0:55:16
                                    ETA: 0:12:27

################################################################################
[1m                           Learning iteration 408/500                           [0m 

                               Run name: chase_clip06
                            Total steps: 5025792 
                       Steps per second: 1507 
                        Collection time: 8.042s 
                          Learning time: 0.111s 
                        Mean value loss: 1.5958
                    Mean surrogate loss: -0.0036
                      Mean entropy loss: 2.2707
                            Mean reward: 10.60
                    Mean episode length: 230.97
                        Mean action std: 0.60
--------------------------------------------------------------------------------
                         Iteration time: 8.15s
                           Time elapsed: 0:55:24
                                    ETA: 0:12:19

################################################################################
[1m                           Learning iteration 409/500                           [0m 

                               Run name: chase_clip06
                            Total steps: 5038080 
                       Steps per second: 1525 
                        Collection time: 7.942s 
                          Learning time: 0.113s 
                        Mean value loss: 0.5603
                    Mean surrogate loss: -0.0061
                      Mean entropy loss: 2.2740
                            Mean reward: 10.37
                    Mean episode length: 226.01
                        Mean action std: 0.60
--------------------------------------------------------------------------------
                         Iteration time: 8.06s
                           Time elapsed: 0:55:32
                                    ETA: 0:12:11

################################################################################
[1m                           Learning iteration 410/500                           [0m 

                               Run name: chase_clip06
                            Total steps: 5050368 
                       Steps per second: 1500 
                        Collection time: 8.075s 
                          Learning time: 0.114s 
                        Mean value loss: 0.8186
                    Mean surrogate loss: -0.0042
                      Mean entropy loss: 2.2772
                            Mean reward: 10.53
                    Mean episode length: 228.02
                        Mean action std: 0.60
--------------------------------------------------------------------------------
                         Iteration time: 8.19s
                           Time elapsed: 0:55:41
                                    ETA: 0:12:03

################################################################################
[1m                           Learning iteration 411/500                           [0m 

                               Run name: chase_clip06
                            Total steps: 5062656 
                       Steps per second: 1508 
                        Collection time: 8.034s 
                          Learning time: 0.114s 
                        Mean value loss: 0.3250
                    Mean surrogate loss: -0.0060
                      Mean entropy loss: 2.2755
                            Mean reward: 10.41
                    Mean episode length: 226.28
                        Mean action std: 0.60
--------------------------------------------------------------------------------
                         Iteration time: 8.15s
                           Time elapsed: 0:55:49
                                    ETA: 0:11:55

################################################################################
[1m                           Learning iteration 412/500                           [0m 

                               Run name: chase_clip06
                            Total steps: 5074944 
                       Steps per second: 1500 
                        Collection time: 8.074s 
                          Learning time: 0.113s 
                        Mean value loss: 1.1551
                    Mean surrogate loss: -0.0067
                      Mean entropy loss: 2.2820
                            Mean reward: 9.92
                    Mean episode length: 220.96
                        Mean action std: 0.61
--------------------------------------------------------------------------------
                         Iteration time: 8.19s
                           Time elapsed: 0:55:57
                                    ETA: 0:11:47

################################################################################
[1m                           Learning iteration 413/500                           [0m 

                               Run name: chase_clip06
                            Total steps: 5087232 
                       Steps per second: 1506 
                        Collection time: 8.041s 
                          Learning time: 0.113s 
                        Mean value loss: 1.8825
                    Mean surrogate loss: -0.0071
                      Mean entropy loss: 2.3023
                            Mean reward: 6.83
                    Mean episode length: 212.33
                        Mean action std: 0.61
--------------------------------------------------------------------------------
                         Iteration time: 8.15s
                           Time elapsed: 0:56:05
                                    ETA: 0:11:39

################################################################################
[1m                           Learning iteration 414/500                           [0m 

                               Run name: chase_clip06
                            Total steps: 5099520 
                       Steps per second: 1505 
                        Collection time: 8.052s 
                          Learning time: 0.113s 
                        Mean value loss: 0.2835
                    Mean surrogate loss: -0.0050
                      Mean entropy loss: 2.3169
                            Mean reward: 8.13
                    Mean episode length: 216.77
                        Mean action std: 0.61
--------------------------------------------------------------------------------
                         Iteration time: 8.16s
                           Time elapsed: 0:56:13
                                    ETA: 0:11:31

################################################################################
[1m                           Learning iteration 415/500                           [0m 

                               Run name: chase_clip06
                            Total steps: 5111808 
                       Steps per second: 1513 
                        Collection time: 8.006s 
                          Learning time: 0.112s 
                        Mean value loss: 0.3812
                    Mean surrogate loss: -0.0054
                      Mean entropy loss: 2.3279
                            Mean reward: 10.13
                    Mean episode length: 223.30
                        Mean action std: 0.61
--------------------------------------------------------------------------------
                         Iteration time: 8.12s
                           Time elapsed: 0:56:21
                                    ETA: 0:11:22

################################################################################
[1m                           Learning iteration 416/500                           [0m 

                               Run name: chase_clip06
                            Total steps: 5124096 
                       Steps per second: 1507 
                        Collection time: 8.036s 
                          Learning time: 0.113s 
                        Mean value loss: 1.7489
                    Mean surrogate loss: -0.0058
                      Mean entropy loss: 2.3392
                            Mean reward: 9.15
                    Mean episode length: 221.24
                        Mean action std: 0.61
--------------------------------------------------------------------------------
                         Iteration time: 8.15s
                           Time elapsed: 0:56:30
                                    ETA: 0:11:14

################################################################################
[1m                           Learning iteration 417/500                           [0m 

                               Run name: chase_clip06
                            Total steps: 5136384 
                       Steps per second: 1507 
                        Collection time: 8.040s 
                          Learning time: 0.110s 
                        Mean value loss: 0.3335
                    Mean surrogate loss: -0.0043
                      Mean entropy loss: 2.3337
                            Mean reward: 8.71
                    Mean episode length: 227.47
                        Mean action std: 0.61
--------------------------------------------------------------------------------
                         Iteration time: 8.15s
                           Time elapsed: 0:56:38
                                    ETA: 0:11:06

################################################################################
[1m                           Learning iteration 418/500                           [0m 

                               Run name: chase_clip06
                            Total steps: 5148672 
                       Steps per second: 1512 
                        Collection time: 8.015s 
                          Learning time: 0.110s 
                        Mean value loss: 0.0624
                    Mean surrogate loss: -0.0055
                      Mean entropy loss: 2.3290
                            Mean reward: 10.04
                    Mean episode length: 238.27
                        Mean action std: 0.61
--------------------------------------------------------------------------------
                         Iteration time: 8.12s
                           Time elapsed: 0:56:46
                                    ETA: 0:10:58

################################################################################
[1m                           Learning iteration 419/500                           [0m 

                               Run name: chase_clip06
                            Total steps: 5160960 
                       Steps per second: 1505 
                        Collection time: 8.050s 
                          Learning time: 0.113s 
                        Mean value loss: 0.0800
                    Mean surrogate loss: -0.0015
                      Mean entropy loss: 2.3265
                            Mean reward: 11.77
                    Mean episode length: 241.00
                        Mean action std: 0.61
--------------------------------------------------------------------------------
                         Iteration time: 8.16s
                           Time elapsed: 0:56:54
                                    ETA: 0:10:50

################################################################################
[1m                           Learning iteration 420/500                           [0m 

                               Run name: chase_clip06
                            Total steps: 5173248 
                       Steps per second: 1510 
                        Collection time: 8.021s 
                          Learning time: 0.112s 
                        Mean value loss: 0.1773
                    Mean surrogate loss: -0.0045
                      Mean entropy loss: 2.3193
                            Mean reward: 11.32
                    Mean episode length: 238.99
                        Mean action std: 0.61
--------------------------------------------------------------------------------
                         Iteration time: 8.13s
                           Time elapsed: 0:57:02
                                    ETA: 0:10:42

################################################################################
[1m                           Learning iteration 421/500                           [0m 

                               Run name: chase_clip06
                            Total steps: 5185536 
                       Steps per second: 1511 
                        Collection time: 8.014s 
                          Learning time: 0.113s 
                        Mean value loss: 0.2907
                    Mean surrogate loss: -0.0013
                      Mean entropy loss: 2.3130
                            Mean reward: 10.78
                    Mean episode length: 235.05
                        Mean action std: 0.61
--------------------------------------------------------------------------------
                         Iteration time: 8.13s
                           Time elapsed: 0:57:10
                                    ETA: 0:10:34

################################################################################
[1m                           Learning iteration 422/500                           [0m 

                               Run name: chase_clip06
                            Total steps: 5197824 
                       Steps per second: 1498 
                        Collection time: 8.087s 
                          Learning time: 0.113s 
                        Mean value loss: 1.8410
                    Mean surrogate loss: -0.0055
                      Mean entropy loss: 2.3301
                            Mean reward: 8.03
                    Mean episode length: 219.36
                        Mean action std: 0.61
--------------------------------------------------------------------------------
                         Iteration time: 8.20s
                           Time elapsed: 0:57:19
                                    ETA: 0:10:26

################################################################################
[1m                           Learning iteration 423/500                           [0m 

                               Run name: chase_clip06
                            Total steps: 5210112 
                       Steps per second: 1509 
                        Collection time: 8.025s 
                          Learning time: 0.115s 
                        Mean value loss: 0.2514
                    Mean surrogate loss: -0.0054
                      Mean entropy loss: 2.3377
                            Mean reward: 9.32
                    Mean episode length: 220.93
                        Mean action std: 0.61
--------------------------------------------------------------------------------
                         Iteration time: 8.14s
                           Time elapsed: 0:57:27
                                    ETA: 0:10:17

################################################################################
[1m                           Learning iteration 424/500                           [0m 

                               Run name: chase_clip06
                            Total steps: 5222400 
                       Steps per second: 1503 
                        Collection time: 8.060s 
                          Learning time: 0.111s 
                        Mean value loss: 0.5132
                    Mean surrogate loss: -0.0059
                      Mean entropy loss: 2.3203
                            Mean reward: 11.47
                    Mean episode length: 233.45
                        Mean action std: 0.61
--------------------------------------------------------------------------------
                         Iteration time: 8.17s
                           Time elapsed: 0:57:35
                                    ETA: 0:10:09

################################################################################
[1m                           Learning iteration 425/500                           [0m 

                               Run name: chase_clip06
                            Total steps: 5234688 
                       Steps per second: 1503 
                        Collection time: 8.063s 
                          Learning time: 0.109s 
                        Mean value loss: 1.1204
                    Mean surrogate loss: -0.0060
                      Mean entropy loss: 2.3192
                            Mean reward: 10.01
                    Mean episode length: 226.89
                        Mean action std: 0.61
--------------------------------------------------------------------------------
                         Iteration time: 8.17s
                           Time elapsed: 0:57:43
                                    ETA: 0:10:01

################################################################################
[1m                           Learning iteration 426/500                           [0m 

                               Run name: chase_clip06
                            Total steps: 5246976 
                       Steps per second: 1516 
                        Collection time: 7.990s 
                          Learning time: 0.115s 
                        Mean value loss: 0.2148
                    Mean surrogate loss: -0.0047
                      Mean entropy loss: 2.3280
                            Mean reward: 10.22
                    Mean episode length: 229.18
                        Mean action std: 0.61
--------------------------------------------------------------------------------
                         Iteration time: 8.11s
                           Time elapsed: 0:57:51
                                    ETA: 0:09:53

################################################################################
[1m                           Learning iteration 427/500                           [0m 

                               Run name: chase_clip06
                            Total steps: 5259264 
                       Steps per second: 1533 
                        Collection time: 7.900s 
                          Learning time: 0.112s 
                        Mean value loss: 0.7777
                    Mean surrogate loss: -0.0055
                      Mean entropy loss: 2.3313
                            Mean reward: 10.50
                    Mean episode length: 228.63
                        Mean action std: 0.61
--------------------------------------------------------------------------------
                         Iteration time: 8.01s
                           Time elapsed: 0:57:59
                                    ETA: 0:09:45

################################################################################
[1m                           Learning iteration 428/500                           [0m 

                               Run name: chase_clip06
                            Total steps: 5271552 
                       Steps per second: 1549 
                        Collection time: 7.821s 
                          Learning time: 0.111s 
                        Mean value loss: 0.8313
                    Mean surrogate loss: -0.0057
                      Mean entropy loss: 2.3279
                            Mean reward: 9.59
                    Mean episode length: 222.52
                        Mean action std: 0.61
--------------------------------------------------------------------------------
                         Iteration time: 7.93s
                           Time elapsed: 0:58:07
                                    ETA: 0:09:37

################################################################################
[1m                           Learning iteration 429/500                           [0m 

                               Run name: chase_clip06
                            Total steps: 5283840 
                       Steps per second: 1537 
                        Collection time: 7.883s 
                          Learning time: 0.110s 
                        Mean value loss: 1.6218
                    Mean surrogate loss: -0.0075
                      Mean entropy loss: 2.3265
                            Mean reward: 8.61
                    Mean episode length: 217.61
                        Mean action std: 0.61
--------------------------------------------------------------------------------
                         Iteration time: 7.99s
                           Time elapsed: 0:58:15
                                    ETA: 0:09:29

################################################################################
[1m                           Learning iteration 430/500                           [0m 

                               Run name: chase_clip06
                            Total steps: 5296128 
                       Steps per second: 1522 
                        Collection time: 7.964s 
                          Learning time: 0.109s 
                        Mean value loss: 0.6854
                    Mean surrogate loss: -0.0058
                      Mean entropy loss: 2.3493
                            Mean reward: 8.67
                    Mean episode length: 213.12
                        Mean action std: 0.61
--------------------------------------------------------------------------------
                         Iteration time: 8.07s
                           Time elapsed: 0:58:23
                                    ETA: 0:09:20

################################################################################
[1m                           Learning iteration 431/500                           [0m 

                               Run name: chase_clip06
                            Total steps: 5308416 
                       Steps per second: 1542 
                        Collection time: 7.856s 
                          Learning time: 0.109s 
                        Mean value loss: 0.3674
                    Mean surrogate loss: -0.0054
                      Mean entropy loss: 2.3523
                            Mean reward: 8.99
                    Mean episode length: 221.31
                        Mean action std: 0.61
--------------------------------------------------------------------------------
                         Iteration time: 7.96s
                           Time elapsed: 0:58:31
                                    ETA: 0:09:12

################################################################################
[1m                           Learning iteration 432/500                           [0m 

                               Run name: chase_clip06
                            Total steps: 5320704 
                       Steps per second: 1535 
                        Collection time: 7.895s 
                          Learning time: 0.108s 
                        Mean value loss: 0.9342
                    Mean surrogate loss: -0.0053
                      Mean entropy loss: 2.3476
                            Mean reward: 10.68
                    Mean episode length: 232.19
                        Mean action std: 0.61
--------------------------------------------------------------------------------
                         Iteration time: 8.00s
                           Time elapsed: 0:58:39
                                    ETA: 0:09:04

################################################################################
[1m                           Learning iteration 433/500                           [0m 

                               Run name: chase_clip06
                            Total steps: 5332992 
                       Steps per second: 1522 
                        Collection time: 7.964s 
                          Learning time: 0.108s 
                        Mean value loss: 1.3208
                    Mean surrogate loss: -0.0054
                      Mean entropy loss: 2.3390
                            Mean reward: 9.50
                    Mean episode length: 220.22
                        Mean action std: 0.61
--------------------------------------------------------------------------------
                         Iteration time: 8.07s
                           Time elapsed: 0:58:47
                                    ETA: 0:08:56

################################################################################
[1m                           Learning iteration 434/500                           [0m 

                               Run name: chase_clip06
                            Total steps: 5345280 
                       Steps per second: 1529 
                        Collection time: 7.924s 
                          Learning time: 0.111s 
                        Mean value loss: 0.3397
                    Mean surrogate loss: -0.0052
                      Mean entropy loss: 2.3351
                            Mean reward: 9.66
                    Mean episode length: 223.54
                        Mean action std: 0.61
--------------------------------------------------------------------------------
                         Iteration time: 8.03s
                           Time elapsed: 0:58:55
                                    ETA: 0:08:48

################################################################################
[1m                           Learning iteration 435/500                           [0m 

                               Run name: chase_clip06
                            Total steps: 5357568 
                       Steps per second: 1530 
                        Collection time: 7.918s 
                          Learning time: 0.110s 
                        Mean value loss: 1.0568
                    Mean surrogate loss: -0.0054
                      Mean entropy loss: 2.3440
                            Mean reward: 9.70
                    Mean episode length: 225.28
                        Mean action std: 0.61
--------------------------------------------------------------------------------
                         Iteration time: 8.03s
                           Time elapsed: 0:59:03
                                    ETA: 0:08:40

################################################################################
[1m                           Learning iteration 436/500                           [0m 

                               Run name: chase_clip06
                            Total steps: 5369856 
                       Steps per second: 1525 
                        Collection time: 7.949s 
                          Learning time: 0.108s 
                        Mean value loss: 0.0574
                    Mean surrogate loss: -0.0054
                      Mean entropy loss: 2.3541
                            Mean reward: 10.36
                    Mean episode length: 231.93
                        Mean action std: 0.61
--------------------------------------------------------------------------------
                         Iteration time: 8.06s
                           Time elapsed: 0:59:11
                                    ETA: 0:08:32

################################################################################
[1m                           Learning iteration 437/500                           [0m 

                               Run name: chase_clip06
                            Total steps: 5382144 
                       Steps per second: 1536 
                        Collection time: 7.892s 
                          Learning time: 0.107s 
                        Mean value loss: 0.4240
                    Mean surrogate loss: -0.0050
                      Mean entropy loss: 2.3506
                            Mean reward: 11.35
                    Mean episode length: 235.71
                        Mean action std: 0.61
--------------------------------------------------------------------------------
                         Iteration time: 8.00s
                           Time elapsed: 0:59:19
                                    ETA: 0:08:23

################################################################################
[1m                           Learning iteration 438/500                           [0m 

                               Run name: chase_clip06
                            Total steps: 5394432 
                       Steps per second: 1538 
                        Collection time: 7.879s 
                          Learning time: 0.110s 
                        Mean value loss: 1.1128
                    Mean surrogate loss: -0.0067
                      Mean entropy loss: 2.3379
                            Mean reward: 9.19
                    Mean episode length: 223.57
                        Mean action std: 0.61
--------------------------------------------------------------------------------
                         Iteration time: 7.99s
                           Time elapsed: 0:59:27
                                    ETA: 0:08:15

################################################################################
[1m                           Learning iteration 439/500                           [0m 

                               Run name: chase_clip06
                            Total steps: 5406720 
                       Steps per second: 1532 
                        Collection time: 7.910s 
                          Learning time: 0.109s 
                        Mean value loss: 0.6924
                    Mean surrogate loss: -0.0041
                      Mean entropy loss: 2.3325
                            Mean reward: 8.70
                    Mean episode length: 226.61
                        Mean action std: 0.61
--------------------------------------------------------------------------------
                         Iteration time: 8.02s
                           Time elapsed: 0:59:35
                                    ETA: 0:08:07

################################################################################
[1m                           Learning iteration 440/500                           [0m 

                               Run name: chase_clip06
                            Total steps: 5419008 
                       Steps per second: 1535 
                        Collection time: 7.893s 
                          Learning time: 0.109s 
                        Mean value loss: 0.5618
                    Mean surrogate loss: -0.0026
                      Mean entropy loss: 2.3330
                            Mean reward: 10.63
                    Mean episode length: 238.75
                        Mean action std: 0.61
--------------------------------------------------------------------------------
                         Iteration time: 8.00s
                           Time elapsed: 0:59:43
                                    ETA: 0:07:59

################################################################################
[1m                           Learning iteration 441/500                           [0m 

                               Run name: chase_clip06
                            Total steps: 5431296 
                       Steps per second: 1536 
                        Collection time: 7.888s 
                          Learning time: 0.110s 
                        Mean value loss: 0.5791
                    Mean surrogate loss: -0.0029
                      Mean entropy loss: 2.3338
                            Mean reward: 11.01
                    Mean episode length: 234.96
                        Mean action std: 0.61
--------------------------------------------------------------------------------
                         Iteration time: 8.00s
                           Time elapsed: 0:59:51
                                    ETA: 0:07:51

################################################################################
[1m                           Learning iteration 442/500                           [0m 

                               Run name: chase_clip06
                            Total steps: 5443584 
                       Steps per second: 1527 
                        Collection time: 7.930s 
                          Learning time: 0.113s 
                        Mean value loss: 2.2022
                    Mean surrogate loss: -0.0039
                      Mean entropy loss: 2.3400
                            Mean reward: 10.57
                    Mean episode length: 229.01
                        Mean action std: 0.61
--------------------------------------------------------------------------------
                         Iteration time: 8.04s
                           Time elapsed: 0:59:59
                                    ETA: 0:07:43

################################################################################
[1m                           Learning iteration 443/500                           [0m 

                               Run name: chase_clip06
                            Total steps: 5455872 
                       Steps per second: 1538 
                        Collection time: 7.879s 
                          Learning time: 0.108s 
                        Mean value loss: 1.2053
                    Mean surrogate loss: -0.0082
                      Mean entropy loss: 2.3669
                            Mean reward: 9.25
                    Mean episode length: 226.41
                        Mean action std: 0.62
--------------------------------------------------------------------------------
                         Iteration time: 7.99s
                           Time elapsed: 1:00:07
                                    ETA: 0:07:35

################################################################################
[1m                           Learning iteration 444/500                           [0m 

                               Run name: chase_clip06
                            Total steps: 5468160 
                       Steps per second: 1536 
                        Collection time: 7.885s 
                          Learning time: 0.112s 
                        Mean value loss: 1.2385
                    Mean surrogate loss: -0.0058
                      Mean entropy loss: 2.3765
                            Mean reward: 8.49
                    Mean episode length: 216.40
                        Mean action std: 0.62
--------------------------------------------------------------------------------
                         Iteration time: 8.00s
                           Time elapsed: 1:00:15
                                    ETA: 0:07:26

################################################################################
[1m                           Learning iteration 445/500                           [0m 

                               Run name: chase_clip06
                            Total steps: 5480448 
                       Steps per second: 1543 
                        Collection time: 7.852s 
                          Learning time: 0.109s 
                        Mean value loss: 1.5977
                    Mean surrogate loss: -0.0067
                      Mean entropy loss: 2.3851
                            Mean reward: 8.84
                    Mean episode length: 215.95
                        Mean action std: 0.62
--------------------------------------------------------------------------------
                         Iteration time: 7.96s
                           Time elapsed: 1:00:23
                                    ETA: 0:07:18

################################################################################
[1m                           Learning iteration 446/500                           [0m 

                               Run name: chase_clip06
                            Total steps: 5492736 
                       Steps per second: 1541 
                        Collection time: 7.864s 
                          Learning time: 0.108s 
                        Mean value loss: 1.3762
                    Mean surrogate loss: -0.0061
                      Mean entropy loss: 2.3957
                            Mean reward: 8.00
                    Mean episode length: 211.73
                        Mean action std: 0.62
--------------------------------------------------------------------------------
                         Iteration time: 7.97s
                           Time elapsed: 1:00:31
                                    ETA: 0:07:10

################################################################################
[1m                           Learning iteration 447/500                           [0m 

                               Run name: chase_clip06
                            Total steps: 5505024 
                       Steps per second: 1539 
                        Collection time: 7.867s 
                          Learning time: 0.114s 
                        Mean value loss: 0.3197
                    Mean surrogate loss: -0.0040
                      Mean entropy loss: 2.3953
                            Mean reward: 10.22
                    Mean episode length: 229.63
                        Mean action std: 0.62
--------------------------------------------------------------------------------
                         Iteration time: 7.98s
                           Time elapsed: 1:00:39
                                    ETA: 0:07:02

################################################################################
[1m                           Learning iteration 448/500                           [0m 

                               Run name: chase_clip06
                            Total steps: 5517312 
                       Steps per second: 1535 
                        Collection time: 7.898s 
                          Learning time: 0.107s 
                        Mean value loss: 0.4720
                    Mean surrogate loss: -0.0079
                      Mean entropy loss: 2.3844
                            Mean reward: 10.29
                    Mean episode length: 231.48
                        Mean action std: 0.62
--------------------------------------------------------------------------------
                         Iteration time: 8.00s
                           Time elapsed: 1:00:47
                                    ETA: 0:06:54

################################################################################
[1m                           Learning iteration 449/500                           [0m 

                               Run name: chase_clip06
                            Total steps: 5529600 
                       Steps per second: 1542 
                        Collection time: 7.860s 
                          Learning time: 0.108s 
                        Mean value loss: 0.4368
                    Mean surrogate loss: -0.0042
                      Mean entropy loss: 2.3761
                            Mean reward: 10.34
                    Mean episode length: 232.15
                        Mean action std: 0.62
--------------------------------------------------------------------------------
                         Iteration time: 7.97s
                           Time elapsed: 1:00:55
                                    ETA: 0:06:46

################################################################################
[1m                           Learning iteration 450/500                           [0m 

                               Run name: chase_clip06
                            Total steps: 5541888 
                       Steps per second: 1540 
                        Collection time: 7.864s 
                          Learning time: 0.111s 
                        Mean value loss: 0.5122
                    Mean surrogate loss: -0.0030
                      Mean entropy loss: 2.3717
                            Mean reward: 10.09
                    Mean episode length: 230.65
                        Mean action std: 0.62
--------------------------------------------------------------------------------
                         Iteration time: 7.97s
                           Time elapsed: 1:01:03
                                    ETA: 0:06:38

################################################################################
[1m                           Learning iteration 451/500                           [0m 

                               Run name: chase_clip06
                            Total steps: 5554176 
                       Steps per second: 1547 
                        Collection time: 7.830s 
                          Learning time: 0.112s 
                        Mean value loss: 0.5338
                    Mean surrogate loss: -0.0038
                      Mean entropy loss: 2.3737
                            Mean reward: 10.56
                    Mean episode length: 230.27
                        Mean action std: 0.62
--------------------------------------------------------------------------------
                         Iteration time: 7.94s
                           Time elapsed: 1:01:11
                                    ETA: 0:06:29

################################################################################
[1m                           Learning iteration 452/500                           [0m 

                               Run name: chase_clip06
                            Total steps: 5566464 
                       Steps per second: 1544 
                        Collection time: 7.842s 
                          Learning time: 0.112s 
                        Mean value loss: 0.0847
                    Mean surrogate loss: -0.0039
                      Mean entropy loss: 2.3674
                            Mean reward: 10.63
                    Mean episode length: 231.43
                        Mean action std: 0.62
--------------------------------------------------------------------------------
                         Iteration time: 7.95s
                           Time elapsed: 1:01:19
                                    ETA: 0:06:21

################################################################################
[1m                           Learning iteration 453/500                           [0m 

                               Run name: chase_clip06
                            Total steps: 5578752 
                       Steps per second: 1545 
                        Collection time: 7.841s 
                          Learning time: 0.111s 
                        Mean value loss: 0.5208
                    Mean surrogate loss: -0.0056
                      Mean entropy loss: 2.3499
                            Mean reward: 12.00
                    Mean episode length: 239.56
                        Mean action std: 0.62
--------------------------------------------------------------------------------
                         Iteration time: 7.95s
                           Time elapsed: 1:01:27
                                    ETA: 0:06:13

################################################################################
[1m                           Learning iteration 454/500                           [0m 

                               Run name: chase_clip06
                            Total steps: 5591040 
                       Steps per second: 1549 
                        Collection time: 7.822s 
                          Learning time: 0.110s 
                        Mean value loss: 0.3099
                    Mean surrogate loss: -0.0028
                      Mean entropy loss: 2.3486
                            Mean reward: 11.02
                    Mean episode length: 234.98
                        Mean action std: 0.62
--------------------------------------------------------------------------------
                         Iteration time: 7.93s
                           Time elapsed: 1:01:35
                                    ETA: 0:06:05

################################################################################
[1m                           Learning iteration 455/500                           [0m 

                               Run name: chase_clip06
                            Total steps: 5603328 
                       Steps per second: 1547 
                        Collection time: 7.832s 
                          Learning time: 0.109s 
                        Mean value loss: 0.1779
                    Mean surrogate loss: -0.0048
                      Mean entropy loss: 2.3456
                            Mean reward: 10.52
                    Mean episode length: 230.67
                        Mean action std: 0.61
--------------------------------------------------------------------------------
                         Iteration time: 7.94s
                           Time elapsed: 1:01:43
                                    ETA: 0:05:57

################################################################################
[1m                           Learning iteration 456/500                           [0m 

                               Run name: chase_clip06
                            Total steps: 5615616 
                       Steps per second: 1535 
                        Collection time: 7.892s 
                          Learning time: 0.108s 
                        Mean value loss: 0.0437
                    Mean surrogate loss: -0.0039
                      Mean entropy loss: 2.3429
                            Mean reward: 11.53
                    Mean episode length: 237.39
                        Mean action std: 0.62
--------------------------------------------------------------------------------
                         Iteration time: 8.00s
                           Time elapsed: 1:01:51
                                    ETA: 0:05:49

################################################################################
[1m                           Learning iteration 457/500                           [0m 

                               Run name: chase_clip06
                            Total steps: 5627904 
                       Steps per second: 1546 
                        Collection time: 7.835s 
                          Learning time: 0.110s 
                        Mean value loss: 0.5347
                    Mean surrogate loss: -0.0028
                      Mean entropy loss: 2.3528
                            Mean reward: 11.25
                    Mean episode length: 237.20
                        Mean action std: 0.62
--------------------------------------------------------------------------------
                         Iteration time: 7.94s
                           Time elapsed: 1:01:59
                                    ETA: 0:05:41

################################################################################
[1m                           Learning iteration 458/500                           [0m 

                               Run name: chase_clip06
                            Total steps: 5640192 
                       Steps per second: 1548 
                        Collection time: 7.828s 
                          Learning time: 0.107s 
                        Mean value loss: 0.3217
                    Mean surrogate loss: -0.0038
                      Mean entropy loss: 2.3541
                            Mean reward: 10.49
                    Mean episode length: 231.40
                        Mean action std: 0.62
--------------------------------------------------------------------------------
                         Iteration time: 7.94s
                           Time elapsed: 1:02:07
                                    ETA: 0:05:32

################################################################################
[1m                           Learning iteration 459/500                           [0m 

                               Run name: chase_clip06
                            Total steps: 5652480 
                       Steps per second: 1546 
                        Collection time: 7.841s 
                          Learning time: 0.106s 
                        Mean value loss: 0.3387
                    Mean surrogate loss: -0.0050
                      Mean entropy loss: 2.3531
                            Mean reward: 10.66
                    Mean episode length: 233.83
                        Mean action std: 0.62
--------------------------------------------------------------------------------
                         Iteration time: 7.95s
                           Time elapsed: 1:02:15
                                    ETA: 0:05:24

################################################################################
[1m                           Learning iteration 460/500                           [0m 

                               Run name: chase_clip06
                            Total steps: 5664768 
                       Steps per second: 1546 
                        Collection time: 7.837s 
                          Learning time: 0.110s 
                        Mean value loss: 0.8950
                    Mean surrogate loss: -0.0032
                      Mean entropy loss: 2.3561
                            Mean reward: 9.57
                    Mean episode length: 228.47
                        Mean action std: 0.62
--------------------------------------------------------------------------------
                         Iteration time: 7.95s
                           Time elapsed: 1:02:23
                                    ETA: 0:05:16

################################################################################
[1m                           Learning iteration 461/500                           [0m 

                               Run name: chase_clip06
                            Total steps: 5677056 
                       Steps per second: 1544 
                        Collection time: 7.843s 
                          Learning time: 0.113s 
                        Mean value loss: 1.0779
                    Mean surrogate loss: -0.0057
                      Mean entropy loss: 2.3749
                            Mean reward: 9.60
                    Mean episode length: 227.80
                        Mean action std: 0.62
--------------------------------------------------------------------------------
                         Iteration time: 7.96s
                           Time elapsed: 1:02:31
                                    ETA: 0:05:08

################################################################################
[1m                           Learning iteration 462/500                           [0m 

                               Run name: chase_clip06
                            Total steps: 5689344 
                       Steps per second: 1520 
                        Collection time: 7.968s 
                          Learning time: 0.113s 
                        Mean value loss: 0.3814
                    Mean surrogate loss: -0.0044
                      Mean entropy loss: 2.3966
                            Mean reward: 10.79
                    Mean episode length: 229.98
                        Mean action std: 0.62
--------------------------------------------------------------------------------
                         Iteration time: 8.08s
                           Time elapsed: 1:02:39
                                    ETA: 0:05:00

################################################################################
[1m                           Learning iteration 463/500                           [0m 

                               Run name: chase_clip06
                            Total steps: 5701632 
                       Steps per second: 1542 
                        Collection time: 7.859s 
                          Learning time: 0.109s 
                        Mean value loss: 0.4781
                    Mean surrogate loss: -0.0038
                      Mean entropy loss: 2.4078
                            Mean reward: 10.64
                    Mean episode length: 235.36
                        Mean action std: 0.63
--------------------------------------------------------------------------------
                         Iteration time: 7.97s
                           Time elapsed: 1:02:47
                                    ETA: 0:04:52

################################################################################
[1m                           Learning iteration 464/500                           [0m 

                               Run name: chase_clip06
                            Total steps: 5713920 
                       Steps per second: 1545 
                        Collection time: 7.840s 
                          Learning time: 0.109s 
                        Mean value loss: 1.0995
                    Mean surrogate loss: -0.0063
                      Mean entropy loss: 2.4186
                            Mean reward: 9.94
                    Mean episode length: 230.73
                        Mean action std: 0.63
--------------------------------------------------------------------------------
                         Iteration time: 7.95s
                           Time elapsed: 1:02:55
                                    ETA: 0:04:44

################################################################################
[1m                           Learning iteration 465/500                           [0m 

                               Run name: chase_clip06
                            Total steps: 5726208 
                       Steps per second: 1541 
                        Collection time: 7.861s 
                          Learning time: 0.110s 
                        Mean value loss: 0.5683
                    Mean surrogate loss: -0.0040
                      Mean entropy loss: 2.4262
                            Mean reward: 10.36
                    Mean episode length: 232.67
                        Mean action std: 0.63
--------------------------------------------------------------------------------
                         Iteration time: 7.97s
                           Time elapsed: 1:03:03
                                    ETA: 0:04:36

################################################################################
[1m                           Learning iteration 466/500                           [0m 

                               Run name: chase_clip06
                            Total steps: 5738496 
                       Steps per second: 1546 
                        Collection time: 7.840s 
                          Learning time: 0.105s 
                        Mean value loss: 1.4727
                    Mean surrogate loss: -0.0058
                      Mean entropy loss: 2.4319
                            Mean reward: 10.20
                    Mean episode length: 228.73
                        Mean action std: 0.63
--------------------------------------------------------------------------------
                         Iteration time: 7.95s
                           Time elapsed: 1:03:11
                                    ETA: 0:04:27

################################################################################
[1m                           Learning iteration 467/500                           [0m 

                               Run name: chase_clip06
                            Total steps: 5750784 
                       Steps per second: 1549 
                        Collection time: 7.822s 
                          Learning time: 0.109s 
                        Mean value loss: 0.1623
                    Mean surrogate loss: -0.0057
                      Mean entropy loss: 2.4238
                            Mean reward: 10.88
                    Mean episode length: 232.18
                        Mean action std: 0.62
--------------------------------------------------------------------------------
                         Iteration time: 7.93s
                           Time elapsed: 1:03:18
                                    ETA: 0:04:19

################################################################################
[1m                           Learning iteration 468/500                           [0m 

                               Run name: chase_clip06
                            Total steps: 5763072 
                       Steps per second: 1543 
                        Collection time: 7.852s 
                          Learning time: 0.109s 
                        Mean value loss: 0.1502
                    Mean surrogate loss: -0.0034
                      Mean entropy loss: 2.3949
                            Mean reward: 12.00
                    Mean episode length: 238.95
                        Mean action std: 0.62
--------------------------------------------------------------------------------
                         Iteration time: 7.96s
                           Time elapsed: 1:03:26
                                    ETA: 0:04:11

################################################################################
[1m                           Learning iteration 469/500                           [0m 

                               Run name: chase_clip06
                            Total steps: 5775360 
                       Steps per second: 1545 
                        Collection time: 7.842s 
                          Learning time: 0.110s 
                        Mean value loss: 0.6314
                    Mean surrogate loss: -0.0054
                      Mean entropy loss: 2.3981
                            Mean reward: 11.66
                    Mean episode length: 237.29
                        Mean action std: 0.62
--------------------------------------------------------------------------------
                         Iteration time: 7.95s
                           Time elapsed: 1:03:34
                                    ETA: 0:04:03

################################################################################
[1m                           Learning iteration 470/500                           [0m 

                               Run name: chase_clip06
                            Total steps: 5787648 
                       Steps per second: 1544 
                        Collection time: 7.844s 
                          Learning time: 0.111s 
                        Mean value loss: 0.2541
                    Mean surrogate loss: -0.0057
                      Mean entropy loss: 2.4021
                            Mean reward: 11.34
                    Mean episode length: 235.38
                        Mean action std: 0.62
--------------------------------------------------------------------------------
                         Iteration time: 7.96s
                           Time elapsed: 1:03:42
                                    ETA: 0:03:55

################################################################################
[1m                           Learning iteration 471/500                           [0m 

                               Run name: chase_clip06
                            Total steps: 5799936 
                       Steps per second: 1551 
                        Collection time: 7.815s 
                          Learning time: 0.105s 
                        Mean value loss: 0.3542
                    Mean surrogate loss: -0.0049
                      Mean entropy loss: 2.3931
                            Mean reward: 10.77
                    Mean episode length: 229.74
                        Mean action std: 0.62
--------------------------------------------------------------------------------
                         Iteration time: 7.92s
                           Time elapsed: 1:03:50
                                    ETA: 0:03:47

################################################################################
[1m                           Learning iteration 472/500                           [0m 

                               Run name: chase_clip06
                            Total steps: 5812224 
                       Steps per second: 1550 
                        Collection time: 7.816s 
                          Learning time: 0.110s 
                        Mean value loss: 0.2984
                    Mean surrogate loss: -0.0021
                      Mean entropy loss: 2.3875
                            Mean reward: 10.50
                    Mean episode length: 228.31
                        Mean action std: 0.62
--------------------------------------------------------------------------------
                         Iteration time: 7.93s
                           Time elapsed: 1:03:58
                                    ETA: 0:03:39

################################################################################
[1m                           Learning iteration 473/500                           [0m 

                               Run name: chase_clip06
                            Total steps: 5824512 
                       Steps per second: 1546 
                        Collection time: 7.836s 
                          Learning time: 0.109s 
                        Mean value loss: 1.2700
                    Mean surrogate loss: -0.0047
                      Mean entropy loss: 2.3838
                            Mean reward: 10.78
                    Mean episode length: 234.56
                        Mean action std: 0.62
--------------------------------------------------------------------------------
                         Iteration time: 7.95s
                           Time elapsed: 1:04:06
                                    ETA: 0:03:30

################################################################################
[1m                           Learning iteration 474/500                           [0m 

                               Run name: chase_clip06
                            Total steps: 5836800 
                       Steps per second: 1547 
                        Collection time: 7.830s 
                          Learning time: 0.110s 
                        Mean value loss: 0.1735
                    Mean surrogate loss: -0.0044
                      Mean entropy loss: 2.3877
                            Mean reward: 11.04
                    Mean episode length: 238.09
                        Mean action std: 0.62
--------------------------------------------------------------------------------
                         Iteration time: 7.94s
                           Time elapsed: 1:04:14
                                    ETA: 0:03:22

################################################################################
[1m                           Learning iteration 475/500                           [0m 

                               Run name: chase_clip06
                            Total steps: 5849088 
                       Steps per second: 1541 
                        Collection time: 7.864s 
                          Learning time: 0.109s 
                        Mean value loss: 1.6126
                    Mean surrogate loss: -0.0042
                      Mean entropy loss: 2.3891
                            Mean reward: 10.00
                    Mean episode length: 230.74
                        Mean action std: 0.62
--------------------------------------------------------------------------------
                         Iteration time: 7.97s
                           Time elapsed: 1:04:22
                                    ETA: 0:03:14

################################################################################
[1m                           Learning iteration 476/500                           [0m 

                               Run name: chase_clip06
                            Total steps: 5861376 
                       Steps per second: 1550 
                        Collection time: 7.815s 
                          Learning time: 0.110s 
                        Mean value loss: 0.0259
                    Mean surrogate loss: -0.0058
                      Mean entropy loss: 2.3958
                            Mean reward: 10.17
                    Mean episode length: 230.74
                        Mean action std: 0.62
--------------------------------------------------------------------------------
                         Iteration time: 7.92s
                           Time elapsed: 1:04:30
                                    ETA: 0:03:06

################################################################################
[1m                           Learning iteration 477/500                           [0m 

                               Run name: chase_clip06
                            Total steps: 5873664 
                       Steps per second: 1548 
                        Collection time: 7.826s 
                          Learning time: 0.109s 
                        Mean value loss: 0.3577
                    Mean surrogate loss: -0.0044
                      Mean entropy loss: 2.4050
                            Mean reward: 11.28
                    Mean episode length: 234.50
                        Mean action std: 0.62
--------------------------------------------------------------------------------
                         Iteration time: 7.94s
                           Time elapsed: 1:04:38
                                    ETA: 0:02:58

################################################################################
[1m                           Learning iteration 478/500                           [0m 

                               Run name: chase_clip06
                            Total steps: 5885952 
                       Steps per second: 1546 
                        Collection time: 7.837s 
                          Learning time: 0.108s 
                        Mean value loss: 0.4694
                    Mean surrogate loss: -0.0028
                      Mean entropy loss: 2.4102
                            Mean reward: 10.92
                    Mean episode length: 232.72
                        Mean action std: 0.63
--------------------------------------------------------------------------------
                         Iteration time: 7.95s
                           Time elapsed: 1:04:46
                                    ETA: 0:02:50

################################################################################
[1m                           Learning iteration 479/500                           [0m 

                               Run name: chase_clip06
                            Total steps: 5898240 
                       Steps per second: 1539 
                        Collection time: 7.871s 
                          Learning time: 0.109s 
                        Mean value loss: 0.7742
                    Mean surrogate loss: -0.0064
                      Mean entropy loss: 2.4274
                            Mean reward: 10.18
                    Mean episode length: 230.96
                        Mean action std: 0.63
--------------------------------------------------------------------------------
                         Iteration time: 7.98s
                           Time elapsed: 1:04:54
                                    ETA: 0:02:42

################################################################################
[1m                           Learning iteration 480/500                           [0m 

                               Run name: chase_clip06
                            Total steps: 5910528 
                       Steps per second: 1537 
                        Collection time: 7.883s 
                          Learning time: 0.108s 
                        Mean value loss: 0.4191
                    Mean surrogate loss: -0.0063
                      Mean entropy loss: 2.4380
                            Mean reward: 9.56
                    Mean episode length: 223.10
                        Mean action std: 0.63
--------------------------------------------------------------------------------
                         Iteration time: 7.99s
                           Time elapsed: 1:05:02
                                    ETA: 0:02:34

################################################################################
[1m                           Learning iteration 481/500                           [0m 

                               Run name: chase_clip06
                            Total steps: 5922816 
                       Steps per second: 1543 
                        Collection time: 7.850s 
                          Learning time: 0.112s 
                        Mean value loss: 0.3654
                    Mean surrogate loss: -0.0042
                      Mean entropy loss: 2.4426
                            Mean reward: 10.00
                    Mean episode length: 223.22
                        Mean action std: 0.63
--------------------------------------------------------------------------------
                         Iteration time: 7.96s
                           Time elapsed: 1:05:10
                                    ETA: 0:02:26

################################################################################
[1m                           Learning iteration 482/500                           [0m 

                               Run name: chase_clip06
                            Total steps: 5935104 
                       Steps per second: 1540 
                        Collection time: 7.866s 
                          Learning time: 0.110s 
                        Mean value loss: 1.7800
                    Mean surrogate loss: -0.0039
                      Mean entropy loss: 2.4423
                            Mean reward: 9.20
                    Mean episode length: 220.10
                        Mean action std: 0.63
--------------------------------------------------------------------------------
                         Iteration time: 7.98s
                           Time elapsed: 1:05:18
                                    ETA: 0:02:17

################################################################################
[1m                           Learning iteration 483/500                           [0m 

                               Run name: chase_clip06
                            Total steps: 5947392 
                       Steps per second: 1550 
                        Collection time: 7.819s 
                          Learning time: 0.108s 
                        Mean value loss: 1.7184
                    Mean surrogate loss: -0.0034
                      Mean entropy loss: 2.4424
                            Mean reward: 9.79
                    Mean episode length: 226.52
                        Mean action std: 0.63
--------------------------------------------------------------------------------
                         Iteration time: 7.93s
                           Time elapsed: 1:05:26
                                    ETA: 0:02:09

################################################################################
[1m                           Learning iteration 484/500                           [0m 

                               Run name: chase_clip06
                            Total steps: 5959680 
                       Steps per second: 1551 
                        Collection time: 7.810s 
                          Learning time: 0.108s 
                        Mean value loss: 0.5307
                    Mean surrogate loss: -0.0038
                      Mean entropy loss: 2.4448
                            Mean reward: 9.40
                    Mean episode length: 227.05
                        Mean action std: 0.63
--------------------------------------------------------------------------------
                         Iteration time: 7.92s
                           Time elapsed: 1:05:34
                                    ETA: 0:02:01

################################################################################
[1m                           Learning iteration 485/500                           [0m 

                               Run name: chase_clip06
                            Total steps: 5971968 
                       Steps per second: 1550 
                        Collection time: 7.817s 
                          Learning time: 0.107s 
                        Mean value loss: 0.3039
                    Mean surrogate loss: -0.0046
                      Mean entropy loss: 2.4444
                            Mean reward: 10.53
                    Mean episode length: 234.09
                        Mean action std: 0.63
--------------------------------------------------------------------------------
                         Iteration time: 7.92s
                           Time elapsed: 1:05:42
                                    ETA: 0:01:53

################################################################################
[1m                           Learning iteration 486/500                           [0m 

                               Run name: chase_clip06
                            Total steps: 5984256 
                       Steps per second: 1545 
                        Collection time: 7.845s 
                          Learning time: 0.107s 
                        Mean value loss: 0.8842
                    Mean surrogate loss: -0.0042
                      Mean entropy loss: 2.4445
                            Mean reward: 10.37
                    Mean episode length: 230.51
                        Mean action std: 0.63
--------------------------------------------------------------------------------
                         Iteration time: 7.95s
                           Time elapsed: 1:05:49
                                    ETA: 0:01:45

################################################################################
[1m                           Learning iteration 487/500                           [0m 

                               Run name: chase_clip06
                            Total steps: 5996544 
                       Steps per second: 1529 
                        Collection time: 7.920s 
                          Learning time: 0.113s 
                        Mean value loss: 0.5004
                    Mean surrogate loss: -0.0044
                      Mean entropy loss: 2.4420
                            Mean reward: 10.39
                    Mean episode length: 226.57
                        Mean action std: 0.63
--------------------------------------------------------------------------------
                         Iteration time: 8.03s
                           Time elapsed: 1:05:57
                                    ETA: 0:01:37

################################################################################
[1m                           Learning iteration 488/500                           [0m 

                               Run name: chase_clip06
                            Total steps: 6008832 
                       Steps per second: 1541 
                        Collection time: 7.861s 
                          Learning time: 0.109s 
                        Mean value loss: 0.6607
                    Mean surrogate loss: -0.0032
                      Mean entropy loss: 2.4283
                            Mean reward: 9.99
                    Mean episode length: 226.14
                        Mean action std: 0.63
--------------------------------------------------------------------------------
                         Iteration time: 7.97s
                           Time elapsed: 1:06:05
                                    ETA: 0:01:29

################################################################################
[1m                           Learning iteration 489/500                           [0m 

                               Run name: chase_clip06
                            Total steps: 6021120 
                       Steps per second: 1546 
                        Collection time: 7.838s 
                          Learning time: 0.110s 
                        Mean value loss: 0.3284
                    Mean surrogate loss: -0.0038
                      Mean entropy loss: 2.4273
                            Mean reward: 10.20
                    Mean episode length: 226.21
                        Mean action std: 0.63
--------------------------------------------------------------------------------
                         Iteration time: 7.95s
                           Time elapsed: 1:06:13
                                    ETA: 0:01:21

################################################################################
[1m                           Learning iteration 490/500                           [0m 

                               Run name: chase_clip06
                            Total steps: 6033408 
                       Steps per second: 1548 
                        Collection time: 7.823s 
                          Learning time: 0.111s 
                        Mean value loss: 0.1818
                    Mean surrogate loss: -0.0024
                      Mean entropy loss: 2.4275
                            Mean reward: 11.34
                    Mean episode length: 234.45
                        Mean action std: 0.63
--------------------------------------------------------------------------------
                         Iteration time: 7.93s
                           Time elapsed: 1:06:21
                                    ETA: 0:01:12

################################################################################
[1m                           Learning iteration 491/500                           [0m 

                               Run name: chase_clip06
                            Total steps: 6045696 
                       Steps per second: 1543 
                        Collection time: 7.854s 
                          Learning time: 0.106s 
                        Mean value loss: 0.3856
                    Mean surrogate loss: -0.0042
                      Mean entropy loss: 2.4361
                            Mean reward: 11.48
                    Mean episode length: 236.88
                        Mean action std: 0.63
--------------------------------------------------------------------------------
                         Iteration time: 7.96s
                           Time elapsed: 1:06:29
                                    ETA: 0:01:04

################################################################################
[1m                           Learning iteration 492/500                           [0m 

                               Run name: chase_clip06
                            Total steps: 6057984 
                       Steps per second: 1547 
                        Collection time: 7.830s 
                          Learning time: 0.110s 
                        Mean value loss: 0.2090
                    Mean surrogate loss: -0.0045
                      Mean entropy loss: 2.4445
                            Mean reward: 11.05
                    Mean episode length: 235.31
                        Mean action std: 0.63
--------------------------------------------------------------------------------
                         Iteration time: 7.94s
                           Time elapsed: 1:06:37
                                    ETA: 0:00:56

################################################################################
[1m                           Learning iteration 493/500                           [0m 

                               Run name: chase_clip06
                            Total steps: 6070272 
                       Steps per second: 1545 
                        Collection time: 7.843s 
                          Learning time: 0.110s 
                        Mean value loss: 0.2333
                    Mean surrogate loss: -0.0045
                      Mean entropy loss: 2.4413
                            Mean reward: 10.68
                    Mean episode length: 232.84
                        Mean action std: 0.63
--------------------------------------------------------------------------------
                         Iteration time: 7.95s
                           Time elapsed: 1:06:45
                                    ETA: 0:00:48

################################################################################
[1m                           Learning iteration 494/500                           [0m 

                               Run name: chase_clip06
                            Total steps: 6082560 
                       Steps per second: 1542 
                        Collection time: 7.855s 
                          Learning time: 0.110s 
                        Mean value loss: 0.2835
                    Mean surrogate loss: -0.0050
                      Mean entropy loss: 2.4414
                            Mean reward: 11.17
                    Mean episode length: 236.78
                        Mean action std: 0.63
--------------------------------------------------------------------------------
                         Iteration time: 7.96s
                           Time elapsed: 1:06:53
                                    ETA: 0:00:40

################################################################################
[1m                           Learning iteration 495/500                           [0m 

                               Run name: chase_clip06
                            Total steps: 6094848 
                       Steps per second: 1530 
                        Collection time: 7.918s 
                          Learning time: 0.111s 
                        Mean value loss: 0.2124
                    Mean surrogate loss: -0.0054
                      Mean entropy loss: 2.4451
                            Mean reward: 10.77
                    Mean episode length: 233.04
                        Mean action std: 0.64
--------------------------------------------------------------------------------
                         Iteration time: 8.03s
                           Time elapsed: 1:07:01
                                    ETA: 0:00:32

################################################################################
[1m                           Learning iteration 496/500                           [0m 

                               Run name: chase_clip06
                            Total steps: 6107136 
                       Steps per second: 1536 
                        Collection time: 7.890s 
                          Learning time: 0.109s 
                        Mean value loss: 0.1237
                    Mean surrogate loss: -0.0053
                      Mean entropy loss: 2.4400
                            Mean reward: 10.56
                    Mean episode length: 230.70
                        Mean action std: 0.64
--------------------------------------------------------------------------------
                         Iteration time: 8.00s
                           Time elapsed: 1:07:09
                                    ETA: 0:00:24

################################################################################
[1m                           Learning iteration 497/500                           [0m 

                               Run name: chase_clip06
                            Total steps: 6119424 
                       Steps per second: 1534 
                        Collection time: 7.891s 
                          Learning time: 0.115s 
                        Mean value loss: 0.1478
                    Mean surrogate loss: -0.0034
                      Mean entropy loss: 2.4253
                            Mean reward: 10.99
                    Mean episode length: 230.80
                        Mean action std: 0.63
--------------------------------------------------------------------------------
                         Iteration time: 8.01s
                           Time elapsed: 1:07:17
                                    ETA: 0:00:16

################################################################################
[1m                           Learning iteration 498/500                           [0m 

                               Run name: chase_clip06
                            Total steps: 6131712 
                       Steps per second: 1544 
                        Collection time: 7.849s 
                          Learning time: 0.109s 
                        Mean value loss: 0.0315
                    Mean surrogate loss: -0.0031
                      Mean entropy loss: 2.4132
                            Mean reward: 11.01
                    Mean episode length: 235.41
                        Mean action std: 0.63
--------------------------------------------------------------------------------
                         Iteration time: 7.96s
                           Time elapsed: 1:07:25
                                    ETA: 0:00:08

################################################################################
[1m                           Learning iteration 499/500                           [0m 

                               Run name: chase_clip06
                            Total steps: 6144000 
                       Steps per second: 1544 
                        Collection time: 7.848s 
                          Learning time: 0.110s 
                        Mean value loss: 0.1381
                    Mean surrogate loss: -0.0042
                      Mean entropy loss: 2.4114
                            Mean reward: 11.28
                    Mean episode length: 237.04
                        Mean action std: 0.63
--------------------------------------------------------------------------------
                         Iteration time: 7.96s
                           Time elapsed: 1:07:33
                                    ETA: 0:00:00


=== Training complete ===
  Models saved in: runs/chase_clip06
  Best model: runs/chase_clip06/model_500.pt
