nohup: ignoring input
[38;5;226m[Genesis] [11:41:45] [WARNING] Mesh is not watertight. Falling back to convex hull for estimating inertial properties.[0m
[38;5;226m[Genesis] [11:41:45] [WARNING] Mesh is not watertight. Falling back to convex hull for estimating inertial properties.[0m
[38;5;226m[Genesis] [11:41:45] [WARNING] Mesh is not watertight. Falling back to convex hull for estimating inertial properties.[0m
[38;5;226m[Genesis] [11:41:45] [WARNING] Mesh is not watertight. Falling back to convex hull for estimating inertial properties.[0m
/opt/venv/lib/python3.12/site-packages/quadrants/lang/ast/ast_transformers/function_def_transformer.py:671: DeprecationWarning: ast.Str is deprecated and will be removed in Python 3.14; use ast.Constant instead
  return index == 0 and isinstance(stmt, ast.Expr) and isinstance(stmt.value, (ast.Constant, ast.Str))
[hierarchical] Walk model normalizer loaded: mean=torch.Size([1, 720])
[hierarchical] Frozen walk model loaded from /workspace/booster/booster_deploy/tasks/locomotion/models/t1_walk.pt
[hierarchical] HL obs dim=19, HL action dim=3
[hierarchical] HL dt=0.100s, decimation=5
[hierarchical] HL clip: lin=0.8 m/s, ang=1.0 rad/s
--------------------------------------------------------------------------------
Resolved observation sets: 
	 actor :  ['policy']
	 critic :  ['policy']
--------------------------------------------------------------------------------
Actor Model: MLPModel(
  (obs_normalizer): Identity()
  (distribution): GaussianDistribution()
  (mlp): MLP(
    (0): Linear(in_features=19, out_features=256, bias=True)
    (1): ELU(alpha=1.0)
    (2): Linear(in_features=256, out_features=128, bias=True)
    (3): ELU(alpha=1.0)
    (4): Linear(in_features=128, out_features=64, bias=True)
    (5): ELU(alpha=1.0)
    (6): Linear(in_features=64, out_features=3, bias=True)
  )
)
Critic Model: MLPModel(
  (obs_normalizer): Identity()
  (mlp): MLP(
    (0): Linear(in_features=19, out_features=256, bias=True)
    (1): ELU(alpha=1.0)
    (2): Linear(in_features=256, out_features=128, bias=True)
    (3): ELU(alpha=1.0)
    (4): Linear(in_features=128, out_features=64, bias=True)
    (5): ELU(alpha=1.0)
    (6): Linear(in_features=64, out_features=1, bias=True)
  )
)

============================================================
  Hierarchical Soccer Training
============================================================
  High-level obs dim:    19
  High-level action dim: 3 (vx, vy, wz)
  Low-level model:       /workspace/booster/booster_deploy/tasks/locomotion/models/t1_walk.pt
  Decimation:            5 (HL dt = 0.100s)
  Envs:                  1024
  Max iterations:        300
  Save interval:         50
  Log dir:               runs/chase_v6_render
============================================================

Could not find git repository in /opt/venv/lib/python3.12/site-packages/rsl_rl/__init__.py. Skipping.
################################################################################
[1m                            Learning iteration 0/300                            [0m 

                               Run name: chase_v6_render
                            Total steps: 24576 
                       Steps per second: 1476 
                        Collection time: 15.014s 
                          Learning time: 1.634s 
                        Mean value loss: 39.1045
                    Mean surrogate loss: 0.0076
                      Mean entropy loss: 4.2450
                            Mean reward: -18.18
                    Mean episode length: 20.37
                        Mean action std: 0.99
         Mean episode goal_per_1k_steps: 0.0000
         Mean episode mean_dist_to_ball: 3.3142
               Mean episode goals_total: 0.0000
--------------------------------------------------------------------------------
                         Iteration time: 16.65s
                           Time elapsed: 0:00:16
                                    ETA: 1:22:57

################################################################################
[1m                            Learning iteration 1/300                            [0m 

                               Run name: chase_v6_render
                            Total steps: 49152 
                       Steps per second: 3070 
                        Collection time: 7.884s 
                          Learning time: 0.119s 
                        Mean value loss: 64.7984
                    Mean surrogate loss: 0.0018
                      Mean entropy loss: 4.1863
                            Mean reward: -18.45
                    Mean episode length: 24.56
                        Mean action std: 0.97
         Mean episode goal_per_1k_steps: 0.0000
         Mean episode mean_dist_to_ball: 3.3429
               Mean episode goals_total: 0.0000
--------------------------------------------------------------------------------
                         Iteration time: 8.00s
                           Time elapsed: 0:00:24
                                    ETA: 1:01:13

################################################################################
[1m                            Learning iteration 2/300                            [0m 

                               Run name: chase_v6_render
                            Total steps: 73728 
                       Steps per second: 3074 
                        Collection time: 7.876s 
                          Learning time: 0.118s 
                        Mean value loss: 71.2818
                    Mean surrogate loss: 0.0016
                      Mean entropy loss: 4.1133
                            Mean reward: -22.64
                    Mean episode length: 30.99
                        Mean action std: 0.95
         Mean episode goal_per_1k_steps: 0.0122
         Mean episode mean_dist_to_ball: 3.4027
               Mean episode goals_total: 0.0000
--------------------------------------------------------------------------------
                         Iteration time: 7.99s
                           Time elapsed: 0:00:32
                                    ETA: 0:53:51

################################################################################
[1m                            Learning iteration 3/300                            [0m 

                               Run name: chase_v6_render
                            Total steps: 98304 
                       Steps per second: 3069 
                        Collection time: 7.891s 
                          Learning time: 0.116s 
                        Mean value loss: 65.1809
                    Mean surrogate loss: -0.0006
                      Mean entropy loss: 4.0777
                            Mean reward: -23.17
                    Mean episode length: 29.94
                        Mean action std: 0.94
         Mean episode goal_per_1k_steps: 0.0692
         Mean episode mean_dist_to_ball: 3.4396
               Mean episode goals_total: 0.7083
--------------------------------------------------------------------------------
                         Iteration time: 8.01s
                           Time elapsed: 0:00:40
                                    ETA: 0:50:08

################################################################################
[1m                            Learning iteration 4/300                            [0m 

                               Run name: chase_v6_render
                            Total steps: 122880 
                       Steps per second: 3066 
                        Collection time: 7.897s 
                          Learning time: 0.117s 
                        Mean value loss: 67.5828
                    Mean surrogate loss: -0.0033
                      Mean entropy loss: 4.0320
                            Mean reward: -24.20
                    Mean episode length: 31.22
                        Mean action std: 0.93
         Mean episode goal_per_1k_steps: 0.0000
         Mean episode mean_dist_to_ball: 3.5324
               Mean episode goals_total: 1.0000
--------------------------------------------------------------------------------
                         Iteration time: 8.01s
                           Time elapsed: 0:00:48
                                    ETA: 0:47:51

################################################################################
[1m                            Learning iteration 5/300                            [0m 

                               Run name: chase_v6_render
                            Total steps: 147456 
                       Steps per second: 3072 
                        Collection time: 7.881s 
                          Learning time: 0.119s 
                        Mean value loss: 54.1615
                    Mean surrogate loss: -0.0029
                      Mean entropy loss: 4.0007
                            Mean reward: -22.95
                    Mean episode length: 35.46
                        Mean action std: 0.92
         Mean episode goal_per_1k_steps: 0.0000
         Mean episode mean_dist_to_ball: 3.4588
               Mean episode goals_total: 1.0000
--------------------------------------------------------------------------------
                         Iteration time: 8.00s
                           Time elapsed: 0:00:56
                                    ETA: 0:46:16

################################################################################
[1m                            Learning iteration 6/300                            [0m 

                               Run name: chase_v6_render
                            Total steps: 172032 
                       Steps per second: 3093 
                        Collection time: 7.824s 
                          Learning time: 0.119s 
                        Mean value loss: 53.1080
                    Mean surrogate loss: -0.0029
                      Mean entropy loss: 3.9679
                            Mean reward: -22.25
                    Mean episode length: 34.84
                        Mean action std: 0.91
         Mean episode goal_per_1k_steps: 0.0000
         Mean episode mean_dist_to_ball: 3.4562
               Mean episode goals_total: 1.0000
--------------------------------------------------------------------------------
                         Iteration time: 7.94s
                           Time elapsed: 0:01:04
                                    ETA: 0:45:04

################################################################################
[1m                            Learning iteration 7/300                            [0m 

                               Run name: chase_v6_render
                            Total steps: 196608 
                       Steps per second: 3080 
                        Collection time: 7.859s 
                          Learning time: 0.118s 
                        Mean value loss: 43.0507
                    Mean surrogate loss: -0.0030
                      Mean entropy loss: 3.9118
                            Mean reward: -21.98
                    Mean episode length: 37.37
                        Mean action std: 0.89
         Mean episode goal_per_1k_steps: 0.0000
         Mean episode mean_dist_to_ball: 3.4499
               Mean episode goals_total: 1.0000
--------------------------------------------------------------------------------
                         Iteration time: 7.98s
                           Time elapsed: 0:01:12
                                    ETA: 0:44:09

################################################################################
[1m                            Learning iteration 8/300                            [0m 

                               Run name: chase_v6_render
                            Total steps: 221184 
                       Steps per second: 3079 
                        Collection time: 7.861s 
                          Learning time: 0.119s 
                        Mean value loss: 47.9032
                    Mean surrogate loss: -0.0023
                      Mean entropy loss: 3.8937
                            Mean reward: -23.56
                    Mean episode length: 38.72
                        Mean action std: 0.89
         Mean episode goal_per_1k_steps: 0.0000
         Mean episode mean_dist_to_ball: 3.4058
               Mean episode goals_total: 1.0000
--------------------------------------------------------------------------------
                         Iteration time: 7.98s
                           Time elapsed: 0:01:20
                                    ETA: 0:43:24

################################################################################
[1m                            Learning iteration 9/300                            [0m 

                               Run name: chase_v6_render
                            Total steps: 245760 
                       Steps per second: 3060 
                        Collection time: 7.910s 
                          Learning time: 0.119s 
                        Mean value loss: 41.2263
                    Mean surrogate loss: -0.0030
                      Mean entropy loss: 3.8506
                            Mean reward: -19.76
                    Mean episode length: 34.72
                        Mean action std: 0.88
         Mean episode goal_per_1k_steps: 0.0000
         Mean episode mean_dist_to_ball: 3.4122
               Mean episode goals_total: 1.0000
--------------------------------------------------------------------------------
                         Iteration time: 8.03s
                           Time elapsed: 0:01:28
                                    ETA: 0:42:49

################################################################################
[1m                           Learning iteration 10/300                            [0m 

                               Run name: chase_v6_render
                            Total steps: 270336 
                       Steps per second: 3095 
                        Collection time: 7.821s 
                          Learning time: 0.119s 
                        Mean value loss: 38.6682
                    Mean surrogate loss: -0.0036
                      Mean entropy loss: 3.8237
                            Mean reward: -21.27
                    Mean episode length: 32.86
                        Mean action std: 0.87
         Mean episode goal_per_1k_steps: 0.0203
         Mean episode mean_dist_to_ball: 3.4764
               Mean episode goals_total: 1.2083
--------------------------------------------------------------------------------
                         Iteration time: 7.94s
                           Time elapsed: 0:01:36
                                    ETA: 0:42:16

################################################################################
[1m                           Learning iteration 11/300                            [0m 

                               Run name: chase_v6_render
                            Total steps: 294912 
                       Steps per second: 3097 
                        Collection time: 7.814s 
                          Learning time: 0.119s 
                        Mean value loss: 38.7003
                    Mean surrogate loss: -0.0048
                      Mean entropy loss: 3.7683
                            Mean reward: -19.67
                    Mean episode length: 37.33
                        Mean action std: 0.86
         Mean episode goal_per_1k_steps: 0.0203
         Mean episode mean_dist_to_ball: 3.5309
               Mean episode goals_total: 2.0000
--------------------------------------------------------------------------------
                         Iteration time: 7.93s
                           Time elapsed: 0:01:44
                                    ETA: 0:41:47

################################################################################
[1m                           Learning iteration 12/300                            [0m 

                               Run name: chase_v6_render
                            Total steps: 319488 
                       Steps per second: 3071 
                        Collection time: 7.882s 
                          Learning time: 0.118s 
                        Mean value loss: 36.2905
                    Mean surrogate loss: -0.0030
                      Mean entropy loss: 3.7290
                            Mean reward: -23.09
                    Mean episode length: 40.25
                        Mean action std: 0.84
         Mean episode goal_per_1k_steps: 0.0407
         Mean episode mean_dist_to_ball: 3.5076
               Mean episode goals_total: 2.0000
--------------------------------------------------------------------------------
                         Iteration time: 8.00s
                           Time elapsed: 0:01:52
                                    ETA: 0:41:22

################################################################################
[1m                           Learning iteration 13/300                            [0m 

                               Run name: chase_v6_render
                            Total steps: 344064 
                       Steps per second: 3086 
                        Collection time: 7.843s 
                          Learning time: 0.118s 
                        Mean value loss: 31.7221
                    Mean surrogate loss: -0.0044
                      Mean entropy loss: 3.6765
                            Mean reward: -22.00
                    Mean episode length: 41.90
                        Mean action std: 0.83
         Mean episode goal_per_1k_steps: 0.0000
         Mean episode mean_dist_to_ball: 3.4998
               Mean episode goals_total: 2.0000
--------------------------------------------------------------------------------
                         Iteration time: 7.96s
                           Time elapsed: 0:02:00
                                    ETA: 0:41:00

################################################################################
[1m                           Learning iteration 14/300                            [0m 

                               Run name: chase_v6_render
                            Total steps: 368640 
                       Steps per second: 3122 
                        Collection time: 7.753s 
                          Learning time: 0.118s 
                        Mean value loss: 34.5166
                    Mean surrogate loss: -0.0032
                      Mean entropy loss: 3.6647
                            Mean reward: -21.62
                    Mean episode length: 45.75
                        Mean action std: 0.82
         Mean episode goal_per_1k_steps: 0.0000
         Mean episode mean_dist_to_ball: 3.4729
               Mean episode goals_total: 2.0000
--------------------------------------------------------------------------------
                         Iteration time: 7.87s
                           Time elapsed: 0:02:08
                                    ETA: 0:40:37

################################################################################
[1m                           Learning iteration 15/300                            [0m 

                               Run name: chase_v6_render
                            Total steps: 393216 
                       Steps per second: 3101 
                        Collection time: 7.806s 
                          Learning time: 0.118s 
                        Mean value loss: 25.8555
                    Mean surrogate loss: -0.0030
                      Mean entropy loss: 3.6323
                            Mean reward: -21.42
                    Mean episode length: 44.32
                        Mean action std: 0.82
         Mean episode goal_per_1k_steps: 0.0000
         Mean episode mean_dist_to_ball: 3.4537
               Mean episode goals_total: 2.0000
--------------------------------------------------------------------------------
                         Iteration time: 7.92s
                           Time elapsed: 0:02:16
                                    ETA: 0:40:17

################################################################################
[1m                           Learning iteration 16/300                            [0m 

                               Run name: chase_v6_render
                            Total steps: 417792 
                       Steps per second: 3086 
                        Collection time: 7.844s 
                          Learning time: 0.118s 
                        Mean value loss: 28.3253
                    Mean surrogate loss: -0.0025
                      Mean entropy loss: 3.5967
                            Mean reward: -21.06
                    Mean episode length: 41.11
                        Mean action std: 0.81
         Mean episode goal_per_1k_steps: 0.0000
         Mean episode mean_dist_to_ball: 3.5193
               Mean episode goals_total: 2.0000
--------------------------------------------------------------------------------
                         Iteration time: 7.96s
                           Time elapsed: 0:02:24
                                    ETA: 0:40:00

################################################################################
[1m                           Learning iteration 17/300                            [0m 

                               Run name: chase_v6_render
                            Total steps: 442368 
                       Steps per second: 3087 
                        Collection time: 7.840s 
                          Learning time: 0.119s 
                        Mean value loss: 30.0375
                    Mean surrogate loss: -0.0018
                      Mean entropy loss: 3.5788
                            Mean reward: -20.93
                    Mean episode length: 44.68
                        Mean action std: 0.81
         Mean episode goal_per_1k_steps: 0.0000
         Mean episode mean_dist_to_ball: 3.5332
               Mean episode goals_total: 2.0000
--------------------------------------------------------------------------------
                         Iteration time: 7.96s
                           Time elapsed: 0:02:32
                                    ETA: 0:39:43

################################################################################
[1m                           Learning iteration 18/300                            [0m 

                               Run name: chase_v6_render
                            Total steps: 466944 
                       Steps per second: 3070 
                        Collection time: 7.885s 
                          Learning time: 0.119s 
                        Mean value loss: 23.1545
                    Mean surrogate loss: -0.0035
                      Mean entropy loss: 3.5467
                            Mean reward: -19.70
                    Mean episode length: 40.16
                        Mean action std: 0.80
         Mean episode goal_per_1k_steps: 0.0000
         Mean episode mean_dist_to_ball: 3.5713
               Mean episode goals_total: 2.0000
--------------------------------------------------------------------------------
                         Iteration time: 8.00s
                           Time elapsed: 0:02:40
                                    ETA: 0:39:28

################################################################################
[1m                           Learning iteration 19/300                            [0m 

                               Run name: chase_v6_render
                            Total steps: 491520 
                       Steps per second: 3117 
                        Collection time: 7.765s 
                          Learning time: 0.119s 
                        Mean value loss: 23.5426
                    Mean surrogate loss: -0.0032
                      Mean entropy loss: 3.4954
                            Mean reward: -20.89
                    Mean episode length: 46.77
                        Mean action std: 0.78
         Mean episode goal_per_1k_steps: 0.0000
         Mean episode mean_dist_to_ball: 3.5244
               Mean episode goals_total: 2.0000
--------------------------------------------------------------------------------
                         Iteration time: 7.88s
                           Time elapsed: 0:02:48
                                    ETA: 0:39:12

################################################################################
[1m                           Learning iteration 20/300                            [0m 

                               Run name: chase_v6_render
                            Total steps: 516096 
                       Steps per second: 3089 
                        Collection time: 7.838s 
                          Learning time: 0.117s 
                        Mean value loss: 24.5410
                    Mean surrogate loss: -0.0024
                      Mean entropy loss: 3.4742
                            Mean reward: -19.83
                    Mean episode length: 41.39
                        Mean action std: 0.78
         Mean episode goal_per_1k_steps: 0.0000
         Mean episode mean_dist_to_ball: 3.4564
               Mean episode goals_total: 2.0000
--------------------------------------------------------------------------------
                         Iteration time: 7.96s
                           Time elapsed: 0:02:55
                                    ETA: 0:38:58

################################################################################
[1m                           Learning iteration 21/300                            [0m 

                               Run name: chase_v6_render
                            Total steps: 540672 
                       Steps per second: 3086 
                        Collection time: 7.843s 
                          Learning time: 0.119s 
                        Mean value loss: 23.8335
                    Mean surrogate loss: -0.0030
                      Mean entropy loss: 3.4551
                            Mean reward: -18.85
                    Mean episode length: 41.36
                        Mean action std: 0.77
         Mean episode goal_per_1k_steps: 0.0732
         Mean episode mean_dist_to_ball: 3.4333
               Mean episode goals_total: 2.3750
--------------------------------------------------------------------------------
                         Iteration time: 7.96s
                           Time elapsed: 0:03:03
                                    ETA: 0:38:44

################################################################################
[1m                           Learning iteration 22/300                            [0m 

                               Run name: chase_v6_render
                            Total steps: 565248 
                       Steps per second: 3079 
                        Collection time: 7.862s 
                          Learning time: 0.120s 
                        Mean value loss: 24.4724
                    Mean surrogate loss: -0.0020
                      Mean entropy loss: 3.4370
                            Mean reward: -24.64
                    Mean episode length: 53.82
                        Mean action std: 0.77
         Mean episode goal_per_1k_steps: 0.0203
         Mean episode mean_dist_to_ball: 3.4790
               Mean episode goals_total: 3.0000
--------------------------------------------------------------------------------
                         Iteration time: 7.98s
                           Time elapsed: 0:03:11
                                    ETA: 0:38:31

################################################################################
[1m                           Learning iteration 23/300                            [0m 

                               Run name: chase_v6_render
                            Total steps: 589824 
                       Steps per second: 3111 
                        Collection time: 7.781s 
                          Learning time: 0.118s 
                        Mean value loss: 19.2727
                    Mean surrogate loss: -0.0031
                      Mean entropy loss: 3.4351
                            Mean reward: -19.75
                    Mean episode length: 47.28
                        Mean action std: 0.76
         Mean episode goal_per_1k_steps: 0.0285
         Mean episode mean_dist_to_ball: 3.4841
               Mean episode goals_total: 3.0000
--------------------------------------------------------------------------------
                         Iteration time: 7.90s
                           Time elapsed: 0:03:19
                                    ETA: 0:38:18

################################################################################
[1m                           Learning iteration 24/300                            [0m 

                               Run name: chase_v6_render
                            Total steps: 614400 
                       Steps per second: 3107 
                        Collection time: 7.792s 
                          Learning time: 0.118s 
                        Mean value loss: 21.7127
                    Mean surrogate loss: -0.0032
                      Mean entropy loss: 3.3788
                            Mean reward: -19.47
                    Mean episode length: 43.62
                        Mean action std: 0.75
         Mean episode goal_per_1k_steps: 0.0407
         Mean episode mean_dist_to_ball: 3.4835
               Mean episode goals_total: 3.0000
--------------------------------------------------------------------------------
                         Iteration time: 7.91s
                           Time elapsed: 0:03:27
                                    ETA: 0:38:05

################################################################################
[1m                           Learning iteration 25/300                            [0m 

                               Run name: chase_v6_render
                            Total steps: 638976 
                       Steps per second: 3097 
                        Collection time: 7.816s 
                          Learning time: 0.118s 
                        Mean value loss: 18.4528
                    Mean surrogate loss: -0.0043
                      Mean entropy loss: 3.3339
                            Mean reward: -19.56
                    Mean episode length: 43.88
                        Mean action std: 0.74
         Mean episode goal_per_1k_steps: 0.0000
         Mean episode mean_dist_to_ball: 3.4343
               Mean episode goals_total: 3.0000
--------------------------------------------------------------------------------
                         Iteration time: 7.93s
                           Time elapsed: 0:03:35
                                    ETA: 0:37:52

################################################################################
[1m                           Learning iteration 26/300                            [0m 

                               Run name: chase_v6_render
                            Total steps: 663552 
                       Steps per second: 3057 
                        Collection time: 7.910s 
                          Learning time: 0.128s 
                        Mean value loss: 18.8394
                    Mean surrogate loss: -0.0059
                      Mean entropy loss: 3.3147
                            Mean reward: -18.50
                    Mean episode length: 50.33
                        Mean action std: 0.74
         Mean episode goal_per_1k_steps: 0.0000
         Mean episode mean_dist_to_ball: 3.3990
               Mean episode goals_total: 3.0000
--------------------------------------------------------------------------------
                         Iteration time: 8.04s
                           Time elapsed: 0:03:43
                                    ETA: 0:37:42

################################################################################
[1m                           Learning iteration 27/300                            [0m 

                               Run name: chase_v6_render
                            Total steps: 688128 
                       Steps per second: 3086 
                        Collection time: 7.844s 
                          Learning time: 0.119s 
                        Mean value loss: 18.6638
                    Mean surrogate loss: -0.0037
                      Mean entropy loss: 3.2918
                            Mean reward: -20.36
                    Mean episode length: 49.22
                        Mean action std: 0.73
         Mean episode goal_per_1k_steps: 0.0407
         Mean episode mean_dist_to_ball: 3.4442
               Mean episode goals_total: 3.5417
--------------------------------------------------------------------------------
                         Iteration time: 7.96s
                           Time elapsed: 0:03:51
                                    ETA: 0:37:30

################################################################################
[1m                           Learning iteration 28/300                            [0m 

                               Run name: chase_v6_render
                            Total steps: 712704 
                       Steps per second: 3099 
                        Collection time: 7.809s 
                          Learning time: 0.120s 
                        Mean value loss: 17.2921
                    Mean surrogate loss: -0.0038
                      Mean entropy loss: 3.2472
                            Mean reward: -20.03
                    Mean episode length: 50.65
                        Mean action std: 0.72
         Mean episode goal_per_1k_steps: 0.0000
         Mean episode mean_dist_to_ball: 3.4640
               Mean episode goals_total: 4.0000
--------------------------------------------------------------------------------
                         Iteration time: 7.93s
                           Time elapsed: 0:03:59
                                    ETA: 0:37:19

################################################################################
[1m                           Learning iteration 29/300                            [0m 

                               Run name: chase_v6_render
                            Total steps: 737280 
                       Steps per second: 3088 
                        Collection time: 7.837s 
                          Learning time: 0.119s 
                        Mean value loss: 17.1642
                    Mean surrogate loss: -0.0047
                      Mean entropy loss: 3.2365
                            Mean reward: -21.49
                    Mean episode length: 57.07
                        Mean action std: 0.71
         Mean episode goal_per_1k_steps: 0.0000
         Mean episode mean_dist_to_ball: 3.4654
               Mean episode goals_total: 4.0000
--------------------------------------------------------------------------------
                         Iteration time: 7.96s
                           Time elapsed: 0:04:07
                                    ETA: 0:37:08

################################################################################
[1m                           Learning iteration 30/300                            [0m 

                               Run name: chase_v6_render
                            Total steps: 761856 
                       Steps per second: 3086 
                        Collection time: 7.842s 
                          Learning time: 0.119s 
                        Mean value loss: 14.2337
                    Mean surrogate loss: -0.0064
                      Mean entropy loss: 3.1693
                            Mean reward: -18.68
                    Mean episode length: 48.07
                        Mean action std: 0.70
         Mean episode goal_per_1k_steps: 0.0000
         Mean episode mean_dist_to_ball: 3.5083
               Mean episode goals_total: 4.0000
--------------------------------------------------------------------------------
                         Iteration time: 7.96s
                           Time elapsed: 0:04:15
                                    ETA: 0:36:57

################################################################################
[1m                           Learning iteration 31/300                            [0m 

                               Run name: chase_v6_render
                            Total steps: 786432 
                       Steps per second: 3116 
                        Collection time: 7.768s 
                          Learning time: 0.118s 
                        Mean value loss: 12.5840
                    Mean surrogate loss: -0.0058
                      Mean entropy loss: 3.1171
                            Mean reward: -18.66
                    Mean episode length: 57.04
                        Mean action std: 0.69
         Mean episode goal_per_1k_steps: 0.0407
         Mean episode mean_dist_to_ball: 3.5806
               Mean episode goals_total: 4.7917
--------------------------------------------------------------------------------
                         Iteration time: 7.89s
                           Time elapsed: 0:04:23
                                    ETA: 0:36:46

################################################################################
[1m                           Learning iteration 32/300                            [0m 

                               Run name: chase_v6_render
                            Total steps: 811008 
                       Steps per second: 3101 
                        Collection time: 7.807s 
                          Learning time: 0.117s 
                        Mean value loss: 13.3132
                    Mean surrogate loss: -0.0069
                      Mean entropy loss: 3.0750
                            Mean reward: -17.43
                    Mean episode length: 48.37
                        Mean action std: 0.68
         Mean episode goal_per_1k_steps: 0.0000
         Mean episode mean_dist_to_ball: 3.6527
               Mean episode goals_total: 5.0000
--------------------------------------------------------------------------------
                         Iteration time: 7.92s
                           Time elapsed: 0:04:31
                                    ETA: 0:36:35

################################################################################
[1m                           Learning iteration 33/300                            [0m 

                               Run name: chase_v6_render
                            Total steps: 835584 
                       Steps per second: 3090 
                        Collection time: 7.834s 
                          Learning time: 0.118s 
                        Mean value loss: 13.7928
                    Mean surrogate loss: -0.0053
                      Mean entropy loss: 2.9988
                            Mean reward: -15.45
                    Mean episode length: 49.15
                        Mean action std: 0.66
         Mean episode goal_per_1k_steps: 0.0000
         Mean episode mean_dist_to_ball: 3.5883
               Mean episode goals_total: 5.0000
--------------------------------------------------------------------------------
                         Iteration time: 7.95s
                           Time elapsed: 0:04:39
                                    ETA: 0:36:25

################################################################################
[1m                           Learning iteration 34/300                            [0m 

                               Run name: chase_v6_render
                            Total steps: 860160 
                       Steps per second: 3109 
                        Collection time: 7.786s 
                          Learning time: 0.116s 
                        Mean value loss: 13.4808
                    Mean surrogate loss: -0.0077
                      Mean entropy loss: 2.9424
                            Mean reward: -18.97
                    Mean episode length: 57.03
                        Mean action std: 0.65
         Mean episode goal_per_1k_steps: 0.0041
         Mean episode mean_dist_to_ball: 3.5758
               Mean episode goals_total: 5.0000
--------------------------------------------------------------------------------
                         Iteration time: 7.90s
                           Time elapsed: 0:04:47
                                    ETA: 0:36:14

################################################################################
[1m                           Learning iteration 35/300                            [0m 

                               Run name: chase_v6_render
                            Total steps: 884736 
                       Steps per second: 3086 
                        Collection time: 7.844s 
                          Learning time: 0.119s 
                        Mean value loss: 11.5903
                    Mean surrogate loss: -0.0035
                      Mean entropy loss: 2.9014
                            Mean reward: -16.63
                    Mean episode length: 48.10
                        Mean action std: 0.64
         Mean episode goal_per_1k_steps: 0.0773
         Mean episode mean_dist_to_ball: 3.5388
               Mean episode goals_total: 5.6250
--------------------------------------------------------------------------------
                         Iteration time: 7.96s
                           Time elapsed: 0:04:55
                                    ETA: 0:36:04

################################################################################
[1m                           Learning iteration 36/300                            [0m 

                               Run name: chase_v6_render
                            Total steps: 909312 
                       Steps per second: 3101 
                        Collection time: 7.803s 
                          Learning time: 0.120s 
                        Mean value loss: 11.9228
                    Mean surrogate loss: -0.0065
                      Mean entropy loss: 2.8593
                            Mean reward: -17.03
                    Mean episode length: 46.70
                        Mean action std: 0.63
         Mean episode goal_per_1k_steps: 0.0000
         Mean episode mean_dist_to_ball: 3.4609
               Mean episode goals_total: 6.0000
--------------------------------------------------------------------------------
                         Iteration time: 7.92s
                           Time elapsed: 0:05:03
                                    ETA: 0:35:54

################################################################################
[1m                           Learning iteration 37/300                            [0m 

                               Run name: chase_v6_render
                            Total steps: 933888 
                       Steps per second: 3097 
                        Collection time: 7.817s 
                          Learning time: 0.118s 
                        Mean value loss: 12.1007
                    Mean surrogate loss: -0.0072
                      Mean entropy loss: 2.7955
                            Mean reward: -15.67
                    Mean episode length: 50.05
                        Mean action std: 0.62
         Mean episode goal_per_1k_steps: 0.0122
         Mean episode mean_dist_to_ball: 3.4439
               Mean episode goals_total: 6.0000
--------------------------------------------------------------------------------
                         Iteration time: 7.93s
                           Time elapsed: 0:05:11
                                    ETA: 0:35:44

################################################################################
[1m                           Learning iteration 38/300                            [0m 

                               Run name: chase_v6_render
                            Total steps: 958464 
                       Steps per second: 3104 
                        Collection time: 7.797s 
                          Learning time: 0.119s 
                        Mean value loss: 11.0868
                    Mean surrogate loss: -0.0059
                      Mean entropy loss: 2.7297
                            Mean reward: -16.64
                    Mean episode length: 45.92
                        Mean action std: 0.60
         Mean episode goal_per_1k_steps: 0.0285
         Mean episode mean_dist_to_ball: 3.5001
               Mean episode goals_total: 6.0000
--------------------------------------------------------------------------------
                         Iteration time: 7.92s
                           Time elapsed: 0:05:18
                                    ETA: 0:35:34

################################################################################
[1m                           Learning iteration 39/300                            [0m 

                               Run name: chase_v6_render
                            Total steps: 983040 
                       Steps per second: 3103 
                        Collection time: 7.800s 
                          Learning time: 0.118s 
                        Mean value loss: 10.9979
                    Mean surrogate loss: -0.0068
                      Mean entropy loss: 2.6946
                            Mean reward: -17.08
                    Mean episode length: 50.35
                        Mean action std: 0.60
         Mean episode goal_per_1k_steps: 0.0000
         Mean episode mean_dist_to_ball: 3.4105
               Mean episode goals_total: 6.0000
--------------------------------------------------------------------------------
                         Iteration time: 7.92s
                           Time elapsed: 0:05:26
                                    ETA: 0:35:24

################################################################################
[1m                           Learning iteration 40/300                            [0m 

                               Run name: chase_v6_render
                            Total steps: 1007616 
                       Steps per second: 3087 
                        Collection time: 7.842s 
                          Learning time: 0.118s 
                        Mean value loss: 12.3290
                    Mean surrogate loss: -0.0045
                      Mean entropy loss: 2.6044
                            Mean reward: -13.50
                    Mean episode length: 50.57
                        Mean action std: 0.58
         Mean episode goal_per_1k_steps: 0.0610
         Mean episode mean_dist_to_ball: 3.3993
               Mean episode goals_total: 6.0000
--------------------------------------------------------------------------------
                         Iteration time: 7.96s
                           Time elapsed: 0:05:34
                                    ETA: 0:35:14

################################################################################
[1m                           Learning iteration 41/300                            [0m 

                               Run name: chase_v6_render
                            Total steps: 1032192 
                       Steps per second: 3089 
                        Collection time: 7.838s 
                          Learning time: 0.116s 
                        Mean value loss: 10.4019
                    Mean surrogate loss: -0.0057
                      Mean entropy loss: 2.5528
                            Mean reward: -16.59
                    Mean episode length: 48.13
                        Mean action std: 0.57
         Mean episode goal_per_1k_steps: 0.0203
         Mean episode mean_dist_to_ball: 3.4021
               Mean episode goals_total: 6.0000
--------------------------------------------------------------------------------
                         Iteration time: 7.95s
                           Time elapsed: 0:05:42
                                    ETA: 0:35:05

################################################################################
[1m                           Learning iteration 42/300                            [0m 

                               Run name: chase_v6_render
                            Total steps: 1056768 
                       Steps per second: 3101 
                        Collection time: 7.805s 
                          Learning time: 0.119s 
                        Mean value loss: 9.9115
                    Mean surrogate loss: -0.0054
                      Mean entropy loss: 2.4886
                            Mean reward: -15.53
                    Mean episode length: 51.50
                        Mean action std: 0.56
         Mean episode goal_per_1k_steps: 0.0000
         Mean episode mean_dist_to_ball: 3.3900
               Mean episode goals_total: 6.0000
--------------------------------------------------------------------------------
                         Iteration time: 7.92s
                           Time elapsed: 0:05:50
                                    ETA: 0:34:55

################################################################################
[1m                           Learning iteration 43/300                            [0m 

                               Run name: chase_v6_render
                            Total steps: 1081344 
                       Steps per second: 3115 
                        Collection time: 7.769s 
                          Learning time: 0.118s 
                        Mean value loss: 9.0228
                    Mean surrogate loss: -0.0061
                      Mean entropy loss: 2.4040
                            Mean reward: -14.20
                    Mean episode length: 61.88
                        Mean action std: 0.54
         Mean episode goal_per_1k_steps: 0.0000
         Mean episode mean_dist_to_ball: 3.3476
               Mean episode goals_total: 6.0000
--------------------------------------------------------------------------------
                         Iteration time: 7.89s
                           Time elapsed: 0:05:58
                                    ETA: 0:34:46

################################################################################
[1m                           Learning iteration 44/300                            [0m 

                               Run name: chase_v6_render
                            Total steps: 1105920 
                       Steps per second: 3098 
                        Collection time: 7.813s 
                          Learning time: 0.118s 
                        Mean value loss: 9.5159
                    Mean surrogate loss: -0.0066
                      Mean entropy loss: 2.3500
                            Mean reward: -13.87
                    Mean episode length: 46.33
                        Mean action std: 0.53
         Mean episode goal_per_1k_steps: 0.0000
         Mean episode mean_dist_to_ball: 3.3647
               Mean episode goals_total: 6.0000
--------------------------------------------------------------------------------
                         Iteration time: 7.93s
                           Time elapsed: 0:06:06
                                    ETA: 0:34:36

################################################################################
[1m                           Learning iteration 45/300                            [0m 

                               Run name: chase_v6_render
                            Total steps: 1130496 
                       Steps per second: 3125 
                        Collection time: 7.744s 
                          Learning time: 0.118s 
                        Mean value loss: 10.7153
                    Mean surrogate loss: -0.0064
                      Mean entropy loss: 2.2815
                            Mean reward: -14.73
                    Mean episode length: 58.08
                        Mean action std: 0.52
         Mean episode goal_per_1k_steps: 0.0000
         Mean episode mean_dist_to_ball: 3.4164
               Mean episode goals_total: 6.0000
--------------------------------------------------------------------------------
                         Iteration time: 7.86s
                           Time elapsed: 0:06:14
                                    ETA: 0:34:27

################################################################################
[1m                           Learning iteration 46/300                            [0m 

                               Run name: chase_v6_render
                            Total steps: 1155072 
                       Steps per second: 3107 
                        Collection time: 7.791s 
                          Learning time: 0.118s 
                        Mean value loss: 10.9545
                    Mean surrogate loss: -0.0048
                      Mean entropy loss: 2.2407
                            Mean reward: -14.15
                    Mean episode length: 48.93
                        Mean action std: 0.51
         Mean episode goal_per_1k_steps: 0.0000
         Mean episode mean_dist_to_ball: 3.3648
               Mean episode goals_total: 6.0000
--------------------------------------------------------------------------------
                         Iteration time: 7.91s
                           Time elapsed: 0:06:22
                                    ETA: 0:34:17

################################################################################
[1m                           Learning iteration 47/300                            [0m 

                               Run name: chase_v6_render
                            Total steps: 1179648 
                       Steps per second: 3100 
                        Collection time: 7.808s 
                          Learning time: 0.118s 
                        Mean value loss: 7.9543
                    Mean surrogate loss: -0.0068
                      Mean entropy loss: 2.1921
                            Mean reward: -13.17
                    Mean episode length: 57.49
                        Mean action std: 0.50
         Mean episode goal_per_1k_steps: 0.0407
         Mean episode mean_dist_to_ball: 3.3355
               Mean episode goals_total: 6.5417
--------------------------------------------------------------------------------
                         Iteration time: 7.93s
                           Time elapsed: 0:06:30
                                    ETA: 0:34:08

################################################################################
[1m                           Learning iteration 48/300                            [0m 

                               Run name: chase_v6_render
                            Total steps: 1204224 
                       Steps per second: 3095 
                        Collection time: 7.822s 
                          Learning time: 0.118s 
                        Mean value loss: 10.1306
                    Mean surrogate loss: -0.0070
                      Mean entropy loss: 2.1394
                            Mean reward: -13.32
                    Mean episode length: 44.44
                        Mean action std: 0.49
         Mean episode goal_per_1k_steps: 0.0000
         Mean episode mean_dist_to_ball: 3.3474
               Mean episode goals_total: 7.0000
--------------------------------------------------------------------------------
                         Iteration time: 7.94s
                           Time elapsed: 0:06:38
                                    ETA: 0:33:59

################################################################################
[1m                           Learning iteration 49/300                            [0m 

                               Run name: chase_v6_render
                            Total steps: 1228800 
                       Steps per second: 3104 
                        Collection time: 7.799s 
                          Learning time: 0.118s 
                        Mean value loss: 9.5377
                    Mean surrogate loss: -0.0056
                      Mean entropy loss: 2.1066
                            Mean reward: -11.92
                    Mean episode length: 43.84
                        Mean action std: 0.49
         Mean episode goal_per_1k_steps: 0.0000
         Mean episode mean_dist_to_ball: 3.3214
               Mean episode goals_total: 7.0000
--------------------------------------------------------------------------------
                         Iteration time: 7.92s
                           Time elapsed: 0:06:46
                                    ETA: 0:33:50

################################################################################
[1m                           Learning iteration 50/300                            [0m 

                               Run name: chase_v6_render
                            Total steps: 1253376 
                       Steps per second: 3108 
                        Collection time: 7.787s 
                          Learning time: 0.118s 
                        Mean value loss: 8.3551
                    Mean surrogate loss: -0.0062
                      Mean entropy loss: 2.0686
                            Mean reward: -11.36
                    Mean episode length: 45.39
                        Mean action std: 0.48
         Mean episode goal_per_1k_steps: 0.0000
         Mean episode mean_dist_to_ball: 3.3112
               Mean episode goals_total: 7.0000
--------------------------------------------------------------------------------
                         Iteration time: 7.91s
                           Time elapsed: 0:06:53
                                    ETA: 0:33:41

################################################################################
[1m                           Learning iteration 51/300                            [0m 

                               Run name: chase_v6_render
                            Total steps: 1277952 
                       Steps per second: 3085 
                        Collection time: 7.845s 
                          Learning time: 0.119s 
                        Mean value loss: 8.4344
                    Mean surrogate loss: -0.0064
                      Mean entropy loss: 2.0109
                            Mean reward: -10.93
                    Mean episode length: 52.46
                        Mean action std: 0.47
         Mean episode goal_per_1k_steps: 0.0000
         Mean episode mean_dist_to_ball: 3.2851
               Mean episode goals_total: 7.0000
--------------------------------------------------------------------------------
                         Iteration time: 7.96s
                           Time elapsed: 0:07:01
                                    ETA: 0:33:32

################################################################################
[1m                           Learning iteration 52/300                            [0m 

                               Run name: chase_v6_render
                            Total steps: 1302528 
                       Steps per second: 3122 
                        Collection time: 7.751s 
                          Learning time: 0.118s 
                        Mean value loss: 8.2699
                    Mean surrogate loss: -0.0070
                      Mean entropy loss: 1.9482
                            Mean reward: -10.05
                    Mean episode length: 45.76
                        Mean action std: 0.47
         Mean episode goal_per_1k_steps: 0.0000
         Mean episode mean_dist_to_ball: 3.2262
               Mean episode goals_total: 7.0000
--------------------------------------------------------------------------------
                         Iteration time: 7.87s
                           Time elapsed: 0:07:09
                                    ETA: 0:33:22

################################################################################
[1m                           Learning iteration 53/300                            [0m 

                               Run name: chase_v6_render
                            Total steps: 1327104 
                       Steps per second: 3114 
                        Collection time: 7.774s 
                          Learning time: 0.118s 
                        Mean value loss: 7.9137
                    Mean surrogate loss: -0.0051
                      Mean entropy loss: 1.8903
                            Mean reward: -11.35
                    Mean episode length: 52.40
                        Mean action std: 0.46
         Mean episode goal_per_1k_steps: 0.0000
         Mean episode mean_dist_to_ball: 3.1910
               Mean episode goals_total: 7.0000
--------------------------------------------------------------------------------
                         Iteration time: 7.89s
                           Time elapsed: 0:07:17
                                    ETA: 0:33:13

################################################################################
[1m                           Learning iteration 54/300                            [0m 

                               Run name: chase_v6_render
                            Total steps: 1351680 
                       Steps per second: 3109 
                        Collection time: 7.784s 
                          Learning time: 0.119s 
                        Mean value loss: 8.6772
                    Mean surrogate loss: -0.0068
                      Mean entropy loss: 1.8277
                            Mean reward: -10.86
                    Mean episode length: 40.00
                        Mean action std: 0.45
         Mean episode goal_per_1k_steps: 0.0041
         Mean episode mean_dist_to_ball: 3.2457
               Mean episode goals_total: 7.0000
--------------------------------------------------------------------------------
                         Iteration time: 7.90s
                           Time elapsed: 0:07:25
                                    ETA: 0:33:04

################################################################################
[1m                           Learning iteration 55/300                            [0m 

                               Run name: chase_v6_render
                            Total steps: 1376256 
                       Steps per second: 3118 
                        Collection time: 7.763s 
                          Learning time: 0.118s 
                        Mean value loss: 8.7923
                    Mean surrogate loss: -0.0060
                      Mean entropy loss: 1.7846
                            Mean reward: -7.68
                    Mean episode length: 45.21
                        Mean action std: 0.44
         Mean episode goal_per_1k_steps: 0.0366
         Mean episode mean_dist_to_ball: 3.2744
               Mean episode goals_total: 7.0000
--------------------------------------------------------------------------------
                         Iteration time: 7.88s
                           Time elapsed: 0:07:33
                                    ETA: 0:32:55

################################################################################
[1m                           Learning iteration 56/300                            [0m 

                               Run name: chase_v6_render
                            Total steps: 1400832 
                       Steps per second: 3100 
                        Collection time: 7.808s 
                          Learning time: 0.118s 
                        Mean value loss: 8.5785
                    Mean surrogate loss: -0.0058
                      Mean entropy loss: 1.7470
                            Mean reward: -8.52
                    Mean episode length: 42.91
                        Mean action std: 0.43
         Mean episode goal_per_1k_steps: 0.0000
         Mean episode mean_dist_to_ball: 3.2774
               Mean episode goals_total: 7.0000
--------------------------------------------------------------------------------
                         Iteration time: 7.93s
                           Time elapsed: 0:07:41
                                    ETA: 0:32:46

################################################################################
[1m                           Learning iteration 57/300                            [0m 

                               Run name: chase_v6_render
                            Total steps: 1425408 
                       Steps per second: 3113 
                        Collection time: 7.776s 
                          Learning time: 0.118s 
                        Mean value loss: 8.7168
                    Mean surrogate loss: -0.0053
                      Mean entropy loss: 1.7102
                            Mean reward: -8.72
                    Mean episode length: 44.34
                        Mean action std: 0.43
         Mean episode goal_per_1k_steps: 0.0407
         Mean episode mean_dist_to_ball: 3.1997
               Mean episode goals_total: 7.0000
--------------------------------------------------------------------------------
                         Iteration time: 7.89s
                           Time elapsed: 0:07:49
                                    ETA: 0:32:38

################################################################################
[1m                           Learning iteration 58/300                            [0m 

                               Run name: chase_v6_render
                            Total steps: 1449984 
                       Steps per second: 3104 
                        Collection time: 7.798s 
                          Learning time: 0.118s 
                        Mean value loss: 9.0851
                    Mean surrogate loss: -0.0059
                      Mean entropy loss: 1.6535
                            Mean reward: -7.68
                    Mean episode length: 39.90
                        Mean action std: 0.42
         Mean episode goal_per_1k_steps: 0.0000
         Mean episode mean_dist_to_ball: 3.0937
               Mean episode goals_total: 7.0000
--------------------------------------------------------------------------------
                         Iteration time: 7.92s
                           Time elapsed: 0:07:57
                                    ETA: 0:32:29

################################################################################
[1m                           Learning iteration 59/300                            [0m 

                               Run name: chase_v6_render
                            Total steps: 1474560 
                       Steps per second: 3117 
                        Collection time: 7.766s 
                          Learning time: 0.118s 
                        Mean value loss: 7.6535
                    Mean surrogate loss: -0.0043
                      Mean entropy loss: 1.6229
                            Mean reward: -6.91
                    Mean episode length: 42.38
                        Mean action std: 0.42
         Mean episode goal_per_1k_steps: 0.0448
         Mean episode mean_dist_to_ball: 3.1258
               Mean episode goals_total: 7.0000
--------------------------------------------------------------------------------
                         Iteration time: 7.88s
                           Time elapsed: 0:08:05
                                    ETA: 0:32:20

################################################################################
[1m                           Learning iteration 60/300                            [0m 

                               Run name: chase_v6_render
                            Total steps: 1499136 
                       Steps per second: 3120 
                        Collection time: 7.760s 
                          Learning time: 0.116s 
                        Mean value loss: 6.7092
                    Mean surrogate loss: -0.0056
                      Mean entropy loss: 1.5529
                            Mean reward: -7.34
                    Mean episode length: 39.94
                        Mean action std: 0.41
         Mean episode goal_per_1k_steps: 0.0366
         Mean episode mean_dist_to_ball: 3.1230
               Mean episode goals_total: 7.0000
--------------------------------------------------------------------------------
                         Iteration time: 7.88s
                           Time elapsed: 0:08:12
                                    ETA: 0:32:11

################################################################################
[1m                           Learning iteration 61/300                            [0m 

                               Run name: chase_v6_render
                            Total steps: 1523712 
                       Steps per second: 3120 
                        Collection time: 7.756s 
                          Learning time: 0.118s 
                        Mean value loss: 7.1811
                    Mean surrogate loss: -0.0069
                      Mean entropy loss: 1.4795
                            Mean reward: -7.41
                    Mean episode length: 42.39
                        Mean action std: 0.40
         Mean episode goal_per_1k_steps: 0.0000
         Mean episode mean_dist_to_ball: 3.1429
               Mean episode goals_total: 7.0000
--------------------------------------------------------------------------------
                         Iteration time: 7.87s
                           Time elapsed: 0:08:20
                                    ETA: 0:32:02

################################################################################
[1m                           Learning iteration 62/300                            [0m 

                               Run name: chase_v6_render
                            Total steps: 1548288 
                       Steps per second: 3118 
                        Collection time: 7.763s 
                          Learning time: 0.118s 
                        Mean value loss: 6.8830
                    Mean surrogate loss: -0.0041
                      Mean entropy loss: 1.4391
                            Mean reward: -6.67
                    Mean episode length: 43.85
                        Mean action std: 0.39
         Mean episode goal_per_1k_steps: 0.0407
         Mean episode mean_dist_to_ball: 3.1076
               Mean episode goals_total: 7.0000
--------------------------------------------------------------------------------
                         Iteration time: 7.88s
                           Time elapsed: 0:08:28
                                    ETA: 0:31:53

################################################################################
[1m                           Learning iteration 63/300                            [0m 

                               Run name: chase_v6_render
                            Total steps: 1572864 
                       Steps per second: 3113 
                        Collection time: 7.775s 
                          Learning time: 0.118s 
                        Mean value loss: 7.0978
                    Mean surrogate loss: -0.0076
                      Mean entropy loss: 1.3743
                            Mean reward: -6.96
                    Mean episode length: 38.86
                        Mean action std: 0.38
         Mean episode goal_per_1k_steps: 0.0000
         Mean episode mean_dist_to_ball: 3.0482
               Mean episode goals_total: 7.0000
--------------------------------------------------------------------------------
                         Iteration time: 7.89s
                           Time elapsed: 0:08:36
                                    ETA: 0:31:45

################################################################################
[1m                           Learning iteration 64/300                            [0m 

                               Run name: chase_v6_render
                            Total steps: 1597440 
                       Steps per second: 3118 
                        Collection time: 7.761s 
                          Learning time: 0.118s 
                        Mean value loss: 6.5309
                    Mean surrogate loss: -0.0035
                      Mean entropy loss: 1.3220
                            Mean reward: -8.62
                    Mean episode length: 41.44
                        Mean action std: 0.38
         Mean episode goal_per_1k_steps: 0.0000
         Mean episode mean_dist_to_ball: 3.0937
               Mean episode goals_total: 7.0000
--------------------------------------------------------------------------------
                         Iteration time: 7.88s
                           Time elapsed: 0:08:44
                                    ETA: 0:31:36

################################################################################
[1m                           Learning iteration 65/300                            [0m 

                               Run name: chase_v6_render
                            Total steps: 1622016 
                       Steps per second: 3120 
                        Collection time: 7.757s 
                          Learning time: 0.118s 
                        Mean value loss: 6.2157
                    Mean surrogate loss: -0.0069
                      Mean entropy loss: 1.2665
                            Mean reward: -6.35
                    Mean episode length: 38.20
                        Mean action std: 0.37
         Mean episode goal_per_1k_steps: 0.0000
         Mean episode mean_dist_to_ball: 3.0221
               Mean episode goals_total: 7.0000
--------------------------------------------------------------------------------
                         Iteration time: 7.88s
                           Time elapsed: 0:08:52
                                    ETA: 0:31:27

################################################################################
[1m                           Learning iteration 66/300                            [0m 

                               Run name: chase_v6_render
                            Total steps: 1646592 
                       Steps per second: 3104 
                        Collection time: 7.797s 
                          Learning time: 0.119s 
                        Mean value loss: 6.2118
                    Mean surrogate loss: -0.0052
                      Mean entropy loss: 1.2027
                            Mean reward: -5.36
                    Mean episode length: 41.03
                        Mean action std: 0.36
         Mean episode goal_per_1k_steps: 0.0000
         Mean episode mean_dist_to_ball: 2.9844
               Mean episode goals_total: 7.0000
--------------------------------------------------------------------------------
                         Iteration time: 7.92s
                           Time elapsed: 0:09:00
                                    ETA: 0:31:18

################################################################################
[1m                           Learning iteration 67/300                            [0m 

                               Run name: chase_v6_render
                            Total steps: 1671168 
                       Steps per second: 3106 
                        Collection time: 7.792s 
                          Learning time: 0.118s 
                        Mean value loss: 5.4911
                    Mean surrogate loss: -0.0059
                      Mean entropy loss: 1.1513
                            Mean reward: -6.64
                    Mean episode length: 39.84
                        Mean action std: 0.36
         Mean episode goal_per_1k_steps: 0.0000
         Mean episode mean_dist_to_ball: 2.8937
               Mean episode goals_total: 7.0000
--------------------------------------------------------------------------------
                         Iteration time: 7.91s
                           Time elapsed: 0:09:08
                                    ETA: 0:31:10

################################################################################
[1m                           Learning iteration 68/300                            [0m 

                               Run name: chase_v6_render
                            Total steps: 1695744 
                       Steps per second: 3115 
                        Collection time: 7.771s 
                          Learning time: 0.118s 
                        Mean value loss: 5.1935
                    Mean surrogate loss: -0.0064
                      Mean entropy loss: 1.1344
                            Mean reward: -7.17
                    Mean episode length: 39.17
                        Mean action std: 0.36
         Mean episode goal_per_1k_steps: 0.0000
         Mean episode mean_dist_to_ball: 2.8627
               Mean episode goals_total: 7.0000
--------------------------------------------------------------------------------
                         Iteration time: 7.89s
                           Time elapsed: 0:09:16
                                    ETA: 0:31:01

################################################################################
[1m                           Learning iteration 69/300                            [0m 

                               Run name: chase_v6_render
                            Total steps: 1720320 
                       Steps per second: 3099 
                        Collection time: 7.812s 
                          Learning time: 0.118s 
                        Mean value loss: 5.5354
                    Mean surrogate loss: -0.0071
                      Mean entropy loss: 1.0698
                            Mean reward: -5.66
                    Mean episode length: 42.19
                        Mean action std: 0.35
         Mean episode goal_per_1k_steps: 0.0041
         Mean episode mean_dist_to_ball: 2.7982
               Mean episode goals_total: 7.0000
--------------------------------------------------------------------------------
                         Iteration time: 7.93s
                           Time elapsed: 0:09:24
                                    ETA: 0:30:53

################################################################################
[1m                           Learning iteration 70/300                            [0m 

                               Run name: chase_v6_render
                            Total steps: 1744896 
                       Steps per second: 3101 
                        Collection time: 7.807s 
                          Learning time: 0.117s 
                        Mean value loss: 4.4171
                    Mean surrogate loss: -0.0041
                      Mean entropy loss: 1.0151
                            Mean reward: -4.09
                    Mean episode length: 47.49
                        Mean action std: 0.34
         Mean episode goal_per_1k_steps: 0.0366
         Mean episode mean_dist_to_ball: 2.7363
               Mean episode goals_total: 7.0000
--------------------------------------------------------------------------------
                         Iteration time: 7.92s
                           Time elapsed: 0:09:31
                                    ETA: 0:30:44

################################################################################
[1m                           Learning iteration 71/300                            [0m 

                               Run name: chase_v6_render
                            Total steps: 1769472 
                       Steps per second: 3083 
                        Collection time: 7.853s 
                          Learning time: 0.117s 
                        Mean value loss: 4.1847
                    Mean surrogate loss: -0.0051
                      Mean entropy loss: 0.9192
                            Mean reward: -4.75
                    Mean episode length: 54.08
                        Mean action std: 0.33
         Mean episode goal_per_1k_steps: 0.0407
         Mean episode mean_dist_to_ball: 2.6304
               Mean episode goals_total: 7.0000
--------------------------------------------------------------------------------
                         Iteration time: 7.97s
                           Time elapsed: 0:09:39
                                    ETA: 0:30:36

################################################################################
[1m                           Learning iteration 72/300                            [0m 

                               Run name: chase_v6_render
                            Total steps: 1794048 
                       Steps per second: 3082 
                        Collection time: 7.855s 
                          Learning time: 0.118s 
                        Mean value loss: 4.5514
                    Mean surrogate loss: -0.0050
                      Mean entropy loss: 0.8829
                            Mean reward: -6.61
                    Mean episode length: 48.43
                        Mean action std: 0.33
         Mean episode goal_per_1k_steps: 0.0000
         Mean episode mean_dist_to_ball: 2.5145
               Mean episode goals_total: 7.0000
--------------------------------------------------------------------------------
                         Iteration time: 7.97s
                           Time elapsed: 0:09:47
                                    ETA: 0:30:28

################################################################################
[1m                           Learning iteration 73/300                            [0m 

                               Run name: chase_v6_render
                            Total steps: 1818624 
                       Steps per second: 3065 
                        Collection time: 7.898s 
                          Learning time: 0.118s 
                        Mean value loss: 4.5318
                    Mean surrogate loss: -0.0076
                      Mean entropy loss: 0.8332
                            Mean reward: -7.14
                    Mean episode length: 51.01
                        Mean action std: 0.32
         Mean episode goal_per_1k_steps: 0.0407
         Mean episode mean_dist_to_ball: 2.4690
               Mean episode goals_total: 7.0000
--------------------------------------------------------------------------------
                         Iteration time: 8.02s
                           Time elapsed: 0:09:55
                                    ETA: 0:30:19

################################################################################
[1m                           Learning iteration 74/300                            [0m 

                               Run name: chase_v6_render
                            Total steps: 1843200 
                       Steps per second: 3078 
                        Collection time: 7.866s 
                          Learning time: 0.118s 
                        Mean value loss: 3.9759
                    Mean surrogate loss: -0.0073
                      Mean entropy loss: 0.7576
                            Mean reward: -4.06
                    Mean episode length: 63.29
                        Mean action std: 0.31
         Mean episode goal_per_1k_steps: 0.0407
         Mean episode mean_dist_to_ball: 2.4383
               Mean episode goals_total: 7.0000
--------------------------------------------------------------------------------
                         Iteration time: 7.98s
                           Time elapsed: 0:10:03
                                    ETA: 0:30:11

################################################################################
[1m                           Learning iteration 75/300                            [0m 

                               Run name: chase_v6_render
                            Total steps: 1867776 
                       Steps per second: 3066 
                        Collection time: 7.895s 
                          Learning time: 0.118s 
                        Mean value loss: 3.7155
                    Mean surrogate loss: -0.0066
                      Mean entropy loss: 0.6897
                            Mean reward: -5.62
                    Mean episode length: 66.96
                        Mean action std: 0.30
         Mean episode goal_per_1k_steps: 0.0407
         Mean episode mean_dist_to_ball: 2.3530
               Mean episode goals_total: 7.0000
--------------------------------------------------------------------------------
                         Iteration time: 8.01s
                           Time elapsed: 0:10:11
                                    ETA: 0:30:03

################################################################################
[1m                           Learning iteration 76/300                            [0m 

                               Run name: chase_v6_render
                            Total steps: 1892352 
                       Steps per second: 3077 
                        Collection time: 7.869s 
                          Learning time: 0.118s 
                        Mean value loss: 2.3205
                    Mean surrogate loss: -0.0054
                      Mean entropy loss: 0.6201
                            Mean reward: -4.51
                    Mean episode length: 68.71
                        Mean action std: 0.30
         Mean episode goal_per_1k_steps: 0.0000
         Mean episode mean_dist_to_ball: 2.2777
               Mean episode goals_total: 7.0000
--------------------------------------------------------------------------------
                         Iteration time: 7.99s
                           Time elapsed: 0:10:19
                                    ETA: 0:29:55

################################################################################
[1m                           Learning iteration 77/300                            [0m 

                               Run name: chase_v6_render
                            Total steps: 1916928 
                       Steps per second: 3062 
                        Collection time: 7.907s 
                          Learning time: 0.118s 
                        Mean value loss: 2.6738
                    Mean surrogate loss: -0.0066
                      Mean entropy loss: 0.5625
                            Mean reward: -4.40
                    Mean episode length: 91.30
                        Mean action std: 0.29
         Mean episode goal_per_1k_steps: 0.0407
         Mean episode mean_dist_to_ball: 2.1822
               Mean episode goals_total: 7.5417
--------------------------------------------------------------------------------
                         Iteration time: 8.02s
                           Time elapsed: 0:10:27
                                    ETA: 0:29:47

################################################################################
[1m                           Learning iteration 78/300                            [0m 

                               Run name: chase_v6_render
                            Total steps: 1941504 
                       Steps per second: 3082 
                        Collection time: 7.853s 
                          Learning time: 0.118s 
                        Mean value loss: 2.2441
                    Mean surrogate loss: -0.0057
                      Mean entropy loss: 0.4969
                            Mean reward: -2.06
                    Mean episode length: 82.55
                        Mean action std: 0.29
         Mean episode goal_per_1k_steps: 0.0570
         Mean episode mean_dist_to_ball: 2.1042
               Mean episode goals_total: 8.0000
--------------------------------------------------------------------------------
                         Iteration time: 7.97s
                           Time elapsed: 0:10:35
                                    ETA: 0:29:38

################################################################################
[1m                           Learning iteration 79/300                            [0m 

                               Run name: chase_v6_render
                            Total steps: 1966080 
                       Steps per second: 3075 
                        Collection time: 7.874s 
                          Learning time: 0.118s 
                        Mean value loss: 1.7511
                    Mean surrogate loss: -0.0048
                      Mean entropy loss: 0.4348
                            Mean reward: -1.01
                    Mean episode length: 95.76
                        Mean action std: 0.28
         Mean episode goal_per_1k_steps: 0.0285
         Mean episode mean_dist_to_ball: 2.0629
               Mean episode goals_total: 8.0000
--------------------------------------------------------------------------------
                         Iteration time: 7.99s
                           Time elapsed: 0:10:43
                                    ETA: 0:29:30

################################################################################
[1m                           Learning iteration 80/300                            [0m 

                               Run name: chase_v6_render
                            Total steps: 1990656 
                       Steps per second: 3074 
                        Collection time: 7.876s 
                          Learning time: 0.118s 
                        Mean value loss: 1.7154
                    Mean surrogate loss: -0.0058
                      Mean entropy loss: 0.3232
                            Mean reward: 2.43
                    Mean episode length: 132.71
                        Mean action std: 0.27
         Mean episode goal_per_1k_steps: 0.0570
         Mean episode mean_dist_to_ball: 2.0304
               Mean episode goals_total: 8.0000
--------------------------------------------------------------------------------
                         Iteration time: 7.99s
                           Time elapsed: 0:10:51
                                    ETA: 0:29:22

################################################################################
[1m                           Learning iteration 81/300                            [0m 

                               Run name: chase_v6_render
                            Total steps: 2015232 
                       Steps per second: 3059 
                        Collection time: 7.916s 
                          Learning time: 0.118s 
                        Mean value loss: 1.4197
                    Mean surrogate loss: -0.0055
                      Mean entropy loss: 0.2762
                            Mean reward: 0.48
                    Mean episode length: 128.59
                        Mean action std: 0.26
         Mean episode goal_per_1k_steps: 0.0610
         Mean episode mean_dist_to_ball: 2.0481
               Mean episode goals_total: 8.0000
--------------------------------------------------------------------------------
                         Iteration time: 8.03s
                           Time elapsed: 0:10:59
                                    ETA: 0:29:14

################################################################################
[1m                           Learning iteration 82/300                            [0m 

                               Run name: chase_v6_render
                            Total steps: 2039808 
                       Steps per second: 3077 
                        Collection time: 7.869s 
                          Learning time: 0.118s 
                        Mean value loss: 1.7108
                    Mean surrogate loss: -0.0056
                      Mean entropy loss: 0.1604
                            Mean reward: 1.54
                    Mean episode length: 135.81
                        Mean action std: 0.25
         Mean episode goal_per_1k_steps: 0.0000
         Mean episode mean_dist_to_ball: 2.0590
               Mean episode goals_total: 8.0000
--------------------------------------------------------------------------------
                         Iteration time: 7.99s
                           Time elapsed: 0:11:07
                                    ETA: 0:29:06

################################################################################
[1m                           Learning iteration 83/300                            [0m 

                               Run name: chase_v6_render
                            Total steps: 2064384 
                       Steps per second: 3085 
                        Collection time: 7.848s 
                          Learning time: 0.118s 
                        Mean value loss: 1.4415
                    Mean surrogate loss: -0.0036
                      Mean entropy loss: 0.1062
                            Mean reward: 1.73
                    Mean episode length: 155.17
                        Mean action std: 0.25
         Mean episode goal_per_1k_steps: 0.0000
         Mean episode mean_dist_to_ball: 1.9956
               Mean episode goals_total: 8.0000
--------------------------------------------------------------------------------
                         Iteration time: 7.97s
                           Time elapsed: 0:11:15
                                    ETA: 0:28:57

################################################################################
[1m                           Learning iteration 84/300                            [0m 

                               Run name: chase_v6_render
                            Total steps: 2088960 
                       Steps per second: 3069 
                        Collection time: 7.887s 
                          Learning time: 0.118s 
                        Mean value loss: 1.1813
                    Mean surrogate loss: -0.0067
                      Mean entropy loss: 0.0236
                            Mean reward: 6.21
                    Mean episode length: 169.42
                        Mean action std: 0.24
         Mean episode goal_per_1k_steps: 0.0407
         Mean episode mean_dist_to_ball: 1.9880
               Mean episode goals_total: 8.0000
--------------------------------------------------------------------------------
                         Iteration time: 8.01s
                           Time elapsed: 0:11:23
                                    ETA: 0:28:49

################################################################################
[1m                           Learning iteration 85/300                            [0m 

                               Run name: chase_v6_render
                            Total steps: 2113536 
                       Steps per second: 3078 
                        Collection time: 7.865s 
                          Learning time: 0.118s 
                        Mean value loss: 1.0610
                    Mean surrogate loss: -0.0065
                      Mean entropy loss: -0.1048
                            Mean reward: 4.33
                    Mean episode length: 174.35
                        Mean action std: 0.23
         Mean episode goal_per_1k_steps: 0.0000
         Mean episode mean_dist_to_ball: 2.0350
               Mean episode goals_total: 8.0000
--------------------------------------------------------------------------------
                         Iteration time: 7.98s
                           Time elapsed: 0:11:31
                                    ETA: 0:28:41

################################################################################
[1m                           Learning iteration 86/300                            [0m 

                               Run name: chase_v6_render
                            Total steps: 2138112 
                       Steps per second: 3081 
                        Collection time: 7.858s 
                          Learning time: 0.118s 
                        Mean value loss: 1.7907
                    Mean surrogate loss: -0.0035
                      Mean entropy loss: -0.1797
                            Mean reward: 5.44
                    Mean episode length: 188.95
                        Mean action std: 0.23
         Mean episode goal_per_1k_steps: 0.0407
         Mean episode mean_dist_to_ball: 2.0867
               Mean episode goals_total: 8.0000
--------------------------------------------------------------------------------
                         Iteration time: 7.98s
                           Time elapsed: 0:11:39
                                    ETA: 0:28:33

################################################################################
[1m                           Learning iteration 87/300                            [0m 

                               Run name: chase_v6_render
                            Total steps: 2162688 
                       Steps per second: 3074 
                        Collection time: 7.877s 
                          Learning time: 0.118s 
                        Mean value loss: 1.7105
                    Mean surrogate loss: -0.0058
                      Mean entropy loss: -0.2445
                            Mean reward: 4.73
                    Mean episode length: 192.00
                        Mean action std: 0.22
         Mean episode goal_per_1k_steps: 0.0000
         Mean episode mean_dist_to_ball: 2.0721
               Mean episode goals_total: 8.0000
--------------------------------------------------------------------------------
                         Iteration time: 7.99s
                           Time elapsed: 0:11:47
                                    ETA: 0:28:25

################################################################################
[1m                           Learning iteration 88/300                            [0m 

                               Run name: chase_v6_render
                            Total steps: 2187264 
                       Steps per second: 3076 
                        Collection time: 7.871s 
                          Learning time: 0.118s 
                        Mean value loss: 1.0215
                    Mean surrogate loss: -0.0035
                      Mean entropy loss: -0.3327
                            Mean reward: 5.93
                    Mean episode length: 200.21
                        Mean action std: 0.22
         Mean episode goal_per_1k_steps: 0.0285
         Mean episode mean_dist_to_ball: 2.1099
               Mean episode goals_total: 8.0000
--------------------------------------------------------------------------------
                         Iteration time: 7.99s
                           Time elapsed: 0:11:55
                                    ETA: 0:28:16

################################################################################
[1m                           Learning iteration 89/300                            [0m 

                               Run name: chase_v6_render
                            Total steps: 2211840 
                       Steps per second: 3080 
                        Collection time: 7.861s 
                          Learning time: 0.118s 
                        Mean value loss: 0.8798
                    Mean surrogate loss: -0.0064
                      Mean entropy loss: -0.4317
                            Mean reward: 8.59
                    Mean episode length: 217.28
                        Mean action std: 0.21
         Mean episode goal_per_1k_steps: 0.0122
         Mean episode mean_dist_to_ball: 2.1113
               Mean episode goals_total: 8.0000
--------------------------------------------------------------------------------
                         Iteration time: 7.98s
                           Time elapsed: 0:12:03
                                    ETA: 0:28:08

################################################################################
[1m                           Learning iteration 90/300                            [0m 

                               Run name: chase_v6_render
                            Total steps: 2236416 
                       Steps per second: 3072 
                        Collection time: 7.881s 
                          Learning time: 0.118s 
                        Mean value loss: 0.7082
                    Mean surrogate loss: -0.0043
                      Mean entropy loss: -0.5054
                            Mean reward: 8.53
                    Mean episode length: 215.24
                        Mean action std: 0.20
         Mean episode goal_per_1k_steps: 0.0203
         Mean episode mean_dist_to_ball: 2.1100
               Mean episode goals_total: 8.0000
--------------------------------------------------------------------------------
                         Iteration time: 8.00s
                           Time elapsed: 0:12:11
                                    ETA: 0:28:00

################################################################################
[1m                           Learning iteration 91/300                            [0m 

                               Run name: chase_v6_render
                            Total steps: 2260992 
                       Steps per second: 3078 
                        Collection time: 7.865s 
                          Learning time: 0.118s 
                        Mean value loss: 0.7233
                    Mean surrogate loss: -0.0058
                      Mean entropy loss: -0.5932
                            Mean reward: 8.30
                    Mean episode length: 216.15
                        Mean action std: 0.20
         Mean episode goal_per_1k_steps: 0.0203
         Mean episode mean_dist_to_ball: 2.1160
               Mean episode goals_total: 8.0000
--------------------------------------------------------------------------------
                         Iteration time: 7.98s
                           Time elapsed: 0:12:19
                                    ETA: 0:27:52

################################################################################
[1m                           Learning iteration 92/300                            [0m 

                               Run name: chase_v6_render
                            Total steps: 2285568 
                       Steps per second: 3074 
                        Collection time: 7.874s 
                          Learning time: 0.118s 
                        Mean value loss: 0.8855
                    Mean surrogate loss: -0.0016
                      Mean entropy loss: -0.6429
                            Mean reward: 8.30
                    Mean episode length: 215.35
                        Mean action std: 0.20
         Mean episode goal_per_1k_steps: 0.0000
         Mean episode mean_dist_to_ball: 2.1371
               Mean episode goals_total: 8.0000
--------------------------------------------------------------------------------
                         Iteration time: 7.99s
                           Time elapsed: 0:12:27
                                    ETA: 0:27:44

################################################################################
[1m                           Learning iteration 93/300                            [0m 

                               Run name: chase_v6_render
                            Total steps: 2310144 
                       Steps per second: 3089 
                        Collection time: 7.838s 
                          Learning time: 0.116s 
                        Mean value loss: 0.6946
                    Mean surrogate loss: -0.0044
                      Mean entropy loss: -0.6792
                            Mean reward: 7.16
                    Mean episode length: 211.96
                        Mean action std: 0.19
         Mean episode goal_per_1k_steps: 0.0000
         Mean episode mean_dist_to_ball: 2.1603
               Mean episode goals_total: 8.0000
--------------------------------------------------------------------------------
                         Iteration time: 7.95s
                           Time elapsed: 0:12:35
                                    ETA: 0:27:36

################################################################################
[1m                           Learning iteration 94/300                            [0m 

                               Run name: chase_v6_render
                            Total steps: 2334720 
                       Steps per second: 3080 
                        Collection time: 7.863s 
                          Learning time: 0.116s 
                        Mean value loss: 0.8955
                    Mean surrogate loss: -0.0040
                      Mean entropy loss: -0.7744
                            Mean reward: 9.68
                    Mean episode length: 224.67
                        Mean action std: 0.19
         Mean episode goal_per_1k_steps: 0.0000
         Mean episode mean_dist_to_ball: 2.1594
               Mean episode goals_total: 8.0000
--------------------------------------------------------------------------------
                         Iteration time: 7.98s
                           Time elapsed: 0:12:43
                                    ETA: 0:27:27

################################################################################
[1m                           Learning iteration 95/300                            [0m 

                               Run name: chase_v6_render
                            Total steps: 2359296 
                       Steps per second: 3079 
                        Collection time: 7.865s 
                          Learning time: 0.116s 
                        Mean value loss: 0.7518
                    Mean surrogate loss: -0.0024
                      Mean entropy loss: -0.8083
                            Mean reward: 7.51
                    Mean episode length: 223.35
                        Mean action std: 0.18
         Mean episode goal_per_1k_steps: 0.0000
         Mean episode mean_dist_to_ball: 2.2075
               Mean episode goals_total: 8.0000
--------------------------------------------------------------------------------
                         Iteration time: 7.98s
                           Time elapsed: 0:12:51
                                    ETA: 0:27:19

################################################################################
[1m                           Learning iteration 96/300                            [0m 

                               Run name: chase_v6_render
                            Total steps: 2383872 
                       Steps per second: 3073 
                        Collection time: 7.879s 
                          Learning time: 0.116s 
                        Mean value loss: 1.1628
                    Mean surrogate loss: -0.0026
                      Mean entropy loss: -0.8988
                            Mean reward: 8.86
                    Mean episode length: 218.73
                        Mean action std: 0.18
         Mean episode goal_per_1k_steps: 0.0000
         Mean episode mean_dist_to_ball: 2.2430
               Mean episode goals_total: 8.0000
--------------------------------------------------------------------------------
                         Iteration time: 8.00s
                           Time elapsed: 0:12:59
                                    ETA: 0:27:11

################################################################################
[1m                           Learning iteration 97/300                            [0m 

                               Run name: chase_v6_render
                            Total steps: 2408448 
                       Steps per second: 3079 
                        Collection time: 7.866s 
                          Learning time: 0.116s 
                        Mean value loss: 0.6622
                    Mean surrogate loss: -0.0028
                      Mean entropy loss: -0.9921
                            Mean reward: 9.44
                    Mean episode length: 228.03
                        Mean action std: 0.17
         Mean episode goal_per_1k_steps: 0.0000
         Mean episode mean_dist_to_ball: 2.2560
               Mean episode goals_total: 8.0000
--------------------------------------------------------------------------------
                         Iteration time: 7.98s
                           Time elapsed: 0:13:07
                                    ETA: 0:27:03

################################################################################
[1m                           Learning iteration 98/300                            [0m 

                               Run name: chase_v6_render
                            Total steps: 2433024 
                       Steps per second: 3067 
                        Collection time: 7.894s 
                          Learning time: 0.118s 
                        Mean value loss: 0.5251
                    Mean surrogate loss: -0.0005
                      Mean entropy loss: -1.0241
                            Mean reward: 10.37
                    Mean episode length: 232.43
                        Mean action std: 0.17
         Mean episode goal_per_1k_steps: 0.0000
         Mean episode mean_dist_to_ball: 2.2828
               Mean episode goals_total: 8.0000
--------------------------------------------------------------------------------
                         Iteration time: 8.01s
                           Time elapsed: 0:13:15
                                    ETA: 0:26:55

################################################################################
[1m                           Learning iteration 99/300                            [0m 

                               Run name: chase_v6_render
                            Total steps: 2457600 
                       Steps per second: 3059 
                        Collection time: 7.915s 
                          Learning time: 0.118s 
                        Mean value loss: 0.6530
                    Mean surrogate loss: -0.0029
                      Mean entropy loss: -1.0845
                            Mean reward: 7.57
                    Mean episode length: 229.22
                        Mean action std: 0.17
         Mean episode goal_per_1k_steps: 0.0000
         Mean episode mean_dist_to_ball: 2.3069
               Mean episode goals_total: 8.0000
--------------------------------------------------------------------------------
                         Iteration time: 8.03s
                           Time elapsed: 0:13:23
                                    ETA: 0:26:47

################################################################################
[1m                           Learning iteration 100/300                           [0m 

                               Run name: chase_v6_render
                            Total steps: 2482176 
                       Steps per second: 3067 
                        Collection time: 7.895s 
                          Learning time: 0.117s 
                        Mean value loss: 0.5459
                    Mean surrogate loss: -0.0003
                      Mean entropy loss: -1.1219
                            Mean reward: 9.02
                    Mean episode length: 231.42
                        Mean action std: 0.17
         Mean episode goal_per_1k_steps: 0.0000
         Mean episode mean_dist_to_ball: 2.3339
               Mean episode goals_total: 8.0000
--------------------------------------------------------------------------------
                         Iteration time: 8.01s
                           Time elapsed: 0:13:31
                                    ETA: 0:26:39

################################################################################
[1m                           Learning iteration 101/300                           [0m 

                               Run name: chase_v6_render
                            Total steps: 2506752 
                       Steps per second: 3079 
                        Collection time: 7.862s 
                          Learning time: 0.118s 
                        Mean value loss: 1.0376
                    Mean surrogate loss: -0.0027
                      Mean entropy loss: -1.1740
                            Mean reward: 9.69
                    Mean episode length: 231.40
                        Mean action std: 0.16
         Mean episode goal_per_1k_steps: 0.0000
         Mean episode mean_dist_to_ball: 2.3376
               Mean episode goals_total: 8.0000
--------------------------------------------------------------------------------
                         Iteration time: 7.98s
                           Time elapsed: 0:13:39
                                    ETA: 0:26:31

################################################################################
[1m                           Learning iteration 102/300                           [0m 

                               Run name: chase_v6_render
                            Total steps: 2531328 
                       Steps per second: 3080 
                        Collection time: 7.861s 
                          Learning time: 0.117s 
                        Mean value loss: 1.6963
                    Mean surrogate loss: 0.0062
                      Mean entropy loss: -1.2101
                            Mean reward: 8.48
                    Mean episode length: 222.90
                        Mean action std: 0.16
         Mean episode goal_per_1k_steps: 0.0000
         Mean episode mean_dist_to_ball: 2.3454
               Mean episode goals_total: 8.0000
--------------------------------------------------------------------------------
                         Iteration time: 7.98s
                           Time elapsed: 0:13:47
                                    ETA: 0:26:22

################################################################################
[1m                           Learning iteration 103/300                           [0m 

                               Run name: chase_v6_render
                            Total steps: 2555904 
                       Steps per second: 3071 
                        Collection time: 7.882s 
                          Learning time: 0.118s 
                        Mean value loss: 0.6859
                    Mean surrogate loss: -0.0028
                      Mean entropy loss: -1.2286
                            Mean reward: 9.44
                    Mean episode length: 223.14
                        Mean action std: 0.16
         Mean episode goal_per_1k_steps: 0.0407
         Mean episode mean_dist_to_ball: 2.2936
               Mean episode goals_total: 8.0000
--------------------------------------------------------------------------------
                         Iteration time: 8.00s
                           Time elapsed: 0:13:55
                                    ETA: 0:26:14

################################################################################
[1m                           Learning iteration 104/300                           [0m 

                               Run name: chase_v6_render
                            Total steps: 2580480 
                       Steps per second: 3079 
                        Collection time: 7.862s 
                          Learning time: 0.118s 
                        Mean value loss: 0.3831
                    Mean surrogate loss: -0.0007
                      Mean entropy loss: -1.2870
                            Mean reward: 10.59
                    Mean episode length: 234.32
                        Mean action std: 0.16
         Mean episode goal_per_1k_steps: 0.0000
         Mean episode mean_dist_to_ball: 2.2673
               Mean episode goals_total: 8.0000
--------------------------------------------------------------------------------
                         Iteration time: 7.98s
                           Time elapsed: 0:14:03
                                    ETA: 0:26:06

################################################################################
[1m                           Learning iteration 105/300                           [0m 

                               Run name: chase_v6_render
                            Total steps: 2605056 
                       Steps per second: 3087 
                        Collection time: 7.841s 
                          Learning time: 0.118s 
                        Mean value loss: 0.6027
                    Mean surrogate loss: -0.0035
                      Mean entropy loss: -1.3597
                            Mean reward: 10.35
                    Mean episode length: 236.88
                        Mean action std: 0.15
         Mean episode goal_per_1k_steps: 0.0000
         Mean episode mean_dist_to_ball: 2.2747
               Mean episode goals_total: 8.0000
--------------------------------------------------------------------------------
                         Iteration time: 7.96s
                           Time elapsed: 0:14:11
                                    ETA: 0:25:58

################################################################################
[1m                           Learning iteration 106/300                           [0m 

                               Run name: chase_v6_render
                            Total steps: 2629632 
                       Steps per second: 3081 
                        Collection time: 7.858s 
                          Learning time: 0.118s 
                        Mean value loss: 1.3583
                    Mean surrogate loss: 0.0007
                      Mean entropy loss: -1.4157
                            Mean reward: 9.57
                    Mean episode length: 226.61
                        Mean action std: 0.15
         Mean episode goal_per_1k_steps: 0.0366
         Mean episode mean_dist_to_ball: 2.3178
               Mean episode goals_total: 8.0000
--------------------------------------------------------------------------------
                         Iteration time: 7.98s
                           Time elapsed: 0:14:19
                                    ETA: 0:25:50

################################################################################
[1m                           Learning iteration 107/300                           [0m 

                               Run name: chase_v6_render
                            Total steps: 2654208 
                       Steps per second: 3082 
                        Collection time: 7.856s 
                          Learning time: 0.118s 
                        Mean value loss: 0.7443
                    Mean surrogate loss: -0.0039
                      Mean entropy loss: -1.4430
                            Mean reward: 12.05
                    Mean episode length: 232.87
                        Mean action std: 0.15
         Mean episode goal_per_1k_steps: 0.0041
         Mean episode mean_dist_to_ball: 2.2541
               Mean episode goals_total: 8.0000
--------------------------------------------------------------------------------
                         Iteration time: 7.97s
                           Time elapsed: 0:14:27
                                    ETA: 0:25:42

################################################################################
[1m                           Learning iteration 108/300                           [0m 

                               Run name: chase_v6_render
                            Total steps: 2678784 
                       Steps per second: 3080 
                        Collection time: 7.861s 
                          Learning time: 0.118s 
                        Mean value loss: 0.5522
                    Mean surrogate loss: -0.0035
                      Mean entropy loss: -1.5032
                            Mean reward: 10.75
                    Mean episode length: 227.75
                        Mean action std: 0.15
         Mean episode goal_per_1k_steps: 0.0000
         Mean episode mean_dist_to_ball: 2.2411
               Mean episode goals_total: 8.0000
--------------------------------------------------------------------------------
                         Iteration time: 7.98s
                           Time elapsed: 0:14:35
                                    ETA: 0:25:34

################################################################################
[1m                           Learning iteration 109/300                           [0m 

                               Run name: chase_v6_render
                            Total steps: 2703360 
                       Steps per second: 3086 
                        Collection time: 7.844s 
                          Learning time: 0.118s 
                        Mean value loss: 0.4619
                    Mean surrogate loss: -0.0032
                      Mean entropy loss: -1.5314
                            Mean reward: 10.95
                    Mean episode length: 232.42
                        Mean action std: 0.14
         Mean episode goal_per_1k_steps: 0.0000
         Mean episode mean_dist_to_ball: 2.2588
               Mean episode goals_total: 8.0000
--------------------------------------------------------------------------------
                         Iteration time: 7.96s
                           Time elapsed: 0:14:43
                                    ETA: 0:25:26

################################################################################
[1m                           Learning iteration 110/300                           [0m 

                               Run name: chase_v6_render
                            Total steps: 2727936 
                       Steps per second: 3080 
                        Collection time: 7.861s 
                          Learning time: 0.118s 
                        Mean value loss: 1.2117
                    Mean surrogate loss: -0.0016
                      Mean entropy loss: -1.5808
                            Mean reward: 10.72
                    Mean episode length: 231.01
                        Mean action std: 0.14
         Mean episode goal_per_1k_steps: 0.0000
         Mean episode mean_dist_to_ball: 2.2170
               Mean episode goals_total: 8.0000
--------------------------------------------------------------------------------
                         Iteration time: 7.98s
                           Time elapsed: 0:14:51
                                    ETA: 0:25:17

################################################################################
[1m                           Learning iteration 111/300                           [0m 

                               Run name: chase_v6_render
                            Total steps: 2752512 
                       Steps per second: 3076 
                        Collection time: 7.869s 
                          Learning time: 0.118s 
                        Mean value loss: 0.7264
                    Mean surrogate loss: -0.0026
                      Mean entropy loss: -1.6063
                            Mean reward: 8.63
                    Mean episode length: 219.83
                        Mean action std: 0.14
         Mean episode goal_per_1k_steps: 0.0000
         Mean episode mean_dist_to_ball: 2.1617
               Mean episode goals_total: 8.0000
--------------------------------------------------------------------------------
                         Iteration time: 7.99s
                           Time elapsed: 0:14:59
                                    ETA: 0:25:09

################################################################################
[1m                           Learning iteration 112/300                           [0m 

                               Run name: chase_v6_render
                            Total steps: 2777088 
                       Steps per second: 3078 
                        Collection time: 7.864s 
                          Learning time: 0.118s 
                        Mean value loss: 0.5843
                    Mean surrogate loss: -0.0028
                      Mean entropy loss: -1.6688
                            Mean reward: 12.35
                    Mean episode length: 227.32
                        Mean action std: 0.14
         Mean episode goal_per_1k_steps: 0.0000
         Mean episode mean_dist_to_ball: 2.1199
               Mean episode goals_total: 8.0000
--------------------------------------------------------------------------------
                         Iteration time: 7.98s
                           Time elapsed: 0:15:07
                                    ETA: 0:25:01

################################################################################
[1m                           Learning iteration 113/300                           [0m 

                               Run name: chase_v6_render
                            Total steps: 2801664 
                       Steps per second: 3084 
                        Collection time: 7.849s 
                          Learning time: 0.119s 
                        Mean value loss: 0.6683
                    Mean surrogate loss: -0.0050
                      Mean entropy loss: -1.7374
                            Mean reward: 11.47
                    Mean episode length: 225.63
                        Mean action std: 0.13
         Mean episode goal_per_1k_steps: 0.0570
         Mean episode mean_dist_to_ball: 2.1621
               Mean episode goals_total: 8.0000
--------------------------------------------------------------------------------
                         Iteration time: 7.97s
                           Time elapsed: 0:15:15
                                    ETA: 0:24:53

################################################################################
[1m                           Learning iteration 114/300                           [0m 

                               Run name: chase_v6_render
                            Total steps: 2826240 
                       Steps per second: 3082 
                        Collection time: 7.855s 
                          Learning time: 0.118s 
                        Mean value loss: 0.3869
                    Mean surrogate loss: -0.0018
                      Mean entropy loss: -1.7942
                            Mean reward: 10.89
                    Mean episode length: 227.67
                        Mean action std: 0.13
         Mean episode goal_per_1k_steps: 0.0244
         Mean episode mean_dist_to_ball: 2.1491
               Mean episode goals_total: 8.0000
--------------------------------------------------------------------------------
                         Iteration time: 7.97s
                           Time elapsed: 0:15:23
                                    ETA: 0:24:45

################################################################################
[1m                           Learning iteration 115/300                           [0m 

                               Run name: chase_v6_render
                            Total steps: 2850816 
                       Steps per second: 3070 
                        Collection time: 7.885s 
                          Learning time: 0.118s 
                        Mean value loss: 0.8779
                    Mean surrogate loss: -0.0048
                      Mean entropy loss: -1.8528
                            Mean reward: 11.72
                    Mean episode length: 222.68
                        Mean action std: 0.13
         Mean episode goal_per_1k_steps: 0.0407
         Mean episode mean_dist_to_ball: 2.1438
               Mean episode goals_total: 8.6250
--------------------------------------------------------------------------------
                         Iteration time: 8.00s
                           Time elapsed: 0:15:31
                                    ETA: 0:24:37

################################################################################
[1m                           Learning iteration 116/300                           [0m 

                               Run name: chase_v6_render
                            Total steps: 2875392 
                       Steps per second: 3074 
                        Collection time: 7.875s 
                          Learning time: 0.118s 
                        Mean value loss: 1.2324
                    Mean surrogate loss: -0.0003
                      Mean entropy loss: -1.8435
                            Mean reward: 10.74
                    Mean episode length: 219.49
                        Mean action std: 0.13
         Mean episode goal_per_1k_steps: 0.0366
         Mean episode mean_dist_to_ball: 2.1759
               Mean episode goals_total: 9.0000
--------------------------------------------------------------------------------
                         Iteration time: 7.99s
                           Time elapsed: 0:15:39
                                    ETA: 0:24:29

################################################################################
[1m                           Learning iteration 117/300                           [0m 

                               Run name: chase_v6_render
                            Total steps: 2899968 
                       Steps per second: 3091 
                        Collection time: 7.830s 
                          Learning time: 0.119s 
                        Mean value loss: 0.6940
                    Mean surrogate loss: -0.0037
                      Mean entropy loss: -1.8751
                            Mean reward: 10.95
                    Mean episode length: 223.60
                        Mean action std: 0.13
         Mean episode goal_per_1k_steps: 0.0041
         Mean episode mean_dist_to_ball: 2.1462
               Mean episode goals_total: 9.0000
--------------------------------------------------------------------------------
                         Iteration time: 7.95s
                           Time elapsed: 0:15:47
                                    ETA: 0:24:21

################################################################################
[1m                           Learning iteration 118/300                           [0m 

                               Run name: chase_v6_render
                            Total steps: 2924544 
                       Steps per second: 3089 
                        Collection time: 7.839s 
                          Learning time: 0.115s 
                        Mean value loss: 0.5966
                    Mean surrogate loss: -0.0016
                      Mean entropy loss: -1.9075
                            Mean reward: 11.90
                    Mean episode length: 230.66
                        Mean action std: 0.13
         Mean episode goal_per_1k_steps: 0.0000
         Mean episode mean_dist_to_ball: 2.1281
               Mean episode goals_total: 9.0000
--------------------------------------------------------------------------------
                         Iteration time: 7.95s
                           Time elapsed: 0:15:55
                                    ETA: 0:24:12

################################################################################
[1m                           Learning iteration 119/300                           [0m 

                               Run name: chase_v6_render
                            Total steps: 2949120 
                       Steps per second: 3096 
                        Collection time: 7.821s 
                          Learning time: 0.115s 
                        Mean value loss: 0.4841
                    Mean surrogate loss: -0.0015
                      Mean entropy loss: -1.9181
                            Mean reward: 12.98
                    Mean episode length: 225.24
                        Mean action std: 0.13
         Mean episode goal_per_1k_steps: 0.0000
         Mean episode mean_dist_to_ball: 2.1200
               Mean episode goals_total: 9.0000
--------------------------------------------------------------------------------
                         Iteration time: 7.94s
                           Time elapsed: 0:16:03
                                    ETA: 0:24:04

################################################################################
[1m                           Learning iteration 120/300                           [0m 

                               Run name: chase_v6_render
                            Total steps: 2973696 
                       Steps per second: 3095 
                        Collection time: 7.822s 
                          Learning time: 0.116s 
                        Mean value loss: 0.3348
                    Mean surrogate loss: -0.0038
                      Mean entropy loss: -1.9265
                            Mean reward: 13.26
                    Mean episode length: 228.11
                        Mean action std: 0.13
         Mean episode goal_per_1k_steps: 0.0000
         Mean episode mean_dist_to_ball: 2.0867
               Mean episode goals_total: 9.0000
--------------------------------------------------------------------------------
                         Iteration time: 7.94s
                           Time elapsed: 0:16:11
                                    ETA: 0:23:56

################################################################################
[1m                           Learning iteration 121/300                           [0m 

                               Run name: chase_v6_render
                            Total steps: 2998272 
                       Steps per second: 3102 
                        Collection time: 7.805s 
                          Learning time: 0.115s 
                        Mean value loss: 0.3704
                    Mean surrogate loss: -0.0031
                      Mean entropy loss: -1.9722
                            Mean reward: 13.54
                    Mean episode length: 232.97
                        Mean action std: 0.12
         Mean episode goal_per_1k_steps: 0.0366
         Mean episode mean_dist_to_ball: 2.0409
               Mean episode goals_total: 9.0000
--------------------------------------------------------------------------------
                         Iteration time: 7.92s
                           Time elapsed: 0:16:19
                                    ETA: 0:23:48

################################################################################
[1m                           Learning iteration 122/300                           [0m 

                               Run name: chase_v6_render
                            Total steps: 3022848 
                       Steps per second: 3100 
                        Collection time: 7.810s 
                          Learning time: 0.115s 
                        Mean value loss: 0.6672
                    Mean surrogate loss: -0.0013
                      Mean entropy loss: -2.0243
                            Mean reward: 12.00
                    Mean episode length: 237.23
                        Mean action std: 0.12
         Mean episode goal_per_1k_steps: 0.0041
         Mean episode mean_dist_to_ball: 2.0062
               Mean episode goals_total: 9.0000
--------------------------------------------------------------------------------
                         Iteration time: 7.93s
                           Time elapsed: 0:16:26
                                    ETA: 0:23:40

################################################################################
[1m                           Learning iteration 123/300                           [0m 

                               Run name: chase_v6_render
                            Total steps: 3047424 
                       Steps per second: 3101 
                        Collection time: 7.806s 
                          Learning time: 0.118s 
                        Mean value loss: 0.4786
                    Mean surrogate loss: -0.0040
                      Mean entropy loss: -2.0414
                            Mean reward: 13.30
                    Mean episode length: 237.69
                        Mean action std: 0.12
         Mean episode goal_per_1k_steps: 0.0000
         Mean episode mean_dist_to_ball: 1.9583
               Mean episode goals_total: 9.0000
--------------------------------------------------------------------------------
                         Iteration time: 7.92s
                           Time elapsed: 0:16:34
                                    ETA: 0:23:32

################################################################################
[1m                           Learning iteration 124/300                           [0m 

                               Run name: chase_v6_render
                            Total steps: 3072000 
                       Steps per second: 3098 
                        Collection time: 7.814s 
                          Learning time: 0.118s 
                        Mean value loss: 0.2164
                    Mean surrogate loss: -0.0038
                      Mean entropy loss: -2.0506
                            Mean reward: 12.89
                    Mean episode length: 233.32
                        Mean action std: 0.12
         Mean episode goal_per_1k_steps: 0.0000
         Mean episode mean_dist_to_ball: 1.9279
               Mean episode goals_total: 9.0000
--------------------------------------------------------------------------------
                         Iteration time: 7.93s
                           Time elapsed: 0:16:42
                                    ETA: 0:23:23

################################################################################
[1m                           Learning iteration 125/300                           [0m 

                               Run name: chase_v6_render
                            Total steps: 3096576 
                       Steps per second: 3087 
                        Collection time: 7.844s 
                          Learning time: 0.116s 
                        Mean value loss: 0.4005
                    Mean surrogate loss: -0.0037
                      Mean entropy loss: -2.0911
                            Mean reward: 12.84
                    Mean episode length: 235.87
                        Mean action std: 0.12
         Mean episode goal_per_1k_steps: 0.0000
         Mean episode mean_dist_to_ball: 1.8774
               Mean episode goals_total: 9.0000
--------------------------------------------------------------------------------
                         Iteration time: 7.96s
                           Time elapsed: 0:16:50
                                    ETA: 0:23:15

################################################################################
[1m                           Learning iteration 126/300                           [0m 

                               Run name: chase_v6_render
                            Total steps: 3121152 
                       Steps per second: 3102 
                        Collection time: 7.807s 
                          Learning time: 0.115s 
                        Mean value loss: 0.5344
                    Mean surrogate loss: -0.0034
                      Mean entropy loss: -2.1140
                            Mean reward: 14.24
                    Mean episode length: 232.23
                        Mean action std: 0.12
         Mean episode goal_per_1k_steps: 0.0000
         Mean episode mean_dist_to_ball: 1.8759
               Mean episode goals_total: 9.0000
--------------------------------------------------------------------------------
                         Iteration time: 7.92s
                           Time elapsed: 0:16:58
                                    ETA: 0:23:07

################################################################################
[1m                           Learning iteration 127/300                           [0m 

                               Run name: chase_v6_render
                            Total steps: 3145728 
                       Steps per second: 3082 
                        Collection time: 7.858s 
                          Learning time: 0.116s 
                        Mean value loss: 1.1386
                    Mean surrogate loss: -0.0043
                      Mean entropy loss: -2.1433
                            Mean reward: 12.74
                    Mean episode length: 219.45
                        Mean action std: 0.12
         Mean episode goal_per_1k_steps: 0.0407
         Mean episode mean_dist_to_ball: 1.9450
               Mean episode goals_total: 9.0000
--------------------------------------------------------------------------------
                         Iteration time: 7.97s
                           Time elapsed: 0:17:06
                                    ETA: 0:22:59

################################################################################
[1m                           Learning iteration 128/300                           [0m 

                               Run name: chase_v6_render
                            Total steps: 3170304 
                       Steps per second: 3096 
                        Collection time: 7.822s 
                          Learning time: 0.115s 
                        Mean value loss: 0.4785
                    Mean surrogate loss: -0.0034
                      Mean entropy loss: -2.1911
                            Mean reward: 13.13
                    Mean episode length: 232.61
                        Mean action std: 0.12
         Mean episode goal_per_1k_steps: 0.0407
         Mean episode mean_dist_to_ball: 1.9509
               Mean episode goals_total: 9.7083
--------------------------------------------------------------------------------
                         Iteration time: 7.94s
                           Time elapsed: 0:17:14
                                    ETA: 0:22:51

################################################################################
[1m                           Learning iteration 129/300                           [0m 

                               Run name: chase_v6_render
                            Total steps: 3194880 
                       Steps per second: 3091 
                        Collection time: 7.831s 
                          Learning time: 0.119s 
                        Mean value loss: 0.5133
                    Mean surrogate loss: -0.0039
                      Mean entropy loss: -2.2461
                            Mean reward: 12.68
                    Mean episode length: 229.75
                        Mean action std: 0.11
         Mean episode goal_per_1k_steps: 0.0000
         Mean episode mean_dist_to_ball: 1.9193
               Mean episode goals_total: 10.0000
--------------------------------------------------------------------------------
                         Iteration time: 7.95s
                           Time elapsed: 0:17:22
                                    ETA: 0:22:43

################################################################################
[1m                           Learning iteration 130/300                           [0m 

                               Run name: chase_v6_render
                            Total steps: 3219456 
                       Steps per second: 3088 
                        Collection time: 7.838s 
                          Learning time: 0.118s 
                        Mean value loss: 0.6222
                    Mean surrogate loss: -0.0047
                      Mean entropy loss: -2.2513
                            Mean reward: 13.94
                    Mean episode length: 232.62
                        Mean action std: 0.11
         Mean episode goal_per_1k_steps: 0.0000
         Mean episode mean_dist_to_ball: 1.8831
               Mean episode goals_total: 10.0000
--------------------------------------------------------------------------------
                         Iteration time: 7.96s
                           Time elapsed: 0:17:30
                                    ETA: 0:22:35

################################################################################
[1m                           Learning iteration 131/300                           [0m 

                               Run name: chase_v6_render
                            Total steps: 3244032 
                       Steps per second: 3094 
                        Collection time: 7.823s 
                          Learning time: 0.118s 
                        Mean value loss: 0.5230
                    Mean surrogate loss: -0.0033
                      Mean entropy loss: -2.2665
                            Mean reward: 14.29
                    Mean episode length: 237.54
                        Mean action std: 0.11
         Mean episode goal_per_1k_steps: 0.0000
         Mean episode mean_dist_to_ball: 1.8683
               Mean episode goals_total: 10.0000
--------------------------------------------------------------------------------
                         Iteration time: 7.94s
                           Time elapsed: 0:17:38
                                    ETA: 0:22:27

################################################################################
[1m                           Learning iteration 132/300                           [0m 

                               Run name: chase_v6_render
                            Total steps: 3268608 
                       Steps per second: 3087 
                        Collection time: 7.842s 
                          Learning time: 0.118s 
                        Mean value loss: 0.4374
                    Mean surrogate loss: -0.0023
                      Mean entropy loss: -2.2832
                            Mean reward: 14.28
                    Mean episode length: 230.13
                        Mean action std: 0.11
         Mean episode goal_per_1k_steps: 0.0000
         Mean episode mean_dist_to_ball: 1.8640
               Mean episode goals_total: 10.0000
--------------------------------------------------------------------------------
                         Iteration time: 7.96s
                           Time elapsed: 0:17:46
                                    ETA: 0:22:19

################################################################################
[1m                           Learning iteration 133/300                           [0m 

                               Run name: chase_v6_render
                            Total steps: 3293184 
                       Steps per second: 3092 
                        Collection time: 7.828s 
                          Learning time: 0.119s 
                        Mean value loss: 0.7362
                    Mean surrogate loss: -0.0037
                      Mean entropy loss: -2.2813
                            Mean reward: 12.24
                    Mean episode length: 229.95
                        Mean action std: 0.11
         Mean episode goal_per_1k_steps: 0.0000
         Mean episode mean_dist_to_ball: 1.7908
               Mean episode goals_total: 10.0000
--------------------------------------------------------------------------------
                         Iteration time: 7.95s
                           Time elapsed: 0:17:54
                                    ETA: 0:22:10

################################################################################
[1m                           Learning iteration 134/300                           [0m 

                               Run name: chase_v6_render
                            Total steps: 3317760 
                       Steps per second: 3091 
                        Collection time: 7.832s 
                          Learning time: 0.118s 
                        Mean value loss: 0.9525
                    Mean surrogate loss: -0.0018
                      Mean entropy loss: -2.2848
                            Mean reward: 12.38
                    Mean episode length: 216.57
                        Mean action std: 0.11
         Mean episode goal_per_1k_steps: 0.0000
         Mean episode mean_dist_to_ball: 1.7256
               Mean episode goals_total: 10.0000
--------------------------------------------------------------------------------
                         Iteration time: 7.95s
                           Time elapsed: 0:18:02
                                    ETA: 0:22:02

################################################################################
[1m                           Learning iteration 135/300                           [0m 

                               Run name: chase_v6_render
                            Total steps: 3342336 
                       Steps per second: 3090 
                        Collection time: 7.835s 
                          Learning time: 0.118s 
                        Mean value loss: 0.4705
                    Mean surrogate loss: -0.0010
                      Mean entropy loss: -2.2918
                            Mean reward: 14.60
                    Mean episode length: 235.03
                        Mean action std: 0.11
         Mean episode goal_per_1k_steps: 0.0000
         Mean episode mean_dist_to_ball: 1.6698
               Mean episode goals_total: 10.0000
--------------------------------------------------------------------------------
                         Iteration time: 7.95s
                           Time elapsed: 0:18:10
                                    ETA: 0:21:54

################################################################################
[1m                           Learning iteration 136/300                           [0m 

                               Run name: chase_v6_render
                            Total steps: 3366912 
                       Steps per second: 3098 
                        Collection time: 7.815s 
                          Learning time: 0.118s 
                        Mean value loss: 0.4746
                    Mean surrogate loss: -0.0009
                      Mean entropy loss: -2.3012
                            Mean reward: 15.56
                    Mean episode length: 233.87
                        Mean action std: 0.11
         Mean episode goal_per_1k_steps: 0.0000
         Mean episode mean_dist_to_ball: 1.6777
               Mean episode goals_total: 10.0000
--------------------------------------------------------------------------------
                         Iteration time: 7.93s
                           Time elapsed: 0:18:18
                                    ETA: 0:21:46

################################################################################
[1m                           Learning iteration 137/300                           [0m 

                               Run name: chase_v6_render
                            Total steps: 3391488 
                       Steps per second: 3086 
                        Collection time: 7.845s 
                          Learning time: 0.118s 
                        Mean value loss: 0.8058
                    Mean surrogate loss: -0.0032
                      Mean entropy loss: -2.2931
                            Mean reward: 14.24
                    Mean episode length: 227.24
                        Mean action std: 0.11
         Mean episode goal_per_1k_steps: 0.0000
         Mean episode mean_dist_to_ball: 1.7248
               Mean episode goals_total: 10.0000
--------------------------------------------------------------------------------
                         Iteration time: 7.96s
                           Time elapsed: 0:18:26
                                    ETA: 0:21:38

################################################################################
[1m                           Learning iteration 138/300                           [0m 

                               Run name: chase_v6_render
                            Total steps: 3416064 
                       Steps per second: 3079 
                        Collection time: 7.862s 
                          Learning time: 0.118s 
                        Mean value loss: 0.9020
                    Mean surrogate loss: -0.0038
                      Mean entropy loss: -2.2852
                            Mean reward: 14.54
                    Mean episode length: 226.21
                        Mean action std: 0.11
         Mean episode goal_per_1k_steps: 0.0000
         Mean episode mean_dist_to_ball: 1.7001
               Mean episode goals_total: 10.0000
--------------------------------------------------------------------------------
                         Iteration time: 7.98s
                           Time elapsed: 0:18:34
                                    ETA: 0:21:30

################################################################################
[1m                           Learning iteration 139/300                           [0m 

                               Run name: chase_v6_render
                            Total steps: 3440640 
                       Steps per second: 3077 
                        Collection time: 7.868s 
                          Learning time: 0.118s 
                        Mean value loss: 0.9676
                    Mean surrogate loss: -0.0038
                      Mean entropy loss: -2.3516
                            Mean reward: 14.43
                    Mean episode length: 233.61
                        Mean action std: 0.11
         Mean episode goal_per_1k_steps: 0.0000
         Mean episode mean_dist_to_ball: 1.6770
               Mean episode goals_total: 10.0000
--------------------------------------------------------------------------------
                         Iteration time: 7.99s
                           Time elapsed: 0:18:42
                                    ETA: 0:21:22

################################################################################
[1m                           Learning iteration 140/300                           [0m 

                               Run name: chase_v6_render
                            Total steps: 3465216 
                       Steps per second: 3092 
                        Collection time: 7.829s 
                          Learning time: 0.118s 
                        Mean value loss: 0.6010
                    Mean surrogate loss: -0.0044
                      Mean entropy loss: -2.3637
                            Mean reward: 14.62
                    Mean episode length: 226.16
                        Mean action std: 0.11
         Mean episode goal_per_1k_steps: 0.0203
         Mean episode mean_dist_to_ball: 1.6548
               Mean episode goals_total: 10.2083
--------------------------------------------------------------------------------
                         Iteration time: 7.95s
                           Time elapsed: 0:18:50
                                    ETA: 0:21:14

################################################################################
[1m                           Learning iteration 141/300                           [0m 

                               Run name: chase_v6_render
                            Total steps: 3489792 
                       Steps per second: 3087 
                        Collection time: 7.841s 
                          Learning time: 0.118s 
                        Mean value loss: 0.5194
                    Mean surrogate loss: -0.0036
                      Mean entropy loss: -2.3795
                            Mean reward: 15.72
                    Mean episode length: 231.78
                        Mean action std: 0.11
         Mean episode goal_per_1k_steps: 0.0203
         Mean episode mean_dist_to_ball: 1.6653
               Mean episode goals_total: 11.0000
--------------------------------------------------------------------------------
                         Iteration time: 7.96s
                           Time elapsed: 0:18:58
                                    ETA: 0:21:06

################################################################################
[1m                           Learning iteration 142/300                           [0m 

                               Run name: chase_v6_render
                            Total steps: 3514368 
                       Steps per second: 3091 
                        Collection time: 7.833s 
                          Learning time: 0.118s 
                        Mean value loss: 0.4160
                    Mean surrogate loss: -0.0020
                      Mean entropy loss: -2.4044
                            Mean reward: 15.31
                    Mean episode length: 229.14
                        Mean action std: 0.11
         Mean episode goal_per_1k_steps: 0.0000
         Mean episode mean_dist_to_ball: 1.6647
               Mean episode goals_total: 11.0000
--------------------------------------------------------------------------------
                         Iteration time: 7.95s
                           Time elapsed: 0:19:06
                                    ETA: 0:20:58

################################################################################
[1m                           Learning iteration 143/300                           [0m 

                               Run name: chase_v6_render
                            Total steps: 3538944 
                       Steps per second: 3083 
                        Collection time: 7.851s 
                          Learning time: 0.118s 
                        Mean value loss: 0.8665
                    Mean surrogate loss: -0.0013
                      Mean entropy loss: -2.4207
                            Mean reward: 16.35
                    Mean episode length: 228.34
                        Mean action std: 0.11
         Mean episode goal_per_1k_steps: 0.0407
         Mean episode mean_dist_to_ball: 1.6597
               Mean episode goals_total: 11.0000
--------------------------------------------------------------------------------
                         Iteration time: 7.97s
                           Time elapsed: 0:19:13
                                    ETA: 0:20:50

################################################################################
[1m                           Learning iteration 144/300                           [0m 

                               Run name: chase_v6_render
                            Total steps: 3563520 
                       Steps per second: 3079 
                        Collection time: 7.861s 
                          Learning time: 0.119s 
                        Mean value loss: 0.7935
                    Mean surrogate loss: -0.0040
                      Mean entropy loss: -2.4495
                            Mean reward: 15.73
                    Mean episode length: 226.65
                        Mean action std: 0.11
         Mean episode goal_per_1k_steps: 0.0000
         Mean episode mean_dist_to_ball: 1.6393
               Mean episode goals_total: 11.0000
--------------------------------------------------------------------------------
                         Iteration time: 7.98s
                           Time elapsed: 0:19:21
                                    ETA: 0:20:42

################################################################################
[1m                           Learning iteration 145/300                           [0m 

                               Run name: chase_v6_render
                            Total steps: 3588096 
                       Steps per second: 3082 
                        Collection time: 7.854s 
                          Learning time: 0.118s 
                        Mean value loss: 0.8076
                    Mean surrogate loss: -0.0033
                      Mean entropy loss: -2.4642
                            Mean reward: 16.47
                    Mean episode length: 236.03
                        Mean action std: 0.11
         Mean episode goal_per_1k_steps: 0.0000
         Mean episode mean_dist_to_ball: 1.6144
               Mean episode goals_total: 11.0000
--------------------------------------------------------------------------------
                         Iteration time: 7.97s
                           Time elapsed: 0:19:29
                                    ETA: 0:20:34

################################################################################
[1m                           Learning iteration 146/300                           [0m 

                               Run name: chase_v6_render
                            Total steps: 3612672 
                       Steps per second: 3072 
                        Collection time: 7.880s 
                          Learning time: 0.118s 
                        Mean value loss: 1.2221
                    Mean surrogate loss: -0.0009
                      Mean entropy loss: -2.4771
                            Mean reward: 14.95
                    Mean episode length: 228.30
                        Mean action std: 0.11
         Mean episode goal_per_1k_steps: 0.0000
         Mean episode mean_dist_to_ball: 1.6225
               Mean episode goals_total: 11.0000
--------------------------------------------------------------------------------
                         Iteration time: 8.00s
                           Time elapsed: 0:19:37
                                    ETA: 0:20:26

################################################################################
[1m                           Learning iteration 147/300                           [0m 

                               Run name: chase_v6_render
                            Total steps: 3637248 
                       Steps per second: 3094 
                        Collection time: 7.823s 
                          Learning time: 0.118s 
                        Mean value loss: 0.9416
                    Mean surrogate loss: -0.0022
                      Mean entropy loss: -2.4938
                            Mean reward: 17.34
                    Mean episode length: 230.18
                        Mean action std: 0.11
         Mean episode goal_per_1k_steps: 0.0000
         Mean episode mean_dist_to_ball: 1.6397
               Mean episode goals_total: 11.0000
--------------------------------------------------------------------------------
                         Iteration time: 7.94s
                           Time elapsed: 0:19:45
                                    ETA: 0:20:17

################################################################################
[1m                           Learning iteration 148/300                           [0m 

                               Run name: chase_v6_render
                            Total steps: 3661824 
                       Steps per second: 3071 
                        Collection time: 7.884s 
                          Learning time: 0.118s 
                        Mean value loss: 1.0876
                    Mean surrogate loss: -0.0026
                      Mean entropy loss: -2.4942
                            Mean reward: 15.17
                    Mean episode length: 224.09
                        Mean action std: 0.11
         Mean episode goal_per_1k_steps: 0.0000
         Mean episode mean_dist_to_ball: 1.6687
               Mean episode goals_total: 11.0000
--------------------------------------------------------------------------------
                         Iteration time: 8.00s
                           Time elapsed: 0:19:53
                                    ETA: 0:20:09

################################################################################
[1m                           Learning iteration 149/300                           [0m 

                               Run name: chase_v6_render
                            Total steps: 3686400 
                       Steps per second: 3072 
                        Collection time: 7.882s 
                          Learning time: 0.118s 
                        Mean value loss: 0.9168
                    Mean surrogate loss: -0.0014
                      Mean entropy loss: -2.4939
                            Mean reward: 16.86
                    Mean episode length: 229.64
                        Mean action std: 0.11
         Mean episode goal_per_1k_steps: 0.0407
         Mean episode mean_dist_to_ball: 1.6839
               Mean episode goals_total: 11.0000
--------------------------------------------------------------------------------
                         Iteration time: 8.00s
                           Time elapsed: 0:20:01
                                    ETA: 0:20:01

################################################################################
[1m                           Learning iteration 150/300                           [0m 

                               Run name: chase_v6_render
                            Total steps: 3710976 
                       Steps per second: 3081 
                        Collection time: 7.858s 
                          Learning time: 0.118s 
                        Mean value loss: 0.9661
                    Mean surrogate loss: -0.0037
                      Mean entropy loss: -2.5104
                            Mean reward: 15.38
                    Mean episode length: 226.81
                        Mean action std: 0.11
         Mean episode goal_per_1k_steps: 0.0000
         Mean episode mean_dist_to_ball: 1.7088
               Mean episode goals_total: 11.0000
--------------------------------------------------------------------------------
                         Iteration time: 7.98s
                           Time elapsed: 0:20:09
                                    ETA: 0:19:53

################################################################################
[1m                           Learning iteration 151/300                           [0m 

                               Run name: chase_v6_render
                            Total steps: 3735552 
                       Steps per second: 3073 
                        Collection time: 7.880s 
                          Learning time: 0.118s 
                        Mean value loss: 1.0069
                    Mean surrogate loss: -0.0030
                      Mean entropy loss: -2.5342
                            Mean reward: 16.25
                    Mean episode length: 228.49
                        Mean action std: 0.10
         Mean episode goal_per_1k_steps: 0.0000
         Mean episode mean_dist_to_ball: 1.7138
               Mean episode goals_total: 11.0000
--------------------------------------------------------------------------------
                         Iteration time: 8.00s
                           Time elapsed: 0:20:17
                                    ETA: 0:19:45

################################################################################
[1m                           Learning iteration 152/300                           [0m 

                               Run name: chase_v6_render
                            Total steps: 3760128 
                       Steps per second: 3088 
                        Collection time: 7.840s 
                          Learning time: 0.118s 
                        Mean value loss: 1.8252
                    Mean surrogate loss: -0.0025
                      Mean entropy loss: -2.5592
                            Mean reward: 15.19
                    Mean episode length: 224.24
                        Mean action std: 0.10
         Mean episode goal_per_1k_steps: 0.0000
         Mean episode mean_dist_to_ball: 1.6852
               Mean episode goals_total: 11.0000
--------------------------------------------------------------------------------
                         Iteration time: 7.96s
                           Time elapsed: 0:20:25
                                    ETA: 0:19:37

################################################################################
[1m                           Learning iteration 153/300                           [0m 

                               Run name: chase_v6_render
                            Total steps: 3784704 
                       Steps per second: 3089 
                        Collection time: 7.835s 
                          Learning time: 0.119s 
                        Mean value loss: 1.0686
                    Mean surrogate loss: -0.0033
                      Mean entropy loss: -2.5413
                            Mean reward: 15.25
                    Mean episode length: 224.85
                        Mean action std: 0.10
         Mean episode goal_per_1k_steps: 0.0000
         Mean episode mean_dist_to_ball: 1.6539
               Mean episode goals_total: 11.0000
--------------------------------------------------------------------------------
                         Iteration time: 7.95s
                           Time elapsed: 0:20:33
                                    ETA: 0:19:29

################################################################################
[1m                           Learning iteration 154/300                           [0m 

                               Run name: chase_v6_render
                            Total steps: 3809280 
                       Steps per second: 3084 
                        Collection time: 7.849s 
                          Learning time: 0.118s 
                        Mean value loss: 0.6658
                    Mean surrogate loss: -0.0017
                      Mean entropy loss: -2.5693
                            Mean reward: 16.49
                    Mean episode length: 221.39
                        Mean action std: 0.10
         Mean episode goal_per_1k_steps: 0.0000
         Mean episode mean_dist_to_ball: 1.6412
               Mean episode goals_total: 11.0000
--------------------------------------------------------------------------------
                         Iteration time: 7.97s
                           Time elapsed: 0:20:41
                                    ETA: 0:19:21

################################################################################
[1m                           Learning iteration 155/300                           [0m 

                               Run name: chase_v6_render
                            Total steps: 3833856 
                       Steps per second: 3090 
                        Collection time: 7.836s 
                          Learning time: 0.118s 
                        Mean value loss: 0.9510
                    Mean surrogate loss: -0.0028
                      Mean entropy loss: -2.5932
                            Mean reward: 18.02
                    Mean episode length: 230.09
                        Mean action std: 0.10
         Mean episode goal_per_1k_steps: 0.0203
         Mean episode mean_dist_to_ball: 1.5808
               Mean episode goals_total: 11.0000
--------------------------------------------------------------------------------
                         Iteration time: 7.95s
                           Time elapsed: 0:20:49
                                    ETA: 0:19:13

################################################################################
[1m                           Learning iteration 156/300                           [0m 

                               Run name: chase_v6_render
                            Total steps: 3858432 
                       Steps per second: 3094 
                        Collection time: 7.824s 
                          Learning time: 0.118s 
                        Mean value loss: 0.4354
                    Mean surrogate loss: -0.0022
                      Mean entropy loss: -2.6140
                            Mean reward: 18.83
                    Mean episode length: 237.06
                        Mean action std: 0.10
         Mean episode goal_per_1k_steps: 0.0203
         Mean episode mean_dist_to_ball: 1.5430
               Mean episode goals_total: 11.0000
--------------------------------------------------------------------------------
                         Iteration time: 7.94s
                           Time elapsed: 0:20:57
                                    ETA: 0:19:05

################################################################################
[1m                           Learning iteration 157/300                           [0m 

                               Run name: chase_v6_render
                            Total steps: 3883008 
                       Steps per second: 3098 
                        Collection time: 7.814s 
                          Learning time: 0.118s 
                        Mean value loss: 0.8766
                    Mean surrogate loss: -0.0003
                      Mean entropy loss: -2.6436
                            Mean reward: 18.08
                    Mean episode length: 236.44
                        Mean action std: 0.10
         Mean episode goal_per_1k_steps: 0.0000
         Mean episode mean_dist_to_ball: 1.5753
               Mean episode goals_total: 11.0000
--------------------------------------------------------------------------------
                         Iteration time: 7.93s
                           Time elapsed: 0:21:05
                                    ETA: 0:18:57

################################################################################
[1m                           Learning iteration 158/300                           [0m 

                               Run name: chase_v6_render
                            Total steps: 3907584 
                       Steps per second: 3085 
                        Collection time: 7.846s 
                          Learning time: 0.118s 
                        Mean value loss: 1.2409
                    Mean surrogate loss: -0.0020
                      Mean entropy loss: -2.6419
                            Mean reward: 18.18
                    Mean episode length: 230.66
                        Mean action std: 0.10
         Mean episode goal_per_1k_steps: 0.0000
         Mean episode mean_dist_to_ball: 1.5923
               Mean episode goals_total: 11.0000
--------------------------------------------------------------------------------
                         Iteration time: 7.96s
                           Time elapsed: 0:21:13
                                    ETA: 0:18:49

################################################################################
[1m                           Learning iteration 159/300                           [0m 

                               Run name: chase_v6_render
                            Total steps: 3932160 
                       Steps per second: 3090 
                        Collection time: 7.833s 
                          Learning time: 0.119s 
                        Mean value loss: 1.2378
                    Mean surrogate loss: -0.0030
                      Mean entropy loss: -2.6531
                            Mean reward: 19.94
                    Mean episode length: 234.64
                        Mean action std: 0.10
         Mean episode goal_per_1k_steps: 0.0000
         Mean episode mean_dist_to_ball: 1.5693
               Mean episode goals_total: 11.0000
--------------------------------------------------------------------------------
                         Iteration time: 7.95s
                           Time elapsed: 0:21:21
                                    ETA: 0:18:41

################################################################################
[1m                           Learning iteration 160/300                           [0m 

                               Run name: chase_v6_render
                            Total steps: 3956736 
                       Steps per second: 3089 
                        Collection time: 7.836s 
                          Learning time: 0.118s 
                        Mean value loss: 1.5261
                    Mean surrogate loss: -0.0045
                      Mean entropy loss: -2.6444
                            Mean reward: 16.94
                    Mean episode length: 223.63
                        Mean action std: 0.10
         Mean episode goal_per_1k_steps: 0.0000
         Mean episode mean_dist_to_ball: 1.6144
               Mean episode goals_total: 11.0000
--------------------------------------------------------------------------------
                         Iteration time: 7.95s
                           Time elapsed: 0:21:29
                                    ETA: 0:18:33

################################################################################
[1m                           Learning iteration 161/300                           [0m 

                               Run name: chase_v6_render
                            Total steps: 3981312 
                       Steps per second: 3093 
                        Collection time: 7.825s 
                          Learning time: 0.118s 
                        Mean value loss: 1.2404
                    Mean surrogate loss: -0.0023
                      Mean entropy loss: -2.6502
                            Mean reward: 18.70
                    Mean episode length: 226.65
                        Mean action std: 0.10
         Mean episode goal_per_1k_steps: 0.0773
         Mean episode mean_dist_to_ball: 1.6304
               Mean episode goals_total: 11.7917
--------------------------------------------------------------------------------
                         Iteration time: 7.94s
                           Time elapsed: 0:21:37
                                    ETA: 0:18:25

################################################################################
[1m                           Learning iteration 162/300                           [0m 

                               Run name: chase_v6_render
                            Total steps: 4005888 
                       Steps per second: 3091 
                        Collection time: 7.833s 
                          Learning time: 0.116s 
                        Mean value loss: 2.0802
                    Mean surrogate loss: -0.0020
                      Mean entropy loss: -2.6479
                            Mean reward: 18.90
                    Mean episode length: 222.09
                        Mean action std: 0.10
         Mean episode goal_per_1k_steps: 0.0854
         Mean episode mean_dist_to_ball: 1.6790
               Mean episode goals_total: 12.0000
--------------------------------------------------------------------------------
                         Iteration time: 7.95s
                           Time elapsed: 0:21:45
                                    ETA: 0:18:17

################################################################################
[1m                           Learning iteration 163/300                           [0m 

                               Run name: chase_v6_render
                            Total steps: 4030464 
                       Steps per second: 3092 
                        Collection time: 7.832s 
                          Learning time: 0.116s 
                        Mean value loss: 1.0146
                    Mean surrogate loss: 0.0004
                      Mean entropy loss: -2.6437
                            Mean reward: 21.01
                    Mean episode length: 237.23
                        Mean action std: 0.10
         Mean episode goal_per_1k_steps: 0.0000
         Mean episode mean_dist_to_ball: 1.6786
               Mean episode goals_total: 12.0000
--------------------------------------------------------------------------------
                         Iteration time: 7.95s
                           Time elapsed: 0:21:53
                                    ETA: 0:18:09

################################################################################
[1m                           Learning iteration 164/300                           [0m 

                               Run name: chase_v6_render
                            Total steps: 4055040 
                       Steps per second: 3084 
                        Collection time: 7.852s 
                          Learning time: 0.116s 
                        Mean value loss: 1.0393
                    Mean surrogate loss: -0.0004
                      Mean entropy loss: -2.6411
                            Mean reward: 19.68
                    Mean episode length: 228.78
                        Mean action std: 0.10
         Mean episode goal_per_1k_steps: 0.0000
         Mean episode mean_dist_to_ball: 1.7217
               Mean episode goals_total: 12.0000
--------------------------------------------------------------------------------
                         Iteration time: 7.97s
                           Time elapsed: 0:22:01
                                    ETA: 0:18:01

################################################################################
[1m                           Learning iteration 165/300                           [0m 

                               Run name: chase_v6_render
                            Total steps: 4079616 
                       Steps per second: 3085 
                        Collection time: 7.849s 
                          Learning time: 0.115s 
                        Mean value loss: 2.1008
                    Mean surrogate loss: -0.0048
                      Mean entropy loss: -2.6574
                            Mean reward: 18.41
                    Mean episode length: 227.10
                        Mean action std: 0.10
         Mean episode goal_per_1k_steps: 0.1017
         Mean episode mean_dist_to_ball: 1.6754
               Mean episode goals_total: 12.0000
--------------------------------------------------------------------------------
                         Iteration time: 7.96s
                           Time elapsed: 0:22:09
                                    ETA: 0:17:52

################################################################################
[1m                           Learning iteration 166/300                           [0m 

                               Run name: chase_v6_render
                            Total steps: 4104192 
                       Steps per second: 3089 
                        Collection time: 7.840s 
                          Learning time: 0.116s 
                        Mean value loss: 1.5149
                    Mean surrogate loss: -0.0043
                      Mean entropy loss: -2.6432
                            Mean reward: 19.73
                    Mean episode length: 231.11
                        Mean action std: 0.10
         Mean episode goal_per_1k_steps: 0.0203
         Mean episode mean_dist_to_ball: 1.6130
               Mean episode goals_total: 12.0000
--------------------------------------------------------------------------------
                         Iteration time: 7.96s
                           Time elapsed: 0:22:17
                                    ETA: 0:17:44

################################################################################
[1m                           Learning iteration 167/300                           [0m 

                               Run name: chase_v6_render
                            Total steps: 4128768 
                       Steps per second: 3079 
                        Collection time: 7.864s 
                          Learning time: 0.116s 
                        Mean value loss: 1.6107
                    Mean surrogate loss: -0.0037
                      Mean entropy loss: -2.6188
                            Mean reward: 18.68
                    Mean episode length: 228.67
                        Mean action std: 0.10
         Mean episode goal_per_1k_steps: 0.0000
         Mean episode mean_dist_to_ball: 1.6652
               Mean episode goals_total: 12.0000
--------------------------------------------------------------------------------
                         Iteration time: 7.98s
                           Time elapsed: 0:22:25
                                    ETA: 0:17:36

################################################################################
[1m                           Learning iteration 168/300                           [0m 

                               Run name: chase_v6_render
                            Total steps: 4153344 
                       Steps per second: 3087 
                        Collection time: 7.844s 
                          Learning time: 0.116s 
                        Mean value loss: 1.4269
                    Mean surrogate loss: -0.0023
                      Mean entropy loss: -2.6215
                            Mean reward: 21.32
                    Mean episode length: 227.29
                        Mean action std: 0.10
         Mean episode goal_per_1k_steps: 0.0692
         Mean episode mean_dist_to_ball: 1.6935
               Mean episode goals_total: 12.0000
--------------------------------------------------------------------------------
                         Iteration time: 7.96s
                           Time elapsed: 0:22:33
                                    ETA: 0:17:28

################################################################################
[1m                           Learning iteration 169/300                           [0m 

                               Run name: chase_v6_render
                            Total steps: 4177920 
                       Steps per second: 3087 
                        Collection time: 7.844s 
                          Learning time: 0.115s 
                        Mean value loss: 1.3978
                    Mean surrogate loss: 0.0003
                      Mean entropy loss: -2.6070
                            Mean reward: 17.25
                    Mean episode length: 228.83
                        Mean action std: 0.10
         Mean episode goal_per_1k_steps: 0.0122
         Mean episode mean_dist_to_ball: 1.7018
               Mean episode goals_total: 12.0000
--------------------------------------------------------------------------------
                         Iteration time: 7.96s
                           Time elapsed: 0:22:41
                                    ETA: 0:17:20

################################################################################
[1m                           Learning iteration 170/300                           [0m 

                               Run name: chase_v6_render
                            Total steps: 4202496 
                       Steps per second: 3084 
                        Collection time: 7.855s 
                          Learning time: 0.113s 
                        Mean value loss: 1.9056
                    Mean surrogate loss: -0.0017
                      Mean entropy loss: -2.6056
                            Mean reward: 17.91
                    Mean episode length: 222.13
                        Mean action std: 0.10
         Mean episode goal_per_1k_steps: 0.0203
         Mean episode mean_dist_to_ball: 1.6599
               Mean episode goals_total: 12.0000
--------------------------------------------------------------------------------
                         Iteration time: 7.97s
                           Time elapsed: 0:22:49
                                    ETA: 0:17:12

################################################################################
[1m                           Learning iteration 171/300                           [0m 

                               Run name: chase_v6_render
                            Total steps: 4227072 
                       Steps per second: 3081 
                        Collection time: 7.857s 
                          Learning time: 0.118s 
                        Mean value loss: 1.3627
                    Mean surrogate loss: -0.0025
                      Mean entropy loss: -2.6193
                            Mean reward: 19.97
                    Mean episode length: 227.76
                        Mean action std: 0.10
         Mean episode goal_per_1k_steps: 0.0936
         Mean episode mean_dist_to_ball: 1.5953
               Mean episode goals_total: 12.3750
--------------------------------------------------------------------------------
                         Iteration time: 7.98s
                           Time elapsed: 0:22:56
                                    ETA: 0:17:04

################################################################################
[1m                           Learning iteration 172/300                           [0m 

                               Run name: chase_v6_render
                            Total steps: 4251648 
                       Steps per second: 3082 
                        Collection time: 7.856s 
                          Learning time: 0.118s 
                        Mean value loss: 1.3429
                    Mean surrogate loss: -0.0035
                      Mean entropy loss: -2.6271
                            Mean reward: 19.71
                    Mean episode length: 220.59
                        Mean action std: 0.10
         Mean episode goal_per_1k_steps: 0.0488
         Mean episode mean_dist_to_ball: 1.6061
               Mean episode goals_total: 13.9583
--------------------------------------------------------------------------------
                         Iteration time: 7.97s
                           Time elapsed: 0:23:04
                                    ETA: 0:16:56

################################################################################
[1m                           Learning iteration 173/300                           [0m 

                               Run name: chase_v6_render
                            Total steps: 4276224 
                       Steps per second: 3074 
                        Collection time: 7.875s 
                          Learning time: 0.118s 
                        Mean value loss: 1.4115
                    Mean surrogate loss: -0.0038
                      Mean entropy loss: -2.6269
                            Mean reward: 20.97
                    Mean episode length: 230.40
                        Mean action std: 0.10
         Mean episode goal_per_1k_steps: 0.0000
         Mean episode mean_dist_to_ball: 1.6233
               Mean episode goals_total: 14.0000
--------------------------------------------------------------------------------
                         Iteration time: 7.99s
                           Time elapsed: 0:23:12
                                    ETA: 0:16:48

################################################################################
[1m                           Learning iteration 174/300                           [0m 

                               Run name: chase_v6_render
                            Total steps: 4300800 
                       Steps per second: 3084 
                        Collection time: 7.849s 
                          Learning time: 0.118s 
                        Mean value loss: 1.6217
                    Mean surrogate loss: -0.0010
                      Mean entropy loss: -2.6015
                            Mean reward: 21.41
                    Mean episode length: 220.80
                        Mean action std: 0.10
         Mean episode goal_per_1k_steps: 0.1261
         Mean episode mean_dist_to_ball: 1.6592
               Mean episode goals_total: 14.4583
--------------------------------------------------------------------------------
                         Iteration time: 7.97s
                           Time elapsed: 0:23:20
                                    ETA: 0:16:40

################################################################################
[1m                           Learning iteration 175/300                           [0m 

                               Run name: chase_v6_render
                            Total steps: 4325376 
                       Steps per second: 3076 
                        Collection time: 7.869s 
                          Learning time: 0.119s 
                        Mean value loss: 1.6490
                    Mean surrogate loss: -0.0032
                      Mean entropy loss: -2.5961
                            Mean reward: 20.26
                    Mean episode length: 226.59
                        Mean action std: 0.10
         Mean episode goal_per_1k_steps: 0.1383
         Mean episode mean_dist_to_ball: 1.6354
               Mean episode goals_total: 15.0000
--------------------------------------------------------------------------------
                         Iteration time: 7.99s
                           Time elapsed: 0:23:28
                                    ETA: 0:16:32

################################################################################
[1m                           Learning iteration 176/300                           [0m 

                               Run name: chase_v6_render
                            Total steps: 4349952 
                       Steps per second: 3083 
                        Collection time: 7.850s 
                          Learning time: 0.118s 
                        Mean value loss: 1.3522
                    Mean surrogate loss: -0.0029
                      Mean entropy loss: -2.6175
                            Mean reward: 20.47
                    Mean episode length: 223.66
                        Mean action std: 0.10
         Mean episode goal_per_1k_steps: 0.2482
         Mean episode mean_dist_to_ball: 1.6449
               Mean episode goals_total: 15.7917
--------------------------------------------------------------------------------
                         Iteration time: 7.97s
                           Time elapsed: 0:23:36
                                    ETA: 0:16:24

################################################################################
[1m                           Learning iteration 177/300                           [0m 

                               Run name: chase_v6_render
                            Total steps: 4374528 
                       Steps per second: 3073 
                        Collection time: 7.877s 
                          Learning time: 0.118s 
                        Mean value loss: 1.9621
                    Mean surrogate loss: -0.0040
                      Mean entropy loss: -2.6229
                            Mean reward: 19.28
                    Mean episode length: 225.18
                        Mean action std: 0.10
         Mean episode goal_per_1k_steps: 0.1221
         Mean episode mean_dist_to_ball: 1.6444
               Mean episode goals_total: 16.0000
--------------------------------------------------------------------------------
                         Iteration time: 8.00s
                           Time elapsed: 0:23:44
                                    ETA: 0:16:16

################################################################################
[1m                           Learning iteration 178/300                           [0m 

                               Run name: chase_v6_render
                            Total steps: 4399104 
                       Steps per second: 3082 
                        Collection time: 7.855s 
                          Learning time: 0.119s 
                        Mean value loss: 1.3534
                    Mean surrogate loss: -0.0022
                      Mean entropy loss: -2.6203
                            Mean reward: 22.13
                    Mean episode length: 221.39
                        Mean action std: 0.10
         Mean episode goal_per_1k_steps: 0.2523
         Mean episode mean_dist_to_ball: 1.6341
               Mean episode goals_total: 16.2917
--------------------------------------------------------------------------------
                         Iteration time: 7.97s
                           Time elapsed: 0:23:52
                                    ETA: 0:16:08

################################################################################
[1m                           Learning iteration 179/300                           [0m 

                               Run name: chase_v6_render
                            Total steps: 4423680 
                       Steps per second: 3073 
                        Collection time: 7.881s 
                          Learning time: 0.115s 
                        Mean value loss: 1.4959
                    Mean surrogate loss: -0.0026
                      Mean entropy loss: -2.6622
                            Mean reward: 21.60
                    Mean episode length: 228.15
                        Mean action std: 0.10
         Mean episode goal_per_1k_steps: 0.1343
         Mean episode mean_dist_to_ball: 1.5912
               Mean episode goals_total: 17.0417
--------------------------------------------------------------------------------
                         Iteration time: 8.00s
                           Time elapsed: 0:24:00
                                    ETA: 0:16:00

################################################################################
[1m                           Learning iteration 180/300                           [0m 

                               Run name: chase_v6_render
                            Total steps: 4448256 
                       Steps per second: 3075 
                        Collection time: 7.874s 
                          Learning time: 0.117s 
                        Mean value loss: 2.4998
                    Mean surrogate loss: -0.0027
                      Mean entropy loss: -2.6520
                            Mean reward: 23.50
                    Mean episode length: 226.57
                        Mean action std: 0.10
         Mean episode goal_per_1k_steps: 0.1587
         Mean episode mean_dist_to_ball: 1.5401
               Mean episode goals_total: 18.0000
--------------------------------------------------------------------------------
                         Iteration time: 7.99s
                           Time elapsed: 0:24:08
                                    ETA: 0:15:52

################################################################################
[1m                           Learning iteration 181/300                           [0m 

                               Run name: chase_v6_render
                            Total steps: 4472832 
                       Steps per second: 3074 
                        Collection time: 7.875s 
                          Learning time: 0.118s 
                        Mean value loss: 1.5349
                    Mean surrogate loss: -0.0002
                      Mean entropy loss: -2.6723
                            Mean reward: 22.49
                    Mean episode length: 232.64
                        Mean action std: 0.10
         Mean episode goal_per_1k_steps: 0.1180
         Mean episode mean_dist_to_ball: 1.5409
               Mean episode goals_total: 18.0000
--------------------------------------------------------------------------------
                         Iteration time: 7.99s
                           Time elapsed: 0:24:16
                                    ETA: 0:15:44

################################################################################
[1m                           Learning iteration 182/300                           [0m 

                               Run name: chase_v6_render
                            Total steps: 4497408 
                       Steps per second: 3063 
                        Collection time: 7.904s 
                          Learning time: 0.119s 
                        Mean value loss: 1.8284
                    Mean surrogate loss: -0.0014
                      Mean entropy loss: -2.6802
                            Mean reward: 19.25
                    Mean episode length: 216.39
                        Mean action std: 0.10
         Mean episode goal_per_1k_steps: 0.3296
         Mean episode mean_dist_to_ball: 1.5708
               Mean episode goals_total: 18.9583
--------------------------------------------------------------------------------
                         Iteration time: 8.02s
                           Time elapsed: 0:24:24
                                    ETA: 0:15:36

################################################################################
[1m                           Learning iteration 183/300                           [0m 

                               Run name: chase_v6_render
                            Total steps: 4521984 
                       Steps per second: 3081 
                        Collection time: 7.860s 
                          Learning time: 0.116s 
                        Mean value loss: 1.9294
                    Mean surrogate loss: -0.0040
                      Mean entropy loss: -2.6714
                            Mean reward: 21.76
                    Mean episode length: 227.91
                        Mean action std: 0.10
         Mean episode goal_per_1k_steps: 0.2238
         Mean episode mean_dist_to_ball: 1.5464
               Mean episode goals_total: 19.2917
--------------------------------------------------------------------------------
                         Iteration time: 7.98s
                           Time elapsed: 0:24:32
                                    ETA: 0:15:28

################################################################################
[1m                           Learning iteration 184/300                           [0m 

                               Run name: chase_v6_render
                            Total steps: 4546560 
                       Steps per second: 3072 
                        Collection time: 7.883s 
                          Learning time: 0.115s 
                        Mean value loss: 1.8092
                    Mean surrogate loss: -0.0053
                      Mean entropy loss: -2.6454
                            Mean reward: 21.24
                    Mean episode length: 214.51
                        Mean action std: 0.10
         Mean episode goal_per_1k_steps: 0.3133
         Mean episode mean_dist_to_ball: 1.5529
               Mean episode goals_total: 20.4583
--------------------------------------------------------------------------------
                         Iteration time: 8.00s
                           Time elapsed: 0:24:40
                                    ETA: 0:15:20

################################################################################
[1m                           Learning iteration 185/300                           [0m 

                               Run name: chase_v6_render
                            Total steps: 4571136 
                       Steps per second: 3068 
                        Collection time: 7.893s 
                          Learning time: 0.116s 
                        Mean value loss: 2.1080
                    Mean surrogate loss: -0.0051
                      Mean entropy loss: -2.6502
                            Mean reward: 23.30
                    Mean episode length: 219.73
                        Mean action std: 0.10
         Mean episode goal_per_1k_steps: 0.2563
         Mean episode mean_dist_to_ball: 1.5926
               Mean episode goals_total: 21.8333
--------------------------------------------------------------------------------
                         Iteration time: 8.01s
                           Time elapsed: 0:24:48
                                    ETA: 0:15:12

################################################################################
[1m                           Learning iteration 186/300                           [0m 

                               Run name: chase_v6_render
                            Total steps: 4595712 
                       Steps per second: 3078 
                        Collection time: 7.867s 
                          Learning time: 0.116s 
                        Mean value loss: 2.3009
                    Mean surrogate loss: -0.0055
                      Mean entropy loss: -2.6563
                            Mean reward: 21.02
                    Mean episode length: 214.40
                        Mean action std: 0.10
         Mean episode goal_per_1k_steps: 0.4476
         Mean episode mean_dist_to_ball: 1.6248
               Mean episode goals_total: 23.3750
--------------------------------------------------------------------------------
                         Iteration time: 7.98s
                           Time elapsed: 0:24:56
                                    ETA: 0:15:04

################################################################################
[1m                           Learning iteration 187/300                           [0m 

                               Run name: chase_v6_render
                            Total steps: 4620288 
                       Steps per second: 3061 
                        Collection time: 7.909s 
                          Learning time: 0.118s 
                        Mean value loss: 1.4341
                    Mean surrogate loss: -0.0046
                      Mean entropy loss: -2.6748
                            Mean reward: 20.76
                    Mean episode length: 223.34
                        Mean action std: 0.10
         Mean episode goal_per_1k_steps: 0.2889
         Mean episode mean_dist_to_ball: 1.6721
               Mean episode goals_total: 24.5417
--------------------------------------------------------------------------------
                         Iteration time: 8.03s
                           Time elapsed: 0:25:04
                                    ETA: 0:14:56

################################################################################
[1m                           Learning iteration 188/300                           [0m 

                               Run name: chase_v6_render
                            Total steps: 4644864 
                       Steps per second: 3071 
                        Collection time: 7.883s 
                          Learning time: 0.118s 
                        Mean value loss: 1.4770
                    Mean surrogate loss: -0.0042
                      Mean entropy loss: -2.6987
                            Mean reward: 23.81
                    Mean episode length: 229.12
                        Mean action std: 0.10
         Mean episode goal_per_1k_steps: 0.2075
         Mean episode mean_dist_to_ball: 1.6855
               Mean episode goals_total: 25.0000
--------------------------------------------------------------------------------
                         Iteration time: 8.00s
                           Time elapsed: 0:25:12
                                    ETA: 0:14:48

################################################################################
[1m                           Learning iteration 189/300                           [0m 

                               Run name: chase_v6_render
                            Total steps: 4669440 
                       Steps per second: 3057 
                        Collection time: 7.921s 
                          Learning time: 0.118s 
                        Mean value loss: 1.9740
                    Mean surrogate loss: -0.0033
                      Mean entropy loss: -2.7376
                            Mean reward: 21.06
                    Mean episode length: 224.88
                        Mean action std: 0.10
         Mean episode goal_per_1k_steps: 0.2767
         Mean episode mean_dist_to_ball: 1.6991
               Mean episode goals_total: 25.4583
--------------------------------------------------------------------------------
                         Iteration time: 8.04s
                           Time elapsed: 0:25:20
                                    ETA: 0:14:40

################################################################################
[1m                           Learning iteration 190/300                           [0m 

                               Run name: chase_v6_render
                            Total steps: 4694016 
                       Steps per second: 3069 
                        Collection time: 7.888s 
                          Learning time: 0.118s 
                        Mean value loss: 1.7560
                    Mean surrogate loss: -0.0028
                      Mean entropy loss: -2.7128
                            Mean reward: 20.82
                    Mean episode length: 220.48
                        Mean action std: 0.10
         Mean episode goal_per_1k_steps: 0.3052
         Mean episode mean_dist_to_ball: 1.6782
               Mean episode goals_total: 26.0000
--------------------------------------------------------------------------------
                         Iteration time: 8.01s
                           Time elapsed: 0:25:28
                                    ETA: 0:14:32

################################################################################
[1m                           Learning iteration 191/300                           [0m 

                               Run name: chase_v6_render
                            Total steps: 4718592 
                       Steps per second: 3074 
                        Collection time: 7.879s 
                          Learning time: 0.115s 
                        Mean value loss: 1.4893
                    Mean surrogate loss: -0.0028
                      Mean entropy loss: -2.6964
                            Mean reward: 22.60
                    Mean episode length: 224.37
                        Mean action std: 0.10
         Mean episode goal_per_1k_steps: 0.3499
         Mean episode mean_dist_to_ball: 1.6418
               Mean episode goals_total: 26.7917
--------------------------------------------------------------------------------
                         Iteration time: 7.99s
                           Time elapsed: 0:25:36
                                    ETA: 0:14:24

################################################################################
[1m                           Learning iteration 192/300                           [0m 

                               Run name: chase_v6_render
                            Total steps: 4743168 
                       Steps per second: 3070 
                        Collection time: 7.886s 
                          Learning time: 0.118s 
                        Mean value loss: 2.1969
                    Mean surrogate loss: -0.0032
                      Mean entropy loss: -2.7111
                            Mean reward: 23.00
                    Mean episode length: 223.04
                        Mean action std: 0.10
         Mean episode goal_per_1k_steps: 0.2523
         Mean episode mean_dist_to_ball: 1.5777
               Mean episode goals_total: 27.2500
--------------------------------------------------------------------------------
                         Iteration time: 8.00s
                           Time elapsed: 0:25:44
                                    ETA: 0:14:16

################################################################################
[1m                           Learning iteration 193/300                           [0m 

                               Run name: chase_v6_render
                            Total steps: 4767744 
                       Steps per second: 3080 
                        Collection time: 7.860s 
                          Learning time: 0.118s 
                        Mean value loss: 1.6612
                    Mean surrogate loss: -0.0031
                      Mean entropy loss: -2.7030
                            Mean reward: 23.69
                    Mean episode length: 215.27
                        Mean action std: 0.10
         Mean episode goal_per_1k_steps: 0.5900
         Mean episode mean_dist_to_ball: 1.5843
               Mean episode goals_total: 29.5833
--------------------------------------------------------------------------------
                         Iteration time: 7.98s
                           Time elapsed: 0:25:52
                                    ETA: 0:14:08

################################################################################
[1m                           Learning iteration 194/300                           [0m 

                               Run name: chase_v6_render
                            Total steps: 4792320 
                       Steps per second: 3065 
                        Collection time: 7.898s 
                          Learning time: 0.119s 
                        Mean value loss: 1.6053
                    Mean surrogate loss: -0.0031
                      Mean entropy loss: -2.7109
                            Mean reward: 22.65
                    Mean episode length: 221.38
                        Mean action std: 0.10
         Mean episode goal_per_1k_steps: 0.5656
         Mean episode mean_dist_to_ball: 1.6177
               Mean episode goals_total: 31.9167
--------------------------------------------------------------------------------
                         Iteration time: 8.02s
                           Time elapsed: 0:26:00
                                    ETA: 0:14:00

################################################################################
[1m                           Learning iteration 195/300                           [0m 

                               Run name: chase_v6_render
                            Total steps: 4816896 
                       Steps per second: 3061 
                        Collection time: 7.911s 
                          Learning time: 0.116s 
                        Mean value loss: 1.6491
                    Mean surrogate loss: -0.0039
                      Mean entropy loss: -2.7108
                            Mean reward: 22.03
                    Mean episode length: 222.93
                        Mean action std: 0.10
         Mean episode goal_per_1k_steps: 0.2563
         Mean episode mean_dist_to_ball: 1.5902
               Mean episode goals_total: 33.0000
--------------------------------------------------------------------------------
                         Iteration time: 8.03s
                           Time elapsed: 0:26:08
                                    ETA: 0:13:52

################################################################################
[1m                           Learning iteration 196/300                           [0m 

                               Run name: chase_v6_render
                            Total steps: 4841472 
                       Steps per second: 3067 
                        Collection time: 7.897s 
                          Learning time: 0.116s 
                        Mean value loss: 1.8221
                    Mean surrogate loss: -0.0036
                      Mean entropy loss: -2.7103
                            Mean reward: 23.28
                    Mean episode length: 221.78
                        Mean action std: 0.10
         Mean episode goal_per_1k_steps: 0.4191
         Mean episode mean_dist_to_ball: 1.5665
               Mean episode goals_total: 33.7917
--------------------------------------------------------------------------------
                         Iteration time: 8.01s
                           Time elapsed: 0:26:16
                                    ETA: 0:13:44

################################################################################
[1m                           Learning iteration 197/300                           [0m 

                               Run name: chase_v6_render
                            Total steps: 4866048 
                       Steps per second: 3063 
                        Collection time: 7.907s 
                          Learning time: 0.116s 
                        Mean value loss: 1.7994
                    Mean surrogate loss: -0.0046
                      Mean entropy loss: -2.7047
                            Mean reward: 25.14
                    Mean episode length: 223.01
                        Mean action std: 0.10
         Mean episode goal_per_1k_steps: 0.5452
         Mean episode mean_dist_to_ball: 1.6103
               Mean episode goals_total: 35.2083
--------------------------------------------------------------------------------
                         Iteration time: 8.02s
                           Time elapsed: 0:26:24
                                    ETA: 0:13:36

################################################################################
[1m                           Learning iteration 198/300                           [0m 

                               Run name: chase_v6_render
                            Total steps: 4890624 
                       Steps per second: 3069 
                        Collection time: 7.891s 
                          Learning time: 0.116s 
                        Mean value loss: 1.5724
                    Mean surrogate loss: -0.0042
                      Mean entropy loss: -2.7097
                            Mean reward: 24.37
                    Mean episode length: 219.15
                        Mean action std: 0.10
         Mean episode goal_per_1k_steps: 0.5859
         Mean episode mean_dist_to_ball: 1.5905
               Mean episode goals_total: 38.0000
--------------------------------------------------------------------------------
                         Iteration time: 8.01s
                           Time elapsed: 0:26:32
                                    ETA: 0:13:28

################################################################################
[1m                           Learning iteration 199/300                           [0m 

                               Run name: chase_v6_render
                            Total steps: 4915200 
                       Steps per second: 3062 
                        Collection time: 7.906s 
                          Learning time: 0.118s 
                        Mean value loss: 1.8211
                    Mean surrogate loss: -0.0041
                      Mean entropy loss: -2.7391
                            Mean reward: 25.78
                    Mean episode length: 217.84
                        Mean action std: 0.10
         Mean episode goal_per_1k_steps: 0.6673
         Mean episode mean_dist_to_ball: 1.5662
               Mean episode goals_total: 40.3750
--------------------------------------------------------------------------------
                         Iteration time: 8.02s
                           Time elapsed: 0:26:40
                                    ETA: 0:13:20

################################################################################
[1m                           Learning iteration 200/300                           [0m 

                               Run name: chase_v6_render
                            Total steps: 4939776 
                       Steps per second: 3062 
                        Collection time: 7.908s 
                          Learning time: 0.118s 
                        Mean value loss: 1.6907
                    Mean surrogate loss: -0.0051
                      Mean entropy loss: -2.7720
                            Mean reward: 21.69
                    Mean episode length: 215.80
                        Mean action std: 0.10
         Mean episode goal_per_1k_steps: 0.6104
         Mean episode mean_dist_to_ball: 1.6002
               Mean episode goals_total: 42.8333
--------------------------------------------------------------------------------
                         Iteration time: 8.03s
                           Time elapsed: 0:26:49
                                    ETA: 0:13:12

################################################################################
[1m                           Learning iteration 201/300                           [0m 

                               Run name: chase_v6_render
                            Total steps: 4964352 
                       Steps per second: 3066 
                        Collection time: 7.896s 
                          Learning time: 0.118s 
                        Mean value loss: 1.9913
                    Mean surrogate loss: -0.0035
                      Mean entropy loss: -2.7663
                            Mean reward: 22.43
                    Mean episode length: 216.86
                        Mean action std: 0.10
         Mean episode goal_per_1k_steps: 0.4272
         Mean episode mean_dist_to_ball: 1.6239
               Mean episode goals_total: 44.0000
--------------------------------------------------------------------------------
                         Iteration time: 8.01s
                           Time elapsed: 0:26:57
                                    ETA: 0:13:04

################################################################################
[1m                           Learning iteration 202/300                           [0m 

                               Run name: chase_v6_render
                            Total steps: 4988928 
                       Steps per second: 3067 
                        Collection time: 7.894s 
                          Learning time: 0.118s 
                        Mean value loss: 2.2671
                    Mean surrogate loss: -0.0056
                      Mean entropy loss: -2.7901
                            Mean reward: 25.93
                    Mean episode length: 225.40
                        Mean action std: 0.10
         Mean episode goal_per_1k_steps: 0.4842
         Mean episode mean_dist_to_ball: 1.5849
               Mean episode goals_total: 46.5833
--------------------------------------------------------------------------------
                         Iteration time: 8.01s
                           Time elapsed: 0:27:05
                                    ETA: 0:12:56

################################################################################
[1m                           Learning iteration 203/300                           [0m 

                               Run name: chase_v6_render
                            Total steps: 5013504 
                       Steps per second: 3076 
                        Collection time: 7.870s 
                          Learning time: 0.117s 
                        Mean value loss: 1.6872
                    Mean surrogate loss: -0.0035
                      Mean entropy loss: -2.8064
                            Mean reward: 22.89
                    Mean episode length: 221.97
                        Mean action std: 0.10
         Mean episode goal_per_1k_steps: 0.6551
         Mean episode mean_dist_to_ball: 1.6142
               Mean episode goals_total: 49.7083
--------------------------------------------------------------------------------
                         Iteration time: 7.99s
                           Time elapsed: 0:27:13
                                    ETA: 0:12:48

################################################################################
[1m                           Learning iteration 204/300                           [0m 

                               Run name: chase_v6_render
                            Total steps: 5038080 
                       Steps per second: 3069 
                        Collection time: 7.889s 
                          Learning time: 0.118s 
                        Mean value loss: 2.1419
                    Mean surrogate loss: -0.0043
                      Mean entropy loss: -2.8422
                            Mean reward: 23.66
                    Mean episode length: 210.79
                        Mean action std: 0.09
         Mean episode goal_per_1k_steps: 0.7039
         Mean episode mean_dist_to_ball: 1.6306
               Mean episode goals_total: 52.0417
--------------------------------------------------------------------------------
                         Iteration time: 8.01s
                           Time elapsed: 0:27:21
                                    ETA: 0:12:40

################################################################################
[1m                           Learning iteration 205/300                           [0m 

                               Run name: chase_v6_render
                            Total steps: 5062656 
                       Steps per second: 3080 
                        Collection time: 7.860s 
                          Learning time: 0.119s 
                        Mean value loss: 3.1529
                    Mean surrogate loss: -0.0028
                      Mean entropy loss: -2.8650
                            Mean reward: 23.52
                    Mean episode length: 221.23
                        Mean action std: 0.09
         Mean episode goal_per_1k_steps: 0.6185
         Mean episode mean_dist_to_ball: 1.6338
               Mean episode goals_total: 57.8750
--------------------------------------------------------------------------------
                         Iteration time: 7.98s
                           Time elapsed: 0:27:29
                                    ETA: 0:12:32

################################################################################
[1m                           Learning iteration 206/300                           [0m 

                               Run name: chase_v6_render
                            Total steps: 5087232 
                       Steps per second: 3069 
                        Collection time: 7.891s 
                          Learning time: 0.115s 
                        Mean value loss: 2.0121
                    Mean surrogate loss: -0.0033
                      Mean entropy loss: -2.8620
                            Mean reward: 22.89
                    Mean episode length: 221.21
                        Mean action std: 0.09
         Mean episode goal_per_1k_steps: 0.6266
         Mean episode mean_dist_to_ball: 1.6620
               Mean episode goals_total: 62.9583
--------------------------------------------------------------------------------
                         Iteration time: 8.01s
                           Time elapsed: 0:27:37
                                    ETA: 0:12:24

################################################################################
[1m                           Learning iteration 207/300                           [0m 

                               Run name: chase_v6_render
                            Total steps: 5111808 
                       Steps per second: 3066 
                        Collection time: 7.898s 
                          Learning time: 0.115s 
                        Mean value loss: 2.4534
                    Mean surrogate loss: -0.0048
                      Mean entropy loss: -2.9062
                            Mean reward: 21.24
                    Mean episode length: 208.75
                        Mean action std: 0.09
         Mean episode goal_per_1k_steps: 0.2360
         Mean episode mean_dist_to_ball: 1.7174
               Mean episode goals_total: 65.8750
--------------------------------------------------------------------------------
                         Iteration time: 8.01s
                           Time elapsed: 0:27:45
                                    ETA: 0:12:16

################################################################################
[1m                           Learning iteration 208/300                           [0m 

                               Run name: chase_v6_render
                            Total steps: 5136384 
                       Steps per second: 3070 
                        Collection time: 7.887s 
                          Learning time: 0.118s 
                        Mean value loss: 2.5265
                    Mean surrogate loss: -0.0021
                      Mean entropy loss: -2.9371
                            Mean reward: 24.07
                    Mean episode length: 214.21
                        Mean action std: 0.09
         Mean episode goal_per_1k_steps: 0.7080
         Mean episode mean_dist_to_ball: 1.6473
               Mean episode goals_total: 72.2917
--------------------------------------------------------------------------------
                         Iteration time: 8.01s
                           Time elapsed: 0:27:53
                                    ETA: 0:12:08

################################################################################
[1m                           Learning iteration 209/300                           [0m 

                               Run name: chase_v6_render
                            Total steps: 5160960 
                       Steps per second: 3061 
                        Collection time: 7.910s 
                          Learning time: 0.118s 
                        Mean value loss: 2.1854
                    Mean surrogate loss: -0.0029
                      Mean entropy loss: -2.9515
                            Mean reward: 23.16
                    Mean episode length: 223.48
                        Mean action std: 0.09
         Mean episode goal_per_1k_steps: 0.5615
         Mean episode mean_dist_to_ball: 1.6361
               Mean episode goals_total: 76.4583
--------------------------------------------------------------------------------
                         Iteration time: 8.03s
                           Time elapsed: 0:28:01
                                    ETA: 0:12:00

################################################################################
[1m                           Learning iteration 210/300                           [0m 

                               Run name: chase_v6_render
                            Total steps: 5185536 
                       Steps per second: 3076 
                        Collection time: 7.871s 
                          Learning time: 0.118s 
                        Mean value loss: 2.1005
                    Mean surrogate loss: -0.0016
                      Mean entropy loss: -2.9392
                            Mean reward: 23.53
                    Mean episode length: 215.97
                        Mean action std: 0.09
         Mean episode goal_per_1k_steps: 0.6144
         Mean episode mean_dist_to_ball: 1.6963
               Mean episode goals_total: 79.7083
--------------------------------------------------------------------------------
                         Iteration time: 7.99s
                           Time elapsed: 0:28:09
                                    ETA: 0:11:52

################################################################################
[1m                           Learning iteration 211/300                           [0m 

                               Run name: chase_v6_render
                            Total steps: 5210112 
                       Steps per second: 3068 
                        Collection time: 7.890s 
                          Learning time: 0.118s 
                        Mean value loss: 1.7722
                    Mean surrogate loss: -0.0017
                      Mean entropy loss: -2.9262
                            Mean reward: 23.48
                    Mean episode length: 227.49
                        Mean action std: 0.09
         Mean episode goal_per_1k_steps: 0.4964
         Mean episode mean_dist_to_ball: 1.7155
               Mean episode goals_total: 84.0000
--------------------------------------------------------------------------------
                         Iteration time: 8.01s
                           Time elapsed: 0:28:17
                                    ETA: 0:11:44

################################################################################
[1m                           Learning iteration 212/300                           [0m 

                               Run name: chase_v6_render
                            Total steps: 5234688 
                       Steps per second: 3069 
                        Collection time: 7.889s 
                          Learning time: 0.118s 
                        Mean value loss: 2.6870
                    Mean surrogate loss: -0.0030
                      Mean entropy loss: -2.9468
                            Mean reward: 21.91
                    Mean episode length: 216.02
                        Mean action std: 0.09
         Mean episode goal_per_1k_steps: 0.4150
         Mean episode mean_dist_to_ball: 1.7360
               Mean episode goals_total: 85.2083
--------------------------------------------------------------------------------
                         Iteration time: 8.01s
                           Time elapsed: 0:28:25
                                    ETA: 0:11:36

################################################################################
[1m                           Learning iteration 213/300                           [0m 

                               Run name: chase_v6_render
                            Total steps: 5259264 
                       Steps per second: 3054 
                        Collection time: 7.929s 
                          Learning time: 0.118s 
                        Mean value loss: 2.6564
                    Mean surrogate loss: -0.0048
                      Mean entropy loss: -2.9576
                            Mean reward: 23.70
                    Mean episode length: 209.63
                        Mean action std: 0.09
         Mean episode goal_per_1k_steps: 0.5697
         Mean episode mean_dist_to_ball: 1.7026
               Mean episode goals_total: 88.0000
--------------------------------------------------------------------------------
                         Iteration time: 8.05s
                           Time elapsed: 0:28:33
                                    ETA: 0:11:28

################################################################################
[1m                           Learning iteration 214/300                           [0m 

                               Run name: chase_v6_render
                            Total steps: 5283840 
                       Steps per second: 3060 
                        Collection time: 7.912s 
                          Learning time: 0.118s 
                        Mean value loss: 2.7327
                    Mean surrogate loss: -0.0043
                      Mean entropy loss: -3.0007
                            Mean reward: 21.34
                    Mean episode length: 217.04
                        Mean action std: 0.09
         Mean episode goal_per_1k_steps: 0.5575
         Mean episode mean_dist_to_ball: 1.7147
               Mean episode goals_total: 89.9167
--------------------------------------------------------------------------------
                         Iteration time: 8.03s
                           Time elapsed: 0:28:41
                                    ETA: 0:11:20

################################################################################
[1m                           Learning iteration 215/300                           [0m 

                               Run name: chase_v6_render
                            Total steps: 5308416 
                       Steps per second: 3065 
                        Collection time: 7.899s 
                          Learning time: 0.118s 
                        Mean value loss: 3.4508
                    Mean surrogate loss: -0.0035
                      Mean entropy loss: -3.0303
                            Mean reward: 23.39
                    Mean episode length: 218.27
                        Mean action std: 0.09
         Mean episode goal_per_1k_steps: 0.6063
         Mean episode mean_dist_to_ball: 1.6988
               Mean episode goals_total: 92.4583
--------------------------------------------------------------------------------
                         Iteration time: 8.02s
                           Time elapsed: 0:28:49
                                    ETA: 0:11:12

################################################################################
[1m                           Learning iteration 216/300                           [0m 

                               Run name: chase_v6_render
                            Total steps: 5332992 
                       Steps per second: 3063 
                        Collection time: 7.904s 
                          Learning time: 0.118s 
                        Mean value loss: 2.1586
                    Mean surrogate loss: -0.0037
                      Mean entropy loss: -3.0432
                            Mean reward: 22.81
                    Mean episode length: 206.89
                        Mean action std: 0.09
         Mean episode goal_per_1k_steps: 0.5900
         Mean episode mean_dist_to_ball: 1.6812
               Mean episode goals_total: 94.3750
--------------------------------------------------------------------------------
                         Iteration time: 8.02s
                           Time elapsed: 0:28:57
                                    ETA: 0:11:04

################################################################################
[1m                           Learning iteration 217/300                           [0m 

                               Run name: chase_v6_render
                            Total steps: 5357568 
                       Steps per second: 3072 
                        Collection time: 7.881s 
                          Learning time: 0.118s 
                        Mean value loss: 2.2474
                    Mean surrogate loss: -0.0034
                      Mean entropy loss: -3.0493
                            Mean reward: 23.61
                    Mean episode length: 217.24
                        Mean action std: 0.09
         Mean episode goal_per_1k_steps: 0.1994
         Mean episode mean_dist_to_ball: 1.7044
               Mean episode goals_total: 95.1250
--------------------------------------------------------------------------------
                         Iteration time: 8.00s
                           Time elapsed: 0:29:05
                                    ETA: 0:10:56

################################################################################
[1m                           Learning iteration 218/300                           [0m 

                               Run name: chase_v6_render
                            Total steps: 5382144 
                       Steps per second: 3051 
                        Collection time: 7.936s 
                          Learning time: 0.118s 
                        Mean value loss: 3.5678
                    Mean surrogate loss: -0.0030
                      Mean entropy loss: -3.0281
                            Mean reward: 21.90
                    Mean episode length: 206.91
                        Mean action std: 0.09
         Mean episode goal_per_1k_steps: 0.5127
         Mean episode mean_dist_to_ball: 1.6485
               Mean episode goals_total: 97.2917
--------------------------------------------------------------------------------
                         Iteration time: 8.05s
                           Time elapsed: 0:29:13
                                    ETA: 0:10:48

################################################################################
[1m                           Learning iteration 219/300                           [0m 

                               Run name: chase_v6_render
                            Total steps: 5406720 
                       Steps per second: 3063 
                        Collection time: 7.902s 
                          Learning time: 0.119s 
                        Mean value loss: 3.0923
                    Mean surrogate loss: -0.0044
                      Mean entropy loss: -3.0027
                            Mean reward: 21.18
                    Mean episode length: 203.44
                        Mean action std: 0.09
         Mean episode goal_per_1k_steps: 0.5737
         Mean episode mean_dist_to_ball: 1.6149
               Mean episode goals_total: 99.9583
--------------------------------------------------------------------------------
                         Iteration time: 8.02s
                           Time elapsed: 0:29:21
                                    ETA: 0:10:40

################################################################################
[1m                           Learning iteration 220/300                           [0m 

                               Run name: chase_v6_render
                            Total steps: 5431296 
                       Steps per second: 3071 
                        Collection time: 7.885s 
                          Learning time: 0.116s 
                        Mean value loss: 2.9401
                    Mean surrogate loss: -0.0022
                      Mean entropy loss: -2.9617
                            Mean reward: 23.48
                    Mean episode length: 217.57
                        Mean action std: 0.09
         Mean episode goal_per_1k_steps: 0.3215
         Mean episode mean_dist_to_ball: 1.6422
               Mean episode goals_total: 102.0000
--------------------------------------------------------------------------------
                         Iteration time: 8.00s
                           Time elapsed: 0:29:29
                                    ETA: 0:10:32

################################################################################
[1m                           Learning iteration 221/300                           [0m 

                               Run name: chase_v6_render
                            Total steps: 5455872 
                       Steps per second: 3073 
                        Collection time: 7.880s 
                          Learning time: 0.115s 
                        Mean value loss: 2.3683
                    Mean surrogate loss: -0.0030
                      Mean entropy loss: -2.9509
                            Mean reward: 23.84
                    Mean episode length: 218.25
                        Mean action std: 0.09
         Mean episode goal_per_1k_steps: 0.5127
         Mean episode mean_dist_to_ball: 1.6518
               Mean episode goals_total: 102.3750
--------------------------------------------------------------------------------
                         Iteration time: 8.00s
                           Time elapsed: 0:29:37
                                    ETA: 0:10:24

################################################################################
[1m                           Learning iteration 222/300                           [0m 

                               Run name: chase_v6_render
                            Total steps: 5480448 
                       Steps per second: 3080 
                        Collection time: 7.863s 
                          Learning time: 0.115s 
                        Mean value loss: 1.8052
                    Mean surrogate loss: -0.0033
                      Mean entropy loss: -2.9688
                            Mean reward: 24.75
                    Mean episode length: 210.84
                        Mean action std: 0.09
         Mean episode goal_per_1k_steps: 0.4232
         Mean episode mean_dist_to_ball: 1.6394
               Mean episode goals_total: 103.1250
--------------------------------------------------------------------------------
                         Iteration time: 7.98s
                           Time elapsed: 0:29:45
                                    ETA: 0:10:16

################################################################################
[1m                           Learning iteration 223/300                           [0m 

                               Run name: chase_v6_render
                            Total steps: 5505024 
                       Steps per second: 3059 
                        Collection time: 7.916s 
                          Learning time: 0.115s 
                        Mean value loss: 1.7621
                    Mean surrogate loss: -0.0037
                      Mean entropy loss: -3.0031
                            Mean reward: 26.83
                    Mean episode length: 217.85
                        Mean action std: 0.09
         Mean episode goal_per_1k_steps: 0.6022
         Mean episode mean_dist_to_ball: 1.6831
               Mean episode goals_total: 104.0000
--------------------------------------------------------------------------------
                         Iteration time: 8.03s
                           Time elapsed: 0:29:53
                                    ETA: 0:10:08

################################################################################
[1m                           Learning iteration 224/300                           [0m 

                               Run name: chase_v6_render
                            Total steps: 5529600 
                       Steps per second: 3062 
                        Collection time: 7.911s 
                          Learning time: 0.115s 
                        Mean value loss: 2.5721
                    Mean surrogate loss: -0.0024
                      Mean entropy loss: -3.0040
                            Mean reward: 24.52
                    Mean episode length: 218.77
                        Mean action std: 0.09
         Mean episode goal_per_1k_steps: 0.5330
         Mean episode mean_dist_to_ball: 1.7517
               Mean episode goals_total: 104.9167
--------------------------------------------------------------------------------
                         Iteration time: 8.03s
                           Time elapsed: 0:30:01
                                    ETA: 0:10:00

################################################################################
[1m                           Learning iteration 225/300                           [0m 

                               Run name: chase_v6_render
                            Total steps: 5554176 
                       Steps per second: 3067 
                        Collection time: 7.894s 
                          Learning time: 0.118s 
                        Mean value loss: 2.7480
                    Mean surrogate loss: -0.0026
                      Mean entropy loss: -3.0051
                            Mean reward: 25.11
                    Mean episode length: 215.87
                        Mean action std: 0.09
         Mean episode goal_per_1k_steps: 0.5941
         Mean episode mean_dist_to_ball: 1.7601
               Mean episode goals_total: 106.4167
--------------------------------------------------------------------------------
                         Iteration time: 8.01s
                           Time elapsed: 0:30:09
                                    ETA: 0:09:52

################################################################################
[1m                           Learning iteration 226/300                           [0m 

                               Run name: chase_v6_render
                            Total steps: 5578752 
                       Steps per second: 3055 
                        Collection time: 7.927s 
                          Learning time: 0.118s 
                        Mean value loss: 2.0839
                    Mean surrogate loss: -0.0031
                      Mean entropy loss: -3.0350
                            Mean reward: 25.27
                    Mean episode length: 216.15
                        Mean action std: 0.09
         Mean episode goal_per_1k_steps: 0.6632
         Mean episode mean_dist_to_ball: 1.6606
               Mean episode goals_total: 110.3750
--------------------------------------------------------------------------------
                         Iteration time: 8.04s
                           Time elapsed: 0:30:17
                                    ETA: 0:09:44

################################################################################
[1m                           Learning iteration 227/300                           [0m 

                               Run name: chase_v6_render
                            Total steps: 5603328 
                       Steps per second: 3066 
                        Collection time: 7.896s 
                          Learning time: 0.118s 
                        Mean value loss: 2.7396
                    Mean surrogate loss: -0.0058
                      Mean entropy loss: -3.0686
                            Mean reward: 19.65
                    Mean episode length: 197.04
                        Mean action std: 0.09
         Mean episode goal_per_1k_steps: 0.6632
         Mean episode mean_dist_to_ball: 1.6127
               Mean episode goals_total: 114.3750
--------------------------------------------------------------------------------
                         Iteration time: 8.01s
                           Time elapsed: 0:30:25
                                    ETA: 0:09:36

################################################################################
[1m                           Learning iteration 228/300                           [0m 

                               Run name: chase_v6_render
                            Total steps: 5627904 
                       Steps per second: 3074 
                        Collection time: 7.878s 
                          Learning time: 0.115s 
                        Mean value loss: 1.9023
                    Mean surrogate loss: -0.0036
                      Mean entropy loss: -3.0739
                            Mean reward: 24.28
                    Mean episode length: 219.39
                        Mean action std: 0.09
         Mean episode goal_per_1k_steps: 0.3337
         Mean episode mean_dist_to_ball: 1.5487
               Mean episode goals_total: 119.0000
--------------------------------------------------------------------------------
                         Iteration time: 7.99s
                           Time elapsed: 0:30:33
                                    ETA: 0:09:28

################################################################################
[1m                           Learning iteration 229/300                           [0m 

                               Run name: chase_v6_render
                            Total steps: 5652480 
                       Steps per second: 3070 
                        Collection time: 7.890s 
                          Learning time: 0.115s 
                        Mean value loss: 3.3908
                    Mean surrogate loss: -0.0025
                      Mean entropy loss: -3.0863
                            Mean reward: 24.04
                    Mean episode length: 217.33
                        Mean action std: 0.09
         Mean episode goal_per_1k_steps: 0.3947
         Mean episode mean_dist_to_ball: 1.5137
               Mean episode goals_total: 120.5000
--------------------------------------------------------------------------------
                         Iteration time: 8.00s
                           Time elapsed: 0:30:41
                                    ETA: 0:09:20

################################################################################
[1m                           Learning iteration 230/300                           [0m 

                               Run name: chase_v6_render
                            Total steps: 5677056 
                       Steps per second: 3067 
                        Collection time: 7.893s 
                          Learning time: 0.118s 
                        Mean value loss: 3.8000
                    Mean surrogate loss: -0.0027
                      Mean entropy loss: -3.0503
                            Mean reward: 22.82
                    Mean episode length: 205.92
                        Mean action std: 0.09
         Mean episode goal_per_1k_steps: 0.4679
         Mean episode mean_dist_to_ball: 1.5147
               Mean episode goals_total: 123.2500
--------------------------------------------------------------------------------
                         Iteration time: 8.01s
                           Time elapsed: 0:30:49
                                    ETA: 0:09:12

################################################################################
[1m                           Learning iteration 231/300                           [0m 

                               Run name: chase_v6_render
                            Total steps: 5701632 
                       Steps per second: 3056 
                        Collection time: 7.923s 
                          Learning time: 0.118s 
                        Mean value loss: 2.2696
                    Mean surrogate loss: -0.0049
                      Mean entropy loss: -3.0659
                            Mean reward: 24.13
                    Mean episode length: 206.55
                        Mean action std: 0.09
         Mean episode goal_per_1k_steps: 0.6266
         Mean episode mean_dist_to_ball: 1.5846
               Mean episode goals_total: 124.7917
--------------------------------------------------------------------------------
                         Iteration time: 8.04s
                           Time elapsed: 0:30:57
                                    ETA: 0:09:04

################################################################################
[1m                           Learning iteration 232/300                           [0m 

                               Run name: chase_v6_render
                            Total steps: 5726208 
                       Steps per second: 3063 
                        Collection time: 7.904s 
                          Learning time: 0.118s 
                        Mean value loss: 2.0973
                    Mean surrogate loss: -0.0039
                      Mean entropy loss: -3.0361
                            Mean reward: 24.03
                    Mean episode length: 214.30
                        Mean action std: 0.09
         Mean episode goal_per_1k_steps: 0.5981
         Mean episode mean_dist_to_ball: 1.5653
               Mean episode goals_total: 126.7500
--------------------------------------------------------------------------------
                         Iteration time: 8.02s
                           Time elapsed: 0:31:05
                                    ETA: 0:08:56

################################################################################
[1m                           Learning iteration 233/300                           [0m 

                               Run name: chase_v6_render
                            Total steps: 5750784 
                       Steps per second: 3065 
                        Collection time: 7.898s 
                          Learning time: 0.118s 
                        Mean value loss: 3.2521
                    Mean surrogate loss: -0.0056
                      Mean entropy loss: -3.0338
                            Mean reward: 21.82
                    Mean episode length: 205.93
                        Mean action std: 0.09
         Mean episode goal_per_1k_steps: 0.5615
         Mean episode mean_dist_to_ball: 1.5399
               Mean episode goals_total: 129.5833
--------------------------------------------------------------------------------
                         Iteration time: 8.02s
                           Time elapsed: 0:31:13
                                    ETA: 0:08:48

################################################################################
[1m                           Learning iteration 234/300                           [0m 

                               Run name: chase_v6_render
                            Total steps: 5775360 
                       Steps per second: 3063 
                        Collection time: 7.904s 
                          Learning time: 0.119s 
                        Mean value loss: 2.7650
                    Mean surrogate loss: -0.0040
                      Mean entropy loss: -3.0489
                            Mean reward: 22.71
                    Mean episode length: 206.71
                        Mean action std: 0.09
         Mean episode goal_per_1k_steps: 0.4354
         Mean episode mean_dist_to_ball: 1.5781
               Mean episode goals_total: 132.8333
--------------------------------------------------------------------------------
                         Iteration time: 8.02s
                           Time elapsed: 0:31:21
                                    ETA: 0:08:40

################################################################################
[1m                           Learning iteration 235/300                           [0m 

                               Run name: chase_v6_render
                            Total steps: 5799936 
                       Steps per second: 3069 
                        Collection time: 7.888s 
                          Learning time: 0.118s 
                        Mean value loss: 2.3955
                    Mean surrogate loss: -0.0047
                      Mean entropy loss: -3.0730
                            Mean reward: 23.29
                    Mean episode length: 212.37
                        Mean action std: 0.09
         Mean episode goal_per_1k_steps: 0.5452
         Mean episode mean_dist_to_ball: 1.5964
               Mean episode goals_total: 135.8333
--------------------------------------------------------------------------------
                         Iteration time: 8.01s
                           Time elapsed: 0:31:29
                                    ETA: 0:08:32

################################################################################
[1m                           Learning iteration 236/300                           [0m 

                               Run name: chase_v6_render
                            Total steps: 5824512 
                       Steps per second: 3068 
                        Collection time: 7.892s 
                          Learning time: 0.118s 
                        Mean value loss: 2.1542
                    Mean surrogate loss: -0.0024
                      Mean entropy loss: -3.0710
                            Mean reward: 24.96
                    Mean episode length: 220.93
                        Mean action std: 0.09
         Mean episode goal_per_1k_steps: 0.5371
         Mean episode mean_dist_to_ball: 1.5958
               Mean episode goals_total: 137.7500
--------------------------------------------------------------------------------
                         Iteration time: 8.01s
                           Time elapsed: 0:31:37
                                    ETA: 0:08:24

################################################################################
[1m                           Learning iteration 237/300                           [0m 

                               Run name: chase_v6_render
                            Total steps: 5849088 
                       Steps per second: 3073 
                        Collection time: 7.877s 
                          Learning time: 0.119s 
                        Mean value loss: 2.1934
                    Mean surrogate loss: -0.0033
                      Mean entropy loss: -3.0670
                            Mean reward: 27.49
                    Mean episode length: 206.12
                        Mean action std: 0.09
         Mean episode goal_per_1k_steps: 0.7406
         Mean episode mean_dist_to_ball: 1.6132
               Mean episode goals_total: 140.2083
--------------------------------------------------------------------------------
                         Iteration time: 8.00s
                           Time elapsed: 0:31:45
                                    ETA: 0:08:16

################################################################################
[1m                           Learning iteration 238/300                           [0m 

                               Run name: chase_v6_render
                            Total steps: 5873664 
                       Steps per second: 3079 
                        Collection time: 7.866s 
                          Learning time: 0.115s 
                        Mean value loss: 1.7427
                    Mean surrogate loss: -0.0032
                      Mean entropy loss: -3.0554
                            Mean reward: 24.34
                    Mean episode length: 205.95
                        Mean action std: 0.09
         Mean episode goal_per_1k_steps: 0.7406
         Mean episode mean_dist_to_ball: 1.6089
               Mean episode goals_total: 142.7083
--------------------------------------------------------------------------------
                         Iteration time: 7.98s
                           Time elapsed: 0:31:53
                                    ETA: 0:08:08

################################################################################
[1m                           Learning iteration 239/300                           [0m 

                               Run name: chase_v6_render
                            Total steps: 5898240 
                       Steps per second: 3068 
                        Collection time: 7.895s 
                          Learning time: 0.115s 
                        Mean value loss: 2.0946
                    Mean surrogate loss: -0.0042
                      Mean entropy loss: -3.0362
                            Mean reward: 26.55
                    Mean episode length: 222.26
                        Mean action std: 0.09
         Mean episode goal_per_1k_steps: 0.3947
         Mean episode mean_dist_to_ball: 1.6237
               Mean episode goals_total: 143.8750
--------------------------------------------------------------------------------
                         Iteration time: 8.01s
                           Time elapsed: 0:32:01
                                    ETA: 0:08:00

################################################################################
[1m                           Learning iteration 240/300                           [0m 

                               Run name: chase_v6_render
                            Total steps: 5922816 
                       Steps per second: 3060 
                        Collection time: 7.912s 
                          Learning time: 0.118s 
                        Mean value loss: 2.9000
                    Mean surrogate loss: -0.0043
                      Mean entropy loss: -3.0474
                            Mean reward: 22.54
                    Mean episode length: 209.94
                        Mean action std: 0.09
         Mean episode goal_per_1k_steps: 0.3133
         Mean episode mean_dist_to_ball: 1.6663
               Mean episode goals_total: 144.6250
--------------------------------------------------------------------------------
                         Iteration time: 8.03s
                           Time elapsed: 0:32:09
                                    ETA: 0:07:52

################################################################################
[1m                           Learning iteration 241/300                           [0m 

                               Run name: chase_v6_render
                            Total steps: 5947392 
                       Steps per second: 3067 
                        Collection time: 7.895s 
                          Learning time: 0.118s 
                        Mean value loss: 1.9990
                    Mean surrogate loss: -0.0042
                      Mean entropy loss: -3.0471
                            Mean reward: 21.80
                    Mean episode length: 215.49
                        Mean action std: 0.09
         Mean episode goal_per_1k_steps: 0.4272
         Mean episode mean_dist_to_ball: 1.6765
               Mean episode goals_total: 145.7917
--------------------------------------------------------------------------------
                         Iteration time: 8.01s
                           Time elapsed: 0:32:17
                                    ETA: 0:07:44

################################################################################
[1m                           Learning iteration 242/300                           [0m 

                               Run name: chase_v6_render
                            Total steps: 5971968 
                       Steps per second: 3068 
                        Collection time: 7.893s 
                          Learning time: 0.115s 
                        Mean value loss: 1.6051
                    Mean surrogate loss: -0.0009
                      Mean entropy loss: -3.0454
                            Mean reward: 24.52
                    Mean episode length: 214.94
                        Mean action std: 0.09
         Mean episode goal_per_1k_steps: 0.4801
         Mean episode mean_dist_to_ball: 1.6127
               Mean episode goals_total: 146.0000
--------------------------------------------------------------------------------
                         Iteration time: 8.01s
                           Time elapsed: 0:32:25
                                    ETA: 0:07:36

################################################################################
[1m                           Learning iteration 243/300                           [0m 

                               Run name: chase_v6_render
                            Total steps: 5996544 
                       Steps per second: 3069 
                        Collection time: 7.891s 
                          Learning time: 0.115s 
                        Mean value loss: 2.2700
                    Mean surrogate loss: -0.0019
                      Mean entropy loss: -3.0312
                            Mean reward: 24.11
                    Mean episode length: 217.28
                        Mean action std: 0.09
         Mean episode goal_per_1k_steps: 0.4028
         Mean episode mean_dist_to_ball: 1.5856
               Mean episode goals_total: 146.0000
--------------------------------------------------------------------------------
                         Iteration time: 8.01s
                           Time elapsed: 0:32:33
                                    ETA: 0:07:28

################################################################################
[1m                           Learning iteration 244/300                           [0m 

                               Run name: chase_v6_render
                            Total steps: 6021120 
                       Steps per second: 3067 
                        Collection time: 7.897s 
                          Learning time: 0.115s 
                        Mean value loss: 2.2966
                    Mean surrogate loss: -0.0034
                      Mean entropy loss: -3.0441
                            Mean reward: 24.42
                    Mean episode length: 224.18
                        Mean action std: 0.09
         Mean episode goal_per_1k_steps: 0.4110
         Mean episode mean_dist_to_ball: 1.6184
               Mean episode goals_total: 146.0000
--------------------------------------------------------------------------------
                         Iteration time: 8.01s
                           Time elapsed: 0:32:41
                                    ETA: 0:07:20

################################################################################
[1m                           Learning iteration 245/300                           [0m 

                               Run name: chase_v6_render
                            Total steps: 6045696 
                       Steps per second: 3061 
                        Collection time: 7.913s 
                          Learning time: 0.116s 
                        Mean value loss: 3.4423
                    Mean surrogate loss: -0.0035
                      Mean entropy loss: -3.0194
                            Mean reward: 20.99
                    Mean episode length: 210.19
                        Mean action std: 0.09
         Mean episode goal_per_1k_steps: 0.3133
         Mean episode mean_dist_to_ball: 1.6734
               Mean episode goals_total: 146.0000
--------------------------------------------------------------------------------
                         Iteration time: 8.03s
                           Time elapsed: 0:32:49
                                    ETA: 0:07:12

################################################################################
[1m                           Learning iteration 246/300                           [0m 

                               Run name: chase_v6_render
                            Total steps: 6070272 
                       Steps per second: 3061 
                        Collection time: 7.912s 
                          Learning time: 0.115s 
                        Mean value loss: 1.8996
                    Mean surrogate loss: -0.0036
                      Mean entropy loss: -3.0333
                            Mean reward: 25.25
                    Mean episode length: 220.43
                        Mean action std: 0.09
         Mean episode goal_per_1k_steps: 0.3540
         Mean episode mean_dist_to_ball: 1.5785
               Mean episode goals_total: 146.7917
--------------------------------------------------------------------------------
                         Iteration time: 8.03s
                           Time elapsed: 0:32:57
                                    ETA: 0:07:04

################################################################################
[1m                           Learning iteration 247/300                           [0m 

                               Run name: chase_v6_render
                            Total steps: 6094848 
                       Steps per second: 3079 
                        Collection time: 7.866s 
                          Learning time: 0.116s 
                        Mean value loss: 2.6242
                    Mean surrogate loss: -0.0045
                      Mean entropy loss: -3.0214
                            Mean reward: 25.43
                    Mean episode length: 222.12
                        Mean action std: 0.09
         Mean episode goal_per_1k_steps: 0.4150
         Mean episode mean_dist_to_ball: 1.6193
               Mean episode goals_total: 147.5417
--------------------------------------------------------------------------------
                         Iteration time: 7.98s
                           Time elapsed: 0:33:05
                                    ETA: 0:06:56

################################################################################
[1m                           Learning iteration 248/300                           [0m 

                               Run name: chase_v6_render
                            Total steps: 6119424 
                       Steps per second: 3061 
                        Collection time: 7.912s 
                          Learning time: 0.115s 
                        Mean value loss: 3.0161
                    Mean surrogate loss: -0.0028
                      Mean entropy loss: -3.0491
                            Mean reward: 26.01
                    Mean episode length: 217.76
                        Mean action std: 0.09
         Mean episode goal_per_1k_steps: 0.6714
         Mean episode mean_dist_to_ball: 1.6063
               Mean episode goals_total: 148.5833
--------------------------------------------------------------------------------
                         Iteration time: 8.03s
                           Time elapsed: 0:33:13
                                    ETA: 0:06:48

################################################################################
[1m                           Learning iteration 249/300                           [0m 

                               Run name: chase_v6_render
                            Total steps: 6144000 
                       Steps per second: 3065 
                        Collection time: 7.900s 
                          Learning time: 0.116s 
                        Mean value loss: 3.0473
                    Mean surrogate loss: -0.0032
                      Mean entropy loss: -3.0528
                            Mean reward: 24.35
                    Mean episode length: 220.27
                        Mean action std: 0.09
         Mean episode goal_per_1k_steps: 0.5615
         Mean episode mean_dist_to_ball: 1.6199
               Mean episode goals_total: 151.3333
--------------------------------------------------------------------------------
                         Iteration time: 8.02s
                           Time elapsed: 0:33:21
                                    ETA: 0:06:40

################################################################################
[1m                           Learning iteration 250/300                           [0m 

                               Run name: chase_v6_render
                            Total steps: 6168576 
                       Steps per second: 3063 
                        Collection time: 7.902s 
                          Learning time: 0.119s 
                        Mean value loss: 2.1505
                    Mean surrogate loss: -0.0031
                      Mean entropy loss: -3.0586
                            Mean reward: 27.49
                    Mean episode length: 227.94
                        Mean action std: 0.09
         Mean episode goal_per_1k_steps: 0.2767
         Mean episode mean_dist_to_ball: 1.6209
               Mean episode goals_total: 152.2083
--------------------------------------------------------------------------------
                         Iteration time: 8.02s
                           Time elapsed: 0:33:29
                                    ETA: 0:06:32

################################################################################
[1m                           Learning iteration 251/300                           [0m 

                               Run name: chase_v6_render
                            Total steps: 6193152 
                       Steps per second: 3072 
                        Collection time: 7.881s 
                          Learning time: 0.119s 
                        Mean value loss: 2.4664
                    Mean surrogate loss: -0.0022
                      Mean entropy loss: -3.0665
                            Mean reward: 26.15
                    Mean episode length: 229.02
                        Mean action std: 0.09
         Mean episode goal_per_1k_steps: 0.3906
         Mean episode mean_dist_to_ball: 1.7039
               Mean episode goals_total: 153.0000
--------------------------------------------------------------------------------
                         Iteration time: 8.00s
                           Time elapsed: 0:33:37
                                    ETA: 0:06:24

################################################################################
[1m                           Learning iteration 252/300                           [0m 

                               Run name: chase_v6_render
                            Total steps: 6217728 
                       Steps per second: 3054 
                        Collection time: 7.927s 
                          Learning time: 0.119s 
                        Mean value loss: 2.8871
                    Mean surrogate loss: -0.0035
                      Mean entropy loss: -3.0776
                            Mean reward: 22.26
                    Mean episode length: 212.44
                        Mean action std: 0.09
         Mean episode goal_per_1k_steps: 0.2808
         Mean episode mean_dist_to_ball: 1.7439
               Mean episode goals_total: 153.0000
--------------------------------------------------------------------------------
                         Iteration time: 8.05s
                           Time elapsed: 0:33:45
                                    ETA: 0:06:16

################################################################################
[1m                           Learning iteration 253/300                           [0m 

                               Run name: chase_v6_render
                            Total steps: 6242304 
                       Steps per second: 3063 
                        Collection time: 7.904s 
                          Learning time: 0.118s 
                        Mean value loss: 3.2698
                    Mean surrogate loss: -0.0024
                      Mean entropy loss: -3.0951
                            Mean reward: 23.80
                    Mean episode length: 224.55
                        Mean action std: 0.09
         Mean episode goal_per_1k_steps: 0.2808
         Mean episode mean_dist_to_ball: 1.7346
               Mean episode goals_total: 153.0000
--------------------------------------------------------------------------------
                         Iteration time: 8.02s
                           Time elapsed: 0:33:53
                                    ETA: 0:06:08

################################################################################
[1m                           Learning iteration 254/300                           [0m 

                               Run name: chase_v6_render
                            Total steps: 6266880 
                       Steps per second: 3063 
                        Collection time: 7.903s 
                          Learning time: 0.118s 
                        Mean value loss: 2.8924
                    Mean surrogate loss: -0.0045
                      Mean entropy loss: -3.1219
                            Mean reward: 23.48
                    Mean episode length: 219.43
                        Mean action std: 0.09
         Mean episode goal_per_1k_steps: 0.2360
         Mean episode mean_dist_to_ball: 1.7645
               Mean episode goals_total: 153.0000
--------------------------------------------------------------------------------
                         Iteration time: 8.02s
                           Time elapsed: 0:34:01
                                    ETA: 0:06:00

################################################################################
[1m                           Learning iteration 255/300                           [0m 

                               Run name: chase_v6_render
                            Total steps: 6291456 
                       Steps per second: 3054 
                        Collection time: 7.928s 
                          Learning time: 0.118s 
                        Mean value loss: 2.1230
                    Mean surrogate loss: -0.0036
                      Mean entropy loss: -3.1214
                            Mean reward: 26.44
                    Mean episode length: 215.49
                        Mean action std: 0.09
         Mean episode goal_per_1k_steps: 0.1750
         Mean episode mean_dist_to_ball: 1.7956
               Mean episode goals_total: 153.0000
--------------------------------------------------------------------------------
                         Iteration time: 8.05s
                           Time elapsed: 0:34:09
                                    ETA: 0:05:52

################################################################################
[1m                           Learning iteration 256/300                           [0m 

                               Run name: chase_v6_render
                            Total steps: 6316032 
                       Steps per second: 3056 
                        Collection time: 7.922s 
                          Learning time: 0.118s 
                        Mean value loss: 2.6621
                    Mean surrogate loss: -0.0031
                      Mean entropy loss: -3.1201
                            Mean reward: 23.31
                    Mean episode length: 210.93
                        Mean action std: 0.09
         Mean episode goal_per_1k_steps: 0.2116
         Mean episode mean_dist_to_ball: 1.8723
               Mean episode goals_total: 153.3750
--------------------------------------------------------------------------------
                         Iteration time: 8.04s
                           Time elapsed: 0:34:17
                                    ETA: 0:05:44

################################################################################
[1m                           Learning iteration 257/300                           [0m 

                               Run name: chase_v6_render
                            Total steps: 6340608 
                       Steps per second: 3058 
                        Collection time: 7.918s 
                          Learning time: 0.118s 
                        Mean value loss: 1.8408
                    Mean surrogate loss: -0.0037
                      Mean entropy loss: -3.1390
                            Mean reward: 23.79
                    Mean episode length: 220.13
                        Mean action std: 0.08
         Mean episode goal_per_1k_steps: 0.4028
         Mean episode mean_dist_to_ball: 1.9583
               Mean episode goals_total: 155.5000
--------------------------------------------------------------------------------
                         Iteration time: 8.04s
                           Time elapsed: 0:34:25
                                    ETA: 0:05:36

################################################################################
[1m                           Learning iteration 258/300                           [0m 

                               Run name: chase_v6_render
                            Total steps: 6365184 
                       Steps per second: 3055 
                        Collection time: 7.926s 
                          Learning time: 0.118s 
                        Mean value loss: 4.0940
                    Mean surrogate loss: -0.0023
                      Mean entropy loss: -3.1357
                            Mean reward: 19.85
                    Mean episode length: 212.79
                        Mean action std: 0.09
         Mean episode goal_per_1k_steps: 0.2645
         Mean episode mean_dist_to_ball: 1.9537
               Mean episode goals_total: 156.2917
--------------------------------------------------------------------------------
                         Iteration time: 8.04s
                           Time elapsed: 0:34:33
                                    ETA: 0:05:28

################################################################################
[1m                           Learning iteration 259/300                           [0m 

                               Run name: chase_v6_render
                            Total steps: 6389760 
                       Steps per second: 3065 
                        Collection time: 7.900s 
                          Learning time: 0.118s 
                        Mean value loss: 2.9490
                    Mean surrogate loss: -0.0030
                      Mean entropy loss: -3.1444
                            Mean reward: 22.38
                    Mean episode length: 213.96
                        Mean action std: 0.08
         Mean episode goal_per_1k_steps: 0.2930
         Mean episode mean_dist_to_ball: 1.7932
               Mean episode goals_total: 157.8750
--------------------------------------------------------------------------------
                         Iteration time: 8.02s
                           Time elapsed: 0:34:41
                                    ETA: 0:05:20

################################################################################
[1m                           Learning iteration 260/300                           [0m 

                               Run name: chase_v6_render
                            Total steps: 6414336 
                       Steps per second: 3055 
                        Collection time: 7.924s 
                          Learning time: 0.118s 
                        Mean value loss: 3.1043
                    Mean surrogate loss: -0.0033
                      Mean entropy loss: -3.1625
                            Mean reward: 23.20
                    Mean episode length: 211.49
                        Mean action std: 0.08
         Mean episode goal_per_1k_steps: 0.2930
         Mean episode mean_dist_to_ball: 1.6664
               Mean episode goals_total: 158.0000
--------------------------------------------------------------------------------
                         Iteration time: 8.04s
                           Time elapsed: 0:34:49
                                    ETA: 0:05:12

################################################################################
[1m                           Learning iteration 261/300                           [0m 

                               Run name: chase_v6_render
                            Total steps: 6438912 
                       Steps per second: 3068 
                        Collection time: 7.890s 
                          Learning time: 0.118s 
                        Mean value loss: 2.9070
                    Mean surrogate loss: -0.0025
                      Mean entropy loss: -3.1664
                            Mean reward: 25.08
                    Mean episode length: 211.48
                        Mean action std: 0.08
         Mean episode goal_per_1k_steps: 0.3662
         Mean episode mean_dist_to_ball: 1.6068
               Mean episode goals_total: 158.0000
--------------------------------------------------------------------------------
                         Iteration time: 8.01s
                           Time elapsed: 0:34:57
                                    ETA: 0:05:04

################################################################################
[1m                           Learning iteration 262/300                           [0m 

                               Run name: chase_v6_render
                            Total steps: 6463488 
                       Steps per second: 3060 
                        Collection time: 7.912s 
                          Learning time: 0.118s 
                        Mean value loss: 2.3955
                    Mean surrogate loss: -0.0032
                      Mean entropy loss: -3.1663
                            Mean reward: 25.79
                    Mean episode length: 211.41
                        Mean action std: 0.08
         Mean episode goal_per_1k_steps: 0.3052
         Mean episode mean_dist_to_ball: 1.6307
               Mean episode goals_total: 160.4583
--------------------------------------------------------------------------------
                         Iteration time: 8.03s
                           Time elapsed: 0:35:06
                                    ETA: 0:04:56

################################################################################
[1m                           Learning iteration 263/300                           [0m 

                               Run name: chase_v6_render
                            Total steps: 6488064 
                       Steps per second: 3058 
                        Collection time: 7.917s 
                          Learning time: 0.118s 
                        Mean value loss: 3.7348
                    Mean surrogate loss: -0.0026
                      Mean entropy loss: -3.1780
                            Mean reward: 22.78
                    Mean episode length: 211.57
                        Mean action std: 0.08
         Mean episode goal_per_1k_steps: 0.3337
         Mean episode mean_dist_to_ball: 1.6943
               Mean episode goals_total: 161.0000
--------------------------------------------------------------------------------
                         Iteration time: 8.03s
                           Time elapsed: 0:35:14
                                    ETA: 0:04:48

################################################################################
[1m                           Learning iteration 264/300                           [0m 

                               Run name: chase_v6_render
                            Total steps: 6512640 
                       Steps per second: 3060 
                        Collection time: 7.913s 
                          Learning time: 0.119s 
                        Mean value loss: 2.9731
                    Mean surrogate loss: -0.0045
                      Mean entropy loss: -3.1695
                            Mean reward: 28.21
                    Mean episode length: 215.51
                        Mean action std: 0.08
         Mean episode goal_per_1k_steps: 0.4110
         Mean episode mean_dist_to_ball: 1.7106
               Mean episode goals_total: 161.8750
--------------------------------------------------------------------------------
                         Iteration time: 8.03s
                           Time elapsed: 0:35:22
                                    ETA: 0:04:40

################################################################################
[1m                           Learning iteration 265/300                           [0m 

                               Run name: chase_v6_render
                            Total steps: 6537216 
                       Steps per second: 3058 
                        Collection time: 7.920s 
                          Learning time: 0.115s 
                        Mean value loss: 2.9573
                    Mean surrogate loss: -0.0026
                      Mean entropy loss: -3.1657
                            Mean reward: 23.10
                    Mean episode length: 218.03
                        Mean action std: 0.08
         Mean episode goal_per_1k_steps: 0.1506
         Mean episode mean_dist_to_ball: 1.7476
               Mean episode goals_total: 162.0000
--------------------------------------------------------------------------------
                         Iteration time: 8.04s
                           Time elapsed: 0:35:30
                                    ETA: 0:04:32

################################################################################
[1m                           Learning iteration 266/300                           [0m 

                               Run name: chase_v6_render
                            Total steps: 6561792 
                       Steps per second: 3066 
                        Collection time: 7.895s 
                          Learning time: 0.119s 
                        Mean value loss: 2.9663
                    Mean surrogate loss: -0.0035
                      Mean entropy loss: -3.1700
                            Mean reward: 25.66
                    Mean episode length: 227.69
                        Mean action std: 0.08
         Mean episode goal_per_1k_steps: 0.2360
         Mean episode mean_dist_to_ball: 1.7170
               Mean episode goals_total: 162.0000
--------------------------------------------------------------------------------
                         Iteration time: 8.01s
                           Time elapsed: 0:35:38
                                    ETA: 0:04:24

################################################################################
[1m                           Learning iteration 267/300                           [0m 

                               Run name: chase_v6_render
                            Total steps: 6586368 
                       Steps per second: 3056 
                        Collection time: 7.921s 
                          Learning time: 0.119s 
                        Mean value loss: 1.9501
                    Mean surrogate loss: -0.0034
                      Mean entropy loss: -3.1775
                            Mean reward: 27.82
                    Mean episode length: 215.11
                        Mean action std: 0.08
         Mean episode goal_per_1k_steps: 0.3011
         Mean episode mean_dist_to_ball: 1.7512
               Mean episode goals_total: 162.5417
--------------------------------------------------------------------------------
                         Iteration time: 8.04s
                           Time elapsed: 0:35:46
                                    ETA: 0:04:16

################################################################################
[1m                           Learning iteration 268/300                           [0m 

                               Run name: chase_v6_render
                            Total steps: 6610944 
                       Steps per second: 3059 
                        Collection time: 7.915s 
                          Learning time: 0.118s 
                        Mean value loss: 3.3291
                    Mean surrogate loss: -0.0020
                      Mean entropy loss: -3.1755
                            Mean reward: 24.60
                    Mean episode length: 208.78
                        Mean action std: 0.08
         Mean episode goal_per_1k_steps: 0.2645
         Mean episode mean_dist_to_ball: 1.7365
               Mean episode goals_total: 163.0000
--------------------------------------------------------------------------------
                         Iteration time: 8.03s
                           Time elapsed: 0:35:54
                                    ETA: 0:04:08

################################################################################
[1m                           Learning iteration 269/300                           [0m 

                               Run name: chase_v6_render
                            Total steps: 6635520 
                       Steps per second: 3064 
                        Collection time: 7.901s 
                          Learning time: 0.119s 
                        Mean value loss: 2.6424
                    Mean surrogate loss: -0.0041
                      Mean entropy loss: -3.1921
                            Mean reward: 23.88
                    Mean episode length: 213.85
                        Mean action std: 0.08
         Mean episode goal_per_1k_steps: 0.3499
         Mean episode mean_dist_to_ball: 1.6438
               Mean episode goals_total: 163.0000
--------------------------------------------------------------------------------
                         Iteration time: 8.02s
                           Time elapsed: 0:36:02
                                    ETA: 0:04:00

################################################################################
[1m                           Learning iteration 270/300                           [0m 

                               Run name: chase_v6_render
                            Total steps: 6660096 
                       Steps per second: 3059 
                        Collection time: 7.915s 
                          Learning time: 0.118s 
                        Mean value loss: 2.7743
                    Mean surrogate loss: -0.0037
                      Mean entropy loss: -3.1814
                            Mean reward: 24.62
                    Mean episode length: 216.62
                        Mean action std: 0.08
         Mean episode goal_per_1k_steps: 0.1506
         Mean episode mean_dist_to_ball: 1.6315
               Mean episode goals_total: 163.0000
--------------------------------------------------------------------------------
                         Iteration time: 8.03s
                           Time elapsed: 0:36:10
                                    ETA: 0:03:52

################################################################################
[1m                           Learning iteration 271/300                           [0m 

                               Run name: chase_v6_render
                            Total steps: 6684672 
                       Steps per second: 3069 
                        Collection time: 7.889s 
                          Learning time: 0.118s 
                        Mean value loss: 2.9923
                    Mean surrogate loss: -0.0021
                      Mean entropy loss: -3.1795
                            Mean reward: 26.20
                    Mean episode length: 217.21
                        Mean action std: 0.08
         Mean episode goal_per_1k_steps: 0.3052
         Mean episode mean_dist_to_ball: 1.6303
               Mean episode goals_total: 163.0000
--------------------------------------------------------------------------------
                         Iteration time: 8.01s
                           Time elapsed: 0:36:18
                                    ETA: 0:03:44

################################################################################
[1m                           Learning iteration 272/300                           [0m 

                               Run name: chase_v6_render
                            Total steps: 6709248 
                       Steps per second: 3059 
                        Collection time: 7.916s 
                          Learning time: 0.116s 
                        Mean value loss: 3.7570
                    Mean surrogate loss: -0.0034
                      Mean entropy loss: -3.1630
                            Mean reward: 23.35
                    Mean episode length: 220.22
                        Mean action std: 0.08
         Mean episode goal_per_1k_steps: 0.2645
         Mean episode mean_dist_to_ball: 1.6247
               Mean episode goals_total: 163.0000
--------------------------------------------------------------------------------
                         Iteration time: 8.03s
                           Time elapsed: 0:36:26
                                    ETA: 0:03:36

################################################################################
[1m                           Learning iteration 273/300                           [0m 

                               Run name: chase_v6_render
                            Total steps: 6733824 
                       Steps per second: 3067 
                        Collection time: 7.893s 
                          Learning time: 0.118s 
                        Mean value loss: 2.4573
                    Mean surrogate loss: -0.0030
                      Mean entropy loss: -3.1731
                            Mean reward: 27.59
                    Mean episode length: 219.18
                        Mean action std: 0.08
         Mean episode goal_per_1k_steps: 0.3988
         Mean episode mean_dist_to_ball: 1.5668
               Mean episode goals_total: 164.0000
--------------------------------------------------------------------------------
                         Iteration time: 8.01s
                           Time elapsed: 0:36:34
                                    ETA: 0:03:28

################################################################################
[1m                           Learning iteration 274/300                           [0m 

                               Run name: chase_v6_render
                            Total steps: 6758400 
                       Steps per second: 3066 
                        Collection time: 7.897s 
                          Learning time: 0.118s 
                        Mean value loss: 2.6216
                    Mean surrogate loss: -0.0038
                      Mean entropy loss: -3.1721
                            Mean reward: 25.42
                    Mean episode length: 219.97
                        Mean action std: 0.08
         Mean episode goal_per_1k_steps: 0.5900
         Mean episode mean_dist_to_ball: 1.6611
               Mean episode goals_total: 165.9167
--------------------------------------------------------------------------------
                         Iteration time: 8.02s
                           Time elapsed: 0:36:42
                                    ETA: 0:03:20

################################################################################
[1m                           Learning iteration 275/300                           [0m 

                               Run name: chase_v6_render
                            Total steps: 6782976 
                       Steps per second: 3056 
                        Collection time: 7.922s 
                          Learning time: 0.118s 
                        Mean value loss: 2.7181
                    Mean surrogate loss: -0.0044
                      Mean entropy loss: -3.1707
                            Mean reward: 27.02
                    Mean episode length: 217.74
                        Mean action std: 0.08
         Mean episode goal_per_1k_steps: 0.5371
         Mean episode mean_dist_to_ball: 1.6683
               Mean episode goals_total: 167.0000
--------------------------------------------------------------------------------
                         Iteration time: 8.04s
                           Time elapsed: 0:36:50
                                    ETA: 0:03:12

################################################################################
[1m                           Learning iteration 276/300                           [0m 

                               Run name: chase_v6_render
                            Total steps: 6807552 
                       Steps per second: 3056 
                        Collection time: 7.922s 
                          Learning time: 0.118s 
                        Mean value loss: 2.6872
                    Mean surrogate loss: -0.0027
                      Mean entropy loss: -3.1494
                            Mean reward: 28.46
                    Mean episode length: 218.12
                        Mean action std: 0.08
         Mean episode goal_per_1k_steps: 0.4598
         Mean episode mean_dist_to_ball: 1.5923
               Mean episode goals_total: 167.0000
--------------------------------------------------------------------------------
                         Iteration time: 8.04s
                           Time elapsed: 0:36:58
                                    ETA: 0:03:04

################################################################################
[1m                           Learning iteration 277/300                           [0m 

                               Run name: chase_v6_render
                            Total steps: 6832128 
                       Steps per second: 3063 
                        Collection time: 7.904s 
                          Learning time: 0.118s 
                        Mean value loss: 3.2073
                    Mean surrogate loss: -0.0013
                      Mean entropy loss: -3.1374
                            Mean reward: 25.61
                    Mean episode length: 218.79
                        Mean action std: 0.09
         Mean episode goal_per_1k_steps: 0.1546
         Mean episode mean_dist_to_ball: 1.5726
               Mean episode goals_total: 167.0000
--------------------------------------------------------------------------------
                         Iteration time: 8.02s
                           Time elapsed: 0:37:06
                                    ETA: 0:02:56

################################################################################
[1m                           Learning iteration 278/300                           [0m 

                               Run name: chase_v6_render
                            Total steps: 6856704 
                       Steps per second: 3073 
                        Collection time: 7.877s 
                          Learning time: 0.118s 
                        Mean value loss: 3.7472
                    Mean surrogate loss: -0.0033
                      Mean entropy loss: -3.1232
                            Mean reward: 28.25
                    Mean episode length: 220.63
                        Mean action std: 0.09
         Mean episode goal_per_1k_steps: 0.3743
         Mean episode mean_dist_to_ball: 1.5415
               Mean episode goals_total: 167.2917
--------------------------------------------------------------------------------
                         Iteration time: 7.99s
                           Time elapsed: 0:37:14
                                    ETA: 0:02:48

################################################################################
[1m                           Learning iteration 279/300                           [0m 

                               Run name: chase_v6_render
                            Total steps: 6881280 
                       Steps per second: 3056 
                        Collection time: 7.921s 
                          Learning time: 0.119s 
                        Mean value loss: 3.1146
                    Mean surrogate loss: -0.0031
                      Mean entropy loss: -3.1140
                            Mean reward: 24.93
                    Mean episode length: 218.77
                        Mean action std: 0.09
         Mean episode goal_per_1k_steps: 0.1872
         Mean episode mean_dist_to_ball: 1.5876
               Mean episode goals_total: 168.0833
--------------------------------------------------------------------------------
                         Iteration time: 8.04s
                           Time elapsed: 0:37:22
                                    ETA: 0:02:40

################################################################################
[1m                           Learning iteration 280/300                           [0m 

                               Run name: chase_v6_render
                            Total steps: 6905856 
                       Steps per second: 3062 
                        Collection time: 7.907s 
                          Learning time: 0.119s 
                        Mean value loss: 1.9106
                    Mean surrogate loss: -0.0032
                      Mean entropy loss: -3.0996
                            Mean reward: 27.18
                    Mean episode length: 217.61
                        Mean action std: 0.09
         Mean episode goal_per_1k_steps: 0.4517
         Mean episode mean_dist_to_ball: 1.6539
               Mean episode goals_total: 171.2500
--------------------------------------------------------------------------------
                         Iteration time: 8.03s
                           Time elapsed: 0:37:30
                                    ETA: 0:02:32

################################################################################
[1m                           Learning iteration 281/300                           [0m 

                               Run name: chase_v6_render
                            Total steps: 6930432 
                       Steps per second: 3067 
                        Collection time: 7.892s 
                          Learning time: 0.119s 
                        Mean value loss: 2.4317
                    Mean surrogate loss: -0.0000
                      Mean entropy loss: -3.1125
                            Mean reward: 25.42
                    Mean episode length: 228.21
                        Mean action std: 0.09
         Mean episode goal_per_1k_steps: 0.3296
         Mean episode mean_dist_to_ball: 1.7241
               Mean episode goals_total: 172.0000
--------------------------------------------------------------------------------
                         Iteration time: 8.01s
                           Time elapsed: 0:37:38
                                    ETA: 0:02:24

################################################################################
[1m                           Learning iteration 282/300                           [0m 

                               Run name: chase_v6_render
                            Total steps: 6955008 
                       Steps per second: 3066 
                        Collection time: 7.896s 
                          Learning time: 0.119s 
                        Mean value loss: 2.8157
                    Mean surrogate loss: -0.0021
                      Mean entropy loss: -3.1535
                            Mean reward: 29.57
                    Mean episode length: 227.59
                        Mean action std: 0.08
         Mean episode goal_per_1k_steps: 0.3092
         Mean episode mean_dist_to_ball: 1.6903
               Mean episode goals_total: 173.9167
--------------------------------------------------------------------------------
                         Iteration time: 8.02s
                           Time elapsed: 0:37:46
                                    ETA: 0:02:16

################################################################################
[1m                           Learning iteration 283/300                           [0m 

                               Run name: chase_v6_render
                            Total steps: 6979584 
                       Steps per second: 3067 
                        Collection time: 7.893s 
                          Learning time: 0.118s 
                        Mean value loss: 2.3716
                    Mean surrogate loss: -0.0017
                      Mean entropy loss: -3.1674
                            Mean reward: 27.56
                    Mean episode length: 226.91
                        Mean action std: 0.08
         Mean episode goal_per_1k_steps: 0.2645
         Mean episode mean_dist_to_ball: 1.6604
               Mean episode goals_total: 174.7083
--------------------------------------------------------------------------------
                         Iteration time: 8.01s
                           Time elapsed: 0:37:54
                                    ETA: 0:02:08

################################################################################
[1m                           Learning iteration 284/300                           [0m 

                               Run name: chase_v6_render
                            Total steps: 7004160 
                       Steps per second: 3054 
                        Collection time: 7.927s 
                          Learning time: 0.118s 
                        Mean value loss: 3.2226
                    Mean surrogate loss: -0.0032
                      Mean entropy loss: -3.2053
                            Mean reward: 26.95
                    Mean episode length: 224.22
                        Mean action std: 0.08
         Mean episode goal_per_1k_steps: 0.1546
         Mean episode mean_dist_to_ball: 1.6958
               Mean episode goals_total: 175.0000
--------------------------------------------------------------------------------
                         Iteration time: 8.05s
                           Time elapsed: 0:38:02
                                    ETA: 0:02:00

################################################################################
[1m                           Learning iteration 285/300                           [0m 

                               Run name: chase_v6_render
                            Total steps: 7028736 
                       Steps per second: 3064 
                        Collection time: 7.901s 
                          Learning time: 0.119s 
                        Mean value loss: 3.4824
                    Mean surrogate loss: -0.0043
                      Mean entropy loss: -3.2255
                            Mean reward: 28.27
                    Mean episode length: 224.33
                        Mean action std: 0.08
         Mean episode goal_per_1k_steps: 0.4069
         Mean episode mean_dist_to_ball: 1.6902
               Mean episode goals_total: 175.2083
--------------------------------------------------------------------------------
                         Iteration time: 8.02s
                           Time elapsed: 0:38:10
                                    ETA: 0:01:52

################################################################################
[1m                           Learning iteration 286/300                           [0m 

                               Run name: chase_v6_render
                            Total steps: 7053312 
                       Steps per second: 3057 
                        Collection time: 7.919s 
                          Learning time: 0.118s 
                        Mean value loss: 2.9789
                    Mean surrogate loss: -0.0041
                      Mean entropy loss: -3.2716
                            Mean reward: 28.41
                    Mean episode length: 223.37
                        Mean action std: 0.08
         Mean episode goal_per_1k_steps: 0.3377
         Mean episode mean_dist_to_ball: 1.5980
               Mean episode goals_total: 176.0000
--------------------------------------------------------------------------------
                         Iteration time: 8.04s
                           Time elapsed: 0:38:18
                                    ETA: 0:01:44

################################################################################
[1m                           Learning iteration 287/300                           [0m 

                               Run name: chase_v6_render
                            Total steps: 7077888 
                       Steps per second: 3060 
                        Collection time: 7.911s 
                          Learning time: 0.119s 
                        Mean value loss: 2.3885
                    Mean surrogate loss: -0.0039
                      Mean entropy loss: -3.2684
                            Mean reward: 26.91
                    Mean episode length: 220.55
                        Mean action std: 0.08
         Mean episode goal_per_1k_steps: 0.4395
         Mean episode mean_dist_to_ball: 1.5328
               Mean episode goals_total: 176.9583
--------------------------------------------------------------------------------
                         Iteration time: 8.03s
                           Time elapsed: 0:38:26
                                    ETA: 0:01:36

################################################################################
[1m                           Learning iteration 288/300                           [0m 

                               Run name: chase_v6_render
                            Total steps: 7102464 
                       Steps per second: 3074 
                        Collection time: 7.876s 
                          Learning time: 0.118s 
                        Mean value loss: 3.5120
                    Mean surrogate loss: -0.0027
                      Mean entropy loss: -3.2450
                            Mean reward: 30.02
                    Mean episode length: 225.48
                        Mean action std: 0.08
         Mean episode goal_per_1k_steps: 0.3337
         Mean episode mean_dist_to_ball: 1.5024
               Mean episode goals_total: 178.7083
--------------------------------------------------------------------------------
                         Iteration time: 7.99s
                           Time elapsed: 0:38:34
                                    ETA: 0:01:28

################################################################################
[1m                           Learning iteration 289/300                           [0m 

                               Run name: chase_v6_render
                            Total steps: 7127040 
                       Steps per second: 3065 
                        Collection time: 7.899s 
                          Learning time: 0.119s 
                        Mean value loss: 2.4814
                    Mean surrogate loss: -0.0038
                      Mean entropy loss: -3.2564
                            Mean reward: 24.88
                    Mean episode length: 212.27
                        Mean action std: 0.08
         Mean episode goal_per_1k_steps: 0.3784
         Mean episode mean_dist_to_ball: 1.4690
               Mean episode goals_total: 180.0000
--------------------------------------------------------------------------------
                         Iteration time: 8.02s
                           Time elapsed: 0:38:42
                                    ETA: 0:01:20

################################################################################
[1m                           Learning iteration 290/300                           [0m 

                               Run name: chase_v6_render
                            Total steps: 7151616 
                       Steps per second: 3059 
                        Collection time: 7.913s 
                          Learning time: 0.119s 
                        Mean value loss: 2.0615
                    Mean surrogate loss: -0.0025
                      Mean entropy loss: -3.2656
                            Mean reward: 25.01
                    Mean episode length: 213.77
                        Mean action std: 0.08
         Mean episode goal_per_1k_steps: 0.1790
         Mean episode mean_dist_to_ball: 1.4517
               Mean episode goals_total: 180.4167
--------------------------------------------------------------------------------
                         Iteration time: 8.03s
                           Time elapsed: 0:38:50
                                    ETA: 0:01:12

################################################################################
[1m                           Learning iteration 291/300                           [0m 

                               Run name: chase_v6_render
                            Total steps: 7176192 
                       Steps per second: 3079 
                        Collection time: 7.861s 
                          Learning time: 0.118s 
                        Mean value loss: 1.9496
                    Mean surrogate loss: -0.0032
                      Mean entropy loss: -3.2893
                            Mean reward: 29.02
                    Mean episode length: 227.43
                        Mean action std: 0.08
         Mean episode goal_per_1k_steps: 0.3377
         Mean episode mean_dist_to_ball: 1.4578
               Mean episode goals_total: 182.7917
--------------------------------------------------------------------------------
                         Iteration time: 7.98s
                           Time elapsed: 0:38:58
                                    ETA: 0:01:04

################################################################################
[1m                           Learning iteration 292/300                           [0m 

                               Run name: chase_v6_render
                            Total steps: 7200768 
                       Steps per second: 3082 
                        Collection time: 7.855s 
                          Learning time: 0.118s 
                        Mean value loss: 2.3982
                    Mean surrogate loss: -0.0031
                      Mean entropy loss: -3.3175
                            Mean reward: 29.84
                    Mean episode length: 228.99
                        Mean action std: 0.08
         Mean episode goal_per_1k_steps: 0.1953
         Mean episode mean_dist_to_ball: 1.4621
               Mean episode goals_total: 184.5000
--------------------------------------------------------------------------------
                         Iteration time: 7.97s
                           Time elapsed: 0:39:06
                                    ETA: 0:00:56

################################################################################
[1m                           Learning iteration 293/300                           [0m 

                               Run name: chase_v6_render
                            Total steps: 7225344 
                       Steps per second: 3079 
                        Collection time: 7.867s 
                          Learning time: 0.115s 
                        Mean value loss: 3.5661
                    Mean surrogate loss: -0.0022
                      Mean entropy loss: -3.3604
                            Mean reward: 27.35
                    Mean episode length: 220.06
                        Mean action std: 0.08
         Mean episode goal_per_1k_steps: 0.6104
         Mean episode mean_dist_to_ball: 1.5262
               Mean episode goals_total: 187.0000
--------------------------------------------------------------------------------
                         Iteration time: 7.98s
                           Time elapsed: 0:39:14
                                    ETA: 0:00:48

################################################################################
[1m                           Learning iteration 294/300                           [0m 

                               Run name: chase_v6_render
                            Total steps: 7249920 
                       Steps per second: 3073 
                        Collection time: 7.879s 
                          Learning time: 0.118s 
                        Mean value loss: 3.3439
                    Mean surrogate loss: -0.0042
                      Mean entropy loss: -3.3700
                            Mean reward: 25.82
                    Mean episode length: 210.47
                        Mean action std: 0.08
         Mean episode goal_per_1k_steps: 0.6022
         Mean episode mean_dist_to_ball: 1.5894
               Mean episode goals_total: 189.9583
--------------------------------------------------------------------------------
                         Iteration time: 8.00s
                           Time elapsed: 0:39:22
                                    ETA: 0:00:40

################################################################################
[1m                           Learning iteration 295/300                           [0m 

                               Run name: chase_v6_render
                            Total steps: 7274496 
                       Steps per second: 3068 
                        Collection time: 7.890s 
                          Learning time: 0.118s 
                        Mean value loss: 3.2610
                    Mean surrogate loss: -0.0042
                      Mean entropy loss: -3.4023
                            Mean reward: 26.87
                    Mean episode length: 209.34
                        Mean action std: 0.08
         Mean episode goal_per_1k_steps: 0.5534
         Mean episode mean_dist_to_ball: 1.6353
               Mean episode goals_total: 193.2500
--------------------------------------------------------------------------------
                         Iteration time: 8.01s
                           Time elapsed: 0:39:30
                                    ETA: 0:00:32

################################################################################
[1m                           Learning iteration 296/300                           [0m 

                               Run name: chase_v6_render
                            Total steps: 7299072 
                       Steps per second: 3064 
                        Collection time: 7.899s 
                          Learning time: 0.119s 
                        Mean value loss: 2.0487
                    Mean surrogate loss: -0.0032
                      Mean entropy loss: -3.4093
                            Mean reward: 27.14
                    Mean episode length: 218.59
                        Mean action std: 0.08
         Mean episode goal_per_1k_steps: 0.4272
         Mean episode mean_dist_to_ball: 1.5931
               Mean episode goals_total: 196.3750
--------------------------------------------------------------------------------
                         Iteration time: 8.02s
                           Time elapsed: 0:39:38
                                    ETA: 0:00:24

################################################################################
[1m                           Learning iteration 297/300                           [0m 

                               Run name: chase_v6_render
                            Total steps: 7323648 
                       Steps per second: 3063 
                        Collection time: 7.904s 
                          Learning time: 0.118s 
                        Mean value loss: 2.6445
                    Mean surrogate loss: -0.0013
                      Mean entropy loss: -3.4029
                            Mean reward: 26.22
                    Mean episode length: 204.00
                        Mean action std: 0.08
         Mean episode goal_per_1k_steps: 0.4150
         Mean episode mean_dist_to_ball: 1.5686
               Mean episode goals_total: 197.9583
--------------------------------------------------------------------------------
                         Iteration time: 8.02s
                           Time elapsed: 0:39:46
                                    ETA: 0:00:16

################################################################################
[1m                           Learning iteration 298/300                           [0m 

                               Run name: chase_v6_render
                            Total steps: 7348224 
                       Steps per second: 3076 
                        Collection time: 7.870s 
                          Learning time: 0.118s 
                        Mean value loss: 3.2899
                    Mean surrogate loss: -0.0025
                      Mean entropy loss: -3.3745
                            Mean reward: 29.07
                    Mean episode length: 220.01
                        Mean action std: 0.08
         Mean episode goal_per_1k_steps: 0.5086
         Mean episode mean_dist_to_ball: 1.5598
               Mean episode goals_total: 198.0000
--------------------------------------------------------------------------------
                         Iteration time: 7.99s
                           Time elapsed: 0:39:54
                                    ETA: 0:00:08

################################################################################
[1m                           Learning iteration 299/300                           [0m 

                               Run name: chase_v6_render
                            Total steps: 7372800 
                       Steps per second: 3056 
                        Collection time: 7.923s 
                          Learning time: 0.119s 
                        Mean value loss: 3.3723
                    Mean surrogate loss: -0.0016
                      Mean entropy loss: -3.4008
                            Mean reward: 23.94
                    Mean episode length: 209.28
                        Mean action std: 0.08
         Mean episode goal_per_1k_steps: 0.3337
         Mean episode mean_dist_to_ball: 1.5794
               Mean episode goals_total: 198.9167
--------------------------------------------------------------------------------
                         Iteration time: 8.04s
                           Time elapsed: 0:40:02
                                    ETA: 0:00:00


=== Training complete ===
  Models saved in: runs/chase_v6_render
  Best model: runs/chase_v6_render/model_300.pt
